family,initial_substrate_g_l,time_h,biomass_g_l,substrate_g_l,induced_proxy_g_l,role,source_file,source_sheet,source_row
glycerol,5,0,0.5,5,,source_simulation_not_measurement,gelain_2020/simulation_reference/glycerol.xlsx,Assay 5 gL,2
glycerol,5,0.5,0.5305086399471125,4.9920093686292466,,source_simulation_not_measurement,gelain_2020/simulation_reference/glycerol.xlsx,Assay 5 gL,3
glycerol,5,1,0.5628017735970029,4.9830306489374792,,source_simulation_not_measurement,gelain_2020/simulation_reference/glycerol.xlsx,Assay 5 gL,4
glycerol,5,1.5,0.59697264618805979,4.9729458996171312,,source_simulation_not_measurement,gelain_2020/simulation_reference/glycerol.xlsx,Assay 5 gL,5
glycerol,5,2,0.63311768244198263,4.9616240205904525,,source_simulation_not_measurement,gelain_2020/simulation_reference/glycerol.xlsx,Assay 5 gL,6
glycerol,5,2.5,0.67133630695258217,4.9489194890171193,,source_simulation_not_measurement,gelain_2020/simulation_reference/glycerol.xlsx,Assay 5 gL,7
glycerol,5,3,0.71173070027742336,4.9346710214521625,,source_simulation_not_measurement,gelain_2020/simulation_reference/glycerol.xlsx,Assay 5 gL,8
glycerol,5,3.5,0.75440547956834414,4.9187001703558613,,source_simulation_not_measurement,gelain_2020/simulation_reference/glycerol.xlsx,Assay 5 gL,9
glycerol,5,4,0.79946729099856262,4.9008098675366085,,source_simulation_not_measurement,gelain_2020/simulation_reference/glycerol.xlsx,Assay 5 gL,10
glycerol,5,4.5,0.84702429947740143,4.8807829326078807,,source_simulation_not_measurement,gelain_2020/simulation_reference/glycerol.xlsx,Assay 5 gL,11
glycerol,5,5,0.89718555917147114,4.8583805713770678,,source_simulation_not_measurement,gelain_2020/simulation_reference/glycerol.xlsx,Assay 5 gL,12
glycerol,5,5.5,0.95006024615570517,4.8333408975019569,,source_simulation_not_measurement,gelain_2020/simulation_reference/glycerol.xlsx,Assay 5 gL,13
glycerol,5,6,1.0057567320807375,4.8053775210246412,,source_simulation_not_measurement,gelain_2020/simulation_reference/glycerol.xlsx,Assay 5 gL,14
glycerol,5,6.5,1.0643814750465082,4.7741782598256624,,source_simulation_not_measurement,gelain_2020/simulation_reference/glycerol.xlsx,Assay 5 gL,15
glycerol,5,7,1.1260377008979694,4.7394040449612849,,source_simulation_not_measurement,gelain_2020/simulation_reference/glycerol.xlsx,Assay 5 gL,16
glycerol,5,7.5,1.190823844891262,4.7006881085999606,,source_simulation_not_measurement,gelain_2020/simulation_reference/glycerol.xlsx,Assay 5 gL,17
glycerol,5,8,1.2588317201051489,4.6576355642122094,,source_simulation_not_measurement,gelain_2020/simulation_reference/glycerol.xlsx,Assay 5 gL,18
glycerol,5,8.5,1.3301443750869004,4.6098235131299576,,source_simulation_not_measurement,gelain_2020/simulation_reference/glycerol.xlsx,Assay 5 gL,19
glycerol,5,9,1.4048335990305043,4.5568018398722554,,source_simulation_not_measurement,gelain_2020/simulation_reference/glycerol.xlsx,Assay 5 gL,20
glycerol,5,9.5,1.4829570283156508,4.4980948909418004,,source_simulation_not_measurement,gelain_2020/simulation_reference/glycerol.xlsx,Assay 5 gL,21
glycerol,5,10,1.5645548035529178,4.4332042681830934,,source_simulation_not_measurement,gelain_2020/simulation_reference/glycerol.xlsx,Assay 5 gL,22
glycerol,5,10.5,1.6496457215105556,4.3616130080561426,,source_simulation_not_measurement,gelain_2020/simulation_reference/glycerol.xlsx,Assay 5 gL,23
glycerol,5,11,1.7382228216713058,4.2827914617150062,,source_simulation_not_measurement,gelain_2020/simulation_reference/glycerol.xlsx,Assay 5 gL,24
glycerol,5,11.5,1.8302483430836547,4.1962052363629434,,source_simulation_not_measurement,gelain_2020/simulation_reference/glycerol.xlsx,Assay 5 gL,25
glycerol,5,12,1.9256479843060701,4.1013256038147894,,source_simulation_not_measurement,gelain_2020/simulation_reference/glycerol.xlsx,Assay 5 gL,26
glycerol,5,12.5,2.0243043987115792,3.9976428239348887,,source_simulation_not_measurement,gelain_2020/simulation_reference/glycerol.xlsx,Assay 5 gL,27
glycerol,5,13,2.1260498610380774,3.8846828628991794,,source_simulation_not_measurement,gelain_2020/simulation_reference/glycerol.xlsx,Assay 5 gL,28
glycerol,5,13.5,2.2306580517408126,3.7620280001339248,,source_simulation_not_measurement,gelain_2020/simulation_reference/glycerol.xlsx,Assay 5 gL,29
glycerol,5,14,2.3378349280031845,3.6293417997012063,,source_simulation_not_measurement,gelain_2020/simulation_reference/glycerol.xlsx,Assay 5 gL,30
glycerol,5,14.5,2.4472086912791897,3.4863988514069812,,source_simulation_not_measurement,gelain_2020/simulation_reference/glycerol.xlsx,Assay 5 gL,31
glycerol,5,15,2.5583189317373094,3.333119533893528,,source_simulation_not_measurement,gelain_2020/simulation_reference/glycerol.xlsx,Assay 5 gL,32
glycerol,5,15.5,2.6706051458666389,3.1696097730693902,,source_simulation_not_measurement,gelain_2020/simulation_reference/glycerol.xlsx,Assay 5 gL,33
glycerol,5,16,2.7833950074872904,2.9962053039368293,,source_simulation_not_measurement,gelain_2020/simulation_reference/glycerol.xlsx,Assay 5 gL,34
glycerol,5,16.5,2.8958930551301036,2.8135192119586754,,source_simulation_not_measurement,gelain_2020/simulation_reference/glycerol.xlsx,Assay 5 gL,35
glycerol,5,17,3.0071708780504025,2.6224904337239354,,source_simulation_not_measurement,gelain_2020/simulation_reference/glycerol.xlsx,Assay 5 gL,36
glycerol,5,17.5,3.1161604781438461,2.4244293347600339,,source_simulation_not_measurement,gelain_2020/simulation_reference/glycerol.xlsx,Assay 5 gL,37
glycerol,5,18,3.2216532792912433,2.2210543906746039,,source_simulation_not_measurement,gelain_2020/simulation_reference/glycerol.xlsx,Assay 5 gL,38
glycerol,5,18.5,3.3223082202274821,2.0145114352243292,,source_simulation_not_measurement,gelain_2020/simulation_reference/glycerol.xlsx,Assay 5 gL,39
glycerol,5,19,3.4166733533713054,1.8073642416903208,,source_simulation_not_measurement,gelain_2020/simulation_reference/glycerol.xlsx,Assay 5 gL,40
glycerol,5,19.5,3.5032260136548938,1.6025432090347325,,source_simulation_not_measurement,gelain_2020/simulation_reference/glycerol.xlsx,Assay 5 gL,41
glycerol,5,20,3.5804362371398817,1.403239184726045,,source_simulation_not_measurement,gelain_2020/simulation_reference/glycerol.xlsx,Assay 5 gL,42
glycerol,5,20.5,3.6468557164997368,1.212734207501569,,source_simulation_not_measurement,gelain_2020/simulation_reference/glycerol.xlsx,Assay 5 gL,43
glycerol,5,21,3.7012292227782511,1.0341723863785945,,source_simulation_not_measurement,gelain_2020/simulation_reference/glycerol.xlsx,Assay 5 gL,44
glycerol,5,21.5,3.7426170104656986,0.8702925560116207,,source_simulation_not_measurement,gelain_2020/simulation_reference/glycerol.xlsx,Assay 5 gL,45
glycerol,5,22,3.770507222715668,0.72316563029014191,,source_simulation_not_measurement,gelain_2020/simulation_reference/glycerol.xlsx,Assay 5 gL,46
glycerol,5,22.5,3.7848912969324386,0.59399399812810549,,source_simulation_not_measurement,gelain_2020/simulation_reference/glycerol.xlsx,Assay 5 gL,47
glycerol,5,23,3.7862783476647106,0.48302612988342397,,source_simulation_not_measurement,gelain_2020/simulation_reference/glycerol.xlsx,Assay 5 gL,48
glycerol,5,23.5,3.7756387307182768,0.38961182291626484,,source_simulation_not_measurement,gelain_2020/simulation_reference/glycerol.xlsx,Assay 5 gL,49
glycerol,5,24,3.7542877997136426,0.31238157406093503,,source_simulation_not_measurement,gelain_2020/simulation_reference/glycerol.xlsx,Assay 5 gL,50
glycerol,5,24.5,3.7237381635949536,0.24949790226631077,,source_simulation_not_measurement,gelain_2020/simulation_reference/glycerol.xlsx,Assay 5 gL,51
glycerol,5,25,3.6855540124649826,0.19891436610175506,,source_simulation_not_measurement,gelain_2020/simulation_reference/glycerol.xlsx,Assay 5 gL,52
glycerol,5,25.5,3.6412334912408428,0.15859133792955768,,source_simulation_not_measurement,gelain_2020/simulation_reference/glycerol.xlsx,Assay 5 gL,53
glycerol,5,26,3.5921309893504452,0.12664397467738725,,source_simulation_not_measurement,gelain_2020/simulation_reference/glycerol.xlsx,Assay 5 gL,54
glycerol,5,26.5,3.5394182676059351,0.10142230796829912,,source_simulation_not_measurement,gelain_2020/simulation_reference/glycerol.xlsx,Assay 5 gL,55
glycerol,5,27,3.4840757907449338,8.153779295077454E-2,,source_simulation_not_measurement,gelain_2020/simulation_reference/glycerol.xlsx,Assay 5 gL,56
glycerol,5,27.5,3.4269035724667121,6.5854808049155736E-2,,source_simulation_not_measurement,gelain_2020/simulation_reference/glycerol.xlsx,Assay 5 gL,57
glycerol,5,28,3.3685422261149705,5.3463335767229739E-2,,source_simulation_not_measurement,gelain_2020/simulation_reference/glycerol.xlsx,Assay 5 gL,58
glycerol,5,28.5,3.3094975919818976,4.3644395930608385E-2,,source_simulation_not_measurement,gelain_2020/simulation_reference/glycerol.xlsx,Assay 5 gL,59
glycerol,5,29,3.2501649174989455,3.5835255082820178E-2,,source_simulation_not_measurement,gelain_2020/simulation_reference/glycerol.xlsx,Assay 5 gL,60
glycerol,5,29.5,3.1908505411815962,2.9598006441653911E-2,,source_simulation_not_measurement,gelain_2020/simulation_reference/glycerol.xlsx,Assay 5 gL,61
glycerol,5,30,3.1317903113426055,2.4592908935823922E-2,,source_simulation_not_measurement,gelain_2020/simulation_reference/glycerol.xlsx,Assay 5 gL,62
glycerol,5,30.5,3.0731646985154786,2.0556630527905937E-2,,source_simulation_not_measurement,gelain_2020/simulation_reference/glycerol.xlsx,Assay 5 gL,63
glycerol,5,31,3.0151109164988683,1.7284938194594458E-2,,source_simulation_not_measurement,gelain_2020/simulation_reference/glycerol.xlsx,Assay 5 gL,64
glycerol,5,31.5,2.9577325000775123,1.4619152606776015E-2,,source_simulation_not_measurement,gelain_2020/simulation_reference/glycerol.xlsx,Assay 5 gL,65
glycerol,5,32,2.9011068007828857,1.2435661656130192E-2,,source_simulation_not_measurement,gelain_2020/simulation_reference/glycerol.xlsx,Assay 5 gL,66
glycerol,5,32.5,2.8452908190658777,1.0637855413167042E-2,,source_simulation_not_measurement,gelain_2020/simulation_reference/glycerol.xlsx,Assay 5 gL,67
glycerol,5,33,2.7903257277985882,9.1499459855694642E-3,,source_simulation_not_measurement,gelain_2020/simulation_reference/glycerol.xlsx,Assay 5 gL,68
glycerol,5,33.5,2.7362403765332055,7.9122389278901365E-3,,source_simulation_not_measurement,gelain_2020/simulation_reference/glycerol.xlsx,Assay 5 gL,69
glycerol,5,34,2.6830540067661044,6.8775151009927982E-3,,source_simulation_not_measurement,gelain_2020/simulation_reference/glycerol.xlsx,Assay 5 gL,70
glycerol,5,34.5,2.6307783584893074,6.0082588844993633E-3,,source_simulation_not_measurement,gelain_2020/simulation_reference/glycerol.xlsx,Assay 5 gL,71
glycerol,5,35,2.5794193077649878,5.2745304081017689E-3,,source_simulation_not_measurement,gelain_2020/simulation_reference/glycerol.xlsx,Assay 5 gL,72
glycerol,5,35.5,2.5289781429579943,4.6523277897193016E-3,,source_simulation_not_measurement,gelain_2020/simulation_reference/glycerol.xlsx,Assay 5 gL,73
glycerol,5,36,2.4794525622449464,4.1223225801565377E-3,,source_simulation_not_measurement,gelain_2020/simulation_reference/glycerol.xlsx,Assay 5 gL,74
glycerol,5,36.5,2.4308374557183008,3.6688799812834246E-3,,source_simulation_not_measurement,gelain_2020/simulation_reference/glycerol.xlsx,Assay 5 gL,75
glycerol,5,37,2.3831255206064355,3.2792968950915132E-3,,source_simulation_not_measurement,gelain_2020/simulation_reference/glycerol.xlsx,Assay 5 gL,76
glycerol,5,37.5,2.3363077468261046,2.9432070836073326E-3,,source_simulation_not_measurement,gelain_2020/simulation_reference/glycerol.xlsx,Assay 5 gL,77
glycerol,5,38,2.2903738014615094,2.6521149457901859E-3,,source_simulation_not_measurement,gelain_2020/simulation_reference/glycerol.xlsx,Assay 5 gL,78
glycerol,5,38.5,2.2453123341898591,2.39902862961655E-3,,source_simulation_not_measurement,gelain_2020/simulation_reference/glycerol.xlsx,Assay 5 gL,79
glycerol,5,39,2.2011112206565104,2.1781701441802807E-3,,source_simulation_not_measurement,gelain_2020/simulation_reference/glycerol.xlsx,Assay 5 gL,80
glycerol,5,39.5,2.1577577569686945,1.984745383178704E-3,,source_simulation_not_measurement,gelain_2020/simulation_reference/glycerol.xlsx,Assay 5 gL,81
glycerol,5,40,2.11523881554051,1.8147609421910712E-3,,source_simulation_not_measurement,gelain_2020/simulation_reference/glycerol.xlsx,Assay 5 gL,82
glycerol,5,40.5,2.0735409702673873,1.6648776255248137E-3,,source_simulation_not_measurement,gelain_2020/simulation_reference/glycerol.xlsx,Assay 5 gL,83
glycerol,5,41,2.0326505972723741,1.5322928316815363E-3,,source_simulation_not_measurement,gelain_2020/simulation_reference/glycerol.xlsx,Assay 5 gL,84
glycerol,5,41.5,1.9925539561259324,1.4146457572185983E-3,,source_simulation_not_measurement,gelain_2020/simulation_reference/glycerol.xlsx,Assay 5 gL,85
glycerol,5,42,1.9532372554021629,1.3099406997219001E-3,,source_simulation_not_measurement,gelain_2020/simulation_reference/glycerol.xlsx,Assay 5 gL,86
glycerol,5,42.5,1.9146867056267907,1.2164847711875291E-3,,source_simulation_not_measurement,gelain_2020/simulation_reference/glycerol.xlsx,Assay 5 gL,87
glycerol,5,43,1.8768885620422657,1.1328371279354082E-3,,source_simulation_not_measurement,gelain_2020/simulation_reference/glycerol.xlsx,Assay 5 gL,88
glycerol,5,43.5,1.8398291591221569,1.057767438351715E-3,,source_simulation_not_measurement,gelain_2020/simulation_reference/glycerol.xlsx,Assay 5 gL,89
glycerol,5,44,1.8034949383796204,9.9022178758373922E-4,,source_simulation_not_measurement,gelain_2020/simulation_reference/glycerol.xlsx,Assay 5 gL,90
glycerol,5,44.5,1.7678724707093232,9.2929459078175012E-4,,source_simulation_not_measurement,gelain_2020/simulation_reference/glycerol.xlsx,Assay 5 gL,91
glycerol,5,45,1.7329484742606154,8.7420537786153511E-4,,source_simulation_not_measurement,gelain_2020/simulation_reference/glycerol.xlsx,Assay 5 gL,92
glycerol,5,45.5,1.698709828647972,8.2427954151008702E-4,,source_simulation_not_measurement,gelain_2020/simulation_reference/glycerol.xlsx,Assay 5 gL,93
glycerol,5,46,1.6651435861519686,7.7893232036736878E-4,,source_simulation_not_measurement,gelain_2020/simulation_reference/glycerol.xlsx,Assay 5 gL,94
glycerol,5,46.5,1.6322369804419685,7.3765543178094079E-4,,source_simulation_not_measurement,gelain_2020/simulation_reference/glycerol.xlsx,Assay 5 gL,95
glycerol,5,47,1.5999774332537957,7.0000588153937412E-4,,source_simulation_not_measurement,gelain_2020/simulation_reference/glycerol.xlsx,Assay 5 gL,96
glycerol,5,47.5,1.5683525593768948,6.6559656793708046E-4,,source_simulation_not_measurement,gelain_2020/simulation_reference/glycerol.xlsx,Assay 5 gL,97
glycerol,5,48,1.537350170241901,6.3408836935172151E-4,,source_simulation_not_measurement,gelain_2020/simulation_reference/glycerol.xlsx,Assay 5 gL,98
glycerol,5,48.5,1.5069582763480578,6.0518346206266647E-4,,source_simulation_not_measurement,gelain_2020/simulation_reference/glycerol.xlsx,Assay 5 gL,99
glycerol,5,49,1.4771650887281007,5.7861966129247255E-4,,source_simulation_not_measurement,gelain_2020/simulation_reference/glycerol.xlsx,Assay 5 gL,100
glycerol,5,49.5,1.4479590196141543,5.5416561574668131E-4,,source_simulation_not_measurement,gelain_2020/simulation_reference/glycerol.xlsx,Assay 5 gL,101
glycerol,5,50,1.4193286824403428,5.3161671608912241E-4,,source_simulation_not_measurement,gelain_2020/simulation_reference/glycerol.xlsx,Assay 5 gL,102
glycerol,5,50.5,1.391262891294996,5.1079160225812642E-4,,source_simulation_not_measurement,gelain_2020/simulation_reference/glycerol.xlsx,Assay 5 gL,103
glycerol,5,51,1.3637506599165719,4.915291744374379E-4,,source_simulation_not_measurement,gelain_2020/simulation_reference/glycerol.xlsx,Assay 5 gL,104
glycerol,5,51.5,1.336781200311957,4.7368602874119222E-4,,source_simulation_not_measurement,gelain_2020/simulation_reference/glycerol.xlsx,Assay 5 gL,105
glycerol,5,52,1.3103439210630254,4.571342519668785E-4,,source_simulation_not_measurement,gelain_2020/simulation_reference/glycerol.xlsx,Assay 5 gL,106
glycerol,5,52.5,1.2844284253767457,4.4175952068027842E-4,,source_simulation_not_measurement,gelain_2020/simulation_reference/glycerol.xlsx,Assay 5 gL,107
glycerol,5,53,1.2590245089253276,4.2745945887420972E-4,,source_simulation_not_measurement,gelain_2020/simulation_reference/glycerol.xlsx,Assay 5 gL,108
glycerol,5,53.5,1.2341221575155652,4.1414221585057509E-4,,source_simulation_not_measurement,gelain_2020/simulation_reference/glycerol.xlsx,Assay 5 gL,109
glycerol,5,54,1.2097115446204183,4.017252321034374E-4,,source_simulation_not_measurement,gelain_2020/simulation_reference/glycerol.xlsx,Assay 5 gL,110
glycerol,5,54.5,1.1857830288007427,3.9013416606367235E-4,,source_simulation_not_measurement,gelain_2020/simulation_reference/glycerol.xlsx,Assay 5 gL,111
glycerol,5,55,1.1623271510407871,3.7930195879217187E-4,,source_simulation_not_measurement,gelain_2020/simulation_reference/glycerol.xlsx,Assay 5 gL,112
glycerol,5,55.5,1.1393346320174527,3.6916801723157528E-4,,source_simulation_not_measurement,gelain_2020/simulation_reference/glycerol.xlsx,Assay 5 gL,113
glycerol,5,56,1.1167963693202707,3.5967749957028426E-4,,source_simulation_not_measurement,gelain_2020/simulation_reference/glycerol.xlsx,Assay 5 gL,114
glycerol,5,56.5,1.094703434636475,3.5078068873813903E-4,,source_simulation_not_measurement,gelain_2020/simulation_reference/glycerol.xlsx,Assay 5 gL,115
glycerol,5,57,1.0730470709133699,3.4243244212306623E-4,,source_simulation_not_measurement,gelain_2020/simulation_reference/glycerol.xlsx,Assay 5 gL,116
glycerol,5,57.5,1.0518186895083494,3.3459170733971238E-4,,source_simulation_not_measurement,gelain_2020/simulation_reference/glycerol.xlsx,Assay 5 gL,117
glycerol,5,58,1.0310098673353505,3.2722109534986693E-4,,source_simulation_not_measurement,gelain_2020/simulation_reference/glycerol.xlsx,Assay 5 gL,118
glycerol,5,58.5,1.0106123440151904,3.2028650347582492E-4,,source_simulation_not_measurement,gelain_2020/simulation_reference/glycerol.xlsx,Assay 5 gL,119
glycerol,5,59,0.99061801903610047,3.1375678189920884E-4,,source_simulation_not_measurement,gelain_2020/simulation_reference/glycerol.xlsx,Assay 5 gL,120
glycerol,5,59.5,0.97101894892979224,3.0760343813010288E-4,,source_simulation_not_measurement,gelain_2020/simulation_reference/glycerol.xlsx,Assay 5 gL,121
glycerol,5,60,0.95180734446756432,3.0180037469026337E-4,,source_simulation_not_measurement,gelain_2020/simulation_reference/glycerol.xlsx,Assay 5 gL,122
glycerol,5,60.5,0.93297556788024394,2.9632365590090708E-4,,source_simulation_not_measurement,gelain_2020/simulation_reference/glycerol.xlsx,Assay 5 gL,123
glycerol,5,61,0.91451613010514521,2.9115130021781086E-4,,source_simulation_not_measurement,gelain_2020/simulation_reference/glycerol.xlsx,Assay 5 gL,124
glycerol,5,61.5,0.89642168806270306,2.8626309502890345E-4,,source_simulation_not_measurement,gelain_2020/simulation_reference/glycerol.xlsx,Assay 5 gL,125
glycerol,5,62,0.87868504196498953,2.8164043123448805E-4,,source_simulation_not_measurement,gelain_2020/simulation_reference/glycerol.xlsx,Assay 5 gL,126
glycerol,5,62.5,0.86129913265793023,2.7726615527798548E-4,,source_simulation_not_measurement,gelain_2020/simulation_reference/glycerol.xlsx,Assay 5 gL,127
glycerol,5,63,0.84425703899870475,2.7312443659426098E-4,,source_simulation_not_measurement,gelain_2020/simulation_reference/glycerol.xlsx,Assay 5 gL,128
glycerol,5,63.5,0.82755197526952529,2.6920064870043607E-4,,source_simulation_not_measurement,gelain_2020/simulation_reference/glycerol.xlsx,Assay 5 gL,129
glycerol,5,64,0.81117728862874072,2.6548126237669093E-4,,source_simulation_not_measurement,gelain_2020/simulation_reference/glycerol.xlsx,Assay 5 gL,130
glycerol,5,64.5,0.79512645659999504,2.6195374957707905E-4,,source_simulation_not_measurement,gelain_2020/simulation_reference/glycerol.xlsx,Assay 5 gL,131
glycerol,5,65,0.77939308459998691,2.5860649687714954E-4,,source_simulation_not_measurement,gelain_2020/simulation_reference/glycerol.xlsx,Assay 5 gL,132
glycerol,5,65.5,0.7639709035052149,2.5542872740988448E-4,,source_simulation_not_measurement,gelain_2020/simulation_reference/glycerol.xlsx,Assay 5 gL,133
glycerol,5,66,0.74885376725795405,2.5241043036723328E-4,,source_simulation_not_measurement,gelain_2020/simulation_reference/glycerol.xlsx,Assay 5 gL,134
glycerol,5,66.5,0.73403565051159214,2.495422972540115E-4,,source_simulation_not_measurement,gelain_2020/simulation_reference/glycerol.xlsx,Assay 5 gL,135
glycerol,5,67,0.71951064631534856,2.4681566417638929E-4,,source_simulation_not_measurement,gelain_2020/simulation_reference/glycerol.xlsx,Assay 5 gL,136
glycerol,5,67.5,0.70527296383831073,2.4422245953054751E-4,,source_simulation_not_measurement,gelain_2020/simulation_reference/glycerol.xlsx,Assay 5 gL,137
glycerol,5,68,0.69131692613264728,2.4175515652997235E-4,,source_simulation_not_measurement,gelain_2020/simulation_reference/glycerol.xlsx,Assay 5 gL,138
glycerol,5,68.5,0.67763696793578965,2.3940673007369885E-4,,source_simulation_not_measurement,gelain_2020/simulation_reference/glycerol.xlsx,Assay 5 gL,139
glycerol,5,69,0.66422763351131908,2.3717061751380426E-4,,source_simulation_not_measurement,gelain_2020/simulation_reference/glycerol.xlsx,Assay 5 gL,140
glycerol,5,69.5,0.65108357452824661,2.3504068292963019E-4,,source_simulation_not_measurement,gelain_2020/simulation_reference/glycerol.xlsx,Assay 5 gL,141
glycerol,5,70,0.63819954797833267,2.3301118455946464E-4,,source_simulation_not_measurement,gelain_2020/simulation_reference/glycerol.xlsx,Assay 5 gL,142
glycerol,5,70.5,0.62557041413105841,2.3107674507851007E-4,,source_simulation_not_measurement,gelain_2020/simulation_reference/glycerol.xlsx,Assay 5 gL,143
glycerol,5,71,0.61319113452583018,2.2923232444555924E-4,,source_simulation_not_measurement,gelain_2020/simulation_reference/glycerol.xlsx,Assay 5 gL,144
glycerol,5,71.5,0.60105677000097535,2.2747319507046798E-4,,source_simulation_not_measurement,gelain_2020/simulation_reference/glycerol.xlsx,Assay 5 gL,145
glycerol,5,72,0.5891624787590658,2.257949190807479E-4,,source_simulation_not_measurement,gelain_2020/simulation_reference/glycerol.xlsx,Assay 5 gL,146
glycerol,5,72.5,0.57750351446808834,2.2419332748882569E-4,,source_simulation_not_measurement,gelain_2020/simulation_reference/glycerol.xlsx,Assay 5 gL,147
glycerol,5,73,0.56607522439796842,2.2266450108210484E-4,,source_simulation_not_measurement,gelain_2020/simulation_reference/glycerol.xlsx,Assay 5 gL,148
glycerol,5,73.5,0.554873047591941,2.2120475287623661E-4,,source_simulation_not_measurement,gelain_2020/simulation_reference/glycerol.xlsx,Assay 5 gL,149
glycerol,5,74,0.54389251307225539,2.1981061198824486E-4,,source_simulation_not_measurement,gelain_2020/simulation_reference/glycerol.xlsx,Assay 5 gL,150
glycerol,5,74.5,0.53312923807969248,2.1847880880059356E-4,,source_simulation_not_measurement,gelain_2020/simulation_reference/glycerol.xlsx,Assay 5 gL,151
glycerol,5,75,0.52257892634637026,2.1720626130015231E-4,,source_simulation_not_measurement,gelain_2020/simulation_reference/glycerol.xlsx,Assay 5 gL,152
glycerol,5,75.5,0.5122373664013079,2.15990062487487E-4,,source_simulation_not_measurement,gelain_2020/simulation_reference/glycerol.xlsx,Assay 5 gL,153
glycerol,5,76,0.50210042990822035,2.1482746876214464E-4,,source_simulation_not_measurement,gelain_2020/simulation_reference/glycerol.xlsx,Assay 5 gL,154
glycerol,5,76.5,0.49216407003501106,2.1371588919875359E-4,,source_simulation_not_measurement,gelain_2020/simulation_reference/glycerol.xlsx,Assay 5 gL,155
glycerol,5,77,0.48242431985443535,2.1265287563694842E-4,,source_simulation_not_measurement,gelain_2020/simulation_reference/glycerol.xlsx,Assay 5 gL,156
glycerol,5,77.5,0.47287729077540536,2.1163611351546191E-4,,source_simulation_not_measurement,gelain_2020/simulation_reference/glycerol.xlsx,Assay 5 gL,157
glycerol,5,78,0.46351917100441153,2.1066341338730124E-4,,source_simulation_not_measurement,gelain_2020/simulation_reference/glycerol.xlsx,Assay 5 gL,158
glycerol,5,78.5,0.45434622403653885,2.0973270305882469E-4,,source_simulation_not_measurement,gelain_2020/simulation_reference/glycerol.xlsx,Assay 5 gL,159
glycerol,5,79,0.4453547871755596,2.0884202030083652E-4,,source_simulation_not_measurement,gelain_2020/simulation_reference/glycerol.xlsx,Assay 5 gL,160
glycerol,5,79.5,0.43654127008258864,2.0798950608458258E-4,,source_simulation_not_measurement,gelain_2020/simulation_reference/glycerol.xlsx,Assay 5 gL,161
glycerol,5,80,0.42790215335279258,2.0717339829982016E-4,,source_simulation_not_measurement,gelain_2020/simulation_reference/glycerol.xlsx,Assay 5 gL,162
glycerol,5,80.5,0.4194339871196493,2.0639202591599985E-4,,source_simulation_not_measurement,gelain_2020/simulation_reference/glycerol.xlsx,Assay 5 gL,163
glycerol,5,81,0.41113338968625934,2.0564380355108324E-4,,source_simulation_not_measurement,gelain_2020/simulation_reference/glycerol.xlsx,Assay 5 gL,164
glycerol,5,81.5,0.40299704618321786,2.0492722641566601E-4,,source_simulation_not_measurement,gelain_2020/simulation_reference/glycerol.xlsx,Assay 5 gL,165
glycerol,5,82,0.39502170725256042,2.0424086560291851E-4,,source_simulation_not_measurement,gelain_2020/simulation_reference/glycerol.xlsx,Assay 5 gL,166
glycerol,5,82.5,0.38720418775730381,2.0358336369742604E-4,,source_simulation_not_measurement,gelain_2020/simulation_reference/glycerol.xlsx,Assay 5 gL,167
glycerol,5,83,0.37954136551610818,2.0295343067833709E-4,,source_simulation_not_measurement,gelain_2020/simulation_reference/glycerol.xlsx,Assay 5 gL,168
glycerol,5,83.5,0.37203018006259453,2.0234984009433508E-4,,source_simulation_not_measurement,gelain_2020/simulation_reference/glycerol.xlsx,Assay 5 gL,169
glycerol,5,84,0.36466763142885789,2.0177142548985884E-4,,source_simulation_not_measurement,gelain_2020/simulation_reference/glycerol.xlsx,Assay 5 gL,170
glycerol,5,84.5,0.35745077895272315,2.0121707706373106E-4,,source_simulation_not_measurement,gelain_2020/simulation_reference/glycerol.xlsx,Assay 5 gL,171
glycerol,5,85,0.35037674010829806,2.0068573854292688E-4,,source_simulation_not_measurement,gelain_2020/simulation_reference/glycerol.xlsx,Assay 5 gL,172
glycerol,5,85.5,0.34344268935938393,2.0017640425564596E-4,,source_simulation_not_measurement,gelain_2020/simulation_reference/glycerol.xlsx,Assay 5 gL,173
glycerol,5,86,0.3366458570353128,1.996881163891519E-4,,source_simulation_not_measurement,gelain_2020/simulation_reference/glycerol.xlsx,Assay 5 gL,174
glycerol,5,86.5,0.32998352822878552,1.9921996241902703E-4,,source_simulation_not_measurement,gelain_2020/simulation_reference/glycerol.xlsx,Assay 5 gL,175
glycerol,5,87,0.32345304171529277,1.9877107269756968E-4,,source_simulation_not_measurement,gelain_2020/simulation_reference/glycerol.xlsx,Assay 5 gL,176
glycerol,5,87.5,0.31705178889370833,1.9834061819004383E-4,,source_simulation_not_measurement,gelain_2020/simulation_reference/glycerol.xlsx,Assay 5 gL,177
glycerol,5,88,0.3107772127476503,1.9792780834838883E-4,,source_simulation_not_measurement,gelain_2020/simulation_reference/glycerol.xlsx,Assay 5 gL,178
glycerol,5,88.5,0.30462680682721266,1.9753188911281541E-4,,source_simulation_not_measurement,gelain_2020/simulation_reference/glycerol.xlsx,Assay 5 gL,179
glycerol,5,89,0.29859811425067717,1.9715214103246286E-4,,source_simulation_not_measurement,gelain_2020/simulation_reference/glycerol.xlsx,Assay 5 gL,180
glycerol,5,89.5,0.29268872672582219,1.967878774969762E-4,,source_simulation_not_measurement,gelain_2020/simulation_reference/glycerol.xlsx,Assay 5 gL,181
glycerol,5,90,0.28689628359045072,1.9643844307148841E-4,,source_simulation_not_measurement,gelain_2020/simulation_reference/glycerol.xlsx,Assay 5 gL,182
glycerol,5,90.5,0.28121847087176821,1.9610321192806558E-4,,source_simulation_not_measurement,gelain_2020/simulation_reference/glycerol.xlsx,Assay 5 gL,183
glycerol,5,91,0.27565302036424622,1.9578158636719827E-4,,source_simulation_not_measurement,gelain_2020/simulation_reference/glycerol.xlsx,Assay 5 gL,184
glycerol,5,91.5,0.2701977087256146,1.9547299542340346E-4,,source_simulation_not_measurement,gelain_2020/simulation_reference/glycerol.xlsx,Assay 5 gL,185
glycerol,5,92,0.26485035659063194,1.9517689354944321E-4,,source_simulation_not_measurement,gelain_2020/simulation_reference/glycerol.xlsx,Assay 5 gL,186
glycerol,5,92.5,0.25960882770228955,1.9489275937407193E-4,,source_simulation_not_measurement,gelain_2020/simulation_reference/glycerol.xlsx,Assay 5 gL,187
glycerol,5,93,0.25447102806011129,1.9462009452859586E-4,,source_simulation_not_measurement,gelain_2020/simulation_reference/glycerol.xlsx,Assay 5 gL,188
glycerol,5,93.5,0.24943490508521729,1.9435842253787161E-4,,source_simulation_not_measurement,gelain_2020/simulation_reference/glycerol.xlsx,Assay 5 gL,189
glycerol,5,94,0.24449844680182556,1.941072877716846E-4,,source_simulation_not_measurement,gelain_2020/simulation_reference/glycerol.xlsx,Assay 5 gL,190
glycerol,5,94.5,0.23965968103487245,1.9386625445273918E-4,,source_simulation_not_measurement,gelain_2020/simulation_reference/glycerol.xlsx,Assay 5 gL,191
glycerol,5,95,0.23491667462343754,1.9363490571775775E-4,,source_simulation_not_measurement,gelain_2020/simulation_reference/glycerol.xlsx,Assay 5 gL,192
glycerol,5,95.5,0.23026753264966546,1.934128427284336E-4,,source_simulation_not_measurement,gelain_2020/simulation_reference/glycerol.xlsx,Assay 5 gL,193
glycerol,5,96,0.22571039768288231,1.9319968382920788E-4,,source_simulation_not_measurement,gelain_2020/simulation_reference/glycerol.xlsx,Assay 5 gL,194
glycerol,10,0,0.5,10,,source_simulation_not_measurement,gelain_2020/simulation_reference/glycerol.xlsx,Assay 10 gL,2
glycerol,10,0.5,0.53760046074604306,9.9905425814188682,,source_simulation_not_measurement,gelain_2020/simulation_reference/glycerol.xlsx,Assay 10 gL,3
glycerol,10,1,0.57793706446857085,9.9796297291007257,,source_simulation_not_measurement,gelain_2020/simulation_reference/glycerol.xlsx,Assay 10 gL,4
glycerol,10,1.5,0.62119395139657707,9.9670433854067824,,source_simulation_not_measurement,gelain_2020/simulation_reference/glycerol.xlsx,Assay 10 gL,5
glycerol,10,2,0.66756514950898493,9.9525343107393063,,source_simulation_not_measurement,gelain_2020/simulation_reference/glycerol.xlsx,Assay 10 gL,6
glycerol,10,2.5,0.71725466043597264,9.9358180012147148,,source_simulation_not_measurement,gelain_2020/simulation_reference/glycerol.xlsx,Assay 10 gL,7
glycerol,10,3,0.77047644944572846,9.9165701690422274,,source_simulation_not_measurement,gelain_2020/simulation_reference/glycerol.xlsx,Assay 10 gL,8
glycerol,10,3.5,0.82745431752677978,9.894421765144946,,source_simulation_not_measurement,gelain_2020/simulation_reference/glycerol.xlsx,Assay 10 gL,9
glycerol,10,4,0.88842163004285934,9.8689535309988106,,source_simulation_not_measurement,gelain_2020/simulation_reference/glycerol.xlsx,Assay 10 gL,10
glycerol,10,4.5,0.95362087245249483,9.8396900773937475,,source_simulation_not_measurement,gelain_2020/simulation_reference/glycerol.xlsx,Assay 10 gL,11
glycerol,10,5,1.0233029991035989,9.8060935027059521,,source_simulation_not_measurement,gelain_2020/simulation_reference/glycerol.xlsx,Assay 10 gL,12
glycerol,10,5.5,1.0977265360823032,9.7675565833459661,,source_simulation_not_measurement,gelain_2020/simulation_reference/glycerol.xlsx,Assay 10 gL,13
glycerol,10,6,1.1771563934529203,9.7233955955420228,,source_simulation_not_measurement,gelain_2020/simulation_reference/glycerol.xlsx,Assay 10 gL,14
glycerol,10,6.5,1.2618623358937648,9.6728428619773865,,source_simulation_not_measurement,gelain_2020/simulation_reference/glycerol.xlsx,Assay 10 gL,15
glycerol,10,7,1.3521170536072902,9.6150391607126604,,source_simulation_not_measurement,gelain_2020/simulation_reference/glycerol.xlsx,Assay 10 gL,16
glycerol,10,7.5,1.4481937673175516,9.5490261892510198,,source_simulation_not_measurement,gelain_2020/simulation_reference/glycerol.xlsx,Assay 10 gL,17
glycerol,10,8,1.5503632919551831,9.4737393458168135,,source_simulation_not_measurement,gelain_2020/simulation_reference/glycerol.xlsx,Assay 10 gL,18
glycerol,10,8.5,1.658890472965135,9.3880011755434118,,source_simulation_not_measurement,gelain_2020/simulation_reference/glycerol.xlsx,Assay 10 gL,19
glycerol,10,9,1.7740298966049941,9.2905159343578116,,source_simulation_not_measurement,gelain_2020/simulation_reference/glycerol.xlsx,Assay 10 gL,20
glycerol,10,9.5,1.8960207604646471,9.1798658514925382,,source_simulation_not_measurement,gelain_2020/simulation_reference/glycerol.xlsx,Assay 10 gL,21
glycerol,10,10,2.0250807717449244,9.0545098270346678,,source_simulation_not_measurement,gelain_2020/simulation_reference/glycerol.xlsx,Assay 10 gL,22
glycerol,10,10.5,2.1613989171318804,8.9127854889889058,,source_simulation_not_measurement,gelain_2020/simulation_reference/glycerol.xlsx,Assay 10 gL,23
glycerol,10,11,2.3051269172707323,8.7529157616244522,,source_simulation_not_measurement,gelain_2020/simulation_reference/glycerol.xlsx,Assay 10 gL,24
glycerol,10,11.5,2.4563691377941161,8.5730213720652397,,source_simulation_not_measurement,gelain_2020/simulation_reference/glycerol.xlsx,Assay 10 gL,25
glycerol,10,12,2.6151706731473605,8.3711410568426317,,source_simulation_not_measurement,gelain_2020/simulation_reference/glycerol.xlsx,Assay 10 gL,26
glycerol,10,12.5,2.7815032427332111,8.1452616405254652,,source_simulation_not_measurement,gelain_2020/simulation_reference/glycerol.xlsx,Assay 10 gL,27
glycerol,10,13,2.9552484322251873,7.8933606669244902,,source_simulation_not_measurement,gelain_2020/simulation_reference/glycerol.xlsx,Assay 10 gL,28
glycerol,10,13.5,3.1361776638929517,7.6134649006863571,,source_simulation_not_measurement,gelain_2020/simulation_reference/glycerol.xlsx,Assay 10 gL,29
glycerol,10,14,3.3239280718120146,7.3037288251446659,,source_simulation_not_measurement,gelain_2020/simulation_reference/glycerol.xlsx,Assay 10 gL,30
glycerol,10,14.5,3.5179731697100967,6.9625382943100025,,source_simulation_not_measurement,gelain_2020/simulation_reference/glycerol.xlsx,Assay 10 gL,31
glycerol,10,15,3.7175868068038307,6.5886458121067752,,source_simulation_not_measurement,gelain_2020/simulation_reference/glycerol.xlsx,Assay 10 gL,32
glycerol,10,15.5,3.9217983902452405,6.1813455534822594,,source_simulation_not_measurement,gelain_2020/simulation_reference/glycerol.xlsx,Assay 10 gL,33
glycerol,10,16,4.1293367167401724,5.7406981719075283,,source_simulation_not_measurement,gelain_2020/simulation_reference/glycerol.xlsx,Assay 10 gL,34
glycerol,10,16.5,4.3385590858140972,5.2678173696749457,,source_simulation_not_measurement,gelain_2020/simulation_reference/glycerol.xlsx,Assay 10 gL,35
glycerol,10,17,4.5473619642574921,4.7652312018131342,,source_simulation_not_measurement,gelain_2020/simulation_reference/glycerol.xlsx,Assay 10 gL,36
glycerol,10,17.5,4.7530701680624796,4.2373286228640019,,source_simulation_not_measurement,gelain_2020/simulation_reference/glycerol.xlsx,Assay 10 gL,37
glycerol,10,18,4.9523053750851256,3.6908897913913048,,source_simulation_not_measurement,gelain_2020/simulation_reference/glycerol.xlsx,Assay 10 gL,38
glycerol,10,18.5,5.1408463702024498,3.1356637489506336,,source_simulation_not_measurement,gelain_2020/simulation_reference/glycerol.xlsx,Assay 10 gL,39
glycerol,10,19,5.3135217701865063,2.5848734921159617,,source_simulation_not_measurement,gelain_2020/simulation_reference/glycerol.xlsx,Assay 10 gL,40
glycerol,10,19.5,5.4642344899600017,2.0553586090429246,,source_simulation_not_measurement,gelain_2020/simulation_reference/glycerol.xlsx,Assay 10 gL,41
glycerol,10,20,5.5863107973218078,1.5667973534167634,,source_simulation_not_measurement,gelain_2020/simulation_reference/glycerol.xlsx,Assay 10 gL,42
glycerol,10,20.5,5.6734404849436535,1.1392387352613449,,source_simulation_not_measurement,gelain_2020/simulation_reference/glycerol.xlsx,Assay 10 gL,43
glycerol,10,21,5.721326066005167,0.78857810929544336,,source_simulation_not_measurement,gelain_2020/simulation_reference/glycerol.xlsx,Assay 10 gL,44
glycerol,10,21.5,5.7295292870793517,0.52132181524942345,,source_simulation_not_measurement,gelain_2020/simulation_reference/glycerol.xlsx,Assay 10 gL,45
glycerol,10,22,5.7022281230427545,0.33208774330593327,,source_simulation_not_measurement,gelain_2020/simulation_reference/glycerol.xlsx,Assay 10 gL,46
glycerol,10,22.5,5.6469529345983345,0.20638198999287866,,source_simulation_not_measurement,gelain_2020/simulation_reference/glycerol.xlsx,Assay 10 gL,47
glycerol,10,23,5.5720875779378227,0.12670614703345143,,source_simulation_not_measurement,gelain_2020/simulation_reference/glycerol.xlsx,Assay 10 gL,48
glycerol,10,23.5,5.4848453959423997,7.7631229870064669E-2,,source_simulation_not_measurement,gelain_2020/simulation_reference/glycerol.xlsx,Assay 10 gL,49
glycerol,10,24,5.3905084687296121,4.780304154021825E-2,,source_simulation_not_measurement,gelain_2020/simulation_reference/glycerol.xlsx,Assay 10 gL,50
glycerol,10,24.5,5.2925790213250599,2.9714918532653935E-2,,source_simulation_not_measurement,gelain_2020/simulation_reference/glycerol.xlsx,Assay 10 gL,51
glycerol,10,25,5.1932481018957048,1.8693875745653499E-2,,source_simulation_not_measurement,gelain_2020/simulation_reference/glycerol.xlsx,Assay 10 gL,52
glycerol,10,25.5,5.0938426163484687,1.1918277292716446E-2,,source_simulation_not_measurement,gelain_2020/simulation_reference/glycerol.xlsx,Assay 10 gL,53
glycerol,10,26,4.9951513341502158,7.7051755403348045E-3,,source_simulation_not_measurement,gelain_2020/simulation_reference/glycerol.xlsx,Assay 10 gL,54
glycerol,10,26.5,4.8976368174960037,5.0522387889168205E-3,,source_simulation_not_measurement,gelain_2020/simulation_reference/glycerol.xlsx,Assay 10 gL,55
glycerol,10,27,4.8015659176013576,3.3595810372832099E-3,,source_simulation_not_measurement,gelain_2020/simulation_reference/glycerol.xlsx,Assay 10 gL,56
glycerol,10,27.5,4.7070881911697482,2.2651175693935597E-3,,source_simulation_not_measurement,gelain_2020/simulation_reference/glycerol.xlsx,Assay 10 gL,57
glycerol,10,28,4.6142826254286087,1.5479945165358623E-3,,source_simulation_not_measurement,gelain_2020/simulation_reference/glycerol.xlsx,Assay 10 gL,58
glycerol,10,28.5,4.5231854911056537,1.0719392211378741E-3,,source_simulation_not_measurement,gelain_2020/simulation_reference/glycerol.xlsx,Assay 10 gL,59
glycerol,10,29,4.4338070354027845,7.5185129372040704E-4,,source_simulation_not_measurement,gelain_2020/simulation_reference/glycerol.xlsx,Assay 10 gL,60
glycerol,10,29.5,4.3461415684027687,5.3393625643427599E-4,,source_simulation_not_measurement,gelain_2020/simulation_reference/glycerol.xlsx,Assay 10 gL,61
glycerol,10,30,4.2601736164522572,3.8377462601472294E-4,,source_simulation_not_measurement,gelain_2020/simulation_reference/glycerol.xlsx,Assay 10 gL,62
glycerol,10,30.5,4.1758817148870477,2.7907913176092167E-4,,source_simulation_not_measurement,gelain_2020/simulation_reference/glycerol.xlsx,Assay 10 gL,63
glycerol,10,31,4.093240770166739,2.0524851738598551E-4,,source_simulation_not_measurement,gelain_2020/simulation_reference/glycerol.xlsx,Assay 10 gL,64
glycerol,10,31.5,4.0122235460216027,1.5260709720946083E-4,,source_simulation_not_measurement,gelain_2020/simulation_reference/glycerol.xlsx,Assay 10 gL,65
glycerol,10,32,3.9328016074418852,1.146715227818026E-4,,source_simulation_not_measurement,gelain_2020/simulation_reference/glycerol.xlsx,Assay 10 gL,66
glycerol,10,32.5,3.8549459254874661,8.7050359532598112E-5,,source_simulation_not_measurement,gelain_2020/simulation_reference/glycerol.xlsx,Assay 10 gL,67
glycerol,10,33,3.7786272676257644,6.6737774495969563E-5,,source_simulation_not_measurement,gelain_2020/simulation_reference/glycerol.xlsx,Assay 10 gL,68
glycerol,10,33.5,3.7038164510269156,5.1655329498057303E-5,,source_simulation_not_measurement,gelain_2020/simulation_reference/glycerol.xlsx,Assay 10 gL,69
glycerol,10,34,3.6304845073963894,4.0351623426602335E-5,,source_simulation_not_measurement,gelain_2020/simulation_reference/glycerol.xlsx,Assay 10 gL,70
glycerol,10,34.5,3.5586027901415473,3.1803404188874943E-5,,source_simulation_not_measurement,gelain_2020/simulation_reference/glycerol.xlsx,Assay 10 gL,71
glycerol,10,35,3.4881430435939658,2.5282569365024786E-5,,source_simulation_not_measurement,gelain_2020/simulation_reference/glycerol.xlsx,Assay 10 gL,72
glycerol,10,35.5,3.4190774470430276,2.0266373757738354E-5,,source_simulation_not_measurement,gelain_2020/simulation_reference/glycerol.xlsx,Assay 10 gL,73
glycerol,10,36,3.3513786419107436,1.6376242356767247E-5,,source_simulation_not_measurement,gelain_2020/simulation_reference/glycerol.xlsx,Assay 10 gL,74
glycerol,10,36.5,3.2850197475589771,1.3335698634231955E-5,,source_simulation_not_measurement,gelain_2020/simulation_reference/glycerol.xlsx,Assay 10 gL,75
glycerol,10,37,3.2199743693820122,1.0941182462787246E-5,,source_simulation_not_measurement,gelain_2020/simulation_reference/glycerol.xlsx,Assay 10 gL,76
glycerol,10,37.5,3.1562166016360291,9.0416362586919175E-6,,source_simulation_not_measurement,gelain_2020/simulation_reference/glycerol.xlsx,Assay 10 gL,77
glycerol,10,38,3.0937210266648201,7.5241068331321907E-6,,source_simulation_not_measurement,gelain_2020/simulation_reference/glycerol.xlsx,Assay 10 gL,78
glycerol,10,38.5,3.0324627116540652,6.3035088267823454E-6,,source_simulation_not_measurement,gelain_2020/simulation_reference/glycerol.xlsx,Assay 10 gL,79
glycerol,10,39,2.9724172036929062,5.3152903155109992E-6,,source_simulation_not_measurement,gelain_2020/simulation_reference/glycerol.xlsx,Assay 10 gL,80
glycerol,10,39.5,2.9135605236823685,4.5101381748425725E-6,,source_simulation_not_measurement,gelain_2020/simulation_reference/glycerol.xlsx,Assay 10 gL,81
glycerol,10,40,2.8558691594670744,3.8501279777869749E-6,,source_simulation_not_measurement,gelain_2020/simulation_reference/glycerol.xlsx,Assay 10 gL,82
glycerol,10,40.5,2.7993200584546014,3.3059044540726393E-6,,source_simulation_not_measurement,gelain_2020/simulation_reference/glycerol.xlsx,Assay 10 gL,83
glycerol,10,41,2.7438906199092066,2.8546024494516571E-6,,source_simulation_not_measurement,gelain_2020/simulation_reference/glycerol.xlsx,Assay 10 gL,84
glycerol,10,41.5,2.6895586870525094,2.4783036712093763E-6,,source_simulation_not_measurement,gelain_2020/simulation_reference/glycerol.xlsx,Assay 10 gL,85
glycerol,10,42,2.6363025390656789,2.1628837225541854E-6,,source_simulation_not_measurement,gelain_2020/simulation_reference/glycerol.xlsx,Assay 10 gL,86
glycerol,10,42.5,2.5841008830607746,1.8971453074802979E-6,,source_simulation_not_measurement,gelain_2020/simulation_reference/glycerol.xlsx,Assay 10 gL,87
glycerol,10,43,2.5329328460697407,1.672162602548178E-6,,source_simulation_not_measurement,gelain_2020/simulation_reference/glycerol.xlsx,Assay 10 gL,88
glycerol,10,43.5,2.4827779670858274,1.4807824157799777E-6,,source_simulation_not_measurement,gelain_2020/simulation_reference/glycerol.xlsx,Assay 10 gL,89
glycerol,10,44,2.4336161891823278,1.3172424576681892E-6,,source_simulation_not_measurement,gelain_2020/simulation_reference/glycerol.xlsx,Assay 10 gL,90
glycerol,10,44.5,2.3854278517263459,1.1768776007432587E-6,,source_simulation_not_measurement,gelain_2020/simulation_reference/glycerol.xlsx,Assay 10 gL,91
glycerol,10,45,2.3381936827000915,1.0558926223363985E-6,,source_simulation_not_measurement,gelain_2020/simulation_reference/glycerol.xlsx,Assay 10 gL,92
glycerol,10,45.5,2.2918947911383718,9.5118545875424978E-7,,source_simulation_not_measurement,gelain_2020/simulation_reference/glycerol.xlsx,Assay 10 gL,93
glycerol,10,46,2.2465126596881291,8.6020904209554597E-7,,source_simulation_not_measurement,gelain_2020/simulation_reference/glycerol.xlsx,Assay 10 gL,94
glycerol,10,46.5,2.202029137293803,7.8086276179069501E-7,,source_simulation_not_measurement,gelain_2020/simulation_reference/glycerol.xlsx,Assay 10 gL,95
glycerol,10,47,2.1584264320107502,7.1140678811124056E-7,,source_simulation_not_measurement,gelain_2020/simulation_reference/glycerol.xlsx,Assay 10 gL,96
glycerol,10,47.5,2.1156871039478116,6.5039412569749883E-7,,source_simulation_not_measurement,gelain_2020/simulation_reference/glycerol.xlsx,Assay 10 gL,97
glycerol,10,48,2.07379405833926,5.9661648307644632E-7,,source_simulation_not_measurement,gelain_2020/simulation_reference/glycerol.xlsx,Assay 10 gL,98
glycerol,10,48.5,2.0327305387457382,5.4906095839128761E-7,,source_simulation_not_measurement,gelain_2020/simulation_reference/glycerol.xlsx,Assay 10 gL,99
glycerol,10,49,1.9924801203833087,5.068752312903143E-7,,source_simulation_not_measurement,gelain_2020/simulation_reference/glycerol.xlsx,Assay 10 gL,100
glycerol,10,49.5,1.9530267035794013,4.6933947380027433E-7,,source_simulation_not_measurement,gelain_2020/simulation_reference/glycerol.xlsx,Assay 10 gL,101
glycerol,10,50,1.9143545073541746,4.3584359128183186E-7,,source_simulation_not_measurement,gelain_2020/simulation_reference/glycerol.xlsx,Assay 10 gL,102
glycerol,10,50.5,1.8764480631256244,4.058687093291525E-7,,source_simulation_not_measurement,gelain_2020/simulation_reference/glycerol.xlsx,Assay 10 gL,103
glycerol,10,51,1.8392922085366334,3.7897205673734012E-7,,source_simulation_not_measurement,gelain_2020/simulation_reference/glycerol.xlsx,Assay 10 gL,104
glycerol,10,51.5,1.8028720814020591,3.547745755210183E-7,,source_simulation_not_measurement,gelain_2020/simulation_reference/glycerol.xlsx,Assay 10 gL,105
glycerol,10,52,1.7671731137738904,3.3295072919603119E-7,,source_simulation_not_measurement,gelain_2020/simulation_reference/glycerol.xlsx,Assay 10 gL,106
glycerol,10,52.5,1.7321810261224648,3.1322008971565676E-7,,source_simulation_not_measurement,gelain_2020/simulation_reference/glycerol.xlsx,Assay 10 gL,107
glycerol,10,53,1.6978818216317078,2.953403688036195E-7,,source_simulation_not_measurement,gelain_2020/simulation_reference/glycerol.xlsx,Assay 10 gL,108
glycerol,10,53.5,1.6642617806063509,2.7910162641387054E-7,,source_simulation_not_measurement,gelain_2020/simulation_reference/glycerol.xlsx,Assay 10 gL,109
glycerol,10,54,1.6313074549890811,2.643214418258321E-7,,source_simulation_not_measurement,gelain_2020/simulation_reference/glycerol.xlsx,Assay 10 gL,110
glycerol,10,54.5,1.5990056629855836,2.5084087462441049E-7,,source_simulation_not_measurement,gelain_2020/simulation_reference/glycerol.xlsx,Assay 10 gL,111
glycerol,10,55,1.5673434837954554,2.3852107594661732E-7,,source_simulation_not_measurement,gelain_2020/simulation_reference/glycerol.xlsx,Assay 10 gL,112
glycerol,10,55.5,1.5363082524469869,2.2724043677078686E-7,,source_simulation_not_measurement,gelain_2020/simulation_reference/glycerol.xlsx,Assay 10 gL,113
glycerol,10,56,1.5058875547338277,2.1689218112428012E-7,,source_simulation_not_measurement,gelain_2020/simulation_reference/glycerol.xlsx,Assay 10 gL,114
glycerol,10,56.5,1.4760692222515845,2.0738232901086198E-7,,source_simulation_not_measurement,gelain_2020/simulation_reference/glycerol.xlsx,Assay 10 gL,115
glycerol,10,57,1.4468413275324217,1.9862796748091173E-7,,source_simulation_not_measurement,gelain_2020/simulation_reference/glycerol.xlsx,Assay 10 gL,116
glycerol,10,57.5,1.4181921792757672,1.9055577926672948E-7,,source_simulation_not_measurement,gelain_2020/simulation_reference/glycerol.xlsx,Assay 10 gL,117
glycerol,10,58,1.3901103176732565,1.8310078731472805E-7,,source_simulation_not_measurement,gelain_2020/simulation_reference/glycerol.xlsx,Assay 10 gL,118
glycerol,10,58.5,1.3625845098260767,1.7620528078565653E-7,,source_simulation_not_measurement,gelain_2020/simulation_reference/glycerol.xlsx,Assay 10 gL,119
glycerol,10,59,1.3356037452529066,1.6981789399413409E-7,,source_simulation_not_measurement,gelain_2020/simulation_reference/glycerol.xlsx,Assay 10 gL,120
glycerol,10,59.5,1.3091572314866793,1.6389281458168779E-7,,source_simulation_not_measurement,gelain_2020/simulation_reference/glycerol.xlsx,Assay 10 gL,121
glycerol,10,60,1.2832343897584253,1.5838910117128173E-7,,source_simulation_not_measurement,gelain_2020/simulation_reference/glycerol.xlsx,Assay 10 gL,122
glycerol,10,60.5,1.2578248507664871,1.5327009400179422E-7,,source_simulation_not_measurement,gelain_2020/simulation_reference/glycerol.xlsx,Assay 10 gL,123
glycerol,10,61,1.2329184505294257,1.4850290472055016E-7,,source_simulation_not_measurement,gelain_2020/simulation_reference/glycerol.xlsx,Assay 10 gL,124
glycerol,10,61.5,1.208505226320975,1.4405797372706363E-7,,source_simulation_not_measurement,gelain_2020/simulation_reference/glycerol.xlsx,Assay 10 gL,125
glycerol,10,62,1.1845754126854249,1.3990868529698336E-7,,source_simulation_not_measurement,gelain_2020/simulation_reference/glycerol.xlsx,Assay 10 gL,126
glycerol,10,62.5,1.1611194375318508,1.3603103224071567E-7,,source_simulation_not_measurement,gelain_2020/simulation_reference/glycerol.xlsx,Assay 10 gL,127
glycerol,10,63,1.1381279183056339,1.3240332312199387E-7,,source_simulation_not_measurement,gelain_2020/simulation_reference/glycerol.xlsx,Assay 10 gL,128
glycerol,10,63.5,1.1155916582357475,1.2900592612290962E-7,,source_simulation_not_measurement,gelain_2020/simulation_reference/glycerol.xlsx,Assay 10 gL,129
glycerol,10,64,1.0935016426563144,1.2582104453031489E-7,,source_simulation_not_measurement,gelain_2020/simulation_reference/glycerol.xlsx,Assay 10 gL,130
glycerol,10,64.5,1.0718490354009678,1.2283251956395716E-7,,source_simulation_not_measurement,gelain_2020/simulation_reference/glycerol.xlsx,Assay 10 gL,131
glycerol,10,65,1.0506251752685789,1.2002565689366993E-7,,source_simulation_not_measurement,gelain_2020/simulation_reference/glycerol.xlsx,Assay 10 gL,132
glycerol,10,65.5,1.0298215725589419,1.1738707372143468E-7,,source_simulation_not_measurement,gelain_2020/simulation_reference/glycerol.xlsx,Assay 10 gL,133
glycerol,10,66,1.0094299056770317,1.1490456375061226E-7,,source_simulation_not_measurement,gelain_2020/simulation_reference/glycerol.xlsx,Assay 10 gL,134
glycerol,10,66.5,0.98944201780448171,1.1256697774265347E-7,,source_simulation_not_measurement,gelain_2020/simulation_reference/glycerol.xlsx,Assay 10 gL,135
glycerol,10,67,0.96984991363695117,1.103641176823227E-7,,source_simulation_not_measurement,gelain_2020/simulation_reference/glycerol.xlsx,Assay 10 gL,136
glycerol,10,67.5,0.9506457561860796,1.0828664284515026E-7,,source_simulation_not_measurement,gelain_2020/simulation_reference/glycerol.xlsx,Assay 10 gL,137
glycerol,10,68,0.93182186364475206,1.0632598629313912E-7,,source_simulation_not_measurement,gelain_2020/simulation_reference/glycerol.xlsx,Assay 10 gL,138
glycerol,10,68.5,0.91337070631442174,1.0447428052305949E-7,,source_simulation_not_measurement,gelain_2020/simulation_reference/glycerol.xlsx,Assay 10 gL,139
glycerol,10,69,0.89528490359326418,1.0272429116127965E-7,,source_simulation_not_measurement,gelain_2020/simulation_reference/glycerol.xlsx,Assay 10 gL,140
glycerol,10,69.5,0.87755722102395783,1.0106935774443124E-7,,source_simulation_not_measurement,gelain_2020/simulation_reference/glycerol.xlsx,Assay 10 gL,141
glycerol,10,70,0.86018056739991355,9.9503340749997002E-8,,source_simulation_not_measurement,gelain_2020/simulation_reference/glycerol.xlsx,Assay 10 gL,142
glycerol,10,70.5,0.84314799192879486,9.802057414824427E-8,,source_simulation_not_measurement,gelain_2020/simulation_reference/glycerol.xlsx,Assay 10 gL,143
glycerol,10,71,0.82645268145219641,9.661582283941501E-8,,source_simulation_not_measurement,gelain_2020/simulation_reference/glycerol.xlsx,Assay 10 gL,144
glycerol,10,71.5,0.81008795772036957,9.5284244419918297E-8,,source_simulation_not_measurement,gelain_2020/simulation_reference/glycerol.xlsx,Assay 10 gL,145
glycerol,10,72,0.79404727472090531,9.4021354790302842E-8,,source_simulation_not_measurement,gelain_2020/simulation_reference/glycerol.xlsx,Assay 10 gL,146
glycerol,10,72.5,0.77832421606030655,9.2822997177579676E-8,,source_simulation_not_measurement,gelain_2020/simulation_reference/glycerol.xlsx,Assay 10 gL,147
glycerol,10,73,0.76291249239740455,9.1685314196340203E-8,,source_simulation_not_measurement,gelain_2020/simulation_reference/glycerol.xlsx,Assay 10 gL,148
glycerol,10,73.5,0.74780593892759151,9.0604722618194722E-8,,source_simulation_not_measurement,gelain_2020/simulation_reference/glycerol.xlsx,Assay 10 gL,149
glycerol,10,74,0.73299851291686491,8.9577890558293717E-8,,source_simulation_not_measurement,gelain_2020/simulation_reference/glycerol.xlsx,Assay 10 gL,150
glycerol,10,74.5,0.71848429128469737,8.860171682189971E-8,,source_simulation_not_measurement,gelain_2020/simulation_reference/glycerol.xlsx,Assay 10 gL,151
glycerol,10,75,0.70425746823476532,8.7673312183842096E-8,,source_simulation_not_measurement,gelain_2020/simulation_reference/glycerol.xlsx,Assay 10 gL,152
glycerol,10,75.5,0.69031235293258997,8.6789982399801694E-8,,source_simulation_not_measurement,gelain_2020/simulation_reference/glycerol.xlsx,Assay 10 gL,153
glycerol,10,76,0.67664336722916063,8.5949212771240187E-8,,source_simulation_not_measurement,gelain_2020/simulation_reference/glycerol.xlsx,Assay 10 gL,154
glycerol,10,76.5,0.66324504342963186,8.5148654105844806E-8,,source_simulation_not_measurement,gelain_2020/simulation_reference/glycerol.xlsx,Assay 10 gL,155
glycerol,10,77,0.65011202210620067,8.4386109932971954E-8,,source_simulation_not_measurement,gelain_2020/simulation_reference/glycerol.xlsx,Assay 10 gL,156
glycerol,10,77.5,0.63723904995429015,8.3659524849063341E-8,,source_simulation_not_measurement,gelain_2020/simulation_reference/glycerol.xlsx,Assay 10 gL,157
glycerol,10,78,0.62462097769118174,8.2966973881649978E-8,,source_simulation_not_measurement,gelain_2020/simulation_reference/glycerol.xlsx,Assay 10 gL,158
glycerol,10,78.5,0.61225275799625634,8.2306652772589133E-8,,source_simulation_not_measurement,gelain_2020/simulation_reference/glycerol.xlsx,Assay 10 gL,159
glycerol,10,79,0.60012944349201947,8.1676869091802012E-8,,source_simulation_not_measurement,gelain_2020/simulation_reference/glycerol.xlsx,Assay 10 gL,160
glycerol,10,79.5,0.58824618476510437,8.107603410217214E-8,,source_simulation_not_measurement,gelain_2020/simulation_reference/glycerol.xlsx,Assay 10 gL,161
glycerol,10,80,0.57659822842646091,8.0502655304579067E-8,,source_simulation_not_measurement,gelain_2020/simulation_reference/glycerol.xlsx,Assay 10 gL,162
glycerol,10,80.5,0.56518091520995406,7.9955329599412493E-8,,source_simulation_not_measurement,gelain_2020/simulation_reference/glycerol.xlsx,Assay 10 gL,163
glycerol,10,81,0.55398967810861233,7.9432737007452599E-8,,source_simulation_not_measurement,gelain_2020/simulation_reference/glycerol.xlsx,Assay 10 gL,164
glycerol,10,81.5,0.54302004054778019,7.8933634898814645E-8,,source_simulation_not_measurement,gelain_2020/simulation_reference/glycerol.xlsx,Assay 10 gL,165
glycerol,10,82,0.53226761459444405,7.8456852683826339E-8,,source_simulation_not_measurement,gelain_2020/simulation_reference/glycerol.xlsx,Assay 10 gL,166
glycerol,10,82.5,0.52172809920201579,7.8001286924311353E-8,,source_simulation_not_measurement,gelain_2020/simulation_reference/glycerol.xlsx,Assay 10 gL,167
glycerol,10,83,0.51139727848987104,7.7565896827858677E-8,,source_simulation_not_measurement,gelain_2020/simulation_reference/glycerol.xlsx,Assay 10 gL,168
glycerol,10,83.5,0.50127102005695501,7.7149700091322867E-8,,source_simulation_not_measurement,gelain_2020/simulation_reference/glycerol.xlsx,Assay 10 gL,169
glycerol,10,84,0.4913452733287807,7.6751769063075718E-8,,source_simulation_not_measurement,gelain_2020/simulation_reference/glycerol.xlsx,Assay 10 gL,170
glycerol,10,84.5,0.48161606793715878,7.6371227196460272E-8,,source_simulation_not_measurement,gelain_2020/simulation_reference/glycerol.xlsx,Assay 10 gL,171
glycerol,10,85,0.47207951213201049,7.6007245769522473E-8,,source_simulation_not_measurement,gelain_2020/simulation_reference/glycerol.xlsx,Assay 10 gL,172
glycerol,10,85.5,0.46273179122462887,7.5659040848448315E-8,,source_simulation_not_measurement,gelain_2020/simulation_reference/glycerol.xlsx,Assay 10 gL,173
glycerol,10,86,0.45356916606176534,7.5325870474245741E-8,,source_simulation_not_measurement,gelain_2020/simulation_reference/glycerol.xlsx,Assay 10 gL,174
glycerol,10,86.5,0.44458797152993124,7.5007032054107209E-8,,source_simulation_not_measurement,gelain_2020/simulation_reference/glycerol.xlsx,Assay 10 gL,175
glycerol,10,87,0.43578461508931643,7.4701859940594242E-8,,source_simulation_not_measurement,gelain_2020/simulation_reference/glycerol.xlsx,Assay 10 gL,176
glycerol,10,87.5,0.42715557533673781,7.4409723183320393E-8,,source_simulation_not_measurement,gelain_2020/simulation_reference/glycerol.xlsx,Assay 10 gL,177
glycerol,10,88,0.41869740059704375,7.4130023439192109E-8,,source_simulation_not_measurement,gelain_2020/simulation_reference/glycerol.xlsx,Assay 10 gL,178
glycerol,10,88.5,0.41040670754241015,7.3862193028513976E-8,,source_simulation_not_measurement,gelain_2020/simulation_reference/glycerol.xlsx,Assay 10 gL,179
glycerol,10,89,0.40228017983897696,7.3605693125390736E-8,,source_simulation_not_measurement,gelain_2020/simulation_reference/glycerol.xlsx,Assay 10 gL,180
glycerol,10,89.5,0.39431456682028238,7.3360012071875371E-8,,source_simulation_not_measurement,gelain_2020/simulation_reference/glycerol.xlsx,Assay 10 gL,181
glycerol,10,90,0.38650668218696527,7.3124663806232108E-8,,source_simulation_not_measurement,gelain_2020/simulation_reference/glycerol.xlsx,Assay 10 gL,182
glycerol,10,90.5,0.37885340273221535,7.289918639651564E-8,,source_simulation_not_measurement,gelain_2020/simulation_reference/glycerol.xlsx,Assay 10 gL,183
glycerol,10,91,0.3713516670924607,7.2683140671421624E-8,,source_simulation_not_measurement,gelain_2020/simulation_reference/glycerol.xlsx,Assay 10 gL,184
glycerol,10,91.5,0.36399847452279382,7.2476108941047001E-8,,source_simulation_not_measurement,gelain_2020/simulation_reference/glycerol.xlsx,Assay 10 gL,185
glycerol,10,92,0.35679088369664591,7.2277693800818795E-8,,source_simulation_not_measurement,gelain_2020/simulation_reference/glycerol.xlsx,Assay 10 gL,186
glycerol,10,92.5,0.34972601152922878,7.2087517012413187E-8,,source_simulation_not_measurement,gelain_2020/simulation_reference/glycerol.xlsx,Assay 10 gL,187
glycerol,10,93,0.34280103202427481,7.1905218455998405E-8,,source_simulation_not_measurement,gelain_2020/simulation_reference/glycerol.xlsx,Assay 10 gL,188
glycerol,10,93.5,0.33601317514361267,7.1730455148600433E-8,,source_simulation_not_measurement,gelain_2020/simulation_reference/glycerol.xlsx,Assay 10 gL,189
glycerol,10,94,0.32935972569912697,7.1562900323814182E-8,,source_simulation_not_measurement,gelain_2020/simulation_reference/glycerol.xlsx,Assay 10 gL,190
glycerol,10,94.5,0.32283802226665886,7.1402242568468796E-8,,source_simulation_not_measurement,gelain_2020/simulation_reference/glycerol.xlsx,Assay 10 gL,191
glycerol,10,95,0.31644545612141273,7.1248185012207452E-8,,source_simulation_not_measurement,gelain_2020/simulation_reference/glycerol.xlsx,Assay 10 gL,192
glycerol,10,95.5,0.31017947019444314,7.1100444566263208E-8,,source_simulation_not_measurement,gelain_2020/simulation_reference/glycerol.xlsx,Assay 10 gL,193
glycerol,10,96,0.30403755804980515,7.0958751208005223E-8,,source_simulation_not_measurement,gelain_2020/simulation_reference/glycerol.xlsx,Assay 10 gL,194
glycerol,20,0,0.5,20,,source_simulation_not_measurement,gelain_2020/simulation_reference/glycerol.xlsx,Assay 20 gL,2
glycerol,20,0.5,0.54216656472695135,19.989587999075162,,source_simulation_not_measurement,gelain_2020/simulation_reference/glycerol.xlsx,Assay 20 gL,3
glycerol,20,1,0.5877831681519754,19.977369915065182,,source_simulation_not_measurement,gelain_2020/simulation_reference/glycerol.xlsx,Assay 20 gL,4
glycerol,20,1.5,0.63711327560869191,19.963040062457488,,source_simulation_not_measurement,gelain_2020/simulation_reference/glycerol.xlsx,Assay 20 gL,5
glycerol,20,2,0.6904371187778191,19.946243105996398,,source_simulation_not_measurement,gelain_2020/simulation_reference/glycerol.xlsx,Assay 20 gL,6
glycerol,20,2.5,0.74805214726343938,19.926566568078275,,source_simulation_not_measurement,gelain_2020/simulation_reference/glycerol.xlsx,Assay 20 gL,7
glycerol,20,3,0.81027336383673609,19.903532362040544,,source_simulation_not_measurement,gelain_2020/simulation_reference/glycerol.xlsx,Assay 20 gL,8
glycerol,20,3.5,0.87743351188793817,19.876587268431056,,source_simulation_not_measurement,gelain_2020/simulation_reference/glycerol.xlsx,Assay 20 gL,9
glycerol,20,4,0.9498830787294722,19.845092277530245,,source_simulation_not_measurement,gelain_2020/simulation_reference/glycerol.xlsx,Assay 20 gL,10
glycerol,20,4.5,1.0279900730705105,19.808310732899265,,source_simulation_not_measurement,gelain_2020/simulation_reference/glycerol.xlsx,Assay 20 gL,11
glycerol,20,5,1.1121395292743175,19.765395229106431,,source_simulation_not_measurement,gelain_2020/simulation_reference/glycerol.xlsx,Assay 20 gL,12
glycerol,20,5.5,1.2027326849796414,19.715373243886358,,source_simulation_not_measurement,gelain_2020/simulation_reference/glycerol.xlsx,Assay 20 gL,13
glycerol,20,6,1.3001857724100909,19.657131522945665,,source_simulation_not_measurement,gelain_2020/simulation_reference/glycerol.xlsx,Assay 20 gL,14
glycerol,20,6.5,1.4049283573376297,19.589399286863248,,source_simulation_not_measurement,gelain_2020/simulation_reference/glycerol.xlsx,Assay 20 gL,15
glycerol,20,7,1.5174011533674439,19.510730396712724,,source_simulation_not_measurement,gelain_2020/simulation_reference/glycerol.xlsx,Assay 20 gL,16
glycerol,20,7.5,1.6380532331597353,19.419484701029148,,source_simulation_not_measurement,gelain_2020/simulation_reference/glycerol.xlsx,Assay 20 gL,17
glycerol,20,8,1.7673385526054886,19.313808894529924,,source_simulation_not_measurement,gelain_2020/simulation_reference/glycerol.xlsx,Assay 20 gL,18
glycerol,20,8.5,1.905711699030177,19.191617351548505,,source_simulation_not_measurement,gelain_2020/simulation_reference/glycerol.xlsx,Assay 20 gL,19
glycerol,20,9,2.053622770372419,19.050573557256183,,source_simulation_not_measurement,gelain_2020/simulation_reference/glycerol.xlsx,Assay 20 gL,20
glycerol,20,9.5,2.2115112890321451,18.888072949920726,,source_simulation_not_measurement,gelain_2020/simulation_reference/glycerol.xlsx,Assay 20 gL,21
glycerol,20,10,2.3797990515664287,18.701228209720004,,source_simulation_not_measurement,gelain_2020/simulation_reference/glycerol.xlsx,Assay 20 gL,22
glycerol,20,10.5,2.5588818131525168,18.486858285547218,,source_simulation_not_measurement,gelain_2020/simulation_reference/glycerol.xlsx,Assay 20 gL,23
glycerol,20,11,2.7491197027054328,18.241482742053098,,source_simulation_not_measurement,gelain_2020/simulation_reference/glycerol.xlsx,Assay 20 gL,24
glycerol,20,11.5,2.9508262588303151,17.961323336366188,,source_simulation_not_measurement,gelain_2020/simulation_reference/glycerol.xlsx,Assay 20 gL,25
glycerol,20,12,3.1642559651623343,17.642315100524112,,source_simulation_not_measurement,gelain_2020/simulation_reference/glycerol.xlsx,Assay 20 gL,26
glycerol,20,12.5,3.3895901407953208,17.280129618560689,,source_simulation_not_measurement,gelain_2020/simulation_reference/glycerol.xlsx,Assay 20 gL,27
glycerol,20,13,3.6269209989580937,16.870213661541968,,source_simulation_not_measurement,gelain_2020/simulation_reference/glycerol.xlsx,Assay 20 gL,28
glycerol,20,13.5,3.8762336114977916,16.407846910251553,,source_simulation_not_measurement,gelain_2020/simulation_reference/glycerol.xlsx,Assay 20 gL,29
glycerol,20,14,4.1373853869859172,15.888223212103028,,source_simulation_not_measurement,gelain_2020/simulation_reference/glycerol.xlsx,Assay 20 gL,30
glycerol,20,14.5,4.4100824528769138,15.306560792928346,,source_simulation_not_measurement,gelain_2020/simulation_reference/glycerol.xlsx,Assay 20 gL,31
glycerol,20,15,4.6938519731866872,14.658248265128019,,source_simulation_not_measurement,gelain_2020/simulation_reference/glycerol.xlsx,Assay 20 gL,32
glycerol,20,15.5,4.9880088441949422,13.939035472625102,,source_simulation_not_measurement,gelain_2020/simulation_reference/glycerol.xlsx,Assay 20 gL,33
glycerol,20,16,5.2916142436613498,13.145281765685144,,source_simulation_not_measurement,gelain_2020/simulation_reference/glycerol.xlsx,Assay 20 gL,34
glycerol,20,16.5,5.6034219106462597,12.274280205726718,,source_simulation_not_measurement,gelain_2020/simulation_reference/glycerol.xlsx,Assay 20 gL,35
glycerol,20,17,5.921805361062745,11.324686211063966,,source_simulation_not_measurement,gelain_2020/simulation_reference/glycerol.xlsx,Assay 20 gL,36
glycerol,20,17.5,6.244654716076214,10.297096339705238,,source_simulation_not_measurement,gelain_2020/simulation_reference/glycerol.xlsx,Assay 20 gL,37
glycerol,20,18,6.5692240522005347,9.1948526203777163,,source_simulation_not_measurement,gelain_2020/simulation_reference/glycerol.xlsx,Assay 20 gL,38
glycerol,20,18.5,6.8918968067673072,8.0251990705517997,,source_simulation_not_measurement,gelain_2020/simulation_reference/glycerol.xlsx,Assay 20 gL,39
glycerol,20,19,7.2078142471269748,6.8010028420646256,,source_simulation_not_measurement,gelain_2020/simulation_reference/glycerol.xlsx,Assay 20 gL,40
glycerol,20,19.5,7.5102776444063286,5.54338163126876,,source_simulation_not_measurement,gelain_2020/simulation_reference/glycerol.xlsx,Assay 20 gL,41
glycerol,20,20,7.7898011639601474,4.2857008724632095,,source_simulation_not_measurement,gelain_2020/simulation_reference/glycerol.xlsx,Assay 20 gL,42
glycerol,20,20.5,8.0327577064897611,3.0791470316447898,,source_simulation_not_measurement,gelain_2020/simulation_reference/glycerol.xlsx,Assay 20 gL,43
glycerol,20,21,8.2201680172893745,1.997808503465917,,source_simulation_not_measurement,gelain_2020/simulation_reference/glycerol.xlsx,Assay 20 gL,44
glycerol,20,21.5,8.3295332868768543,1.1325866587633417,,source_simulation_not_measurement,gelain_2020/simulation_reference/glycerol.xlsx,Assay 20 gL,45
glycerol,20,22,8.3459665453199872,0.55119770431481951,,source_simulation_not_measurement,gelain_2020/simulation_reference/glycerol.xlsx,Assay 20 gL,46
glycerol,20,22.5,8.27920844713233,0.23618734293349325,,source_simulation_not_measurement,gelain_2020/simulation_reference/glycerol.xlsx,Assay 20 gL,47
glycerol,20,23,8.1600540320315531,9.4507512764047119E-2,,source_simulation_not_measurement,gelain_2020/simulation_reference/glycerol.xlsx,Assay 20 gL,48
glycerol,20,23.5,8.0168923966981769,3.7161631692609248E-2,,source_simulation_not_measurement,gelain_2020/simulation_reference/glycerol.xlsx,Assay 20 gL,49
glycerol,20,24,7.8654773105913067,1.475642534124184E-2,,source_simulation_not_measurement,gelain_2020/simulation_reference/glycerol.xlsx,Assay 20 gL,50
glycerol,20,24.5,7.7126570210255272,5.984565425236274E-3,,source_simulation_not_measurement,gelain_2020/simulation_reference/glycerol.xlsx,Assay 20 gL,51
glycerol,20,25,7.5611264198435446,2.4888495665879615E-3,,source_simulation_not_measurement,gelain_2020/simulation_reference/glycerol.xlsx,Assay 20 gL,52
glycerol,20,25.5,7.4119020935397373,1.0626115001372029E-3,,source_simulation_not_measurement,gelain_2020/simulation_reference/glycerol.xlsx,Assay 20 gL,53
glycerol,20,26,7.2653489411109167,4.6577454437223204E-4,,source_simulation_not_measurement,gelain_2020/simulation_reference/glycerol.xlsx,Assay 20 gL,54
glycerol,20,26.5,7.1215789641228655,2.0952444235878214E-4,,source_simulation_not_measurement,gelain_2020/simulation_reference/glycerol.xlsx,Assay 20 gL,55
glycerol,20,27,6.9806048282493034,9.6674819259995201E-5,,source_simulation_not_measurement,gelain_2020/simulation_reference/glycerol.xlsx,Assay 20 gL,56
glycerol,20,27.5,6.8423997150026148,4.5724314650883756E-5,,source_simulation_not_measurement,gelain_2020/simulation_reference/glycerol.xlsx,Assay 20 gL,57
glycerol,20,28,6.706921111072341,2.2154525081831048E-5,,source_simulation_not_measurement,gelain_2020/simulation_reference/glycerol.xlsx,Assay 20 gL,58
glycerol,20,28.5,6.5741204725429343,1.0989637361407514E-5,,source_simulation_not_measurement,gelain_2020/simulation_reference/glycerol.xlsx,Assay 20 gL,59
glycerol,20,29,6.4439472364592811,5.5774465600934147E-6,,source_simulation_not_measurement,gelain_2020/simulation_reference/glycerol.xlsx,Assay 20 gL,60
glycerol,20,29.5,6.3163505185442874,2.8943214317849186E-6,,source_simulation_not_measurement,gelain_2020/simulation_reference/glycerol.xlsx,Assay 20 gL,61
glycerol,20,30,6.1912798420720696,1.5347901727207116E-6,,source_simulation_not_measurement,gelain_2020/simulation_reference/glycerol.xlsx,Assay 20 gL,62
glycerol,20,30.5,6.0686854520178208,8.3114677823996416E-7,,source_simulation_not_measurement,gelain_2020/simulation_reference/glycerol.xlsx,Assay 20 gL,63
glycerol,20,31,5.9485184479459514,4.5938067409959999E-7,,source_simulation_not_measurement,gelain_2020/simulation_reference/glycerol.xlsx,Assay 20 gL,64
glycerol,20,31.5,5.8307308362217727,2.5898719152860684E-7,,source_simulation_not_measurement,gelain_2020/simulation_reference/glycerol.xlsx,Assay 20 gL,65
glycerol,20,32,5.715275545886044,1.4884812500425678E-7,,source_simulation_not_measurement,gelain_2020/simulation_reference/glycerol.xlsx,Assay 20 gL,66
glycerol,20,32.5,5.6021064282360591,8.7160900133302224E-8,,source_simulation_not_measurement,gelain_2020/simulation_reference/glycerol.xlsx,Assay 20 gL,67
glycerol,20,33,5.4911782494683585,5.1972300808128784E-8,,source_simulation_not_measurement,gelain_2020/simulation_reference/glycerol.xlsx,Assay 20 gL,68
glycerol,20,33.5,5.3824466809672238,3.1539710999715384E-8,,source_simulation_not_measurement,gelain_2020/simulation_reference/glycerol.xlsx,Assay 20 gL,69
glycerol,20,34,5.2758682896789386,1.9469181307083174E-8,,source_simulation_not_measurement,gelain_2020/simulation_reference/glycerol.xlsx,Assay 20 gL,70
glycerol,20,34.5,5.1714005300557515,1.2218437379643381E-8,,source_simulation_not_measurement,gelain_2020/simulation_reference/glycerol.xlsx,Assay 20 gL,71
glycerol,20,35,5.0690017386418527,7.7918495068531942E-9,,source_simulation_not_measurement,gelain_2020/simulation_reference/glycerol.xlsx,Assay 20 gL,72
glycerol,20,35.5,4.9686311322098673,5.0466874638797094E-9,,source_simulation_not_measurement,gelain_2020/simulation_reference/glycerol.xlsx,Assay 20 gL,73
glycerol,20,36,4.8702488102980075,3.3181989897925566E-9,,source_simulation_not_measurement,gelain_2020/simulation_reference/glycerol.xlsx,Assay 20 gL,74
glycerol,20,36.5,4.7738157629721476,2.2137212301772061E-9,,source_simulation_not_measurement,gelain_2020/simulation_reference/glycerol.xlsx,Assay 20 gL,75
glycerol,20,37,4.6792938846030649,1.4978466278228652E-9,,source_simulation_not_measurement,gelain_2020/simulation_reference/glycerol.xlsx,Assay 20 gL,76
glycerol,20,37.5,4.5866459943817706,1.0274014266099425E-9,,source_simulation_not_measurement,gelain_2020/simulation_reference/glycerol.xlsx,Assay 20 gL,77
glycerol,20,38,4.4958358641787886,7.1408661235061316E-10,,source_simulation_not_measurement,gelain_2020/simulation_reference/glycerol.xlsx,Assay 20 gL,78
glycerol,20,38.5,4.4068282541757462,5.0270590767062123E-10,,source_simulation_not_measurement,gelain_2020/simulation_reference/glycerol.xlsx,Assay 20 gL,79
glycerol,20,39,4.3195889564540417,3.5830165267814799E-10,,source_simulation_not_measurement,gelain_2020/simulation_reference/glycerol.xlsx,Assay 20 gL,80
glycerol,20,39.5,4.2340848464149223,2.5845177832904402E-10,,source_simulation_not_measurement,gelain_2020/simulation_reference/glycerol.xlsx,Assay 20 gL,81
glycerol,20,40,4.1502839415324599,1.8859710612289156E-10,,source_simulation_not_measurement,gelain_2020/simulation_reference/glycerol.xlsx,Assay 20 gL,82
glycerol,20,40.5,4.068155466515285,1.3917103037401911E-10,,source_simulation_not_measurement,gelain_2020/simulation_reference/glycerol.xlsx,Assay 20 gL,83
glycerol,20,41,3.9876699234891975,1.0381474659525357E-10,,source_simulation_not_measurement,gelain_2020/simulation_reference/glycerol.xlsx,Assay 20 gL,84
glycerol,20,41.5,3.9087991653303167,7.8254287634672459E-11,,source_simulation_not_measurement,gelain_2020/simulation_reference/glycerol.xlsx,Assay 20 gL,85
glycerol,20,42,3.8315164698005471,5.9585823614301931E-11,,source_simulation_not_measurement,gelain_2020/simulation_reference/glycerol.xlsx,Assay 20 gL,86
glycerol,20,42.5,3.7557966116900374,4.581571706863997E-11,,source_simulation_not_measurement,gelain_2020/simulation_reference/glycerol.xlsx,Assay 20 gL,87
glycerol,20,43,3.6816159297830913,3.5561320520669215E-11,,source_simulation_not_measurement,gelain_2020/simulation_reference/glycerol.xlsx,Assay 20 gL,88
glycerol,20,43.5,3.6089523851630316,2.785429671879645E-11,,source_simulation_not_measurement,gelain_2020/simulation_reference/glycerol.xlsx,Assay 20 gL,89
glycerol,20,44,3.5377856071852158,2.2010016100354518E-11,,source_simulation_not_measurement,gelain_2020/simulation_reference/glycerol.xlsx,Assay 20 gL,90
glycerol,20,44.5,3.4680969234004801,1.7539976327819739E-11,,source_simulation_not_measurement,gelain_2020/simulation_reference/glycerol.xlsx,Assay 20 gL,91
glycerol,20,45,3.3998693698241675,1.4092510167368763E-11,,source_simulation_not_measurement,gelain_2020/simulation_reference/glycerol.xlsx,Assay 20 gL,92
glycerol,20,45.5,3.3330876782330656,1.1412272406476048E-11,,source_simulation_not_measurement,gelain_2020/simulation_reference/glycerol.xlsx,Assay 20 gL,93
glycerol,20,46,3.2677382376409398,9.3123092407063349E-12,,source_simulation_not_measurement,gelain_2020/simulation_reference/glycerol.xlsx,Assay 20 gL,94
glycerol,20,46.5,3.2038090277507161,7.6546344518801272E-12,,source_simulation_not_measurement,gelain_2020/simulation_reference/glycerol.xlsx,Assay 20 gL,95
glycerol,20,47,3.1412895229952791,6.3366073165623285E-12,,source_simulation_not_measurement,gelain_2020/simulation_reference/glycerol.xlsx,Assay 20 gL,96
glycerol,20,47.5,3.0801705667357275,5.2813010319346484E-12,,source_simulation_not_measurement,gelain_2020/simulation_reference/glycerol.xlsx,Assay 20 gL,97
glycerol,20,48,3.020444216251025,4.4306385443965652E-12,,source_simulation_not_measurement,gelain_2020/simulation_reference/glycerol.xlsx,Assay 20 gL,98
glycerol,20,48.5,2.9621035602810752,3.74046293727731E-12,,source_simulation_not_measurement,gelain_2020/simulation_reference/glycerol.xlsx,Assay 20 gL,99
glycerol,20,49,2.905142512022338,3.1769706948548113E-12,,source_simulation_not_measurement,gelain_2020/simulation_reference/glycerol.xlsx,Assay 20 gL,100
glycerol,20,49.5,2.8495555815612543,2.714112346639398E-12,,source_simulation_not_measurement,gelain_2020/simulation_reference/glycerol.xlsx,Assay 20 gL,101
glycerol,20,50,2.7953376327038018,2.3316847977361411E-12,,source_simulation_not_measurement,gelain_2020/simulation_reference/glycerol.xlsx,Assay 20 gL,102
glycerol,20,50.5,2.7424836299595614,2.0139217397904047E-12,,source_simulation_not_measurement,gelain_2020/simulation_reference/glycerol.xlsx,Assay 20 gL,103
glycerol,20,51,2.6909883820130869,1.748445205308255E-12,,source_simulation_not_measurement,gelain_2020/simulation_reference/glycerol.xlsx,Assay 20 gL,104
glycerol,20,51.5,2.6408462883232375,1.525480732492734E-12,,source_simulation_not_measurement,gelain_2020/simulation_reference/glycerol.xlsx,Assay 20 gL,105
glycerol,20,52,2.5920510955076259,1.3372662013577552E-12,,source_simulation_not_measurement,gelain_2020/simulation_reference/glycerol.xlsx,Assay 20 gL,106
glycerol,20,52.5,2.5445956698881727,1.1776038577003452E-12,,source_simulation_not_measurement,gelain_2020/simulation_reference/glycerol.xlsx,Assay 20 gL,107
glycerol,20,53,2.4984717920085786,1.041518851239112E-12,,source_simulation_not_measurement,gelain_2020/simulation_reference/glycerol.xlsx,Assay 20 gL,108
glycerol,20,53.5,2.4536699781180054,9.249974801206167E-13,,source_simulation_not_measurement,gelain_2020/simulation_reference/glycerol.xlsx,Assay 20 gL,109
glycerol,20,54,2.4101793325964973,8.2478542694674266E-13,,source_simulation_not_measurement,gelain_2020/simulation_reference/glycerol.xlsx,Assay 20 gL,110
glycerol,20,54.5,2.3679874341381431,7.3823140224664201E-13,,source_simulation_not_measurement,gelain_2020/simulation_reference/glycerol.xlsx,Assay 20 gL,111
glycerol,20,55,2.3270802572760161,6.6316534494786176E-13,,source_simulation_not_measurement,gelain_2020/simulation_reference/glycerol.xlsx,Assay 20 gL,112
glycerol,20,55.5,2.2874421295982681,5.9780306217583647E-13,,source_simulation_not_measurement,gelain_2020/simulation_reference/glycerol.xlsx,Assay 20 gL,113
glycerol,20,56,2.2490557238326923,5.4067120226827953E-13,,source_simulation_not_measurement,gelain_2020/simulation_reference/glycerol.xlsx,Assay 20 gL,114
glycerol,20,56.5,2.2119020829239622,4.9054794374442217E-13,,source_simulation_not_measurement,gelain_2020/simulation_reference/glycerol.xlsx,Assay 20 gL,115
glycerol,20,57,2.1759606753373117,4.464158908655289E-13,,source_simulation_not_measurement,gelain_2020/simulation_reference/glycerol.xlsx,Assay 20 gL,116
glycerol,20,57.5,2.141209477123811,4.0742449515296427E-13,,source_simulation_not_measurement,gelain_2020/simulation_reference/glycerol.xlsx,Assay 20 gL,117
glycerol,20,58,2.1076250767896716,3.728599452962214E-13,,source_simulation_not_measurement,gelain_2020/simulation_reference/glycerol.xlsx,Assay 20 gL,118
glycerol,20,58.5,2.0751827987251361,3.4212093864969916E-13,,source_simulation_not_measurement,gelain_2020/simulation_reference/glycerol.xlsx,Assay 20 gL,119
glycerol,20,59,2.043856840855149,3.1469910493093233E-13,,source_simulation_not_measurement,gelain_2020/simulation_reference/glycerol.xlsx,Assay 20 gL,120
glycerol,20,59.5,2.0136204222524716,2.901631253661155E-13,,source_simulation_not_measurement,gelain_2020/simulation_reference/glycerol.xlsx,Assay 20 gL,121
glycerol,20,60,1.9844459366759628,2.6814579944640435E-13,,source_simulation_not_measurement,gelain_2020/simulation_reference/glycerol.xlsx,Assay 20 gL,122
glycerol,20,60.5,1.9563051083308258,2.4833347226760802E-13,,source_simulation_not_measurement,gelain_2020/simulation_reference/glycerol.xlsx,Assay 20 gL,123
glycerol,20,61,1.9291691465613363,2.3045735974466345E-13,,source_simulation_not_measurement,gelain_2020/simulation_reference/glycerol.xlsx,Assay 20 gL,124
glycerol,20,61.5,1.903008896649141,2.1428640550977787E-13,,source_simulation_not_measurement,gelain_2020/simulation_reference/glycerol.xlsx,Assay 20 gL,125
glycerol,20,62,1.877794984373939,1.9962137854729433E-13,,source_simulation_not_measurement,gelain_2020/simulation_reference/glycerol.xlsx,Assay 20 gL,126
glycerol,20,62.5,1.8534979524748092,1.8628997951526165E-13,,source_simulation_not_measurement,gelain_2020/simulation_reference/glycerol.xlsx,Assay 20 gL,127
glycerol,20,63,1.8300883876109073,1.741427699867588E-13,,source_simulation_not_measurement,gelain_2020/simulation_reference/glycerol.xlsx,Assay 20 gL,128
glycerol,20,63.5,1.8075370368458068,1.6304977535464497E-13,,source_simulation_not_measurement,gelain_2020/simulation_reference/glycerol.xlsx,Assay 20 gL,129
glycerol,20,64,1.7858149130610279,1.5289764105305752E-13,,source_simulation_not_measurement,gelain_2020/simulation_reference/glycerol.xlsx,Assay 20 gL,130
glycerol,20,64.5,1.7648933890359078,1.4358724472384795E-13,,source_simulation_not_measurement,gelain_2020/simulation_reference/glycerol.xlsx,Assay 20 gL,131
glycerol,20,65,1.7447442802109079,1.3503168527974318E-13,,source_simulation_not_measurement,gelain_2020/simulation_reference/glycerol.xlsx,Assay 20 gL,132
glycerol,20,65.5,1.725339916380412,1.2715458448088274E-13,,source_simulation_not_measurement,gelain_2020/simulation_reference/glycerol.xlsx,Assay 20 gL,133
glycerol,20,66,1.7066532027416896,1.1988864841792588E-13,,source_simulation_not_measurement,gelain_2020/simulation_reference/glycerol.xlsx,Assay 20 gL,134
glycerol,20,66.5,1.6886576708630416,1.1317444578334746E-13,,source_simulation_not_measurement,gelain_2020/simulation_reference/glycerol.xlsx,Assay 20 gL,135
glycerol,20,67,1.6713275202310673,1.069593674821252E-13,,source_simulation_not_measurement,gelain_2020/simulation_reference/glycerol.xlsx,Assay 20 gL,136
glycerol,20,67.5,1.6546376510997933,1.0119673835196672E-13,,source_simulation_not_measurement,gelain_2020/simulation_reference/glycerol.xlsx,Assay 20 gL,137
glycerol,20,68,1.6385636893983926,9.5845056821422758E-14,,source_simulation_not_measurement,gelain_2020/simulation_reference/glycerol.xlsx,Assay 20 gL,138
glycerol,20,68.5,1.6230820044645524,9.0867342460686016E-14,,source_simulation_not_measurement,gelain_2020/simulation_reference/glycerol.xlsx,Assay 20 gL,139
glycerol,20,69,1.6081697203619787,8.6230574756078951E-14,,source_simulation_not_measurement,gelain_2020/simulation_reference/glycerol.xlsx,Assay 20 gL,140
glycerol,20,69.5,1.593804721517351,8.1905209209497878E-14,,source_simulation_not_measurement,gelain_2020/simulation_reference/glycerol.xlsx,Assay 20 gL,141
glycerol,20,70,1.5799656533780246,7.7864759143502486E-14,,source_simulation_not_measurement,gelain_2020/simulation_reference/glycerol.xlsx,Assay 20 gL,142
glycerol,20,70.5,1.5666319187501418,7.4085433473405298E-14,,source_simulation_not_measurement,gelain_2020/simulation_reference/glycerol.xlsx,Assay 20 gL,143
glycerol,20,71,1.553783670430257,7.0545822263515572E-14,,source_simulation_not_measurement,gelain_2020/simulation_reference/glycerol.xlsx,Assay 20 gL,144
glycerol,20,71.5,1.541401800694304,6.7226623175095292E-14,,source_simulation_not_measurement,gelain_2020/simulation_reference/glycerol.xlsx,Assay 20 gL,145
glycerol,20,72,1.5294679281575077,6.4110402986586955E-14,,source_simulation_not_measurement,gelain_2020/simulation_reference/glycerol.xlsx,Assay 20 gL,146
glycerol,20,72.5,1.5179643824690219,6.1181389261120224E-14,,source_simulation_not_measurement,gelain_2020/simulation_reference/glycerol.xlsx,Assay 20 gL,147
glycerol,20,73,1.5068741872567082,5.8425287983723616E-14,,source_simulation_not_measurement,gelain_2020/simulation_reference/glycerol.xlsx,Assay 20 gL,148
glycerol,20,73.5,1.4961810416912955,5.5829123616712511E-14,,source_simulation_not_measurement,gelain_2020/simulation_reference/glycerol.xlsx,Assay 20 gL,149
glycerol,20,74,1.485869300995688,5.3381098547326463E-14,,source_simulation_not_measurement,gelain_2020/simulation_reference/glycerol.xlsx,Assay 20 gL,150
glycerol,20,74.5,1.475923956184753,5.1070469343968442E-14,,source_simulation_not_measurement,gelain_2020/simulation_reference/glycerol.xlsx,Assay 20 gL,151
glycerol,20,75,1.4663306132836664,4.8887437610393988E-14,,source_simulation_not_measurement,gelain_2020/simulation_reference/glycerol.xlsx,Assay 20 gL,152
glycerol,20,75.5,1.4570754722389052,4.6823053542450832E-14,,source_simulation_not_measurement,gelain_2020/simulation_reference/glycerol.xlsx,Assay 20 gL,153
glycerol,20,76,1.4481453057051783,4.4869130558987678E-14,,source_simulation_not_measurement,gelain_2020/simulation_reference/glycerol.xlsx,Assay 20 gL,154
glycerol,20,76.5,1.4395274378639085,4.3018169605188689E-14,,source_simulation_not_measurement,gelain_2020/simulation_reference/glycerol.xlsx,Assay 20 gL,155
glycerol,20,77,1.4312097234041463,4.1263291919349114E-14,,source_simulation_not_measurement,gelain_2020/simulation_reference/glycerol.xlsx,Assay 20 gL,156
glycerol,20,77.5,1.4231805267748407,3.9598179218381951E-14,,source_simulation_not_measurement,gelain_2020/simulation_reference/glycerol.xlsx,Assay 20 gL,157
glycerol,20,78,1.4154287017980125,3.8017020397620598E-14,,source_simulation_not_measurement,gelain_2020/simulation_reference/glycerol.xlsx,Assay 20 gL,158
glycerol,20,78.5,1.407943571715363,3.6514463960496097E-14,,source_simulation_not_measurement,gelain_2020/simulation_reference/glycerol.xlsx,Assay 20 gL,159
glycerol,20,79,1.400714909725999,3.5085575496540968E-14,,source_simulation_not_measurement,gelain_2020/simulation_reference/glycerol.xlsx,Assay 20 gL,160
glycerol,20,79.5,1.3937329200600594,3.3725799614516812E-14,,source_simulation_not_measurement,gelain_2020/simulation_reference/glycerol.xlsx,Assay 20 gL,161
glycerol,20,80,1.3869882196218886,3.2430925813469905E-14,,source_simulation_not_measurement,gelain_2020/simulation_reference/glycerol.xlsx,Assay 20 gL,162
glycerol,20,80.5,1.3804718202268411,3.1197057840027984E-14,,source_simulation_not_measurement,gelain_2020/simulation_reference/glycerol.xlsx,Assay 20 gL,163
glycerol,20,81,1.3741751114476388,3.0020586136811683E-14,,source_simulation_not_measurement,gelain_2020/simulation_reference/glycerol.xlsx,Assay 20 gL,164
glycerol,20,81.5,1.3680898440792753,2.8898163035752014E-14,,source_simulation_not_measurement,gelain_2020/simulation_reference/glycerol.xlsx,Assay 20 gL,165
glycerol,20,82,1.3622081142256346,2.7826680392485063E-14,,source_simulation_not_measurement,gelain_2020/simulation_reference/glycerol.xlsx,Assay 20 gL,166
glycerol,20,82.5,1.3565223480061186,2.6803249394771612E-14,,source_simulation_not_measurement,gelain_2020/simulation_reference/glycerol.xlsx,Assay 20 gL,167
glycerol,20,83,1.3510252868765404,2.5825182309855487E-14,,source_simulation_not_measurement,gelain_2020/simulation_reference/glycerol.xlsx,Assay 20 gL,168
glycerol,20,83.5,1.3457099735552407,2.4889975963503691E-14,,source_simulation_not_measurement,gelain_2020/simulation_reference/glycerol.xlsx,Assay 20 gL,169
glycerol,20,84,1.3405697385427084,2.399529676773722E-14,,source_simulation_not_measurement,gelain_2020/simulation_reference/glycerol.xlsx,Assay 20 gL,170
glycerol,20,84.5,1.3355981872208611,2.3138967135452983E-14,,source_simulation_not_measurement,gelain_2020/simulation_reference/glycerol.xlsx,Assay 20 gL,171
glycerol,20,85,1.3307891875164801,2.2318953138671642E-14,,source_simulation_not_measurement,gelain_2020/simulation_reference/glycerol.xlsx,Assay 20 gL,172
glycerol,20,85.5,1.3261368581120421,2.1533353283381133E-14,,source_simulation_not_measurement,gelain_2020/simulation_reference/glycerol.xlsx,Assay 20 gL,173
glycerol,20,86,1.3216355571862686,2.0780388288186767E-14,,source_simulation_not_measurement,gelain_2020/simulation_reference/glycerol.xlsx,Assay 20 gL,174
glycerol,20,86.5,1.3172798716660965,2.0058391766489379E-14,,source_simulation_not_measurement,gelain_2020/simulation_reference/glycerol.xlsx,Assay 20 gL,175
glycerol,20,87,1.3130646069713818,1.9365801722918298E-14,,source_simulation_not_measurement,gelain_2020/simulation_reference/glycerol.xlsx,Assay 20 gL,176
glycerol,20,87.5,1.3089847772334806,1.8701152784440964E-14,,source_simulation_not_measurement,gelain_2020/simulation_reference/glycerol.xlsx,Assay 20 gL,177
glycerol,20,88,1.3050355959688373,1.8063069095122997E-14,,source_simulation_not_measurement,gelain_2020/simulation_reference/glycerol.xlsx,Assay 20 gL,178
glycerol,20,88.5,1.301212467188849,1.7450257811066644E-14,,source_simulation_not_measurement,gelain_2020/simulation_reference/glycerol.xlsx,Assay 20 gL,179
glycerol,20,89,1.2975109769275144,1.6861503138736738E-14,,source_simulation_not_measurement,gelain_2020/simulation_reference/glycerol.xlsx,Assay 20 gL,180
glycerol,20,89.5,1.2939268851687256,1.6295660865800222E-14,,source_simulation_not_measurement,gelain_2020/simulation_reference/glycerol.xlsx,Assay 20 gL,181
glycerol,20,90,1.2904561181554621,1.5751653338852035E-14,,source_simulation_not_measurement,gelain_2020/simulation_reference/glycerol.xlsx,Assay 20 gL,182
glycerol,20,90.5,1.2870947610636283,1.522846484705827E-14,,source_simulation_not_measurement,gelain_2020/simulation_reference/glycerol.xlsx,Assay 20 gL,183
glycerol,20,91,1.2838390510237783,1.4725137374888316E-14,,source_simulation_not_measurement,gelain_2020/simulation_reference/glycerol.xlsx,Assay 20 gL,184
glycerol,20,91.5,1.2806853704745267,1.4240766690792919E-14,,source_simulation_not_measurement,gelain_2020/simulation_reference/glycerol.xlsx,Assay 20 gL,185
glycerol,20,92,1.2776302408320026,1.3774498741968787E-14,,source_simulation_not_measurement,gelain_2020/simulation_reference/glycerol.xlsx,Assay 20 gL,186
glycerol,20,92.5,1.2746703164602917,1.3325526328279762E-14,,source_simulation_not_measurement,gelain_2020/simulation_reference/glycerol.xlsx,Assay 20 gL,187
glycerol,20,93,1.2718023789283932,1.2893086031020763E-14,,source_simulation_not_measurement,gelain_2020/simulation_reference/glycerol.xlsx,Assay 20 gL,188
glycerol,20,93.5,1.2690233315398121,1.2476455374549913E-14,,source_simulation_not_measurement,gelain_2020/simulation_reference/glycerol.xlsx,Assay 20 gL,189
glycerol,20,94,1.2663301941214864,1.207495020090809E-14,,source_simulation_not_measurement,gelain_2020/simulation_reference/glycerol.xlsx,Assay 20 gL,190
glycerol,20,94.5,1.2637200980593326,1.1687922239421339E-14,,source_simulation_not_measurement,gelain_2020/simulation_reference/glycerol.xlsx,Assay 20 gL,191
glycerol,20,95,1.261190281568253,1.131475685496463E-14,,source_simulation_not_measurement,gelain_2020/simulation_reference/glycerol.xlsx,Assay 20 gL,192
glycerol,20,95.5,1.2587380851850092,1.0954870960076797E-14,,source_simulation_not_measurement,gelain_2020/simulation_reference/glycerol.xlsx,Assay 20 gL,193
glycerol,20,96,1.2563609474729003,1.0607711077475016E-14,,source_simulation_not_measurement,gelain_2020/simulation_reference/glycerol.xlsx,Assay 20 gL,194
cellulose,10,0,0.4,10,0,source_simulation_not_measurement,gelain_2020/simulation_reference/cellulose.xlsx,Assay 10 gL,2
cellulose,10,1,0.48777145814385336,9.9954116666810009,7.0980281669012824E-2,source_simulation_not_measurement,gelain_2020/simulation_reference/cellulose.xlsx,Assay 10 gL,3
cellulose,10,2,0.5933317995090801,9.98741700391367,0.13376849168237651,source_simulation_not_measurement,gelain_2020/simulation_reference/cellulose.xlsx,Assay 10 gL,4
cellulose,10,3,0.71957763200861868,9.9747488865190963,0.1937090760841714,source_simulation_not_measurement,gelain_2020/simulation_reference/cellulose.xlsx,Assay 10 gL,5
cellulose,10,4,0.86954519432565969,9.9556212530305466,0.25474150894763492,source_simulation_not_measurement,gelain_2020/simulation_reference/cellulose.xlsx,Assay 10 gL,6
cellulose,10,5,1.0462510036652686,9.9275947490548422,0.31979892440986962,source_simulation_not_measurement,gelain_2020/simulation_reference/cellulose.xlsx,Assay 10 gL,7
cellulose,10,6,1.2524543135546822,9.8874433883293129,0.39103532707917488,source_simulation_not_measurement,gelain_2020/simulation_reference/cellulose.xlsx,Assay 10 gL,8
cellulose,10,7,1.4903345784622271,9.8310529128700725,0.46992693932688112,source_simulation_not_measurement,gelain_2020/simulation_reference/cellulose.xlsx,Assay 10 gL,9
cellulose,10,8,1.7610925425663635,9.7533970279576589,0.55728406645923445,source_simulation_not_measurement,gelain_2020/simulation_reference/cellulose.xlsx,Assay 10 gL,10
cellulose,10,9,2.0645081731460331,9.6486493121319672,0.65320826646808272,source_simulation_not_measurement,gelain_2020/simulation_reference/cellulose.xlsx,Assay 10 gL,11
cellulose,10,10,2.3985198461959425,9.510486738058658,0.75703283904666308,source_simulation_not_measurement,gelain_2020/simulation_reference/cellulose.xlsx,Assay 10 gL,12
cellulose,10,11,2.7589183341455148,9.3326145436604389,0.86728838617115422,source_simulation_not_measurement,gelain_2020/simulation_reference/cellulose.xlsx,Assay 10 gL,13
cellulose,10,12,3.1392614821814875,9.1094865925939175,0.9817336755594861,source_simulation_not_measurement,gelain_2020/simulation_reference/cellulose.xlsx,Assay 10 gL,14
cellulose,10,13,3.5310949396778004,8.8371203064517072,1.0974799075195776,source_simulation_not_measurement,gelain_2020/simulation_reference/cellulose.xlsx,Assay 10 gL,15
cellulose,10,14,3.9245038022187742,8.513839772014423,1.2112122925494617,source_simulation_not_measurement,gelain_2020/simulation_reference/cellulose.xlsx,Assay 10 gL,16
cellulose,10,15,4.3089317324302101,8.1407627662821582,1.3194820517143755,source_simulation_not_measurement,gelain_2020/simulation_reference/cellulose.xlsx,Assay 10 gL,17
cellulose,10,16,4.6741205725600903,7.7219001228601956,1.419016218484586,source_simulation_not_measurement,gelain_2020/simulation_reference/cellulose.xlsx,Assay 10 gL,18
cellulose,10,17,5.0109828594028603,7.2638450619090298,1.5069839978137345,source_simulation_not_measurement,gelain_2020/simulation_reference/cellulose.xlsx,Assay 10 gL,19
cellulose,10,18,5.3122427734789595,6.7751471419833669,1.5811716375068741,source_simulation_not_measurement,gelain_2020/simulation_reference/cellulose.xlsx,Assay 10 gL,20
cellulose,10,19,5.5727570543196698,6.2655368336130444,1.640046638268438,source_simulation_not_measurement,gelain_2020/simulation_reference/cellulose.xlsx,Assay 10 gL,21
cellulose,10,20,5.7895208709322397,5.7451678621768671,1.6827235286130851,source_simulation_not_measurement,gelain_2020/simulation_reference/cellulose.xlsx,Assay 10 gL,22
cellulose,10,21,5.9614368432325096,5.2239902408977636,1.708865277562611,source_simulation_not_measurement,gelain_2020/simulation_reference/cellulose.xlsx,Assay 10 gL,23
cellulose,10,22,6.0889579687130402,4.7112940981682909,1.7185615677624031,source_simulation_not_measurement,gelain_2020/simulation_reference/cellulose.xlsx,Assay 10 gL,24
cellulose,10,23,6.1737085751808323,4.2154061677108565,1.7122196645208376,source_simulation_not_measurement,gelain_2020/simulation_reference/cellulose.xlsx,Assay 10 gL,25
cellulose,10,24,6.2181564001751877,3.7434925229093281,1.6904910344730009,source_simulation_not_measurement,gelain_2020/simulation_reference/cellulose.xlsx,Assay 10 gL,26
cellulose,10,25,6.2253701616915436,3.3014213677487452,1.6542422857769221,source_simulation_not_measurement,gelain_2020/simulation_reference/cellulose.xlsx,Assay 10 gL,27
cellulose,10,26,6.1988623154037805,2.8936583257007129,1.6045653535391657,source_simulation_not_measurement,gelain_2020/simulation_reference/cellulose.xlsx,Assay 10 gL,28
cellulose,10,27,6.1424921747310188,2.5231917658512297,1.5428104889804379,source_simulation_not_measurement,gelain_2020/simulation_reference/cellulose.xlsx,Assay 10 gL,29
cellulose,10,28,6.0603927361424592,2.1915066293728471,1.4706178388620748,source_simulation_not_measurement,gelain_2020/simulation_reference/cellulose.xlsx,Assay 10 gL,30
cellulose,10,29,5.9568860777061046,1.8986338349918745,1.389921411961933,source_simulation_not_measurement,gelain_2020/simulation_reference/cellulose.xlsx,Assay 10 gL,31
cellulose,10,30,5.8363656219728188,1.6432947920184078,1.3029052884684045,source_simulation_not_measurement,gelain_2020/simulation_reference/cellulose.xlsx,Assay 10 gL,32
cellulose,10,31,5.7031440387722059,1.4231395014574755,1.2119060590580402,source_simulation_not_measurement,gelain_2020/simulation_reference/cellulose.xlsx,Assay 10 gL,33
cellulose,10,32,5.5612851528543485,1.2350514726620729,1.1192735513307084,source_simulation_not_measurement,gelain_2020/simulation_reference/cellulose.xlsx,Assay 10 gL,34
cellulose,10,33,5.4144489573246517,1.075474979364814,1.0272165738541641,source_simulation_not_measurement,gelain_2020/simulation_reference/cellulose.xlsx,Assay 10 gL,35
cellulose,10,34,5.2657770561086563,0.9407176258398261,0.9376652103419103,source_simulation_not_measurement,gelain_2020/simulation_reference/cellulose.xlsx,Assay 10 gL,36
cellulose,10,35,5.1178341421557558,0.82719315952049199,0.8521746706710559,source_simulation_not_measurement,gelain_2020/simulation_reference/cellulose.xlsx,Assay 10 gL,37
cellulose,10,36,4.9726061219429649,0.73158869930944648,0.7718820400460773,source_simulation_not_measurement,gelain_2020/simulation_reference/cellulose.xlsx,Assay 10 gL,38
cellulose,10,37,4.831543654565734,0.65095854236335171,0.69751309458326971,source_simulation_not_measurement,gelain_2020/simulation_reference/cellulose.xlsx,Assay 10 gL,39
cellulose,10,38,4.6956343145280082,0.58275824054095371,0.62942672801076649,source_simulation_not_measurement,gelain_2020/simulation_reference/cellulose.xlsx,Assay 10 gL,40
cellulose,10,39,4.5654868766366983,0.52483686313570499,0.56768104516059004,source_simulation_not_measurement,gelain_2020/simulation_reference/cellulose.xlsx,Assay 10 gL,41
cellulose,10,40,4.4414150058043198,0.47540427338217589,0.51210657576612861,source_simulation_not_measurement,gelain_2020/simulation_reference/cellulose.xlsx,Assay 10 gL,42
cellulose,10,41,4.3235124467816517,0.43298654023420402,0.46237599646611866,source_simulation_not_measurement,gelain_2020/simulation_reference/cellulose.xlsx,Assay 10 gL,43
cellulose,10,42,4.2117160320638414,0.39637837541270216,0.41806415886292364,source_simulation_not_measurement,gelain_2020/simulation_reference/cellulose.xlsx,Assay 10 gL,44
cellulose,10,43,4.1058558068962432,0.36459786355291884,0.37869589497239403,source_simulation_not_measurement,gelain_2020/simulation_reference/cellulose.xlsx,Assay 10 gL,45
cellulose,10,44,4.0056933078270358,0.33684611640117174,0.34378158485647325,source_simulation_not_measurement,gelain_2020/simulation_reference/cellulose.xlsx,Assay 10 gL,46
cellulose,10,45,3.9109498183794953,0.31247278031148218,0.31284189063638923,source_simulation_not_measurement,gelain_2020/simulation_reference/cellulose.xlsx,Assay 10 gL,47
cellulose,10,46,3.8213266050402881,0.29094734523005611,0.28542365815078174,source_simulation_not_measurement,gelain_2020/simulation_reference/cellulose.xlsx,Assay 10 gL,48
cellulose,10,47,3.7365189885358445,0.27183571129182771,0.26110905991639277,source_simulation_not_measurement,gelain_2020/simulation_reference/cellulose.xlsx,Assay 10 gL,49
cellulose,10,48,3.6562258179844327,0.25478127787659621,0.23951984251667899,source_simulation_not_measurement,gelain_2020/simulation_reference/cellulose.xlsx,Assay 10 gL,50
cellulose,10,49,3.5801555990159621,0.23948979703021392,0.22031821396240836,source_simulation_not_measurement,gelain_2020/simulation_reference/cellulose.xlsx,Assay 10 gL,51
cellulose,10,50,3.5080302363212219,0.22571729389548337,0.20320556130120218,source_simulation_not_measurement,gelain_2020/simulation_reference/cellulose.xlsx,Assay 10 gL,52
cellulose,10,51,3.4395871077394791,0.21326045122238491,0.18791987696423437,source_simulation_not_measurement,gelain_2020/simulation_reference/cellulose.xlsx,Assay 10 gL,53
cellulose,10,52,3.3745799942513388,0.20194895588236614,0.17423251446372268,source_simulation_not_measurement,gelain_2020/simulation_reference/cellulose.xlsx,Assay 10 gL,54
cellulose,10,53,3.3127792430722973,0.1916393992094208,0.1619446930759367,source_simulation_not_measurement,gelain_2020/simulation_reference/cellulose.xlsx,Assay 10 gL,55
cellulose,10,54,3.2539714314832646,0.18221040447564746,0.15088402143342045,source_simulation_not_measurement,gelain_2020/simulation_reference/cellulose.xlsx,Assay 10 gL,56
cellulose,10,55,3.1979587189523535,0.1735587226570062,0.14090120259410507,source_simulation_not_measurement,gelain_2020/simulation_reference/cellulose.xlsx,Assay 10 gL,57
cellulose,10,56,3.1445580173591594,0.16559609268627434,0.13186700884975092,source_simulation_not_measurement,gelain_2020/simulation_reference/cellulose.xlsx,Assay 10 gL,58
cellulose,10,57,3.0936000679364835,0.1582467062937922,0.1236695649573972,source_simulation_not_measurement,gelain_2020/simulation_reference/cellulose.xlsx,Assay 10 gL,59
cellulose,10,58,3.0449284844093922,0.15144515217298976,0.11621194677592034,source_simulation_not_measurement,gelain_2020/simulation_reference/cellulose.xlsx,Assay 10 gL,60
cellulose,10,59,2.9983988013671241,0.14513474134282156,0.10941008312739293,source_simulation_not_measurement,gelain_2020/simulation_reference/cellulose.xlsx,Assay 10 gL,61
cellulose,10,60,2.9538775526678513,0.13926613674991828,0.10319093808004426,source_simulation_not_measurement,gelain_2020/simulation_reference/cellulose.xlsx,Assay 10 gL,62
cellulose,10,61,2.911241394847798,0.13379622663653601,9.7490945861417572E-2,source_simulation_not_measurement,gelain_2020/simulation_reference/cellulose.xlsx,Assay 10 gL,63
cellulose,10,62,2.8703762837892839,0.12868719402751322,9.2254669202884956E-2,source_simulation_not_measurement,gelain_2020/simulation_reference/cellulose.xlsx,Assay 10 gL,64
cellulose,10,63,2.8311767083720585,0.12390574467795396,8.7433652673588214E-2,source_simulation_not_measurement,gelain_2020/simulation_reference/cellulose.xlsx,Assay 10 gL,65
cellulose,10,64,2.7935449818317539,0.11942246361346792,8.2985444530768074E-2,source_simulation_not_measurement,gelain_2020/simulation_reference/cellulose.xlsx,Assay 10 gL,66
cellulose,10,65,2.7573905896134416,0.1152112764839255,7.8872763171735125E-2,source_simulation_not_measurement,gelain_2020/simulation_reference/cellulose.xlsx,Assay 10 gL,67
cellulose,10,66,2.7226295913088481,0.11124899672435301,7.5062787027112277E-2,source_simulation_not_measurement,gelain_2020/simulation_reference/cellulose.xlsx,Assay 10 gL,68
cellulose,10,67,2.6891840735717496,0.10751494326920831,7.1526549448170676E-2,source_simulation_not_measurement,gelain_2020/simulation_reference/cellulose.xlsx,Assay 10 gL,69
cellulose,10,68,2.6569816505550916,0.10399061652703157,6.8238422679662014E-2,source_simulation_not_measurement,gelain_2020/simulation_reference/cellulose.xlsx,Assay 10 gL,70
cellulose,10,69,2.6259550082918324,0.10065942266702321,6.5175677307445973E-2,source_simulation_not_measurement,gelain_2020/simulation_reference/cellulose.xlsx,Assay 10 gL,71
cellulose,10,70,2.5960414894700592,9.7506438132796844E-2,6.2318105603656054E-2,source_simulation_not_measurement,gelain_2020/simulation_reference/cellulose.xlsx,Assay 10 gL,72
cellulose,10,71,2.5671827151764863,9.4518207785821845E-2,5.9647698962822931E-2,source_simulation_not_measurement,gelain_2020/simulation_reference/cellulose.xlsx,Assay 10 gL,73
cellulose,10,72,2.5393242403629861,9.168257127266187E-2,5.7148371146274413E-2,source_simulation_not_measurement,gelain_2020/simulation_reference/cellulose.xlsx,Assay 10 gL,74
cellulose,10,73,2.5124152400023592,8.8988513168632641E-2,5.4805720352401104E-2,source_simulation_not_measurement,gelain_2020/simulation_reference/cellulose.xlsx,Assay 10 gL,75
cellulose,10,74,2.4864082231245299,8.6426033224616658E-2,5.2606824232827906E-2,source_simulation_not_measurement,gelain_2020/simulation_reference/cellulose.xlsx,Assay 10 gL,76
cellulose,10,75,2.4612587721511776,8.3986033671440058E-2,5.0540062904961665E-2,source_simulation_not_measurement,gelain_2020/simulation_reference/cellulose.xlsx,Assay 10 gL,77
cellulose,10,76,2.4369253051679376,8.1660221047138659E-2,4.8594965794073561E-2,source_simulation_not_measurement,gelain_2020/simulation_reference/cellulose.xlsx,Assay 10 gL,78
cellulose,10,77,2.4133688589841431,7.9441020429936837E-2,4.6762078795025301E-2,source_simulation_not_measurement,gelain_2020/simulation_reference/cellulose.xlsx,Assay 10 gL,79
cellulose,10,78,2.390552891027959,7.7321500302210508E-2,4.5032848794408463E-2,source_simulation_not_measurement,gelain_2020/simulation_reference/cellulose.xlsx,Assay 10 gL,80
cellulose,10,79,2.368443098308374,7.5295306552636374E-2,4.3399523055118926E-2,source_simulation_not_measurement,gelain_2020/simulation_reference/cellulose.xlsx,Assay 10 gL,81
cellulose,10,80,2.3470072518444938,7.3356604356680108E-2,4.1855061351702638E-2,source_simulation_not_measurement,gelain_2020/simulation_reference/cellulose.xlsx,Assay 10 gL,82
cellulose,10,81,2.3262150451170629,7.1500026868734509E-2,4.0393059068467727E-2,source_simulation_not_measurement,gelain_2020/simulation_reference/cellulose.xlsx,Assay 10 gL,83
cellulose,10,82,2.306037955237751,6.972062981993403E-2,3.9007679743714774E-2,source_simulation_not_measurement,gelain_2020/simulation_reference/cellulose.xlsx,Assay 10 gL,84
cellulose,10,83,2.2864491156592117,6.8013851249840412E-2,3.7693595771174621E-2,source_simulation_not_measurement,gelain_2020/simulation_reference/cellulose.xlsx,Assay 10 gL,85
cellulose,10,84,2.2674231993641909,6.6375475712564538E-2,3.6445936161113995E-2,source_simulation_not_measurement,gelain_2020/simulation_reference/cellulose.xlsx,Assay 10 gL,86
cellulose,10,85,2.2489363115759708,6.4801602392301039E-2,3.5260240424616514E-2,source_simulation_not_measurement,gelain_2020/simulation_reference/cellulose.xlsx,Assay 10 gL,87
cellulose,10,86,2.230965891126147,6.3288616642816944E-2,3.4132417780295646E-2,source_simulation_not_measurement,gelain_2020/simulation_reference/cellulose.xlsx,Assay 10 gL,88
cellulose,10,87,2.2134906197000577,6.1833164532688834E-2,3.3058710997321751E-2,source_simulation_not_measurement,gelain_2020/simulation_reference/cellulose.xlsx,Assay 10 gL,89
cellulose,10,88,2.196490338256027,6.0432130035092235E-2,3.2035664285613864E-2,source_simulation_not_measurement,gelain_2020/simulation_reference/cellulose.xlsx,Assay 10 gL,90
cellulose,10,89,2.1799459699827435,5.9082614549408746E-2,3.1060094726236637E-2,source_simulation_not_measurement,gelain_2020/simulation_reference/cellulose.xlsx,Assay 10 gL,91
cellulose,10,90,2.1638394492203417,5.7781918483223269E-2,3.0129066804844229E-2,source_simulation_not_measurement,gelain_2020/simulation_reference/cellulose.xlsx,Assay 10 gL,92
cellulose,10,91,2.1481536558257965,5.6527524658584856E-2,2.9239869670413254E-2,source_simulation_not_measurement,gelain_2020/simulation_reference/cellulose.xlsx,Assay 10 gL,93
cellulose,10,92,2.1328723545126889,5.5317083336649912E-2,2.8389996792159106E-2,source_simulation_not_measurement,gelain_2020/simulation_reference/cellulose.xlsx,Assay 10 gL,94
cellulose,10,93,2.1179801387398505,5.4148398680804476E-2,2.7577127730811075E-2,source_simulation_not_measurement,gelain_2020/simulation_reference/cellulose.xlsx,Assay 10 gL,95
cellulose,10,94,2.1034623787633722,5.3019416500728014E-2,2.6799111777480452E-2,source_simulation_not_measurement,gelain_2020/simulation_reference/cellulose.xlsx,Assay 10 gL,96
cellulose,10,95,2.0893051735023933,5.1928213139162301E-2,2.6053953245151404E-2,source_simulation_not_measurement,gelain_2020/simulation_reference/cellulose.xlsx,Assay 10 gL,97
cellulose,10,96,2.0754953059014496,5.0872985379842604E-2,2.5339798225159853E-2,source_simulation_not_measurement,gelain_2020/simulation_reference/cellulose.xlsx,Assay 10 gL,98
cellulose,20,0,0.4,20,0,source_simulation_not_measurement,gelain_2020/simulation_reference/cellulose.xlsx,Assay 20 gL,2
cellulose,20,1,0.52029717666664688,19.993929401385934,8.2601931615706642E-2,source_simulation_not_measurement,gelain_2020/simulation_reference/cellulose.xlsx,Assay 20 gL,3
cellulose,20,2,0.67391330163087781,19.982040276823327,0.16194226328657793,source_simulation_not_measurement,gelain_2020/simulation_reference/cellulose.xlsx,Assay 20 gL,4
cellulose,20,3,0.8681839155632235,19.960999720957471,0.24481282475305427,source_simulation_not_measurement,gelain_2020/simulation_reference/cellulose.xlsx,Assay 20 gL,5
cellulose,20,4,1.1108644633157856,19.925725650996238,0.33665290990123248,source_simulation_not_measurement,gelain_2020/simulation_reference/cellulose.xlsx,Assay 20 gL,6
cellulose,20,5,1.4093783152129449,19.868795664686285,0.44174183487314683,source_simulation_not_measurement,gelain_2020/simulation_reference/cellulose.xlsx,Assay 20 gL,7
cellulose,20,6,1.7696415232339748,19.779938385995639,0.56311002582274938,source_simulation_not_measurement,gelain_2020/simulation_reference/cellulose.xlsx,Assay 20 gL,8
cellulose,20,7,2.1944983918037657,19.64588496800172,0.70223618819803568,source_simulation_not_measurement,gelain_2020/simulation_reference/cellulose.xlsx,Assay 20 gL,9
cellulose,20,8,2.681996227699007,19.450955468313982,0.85865042668218172,source_simulation_not_measurement,gelain_2020/simulation_reference/cellulose.xlsx,Assay 20 gL,10
cellulose,20,9,3.2239721716138967,19.178696178115548,1.0296313166788076,source_simulation_not_measurement,gelain_2020/simulation_reference/cellulose.xlsx,Assay 20 gL,11
cellulose,20,10,3.8055893055497907,18.814547371980417,1.2102199298094682,source_simulation_not_measurement,gelain_2020/simulation_reference/cellulose.xlsx,Assay 20 gL,12
cellulose,20,11,4.4063549871881298,18.348944632390374,1.3937135053330529,source_simulation_not_measurement,gelain_2020/simulation_reference/cellulose.xlsx,Assay 20 gL,13
cellulose,20,12,5.002683481884592,17.779764067098579,1.5726239062001039,source_simulation_not_measurement,gelain_2020/simulation_reference/cellulose.xlsx,Assay 20 gL,14
cellulose,20,13,5.5713932822069658,17.11306459046369,1.7398624730338845,source_simulation_not_measurement,gelain_2020/simulation_reference/cellulose.xlsx,Assay 20 gL,15
cellulose,20,14,6.0930624106189875,16.361794797085146,1.8897842692888491,source_simulation_not_measurement,gelain_2020/simulation_reference/cellulose.xlsx,Assay 20 gL,16
cellulose,20,15,6.5542365217720011,15.543078217765746,2.018786900433307,source_simulation_not_measurement,gelain_2020/simulation_reference/cellulose.xlsx,Assay 20 gL,17
cellulose,20,16,6.9480433527144667,14.67520966960328,2.1253685685486299,source_simulation_not_measurement,gelain_2020/simulation_reference/cellulose.xlsx,Assay 20 gL,18
cellulose,20,17,7.2734249375178619,13.775326260993619,2.2097634634368029,source_simulation_not_measurement,gelain_2020/simulation_reference/cellulose.xlsx,Assay 20 gL,19
cellulose,20,18,7.5335851850790947,12.858149517211697,2.2733750986983123,source_simulation_not_measurement,gelain_2020/simulation_reference/cellulose.xlsx,Assay 20 gL,20
cellulose,20,19,7.7342705507200513,11.93568058416145,2.3182078270946049,source_simulation_not_measurement,gelain_2020/simulation_reference/cellulose.xlsx,Assay 20 gL,21
cellulose,20,20,7.8822964651709322,11.017495644292525,2.3464136474110262,source_simulation_not_measurement,gelain_2020/simulation_reference/cellulose.xlsx,Assay 20 gL,22
cellulose,20,21,7.9844890282081913,10.111296903540403,2.359989070082753,source_simulation_not_measurement,gelain_2020/simulation_reference/cellulose.xlsx,Assay 20 gL,23
cellulose,20,22,8.0470389355530134,9.2234890714974043,2.3606056703867599,source_simulation_not_measurement,gelain_2020/simulation_reference/cellulose.xlsx,Assay 20 gL,24
cellulose,20,23,8.0751828975711817,8.359667413955755,2.3495386913824183,source_simulation_not_measurement,gelain_2020/simulation_reference/cellulose.xlsx,Assay 20 gL,25
cellulose,20,24,8.0731116551944559,7.5249799171943872,2.3276589678377793,source_simulation_not_measurement,gelain_2020/simulation_reference/cellulose.xlsx,Assay 20 gL,26
cellulose,20,25,8.0440205754335548,6.7243625545158201,2.2954630242307044,source_simulation_not_measurement,gelain_2020/simulation_reference/cellulose.xlsx,Assay 20 gL,27
cellulose,20,26,7.9902455508891173,5.9626568767989347,2.2531273859118137,source_simulation_not_measurement,gelain_2020/simulation_reference/cellulose.xlsx,Assay 20 gL,28
cellulose,20,27,7.913451316620038,5.2446168909206197,2.200582734442023,source_simulation_not_measurement,gelain_2020/simulation_reference/cellulose.xlsx,Assay 20 gL,29
cellulose,20,28,7.8148561959986438,4.574807448211434,2.1376102891412194,source_simulation_not_measurement,gelain_2020/simulation_reference/cellulose.xlsx,Assay 20 gL,30
cellulose,20,29,7.6954847570728058,3.9573962078213905,2.0639657601055377,source_simulation_not_measurement,gelain_2020/simulation_reference/cellulose.xlsx,Assay 20 gL,31
cellulose,20,30,7.5564371976802791,3.395850848183759,1.9795338901541111,source_simulation_not_measurement,gelain_2020/simulation_reference/cellulose.xlsx,Assay 20 gL,32
cellulose,20,31,7.3991523170662079,2.8925750267011749,1.8845072281472375,source_simulation_not_measurement,gelain_2020/simulation_reference/cellulose.xlsx,Assay 20 gL,33
cellulose,20,32,7.225624108799737,2.44854717911549,1.7795662391545193,source_simulation_not_measurement,gelain_2020/simulation_reference/cellulose.xlsx,Assay 20 gL,34
cellulose,20,33,7.0385201458309252,2.0630528970796225,1.666018822365249,source_simulation_not_measurement,gelain_2020/simulation_reference/cellulose.xlsx,Assay 20 gL,35
cellulose,20,34,6.8411560518704206,1.7336042226376818,1.5458469520038094,source_simulation_not_measurement,gelain_2020/simulation_reference/cellulose.xlsx,Assay 20 gL,36
cellulose,20,35,6.6373121519955545,1.4561020600430599,1.4216198912619793,source_simulation_not_measurement,gelain_2020/simulation_reference/cellulose.xlsx,Assay 20 gL,37
cellulose,20,36,6.430927862550476,1.2252266613014071,1.2962714606761416,source_simulation_not_measurement,gelain_2020/simulation_reference/cellulose.xlsx,Assay 20 gL,38
cellulose,20,37,6.2257523125853336,1.0349676968732515,1.1727885233619055,source_simulation_not_measurement,gelain_2020/simulation_reference/cellulose.xlsx,Assay 20 gL,39
cellulose,20,38,6.0250412332846039,0.87916863296483638,1.0538915294885058,source_simulation_not_measurement,gelain_2020/simulation_reference/cellulose.xlsx,Assay 20 gL,40
cellulose,20,39,5.8313645280584598,0.7519761373619146,0.94178593015952417,source_simulation_not_measurement,gelain_2020/simulation_reference/cellulose.xlsx,Assay 20 gL,41
cellulose,20,40,5.6465434261932028,0.64813703557859614,0.8380295870645369,source_simulation_not_measurement,gelain_2020/simulation_reference/cellulose.xlsx,Assay 20 gL,42
cellulose,20,41,5.4716958251142493,0.56314056877942298,0.74351817320556202,source_simulation_not_measurement,gelain_2020/simulation_reference/cellulose.xlsx,Assay 20 gL,43
cellulose,20,42,5.3073484235136474,0.49323920441931712,0.65855939980697142,source_simulation_not_measurement,gelain_2020/simulation_reference/cellulose.xlsx,Assay 20 gL,44
cellulose,20,43,5.1535744017910154,0.4353924832851212,0.58299574617611238,source_simulation_not_measurement,gelain_2020/simulation_reference/cellulose.xlsx,Assay 20 gL,45
cellulose,20,44,5.0101268747103269,0.38717310755440493,0.51633998172857065,source_simulation_not_measurement,gelain_2020/simulation_reference/cellulose.xlsx,Assay 20 gL,46
cellulose,20,45,4.8765520457832343,0.34666269843136588,0.45789952001743528,source_simulation_not_measurement,gelain_2020/simulation_reference/cellulose.xlsx,Assay 20 gL,47
cellulose,20,46,4.7522767656570322,0.3123531059423138,0.40687762925349413,source_simulation_not_measurement,gelain_2020/simulation_reference/cellulose.xlsx,Assay 20 gL,48
cellulose,20,47,4.6366716848666414,0.28306060674703049,0.36244841587200588,source_simulation_not_measurement,gelain_2020/simulation_reference/cellulose.xlsx,Assay 20 gL,49
cellulose,20,48,4.5290941248338772,0.25785503730219317,0.32380772515561179,source_simulation_not_measurement,gelain_2020/simulation_reference/cellulose.xlsx,Assay 20 gL,50
cellulose,20,49,4.4289154753852786,0.23600312200180223,0.29020442150641451,source_simulation_not_measurement,gelain_2020/simulation_reference/cellulose.xlsx,Assay 20 gL,51
cellulose,20,50,4.3355374783459251,0.21692406790252777,0.2609569813481169,source_simulation_not_measurement,gelain_2020/simulation_reference/cellulose.xlsx,Assay 20 gL,52
cellulose,20,51,4.2484008966334965,0.20015520239886128,0.23545984003480597,source_simulation_not_measurement,gelain_2020/simulation_reference/cellulose.xlsx,Assay 20 gL,53
cellulose,20,52,4.1669891785162712,0.18532556787267634,0.21318307011188722,source_simulation_not_measurement,gelain_2020/simulation_reference/cellulose.xlsx,Assay 20 gL,54
cellulose,20,53,4.0908289681325227,0.17213569372424153,0.19366806333918138,source_simulation_not_measurement,gelain_2020/simulation_reference/cellulose.xlsx,Assay 20 gL,55
cellulose,20,54,4.0194887271965332,0.16034210530154308,0.17652109768151775,source_simulation_not_measurement,gelain_2020/simulation_reference/cellulose.xlsx,Assay 20 gL,56
cellulose,20,55,3.9525763061548358,0.1497454398427856,0.16140604359419283,source_simulation_not_measurement,gelain_2020/simulation_reference/cellulose.xlsx,Assay 20 gL,57
cellulose,20,56,3.8897360047536074,0.14018130014322017,0.14803699889514421,source_simulation_not_measurement,gelain_2020/simulation_reference/cellulose.xlsx,Assay 20 gL,58
cellulose,20,57,3.8306454594420991,0.13151318494781622,0.13617131360452195,source_simulation_not_measurement,gelain_2020/simulation_reference/cellulose.xlsx,Assay 20 gL,59
cellulose,20,58,3.7750125606707297,0.12362699679647494,0.12560324497551734,source_simulation_not_measurement,gelain_2020/simulation_reference/cellulose.xlsx,Assay 20 gL,60
cellulose,20,59,3.7225725157874354,0.11642675140142827,0.11615834029466254,source_simulation_not_measurement,gelain_2020/simulation_reference/cellulose.xlsx,Assay 20 gL,61
cellulose,20,60,3.6730851175697588,0.10983120570891872,0.10768855766310058,source_simulation_not_measurement,gelain_2020/simulation_reference/cellulose.xlsx,Assay 20 gL,62
cellulose,20,61,3.6263322437525471,0.10377119158935144,0.10006808509536981,source_simulation_not_measurement,gelain_2020/simulation_reference/cellulose.xlsx,Assay 20 gL,63
cellulose,20,62,3.5821155919313457,9.8187494279272397E-2,9.3189792922189291E-2,source_simulation_not_measurement,gelain_2020/simulation_reference/cellulose.xlsx,Assay 20 gL,64
cellulose,20,63,3.5402546420587293,9.3029153682486779E-2,8.6962244554347409E-2,source_simulation_not_measurement,gelain_2020/simulation_reference/cellulose.xlsx,Assay 20 gL,65
cellulose,20,64,3.5005848321805928,8.8252095791460872E-2,8.130718996496189E-2,source_simulation_not_measurement,gelain_2020/simulation_reference/cellulose.xlsx,Assay 20 gL,66
cellulose,20,65,3.4629559299745911,8.381802334060659E-2,7.615747069214511E-2,source_simulation_not_measurement,gelain_2020/simulation_reference/cellulose.xlsx,Assay 20 gL,67
cellulose,20,66,3.4272305816897579,7.9693511230853775E-2,7.1455272142475518E-2,source_simulation_not_measurement,gelain_2020/simulation_reference/cellulose.xlsx,Assay 20 gL,68
cellulose,20,67,3.3932830203707227,7.5849264662897223E-2,6.7150666880058829E-2,source_simulation_not_measurement,gelain_2020/simulation_reference/cellulose.xlsx,Assay 20 gL,69
cellulose,20,68,3.3609979162279742,7.2259507313669147E-2,6.3200400474520607E-2,source_simulation_not_measurement,gelain_2020/simulation_reference/cellulose.xlsx,Assay 20 gL,70
cellulose,20,69,3.3302693533411007,6.8901474046742961E-2,5.9566878842388649E-2,source_simulation_not_measurement,gelain_2020/simulation_reference/cellulose.xlsx,Assay 20 gL,71
cellulose,20,70,3.3009999183427721,6.5754988124036101E-2,5.6217322608231375E-2,source_simulation_not_measurement,gelain_2020/simulation_reference/cellulose.xlsx,Assay 20 gL,72
cellulose,20,71,3.2730998882010871,6.2802107099105539E-2,5.3123059755895138E-2,source_simulation_not_measurement,gelain_2020/simulation_reference/cellulose.xlsx,Assay 20 gL,73
cellulose,20,72,3.2464865056250076,6.0026824830186787E-2,5.0258932751004765E-2,source_simulation_not_measurement,gelain_2020/simulation_reference/cellulose.xlsx,Assay 20 gL,74
cellulose,20,73,3.2210833319242425,5.7414819583827159E-2,4.7602800457633723E-2,source_simulation_not_measurement,gelain_2020/simulation_reference/cellulose.xlsx,Assay 20 gL,75
cellulose,20,74,3.1968196683446028,5.4953240179406677E-2,4.5135118630830716E-2,source_simulation_not_measurement,gelain_2020/simulation_reference/cellulose.xlsx,Assay 20 gL,76
cellulose,20,75,3.1736300379686719,5.2630523680075494E-2,4.2838585634487225E-2,source_simulation_not_measurement,gelain_2020/simulation_reference/cellulose.xlsx,Assay 20 gL,77
cellulose,20,76,3.1514537212230773,5.0436239363973762E-2,4.0697842399629716E-2,source_simulation_not_measurement,gelain_2020/simulation_reference/cellulose.xlsx,Assay 20 gL,78
cellulose,20,77,3.1302343388752711,4.8360954684746806E-2,3.8699217582593703E-2,source_simulation_not_measurement,gelain_2020/simulation_reference/cellulose.xlsx,Assay 20 gL,79
cellulose,20,78,3.1099194771438672,4.6396119708420828E-2,3.6830510476945091E-2,source_simulation_not_measurement,gelain_2020/simulation_reference/cellulose.xlsx,Assay 20 gL,80
cellulose,20,79,3.0904603501972838,4.4533967137556842E-2,3.5080805538672419E-2,source_simulation_not_measurement,gelain_2020/simulation_reference/cellulose.xlsx,Assay 20 gL,81
cellulose,20,80,3.0718114958856204,4.2767425536213634E-2,3.3440313452777599E-2,source_simulation_not_measurement,gelain_2020/simulation_reference/cellulose.xlsx,Assay 20 gL,82
cellulose,20,81,3.053930501049666,4.1090043776072366E-2,3.1900234544067541E-2,source_simulation_not_measurement,gelain_2020/simulation_reference/cellulose.xlsx,Assay 20 gL,83
cellulose,20,82,3.0367777531873634,3.9495925054850292E-2,3.0452641051343134E-2,source_simulation_not_measurement,gelain_2020/simulation_reference/cellulose.xlsx,Assay 20 gL,84
cellulose,20,83,3.0203162156396455,3.7979669108250347E-2,2.9090375371571182E-2,source_simulation_not_measurement,gelain_2020/simulation_reference/cellulose.xlsx,Assay 20 gL,85
cellulose,20,84,3.0045112237912965,3.6536321458212062E-2,2.780696186293518E-2,source_simulation_not_measurement,gelain_2020/simulation_reference/cellulose.xlsx,Assay 20 gL,86
cellulose,20,85,2.9893303000744789,3.5161328722633917E-2,2.6596530192379651E-2,source_simulation_not_measurement,gelain_2020/simulation_reference/cellulose.xlsx,Assay 20 gL,87
cellulose,20,86,2.9747429858181706,3.3850499162525673E-2,2.5453748540227576E-2,source_simulation_not_measurement,gelain_2020/simulation_reference/cellulose.xlsx,Assay 20 gL,88
cellulose,20,87,2.9607206882107122,3.2599967767675972E-2,2.4373765244512152E-2,source_simulation_not_measurement,gelain_2020/simulation_reference/cellulose.xlsx,Assay 20 gL,89
cellulose,20,88,2.9472365408390409,3.1406165286133096E-2,2.3352157691246253E-2,source_simulation_not_measurement,gelain_2020/simulation_reference/cellulose.xlsx,Assay 20 gL,90
cellulose,20,89,2.9342652764405646,3.0265790689898028E-2,2.2384887442407669E-2,source_simulation_not_measurement,gelain_2020/simulation_reference/cellulose.xlsx,Assay 20 gL,91
cellulose,20,90,2.9217831106551029,2.9175786642276633E-2,2.1468260747803346E-2,source_simulation_not_measurement,gelain_2020/simulation_reference/cellulose.xlsx,Assay 20 gL,92
cellulose,20,91,2.9097676356975732,2.8133317593800906E-2,2.0598893715760135E-2,source_simulation_not_measurement,gelain_2020/simulation_reference/cellulose.xlsx,Assay 20 gL,93
cellulose,20,92,2.8981977229894538,2.7135750185509008E-2,1.9773681525300787E-2,source_simulation_not_measurement,gelain_2020/simulation_reference/cellulose.xlsx,Assay 20 gL,94
cellulose,20,93,2.8870534338905443,2.6180635682298579E-2,1.8989771152788316E-2,source_simulation_not_measurement,gelain_2020/simulation_reference/cellulose.xlsx,Assay 20 gL,95
cellulose,20,94,2.8763159377639163,2.5265694196367056E-2,1.8244537161966754E-2,source_simulation_not_measurement,gelain_2020/simulation_reference/cellulose.xlsx,Assay 20 gL,96
cellulose,20,95,2.8659674366876962,2.4388800492516433E-2,1.7535560170348793E-2,source_simulation_not_measurement,gelain_2020/simulation_reference/cellulose.xlsx,Assay 20 gL,97
cellulose,20,96,2.8559910961988191,2.3547971194223929E-2,1.6860607659013871E-2,source_simulation_not_measurement,gelain_2020/simulation_reference/cellulose.xlsx,Assay 20 gL,98
cellulose,30,0,0.4,30,0,source_simulation_not_measurement,gelain_2020/simulation_reference/cellulose.xlsx,Assay 30 gL,2
cellulose,30,1,0.53552569026953067,29.993212161573631,8.7523276531335237E-2,source_simulation_not_measurement,gelain_2020/simulation_reference/cellulose.xlsx,Assay 30 gL,3
cellulose,30,2,0.71323657118705475,29.979222132933437,0.17467829449429728,source_simulation_not_measurement,gelain_2020/simulation_reference/cellulose.xlsx,Assay 30 gL,4
cellulose,30,3,0.94346732248286891,29.953242141257395,0.26919196612741869,source_simulation_not_measurement,gelain_2020/simulation_reference/cellulose.xlsx,Assay 30 gL,5
cellulose,30,4,1.2371076668409813,29.907701071728024,0.37747049749238448,source_simulation_not_measurement,gelain_2020/simulation_reference/cellulose.xlsx,Assay 30 gL,6
cellulose,30,5,1.6042151430919107,29.831251377183392,0.50457502860654646,source_simulation_not_measurement,gelain_2020/simulation_reference/cellulose.xlsx,Assay 30 gL,7
cellulose,30,6,2.051843287672785,29.708034471356299,0.65380409275672458,source_simulation_not_measurement,gelain_2020/simulation_reference/cellulose.xlsx,Assay 30 gL,8
cellulose,30,7,2.5812593940003685,29.517837867719674,0.82600556802154212,source_simulation_not_measurement,gelain_2020/simulation_reference/cellulose.xlsx,Assay 30 gL,9
cellulose,30,8,3.1852067673577786,29.237894434318012,1.0188872909444007,source_simulation_not_measurement,gelain_2020/simulation_reference/cellulose.xlsx,Assay 30 gL,10
cellulose,30,9,3.8463539870478525,28.846678547932267,1.2267333447643995,source_simulation_not_measurement,gelain_2020/simulation_reference/cellulose.xlsx,Assay 30 gL,11
cellulose,30,10,4.5381418578026853,28.328983610237636,1.44091458327569,source_simulation_not_measurement,gelain_2020/simulation_reference/cellulose.xlsx,Assay 30 gL,12
cellulose,30,11,5.2284975124263111,27.680336383796877,1.6512922898064983,source_simulation_not_measurement,gelain_2020/simulation_reference/cellulose.xlsx,Assay 30 gL,13
cellulose,30,12,5.8855061804445974,26.908544422750662,1.8481449016752181,source_simulation_not_measurement,gelain_2020/simulation_reference/cellulose.xlsx,Assay 30 gL,14
cellulose,30,13,6.4830111753962374,26.03151345758317,2.0239200134437159,source_simulation_not_measurement,gelain_2020/simulation_reference/cellulose.xlsx,Assay 30 gL,15
cellulose,30,14,7.0041563817613985,25.072521735733943,2.1742023997085074,source_simulation_not_measurement,gelain_2020/simulation_reference/cellulose.xlsx,Assay 30 gL,16
cellulose,30,15,7.4420565114534298,24.05523538420637,2.2977230999769791,source_simulation_not_measurement,gelain_2020/simulation_reference/cellulose.xlsx,Assay 30 gL,17
cellulose,30,16,7.7981401427610244,23.000246744067322,2.3956708382319811,source_simulation_not_measurement,gelain_2020/simulation_reference/cellulose.xlsx,Assay 30 gL,18
cellulose,30,17,8.0793943907448469,21.923630384402326,2.4707402467106743,source_simulation_not_measurement,gelain_2020/simulation_reference/cellulose.xlsx,Assay 30 gL,19
cellulose,30,18,8.2956265311653556,20.837032670035196,2.5262652972052435,source_simulation_not_measurement,gelain_2020/simulation_reference/cellulose.xlsx,Assay 30 gL,20
cellulose,30,19,8.4573577683214598,19.748526596210258,2.5656011769571228,source_simulation_not_measurement,gelain_2020/simulation_reference/cellulose.xlsx,Assay 30 gL,21
cellulose,30,20,8.5744941811845194,18.663638574969291,2.5917676005702708,source_simulation_not_measurement,gelain_2020/simulation_reference/cellulose.xlsx,Assay 30 gL,22
cellulose,30,21,8.6556523991070211,17.58624109707803,2.6072932298575173,source_simulation_not_measurement,gelain_2020/simulation_reference/cellulose.xlsx,Assay 30 gL,23
cellulose,30,22,8.707933639825578,16.51921907030993,2.6141867220754809,source_simulation_not_measurement,gelain_2020/simulation_reference/cellulose.xlsx,Assay 30 gL,24
cellulose,30,23,8.7369578926154379,15.464926237377057,2.6139739506166628,source_simulation_not_measurement,gelain_2020/simulation_reference/cellulose.xlsx,Assay 30 gL,25
cellulose,30,24,8.7470228260307383,14.425483667845819,2.6077614727471903,source_simulation_not_measurement,gelain_2020/simulation_reference/cellulose.xlsx,Assay 30 gL,26
cellulose,30,25,8.7413037936329907,13.402972210258614,2.5963035921290016,source_simulation_not_measurement,gelain_2020/simulation_reference/cellulose.xlsx,Assay 30 gL,27
cellulose,30,26,8.7220498800505251,12.399558662363544,2.5800620550210041,source_simulation_not_measurement,gelain_2020/simulation_reference/cellulose.xlsx,Assay 30 gL,28
cellulose,30,27,8.6907557121110237,11.417582232951867,2.5592543455132155,source_simulation_not_measurement,gelain_2020/simulation_reference/cellulose.xlsx,Assay 30 gL,29
cellulose,30,28,8.6483031472518235,10.459617186615937,2.5338902699639396,source_simulation_not_measurement,gelain_2020/simulation_reference/cellulose.xlsx,Assay 30 gL,30
cellulose,30,29,8.5950746897098167,9.5285196487115797,2.5037984156163469,source_simulation_not_measurement,gelain_2020/simulation_reference/cellulose.xlsx,Assay 30 gL,31
cellulose,30,30,8.5310444856277563,8.6274605847540897,2.4686451092261876,source_simulation_not_measurement,gelain_2020/simulation_reference/cellulose.xlsx,Assay 30 gL,32
cellulose,30,31,8.4558549460478609,7.7599420143376179,2.427949328057375,source_simulation_not_measurement,gelain_2020/simulation_reference/cellulose.xlsx,Assay 30 gL,33
cellulose,30,32,8.3688885614157869,6.929788883498917,2.3810980289827888,source_simulation_not_measurement,gelain_2020/simulation_reference/cellulose.xlsx,Assay 30 gL,34
cellulose,30,33,8.2693457463680744,6.1411044748799393,2.3273677665946972,source_simulation_not_measurement,gelain_2020/simulation_reference/cellulose.xlsx,Assay 30 gL,35
cellulose,30,34,8.1563403625121111,5.3981732868092784,2.2659602152518636,source_simulation_not_measurement,gelain_2020/simulation_reference/cellulose.xlsx,Assay 30 gL,36
cellulose,30,35,8.0290239006566324,4.7052935646684055,2.19606078755554,source_simulation_not_measurement,gelain_2020/simulation_reference/cellulose.xlsx,Assay 30 gL,37
cellulose,30,36,7.8867453129546847,4.0665251089958172,2.1169296956114905,source_simulation_not_measurement,gelain_2020/simulation_reference/cellulose.xlsx,Assay 30 gL,38
cellulose,30,37,7.7292438814397766,3.4853506217024184,2.0280313248434489,source_simulation_not_measurement,gelain_2020/simulation_reference/cellulose.xlsx,Assay 30 gL,39
cellulose,30,38,7.5568560178861279,2.9642737521981641,1.9291979772274921,source_simulation_not_measurement,gelain_2020/simulation_reference/cellulose.xlsx,Assay 30 gL,40
cellulose,30,39,7.3706959713837037,2.5044121471726779,1.820806583680969,source_simulation_not_measurement,gelain_2020/simulation_reference/cellulose.xlsx,Assay 30 gL,41
cellulose,30,40,7.1727538744794401,2.1051773455657523,1.7039254529649455,source_simulation_not_measurement,gelain_2020/simulation_reference/cellulose.xlsx,Assay 30 gL,42
cellulose,30,41,6.9658562581486914,1.7641437764990144,1.5803736685617535,source_simulation_not_measurement,gelain_2020/simulation_reference/cellulose.xlsx,Assay 30 gL,43
cellulose,30,42,6.7534644264965884,1.4771765782212003,1.4526437861039658,source_simulation_not_measurement,gelain_2020/simulation_reference/cellulose.xlsx,Assay 30 gL,44
cellulose,30,43,6.5393391601311155,1.2388139281405104,1.3236765372997665,source_simulation_not_measurement,gelain_2020/simulation_reference/cellulose.xlsx,Assay 30 gL,45
cellulose,30,44,6.3271508331854402,1.0428163352474253,1.1965312127525634,source_simulation_not_measurement,gelain_2020/simulation_reference/cellulose.xlsx,Assay 30 gL,46
cellulose,30,45,6.1201326622465064,0.88274784304896814,1.0740368887514731,source_simulation_not_measurement,gelain_2020/simulation_reference/cellulose.xlsx,Assay 30 gL,47
cellulose,30,46,5.9208511901098353,0.75246533930151471,0.95851273414208937,source_simulation_not_measurement,gelain_2020/simulation_reference/cellulose.xlsx,Assay 30 gL,48
cellulose,30,47,5.7311191244751765,0.64644689627286955,0.85161139204333391,source_simulation_not_measurement,gelain_2020/simulation_reference/cellulose.xlsx,Assay 30 gL,49
cellulose,30,48,5.5520297740536213,0.55995211984490079,0.75429165738004589,source_simulation_not_measurement,gelain_2020/simulation_reference/cellulose.xlsx,Assay 30 gL,50
cellulose,30,49,5.3840682601428709,0.48904890870674272,0.66689053342825966,source_simulation_not_measurement,gelain_2020/simulation_reference/cellulose.xlsx,Assay 30 gL,51
cellulose,30,50,5.227253620202986,0.43055506151456724,0.58925080391163531,source_simulation_not_measurement,gelain_2020/simulation_reference/cellulose.xlsx,Assay 30 gL,52
cellulose,30,51,5.0812782497713069,0.38193801853006154,0.52086450535746753,source_simulation_not_measurement,gelain_2020/simulation_reference/cellulose.xlsx,Assay 30 gL,53
cellulose,30,52,4.945626402514538,0.34120311133703141,0.46100545285533984,source_simulation_not_measurement,gelain_2020/simulation_reference/cellulose.xlsx,Assay 30 gL,54
cellulose,30,53,4.8196655884064699,0.30678785344625431,0.40883727894160965,source_simulation_not_measurement,gelain_2020/simulation_reference/cellulose.xlsx,Assay 30 gL,55
cellulose,30,54,4.7027120174876931,0.27747029483378238,0.36349337692875527,source_simulation_not_measurement,gelain_2020/simulation_reference/cellulose.xlsx,Assay 30 gL,56
cellulose,30,55,4.5940745287328646,0.25229361186620458,0.32413098113363592,source_simulation_not_measurement,gelain_2020/simulation_reference/cellulose.xlsx,Assay 30 gL,57
cellulose,30,56,4.4930822037770399,0.23050605243945821,0.28996420210568719,source_simulation_not_measurement,gelain_2020/simulation_reference/cellulose.xlsx,Assay 30 gL,58
cellulose,30,57,4.3991003622892482,0.21151408159667479,0.26028135898107702,source_simulation_not_measurement,gelain_2020/simulation_reference/cellulose.xlsx,Assay 30 gL,59
cellulose,30,58,4.3115386839345407,0.19484627855016934,0.23445140961803088,source_simulation_not_measurement,gelain_2020/simulation_reference/cellulose.xlsx,Assay 30 gL,60
cellulose,30,59,4.229854226396955,0.18012570878410133,0.21192333083534931,source_simulation_not_measurement,gelain_2020/simulation_reference/cellulose.xlsx,Assay 30 gL,61
cellulose,30,60,4.1535512849782235,0.16704884370826231,0.19222131283382474,source_simulation_not_measurement,gelain_2020/simulation_reference/cellulose.xlsx,Assay 30 gL,62
cellulose,30,61,4.0821794086169971,0.15536947778383448,0.17493777250075071,source_simulation_not_measurement,gelain_2020/simulation_reference/cellulose.xlsx,Assay 30 gL,63
cellulose,30,62,4.0153304326356816,0.14488643440273608,0.15972551323639692,source_simulation_not_measurement,gelain_2020/simulation_reference/cellulose.xlsx,Assay 30 gL,64
cellulose,30,63,3.9526350740090774,0.13543413556857928,0.14628985963496169,source_simulation_not_measurement,gelain_2020/simulation_reference/cellulose.xlsx,Assay 30 gL,65
cellulose,30,64,3.8937594237585778,0.12687533553053149,0.13438124548584904,source_simulation_not_measurement,gelain_2020/simulation_reference/cellulose.xlsx,Assay 30 gL,66
cellulose,30,65,3.838401532652747,0.11909549216880744,0.12378849923184304,source_simulation_not_measurement,gelain_2020/simulation_reference/cellulose.xlsx,Assay 30 gL,67
cellulose,30,66,3.78628819762144,0.11199838161700641,0.11433292109918908,source_simulation_not_measurement,gelain_2020/simulation_reference/cellulose.xlsx,Assay 30 gL,68
cellulose,30,67,3.7371720006190063,0.10550266045299023,0.10586315522793031,source_simulation_not_measurement,gelain_2020/simulation_reference/cellulose.xlsx,Assay 30 gL,69
cellulose,30,68,3.6908286176726501,9.953915356259696E-2,9.825080900278281E-2,source_simulation_not_measurement,gelain_2020/simulation_reference/cellulose.xlsx,Assay 30 gL,70
cellulose,30,69,3.6470543958197008,9.4048700697041798E-2,9.1386746462327834E-2,source_simulation_not_measurement,gelain_2020/simulation_reference/cellulose.xlsx,Assay 30 gL,71
cellulose,30,70,3.6056641844693758,8.8980435610197736E-2,8.5177973418035055E-2,source_simulation_not_measurement,gelain_2020/simulation_reference/cellulose.xlsx,Assay 30 gL,72
cellulose,30,71,3.5664894020865878,8.4290402109764503E-2,7.9545032174784883E-2,source_simulation_not_measurement,gelain_2020/simulation_reference/cellulose.xlsx,Assay 30 gL,73
cellulose,30,72,3.5293763168342296,7.9940434098268898E-2,7.4419829208917404E-2,source_simulation_not_measurement,gelain_2020/simulation_reference/cellulose.xlsx,Assay 30 gL,74
cellulose,30,73,3.4941845195502652,7.5897243723272917E-2,6.9743827102071151E-2,source_simulation_not_measurement,gelain_2020/simulation_reference/cellulose.xlsx,Assay 30 gL,75
cellulose,30,74,3.4607855683078359,7.2131674580495825E-2,6.5466540788188823E-2,source_simulation_not_measurement,gelain_2020/simulation_reference/cellulose.xlsx,Assay 30 gL,76
cellulose,30,75,3.4290617852688587,6.8618086606926282E-2,6.1544286787739523E-2,source_simulation_not_measurement,gelain_2020/simulation_reference/cellulose.xlsx,Assay 30 gL,77
cellulose,30,76,3.3989051882629369,6.5333846663646999E-2,5.7939142067905264E-2,source_simulation_not_measurement,gelain_2020/simulation_reference/cellulose.xlsx,Assay 30 gL,78
cellulose,30,77,3.3702165413061609,6.2258904429212482E-2,5.4618076250120384E-2,source_simulation_not_measurement,gelain_2020/simulation_reference/cellulose.xlsx,Assay 30 gL,79
cellulose,30,78,3.3429045100053827,5.9375437538762128E-2,5.1552227023670273E-2,source_simulation_not_measurement,gelain_2020/simulation_reference/cellulose.xlsx,Assay 30 gL,80
cellulose,30,79,3.3168849094122277,5.6667553233355997E-2,4.8716293846811934E-2,source_simulation_not_measurement,gelain_2020/simulation_reference/cellulose.xlsx,Assay 30 gL,81
cellulose,30,80,3.2920800333692646,5.4121036367224491E-2,4.6088029404017086E-2,source_simulation_not_measurement,gelain_2020/simulation_reference/cellulose.xlsx,Assay 30 gL,82
cellulose,30,81,3.2684180557195637,5.1723135635877424E-2,4.3647811938600019E-2,source_simulation_not_measurement,gelain_2020/simulation_reference/cellulose.xlsx,Assay 30 gL,83
cellulose,30,82,3.245832494932777,4.9462381468719521E-2,4.1378284597149789E-2,source_simulation_not_measurement,gelain_2020/simulation_reference/cellulose.xlsx,Assay 30 gL,84
cellulose,30,83,3.2242617347444522,4.7328430276310035E-2,3.9264050403659698E-2,source_simulation_not_measurement,gelain_2020/simulation_reference/cellulose.xlsx,Assay 30 gL,85
cellulose,30,84,3.2036485943221154,4.531193073051823E-2,3.7291413515309318E-2,source_simulation_not_measurement,gelain_2020/simulation_reference/cellulose.xlsx,Assay 30 gL,86
cellulose,30,85,3.1839399422743773,4.3404408543153784E-2,3.5448159075578314E-2,source_simulation_not_measurement,gelain_2020/simulation_reference/cellulose.xlsx,Assay 30 gL,87
cellulose,30,86,3.1650863495205774,4.1598166839142338E-2,3.3723365339556173E-2,source_simulation_not_measurement,gelain_2020/simulation_reference/cellulose.xlsx,Assay 30 gL,88
cellulose,30,87,3.1470417766502794,3.9886199727680254E-2,3.2107242856240378E-2,source_simulation_not_measurement,gelain_2020/simulation_reference/cellulose.xlsx,Assay 30 gL,89
cellulose,30,88,3.1297632919352751,3.8262117085019171E-2,3.0590996399202021E-2,source_simulation_not_measurement,gelain_2020/simulation_reference/cellulose.xlsx,Assay 30 gL,90
cellulose,30,89,3.1132108166216432,3.6720078895725108E-2,2.9166706078051174E-2,source_simulation_not_measurement,gelain_2020/simulation_reference/cellulose.xlsx,Assay 30 gL,91
cellulose,30,90,3.0973468945346463,3.5254737771092053E-2,2.7827224669598971E-2,source_simulation_not_measurement,gelain_2020/simulation_reference/cellulose.xlsx,Assay 30 gL,92
cellulose,30,91,3.0821364833826803,3.3861188486117244E-2,2.6566088704698548E-2,source_simulation_not_measurement,gelain_2020/simulation_reference/cellulose.xlsx,Assay 30 gL,93
cellulose,30,92,3.0675467654549222,3.2534923559692161E-2,2.5377441254928967E-2,source_simulation_not_measurement,gelain_2020/simulation_reference/cellulose.xlsx,Assay 30 gL,94
cellulose,30,93,3.053546975676714,3.1271794054029564E-2,2.4255964699160033E-2,source_simulation_not_measurement,gelain_2020/simulation_reference/cellulose.xlsx,Assay 30 gL,95
cellulose,30,94,3.0401082452222385,3.0067974894861415E-2,2.3196822027036112E-2,source_simulation_not_measurement,gelain_2020/simulation_reference/cellulose.xlsx,Assay 30 gL,96
cellulose,30,95,3.02720345909017,2.8919934118405866E-2,2.2195605465414173E-2,source_simulation_not_measurement,gelain_2020/simulation_reference/cellulose.xlsx,Assay 30 gL,97
cellulose,30,96,3.0148071262285852,2.782440553835621E-2,2.12482914035814E-2,source_simulation_not_measurement,gelain_2020/simulation_reference/cellulose.xlsx,Assay 30 gL,98
