figure,panel_index,panel_family,panel_fixed_value,series_colour,temperature_c,relative_humidity_percent,time_h,marker_x_px,marker_y_px,marker_visible_fraction,position_uncertainty_px,value,digitization_uncertainty,sd,bar_top_px,bar_bottom_px,top_cap_visible,bottom_cap_visible,flags
S2,0,humidity,80,light_blue,15,80,1,125.00,607.00,0.820,2.0,0.947,0.039,,603,610,false,false,marker_partially_hidden;sd_below_marker_radius
S2,0,humidity,80,light_blue,15,80,2,139.00,610.00,0.721,2.0,0.888,0.039,,606,612,false,false,marker_partially_hidden;sd_below_marker_radius
S2,0,humidity,80,light_blue,15,80,3,153.00,610.00,0.639,2.0,0.888,0.039,,606,611,false,false,marker_partially_hidden;sd_below_marker_radius
S2,0,humidity,80,light_blue,15,80,4,167.00,610.00,0.525,2.0,0.888,0.039,,606,610,false,false,marker_partially_hidden;sd_below_marker_radius
S2,0,humidity,80,light_blue,15,80,5,181.00,610.00,0.656,2.0,0.888,0.039,,606,611,false,false,marker_partially_hidden;sd_below_marker_radius
S2,0,humidity,80,light_blue,15,80,6,195.00,610.00,0.443,2.0,0.888,0.039,,606,610,false,false,marker_partially_hidden;sd_below_marker_radius
S2,0,humidity,80,light_blue,15,80,7,209.00,608.00,0.656,2.0,0.927,0.039,,604,609,false,false,marker_partially_hidden;sd_below_marker_radius
S2,0,humidity,80,light_blue,15,80,8,222.00,607.00,0.541,2.0,0.947,0.039,,602,612,false,false,marker_partially_hidden;sd_below_marker_radius
S2,0,humidity,80,light_blue,15,80,9,236.00,611.50,0.721,2.0,0.859,0.039,0.324,595,628,true,true,marker_partially_hidden
S2,0,humidity,80,light_blue,15,80,10,249.94,609.44,0.885,1.0,0.899,0.020,0.295,595,624,false,true,sd_one_sided
S2,0,humidity,80,light_blue,15,80,11,263.00,600.00,0.377,2.0,1.084,0.039,,595,603,false,false,marker_partially_hidden;sd_below_marker_radius
S2,0,humidity,80,light_blue,15,80,12,277.33,597.33,0.426,2.0,1.137,0.039,,593,601,false,false,marker_partially_hidden;sd_below_marker_radius
S2,0,humidity,80,light_blue,15,80,13,292.00,595.00,0.574,2.0,1.183,0.039,,594,599,false,false,marker_partially_hidden;sd_below_marker_radius
S2,0,humidity,80,light_blue,15,80,14,305.67,591.67,0.557,2.0,1.248,0.039,,590,596,false,false,marker_partially_hidden;sd_below_marker_radius
S2,0,humidity,80,light_blue,15,80,15,320.00,587.50,0.525,2.0,1.330,0.039,,587,592,false,false,marker_partially_hidden;sd_below_marker_radius
S2,0,humidity,80,light_blue,15,80,16,334.00,584.00,0.574,2.0,1.399,0.039,,583,588,false,false,marker_partially_hidden;sd_below_marker_radius
S2,0,humidity,80,light_blue,15,80,17,347.00,581.00,0.590,2.0,1.458,0.039,0.177,572,585,true,false,marker_partially_hidden;sd_one_sided
S2,0,humidity,80,light_blue,15,80,18,361.67,577.33,0.459,2.0,1.530,0.039,0.196,567,582,true,false,marker_partially_hidden;sd_one_sided
S2,0,humidity,80,light_blue,15,80,19,375.00,574.00,0.443,2.0,1.595,0.039,0.196,564,579,true,false,marker_partially_hidden;sd_one_sided
S2,0,humidity,80,light_blue,15,80,21,403.00,563.00,0.492,2.0,1.811,0.039,0.177,554,572,true,true,marker_partially_hidden
S2,0,humidity,80,light_blue,15,80,22,417.00,559.00,0.361,2.0,1.890,0.039,0.187,549,568,true,true,marker_partially_hidden
S2,0,humidity,80,light_blue,15,80,23,430.00,553.00,0.443,2.0,2.008,0.039,0.206,544,565,true,true,marker_partially_hidden;sd_asymmetric_bar
S2,0,humidity,80,light_blue,15,80,24,445.00,549.00,0.639,2.0,2.086,0.039,0.255,536,562,true,true,marker_partially_hidden
S2,0,humidity,80,light_blue,15,80,25,459.00,545.00,0.672,2.0,2.165,0.039,0.255,531,558,false,true,marker_partially_hidden;sd_one_sided
S2,0,humidity,80,light_blue,15,80,26,472.84,539.85,0.902,1.0,2.266,0.020,0.295,525,555,true,true,
S2,0,humidity,80,light_blue,15,80,27,486.86,536.11,0.934,1.0,2.340,0.020,0.295,521,551,true,true,
S2,0,humidity,80,light_blue,15,80,28,500.86,532.11,0.934,1.0,2.418,0.020,0.305,516,547,true,true,
S2,0,humidity,80,light_blue,15,80,29,514.86,526.11,0.934,1.0,2.536,0.020,0.314,510,538,true,false,sd_one_sided
S2,0,humidity,80,light_blue,15,80,30,528.78,522.13,0.902,1.0,2.614,0.020,0.334,505,536,true,false,sd_one_sided
S2,0,humidity,80,light_blue,15,80,31,542.80,517.05,0.918,1.0,2.714,0.020,0.334,500,534,true,true,
S2,0,humidity,80,light_blue,15,80,32,556.80,512.05,0.918,1.0,2.812,0.020,0.363,494,531,true,true,
S2,0,humidity,80,light_blue,15,80,33,569.88,508.18,0.918,1.0,2.888,0.020,0.373,489,527,true,true,
S2,0,humidity,80,light_blue,15,80,34,583.88,503.18,0.918,1.0,2.987,0.020,0.403,483,524,true,true,
S2,0,humidity,80,light_blue,15,80,35,597.88,499.18,0.918,1.0,3.065,0.020,0.422,477,520,true,true,
S2,0,humidity,80,light_blue,15,80,36,611.73,495.42,0.852,1.0,3.139,0.020,0.442,472,517,true,true,
S2,0,humidity,80,light_blue,15,80,37,626.00,489.00,0.557,2.0,3.265,0.039,0.462,466,513,true,true,marker_partially_hidden
S2,0,humidity,80,light_blue,15,80,38,640.00,485.00,0.656,2.0,3.344,0.039,0.481,461,510,true,true,marker_partially_hidden
S2,0,humidity,80,light_blue,15,80,39,653.86,480.11,0.934,1.0,3.440,0.020,0.511,454,506,true,true,
S2,0,humidity,80,light_blue,15,80,40,667.86,476.11,0.934,1.0,3.519,0.020,0.530,449,503,true,true,
S2,0,humidity,80,light_blue,15,80,41,681.86,472.11,0.934,1.0,3.597,0.020,0.530,445,499,true,true,
S2,0,humidity,80,light_blue,15,80,42,695.80,467.05,0.918,1.0,3.696,0.020,0.570,438,496,true,true,
S2,0,humidity,80,light_blue,15,80,43,709.80,462.05,0.918,1.0,3.795,0.020,0.589,432,492,true,true,
S2,0,humidity,80,light_blue,15,80,44,723.80,457.05,0.918,1.0,3.893,0.020,0.609,426,489,true,false,sd_one_sided
S2,0,humidity,80,light_blue,15,80,45,736.88,453.18,0.918,1.0,3.969,0.020,0.648,420,486,true,false,sd_one_sided
S2,0,humidity,80,light_blue,15,80,46,750.88,447.18,0.918,1.0,4.087,0.020,0.658,414,481,true,true,
S2,0,humidity,80,light_blue,15,80,47,764.88,443.18,0.918,1.0,4.165,0.020,0.688,408,478,true,true,
S2,0,humidity,80,light_blue,15,80,48,778.88,438.18,0.918,1.0,4.264,0.020,0.707,402,474,true,true,
S2,0,humidity,80,light_blue,15,80,49,792.86,433.11,0.934,1.0,4.363,0.020,0.747,395,471,true,true,
S2,0,humidity,80,light_blue,15,80,50,806.86,429.11,0.934,1.0,4.442,0.020,0.766,390,468,true,true,
S2,0,humidity,80,light_blue,15,80,51,820.86,423.11,0.934,1.0,4.560,0.020,0.796,383,464,true,true,
S2,0,humidity,80,light_blue,15,80,52,834.86,418.11,0.934,1.0,4.658,0.020,0.825,377,461,true,true,
S2,0,humidity,80,light_blue,15,80,53,848.93,413.09,0.951,1.0,4.757,0.020,0.864,370,458,true,true,
S2,0,humidity,80,light_blue,15,80,54,863.00,409.10,0.967,1.0,4.835,0.020,0.894,364,455,true,true,
S2,0,humidity,80,light_blue,15,80,55,877.00,404.10,0.967,1.0,4.933,0.020,0.923,357,451,true,true,
S2,0,humidity,80,light_blue,15,80,56,891.00,399.10,0.967,1.0,5.031,0.020,0.953,351,448,true,true,
S2,0,humidity,80,light_blue,15,80,57,905.00,394.10,0.967,1.0,5.130,0.020,0.992,344,445,true,true,
S2,0,humidity,80,light_blue,15,80,58,918.02,388.17,0.951,1.0,5.246,0.020,1.031,336,441,true,true,
S2,0,humidity,80,light_blue,15,80,59,932.02,383.17,0.951,1.0,5.344,0.020,1.071,328,437,true,true,
S2,0,humidity,80,light_blue,15,80,60,946.02,377.17,0.951,1.0,5.462,0.020,1.120,320,434,true,true,
S2,0,humidity,80,light_blue,15,80,61,960.02,372.17,0.951,1.0,5.560,0.020,1.149,313,430,true,true,
S2,0,humidity,80,light_blue,15,80,62,974.00,367.10,0.967,1.0,5.660,0.020,1.189,306,427,true,true,
S2,0,humidity,80,navy,20,80,1,127.21,613.28,0.869,1.0,0.824,0.020,0.138,610,620,false,true,sd_one_sided
S2,0,humidity,80,navy,20,80,2,141.21,615.28,0.869,1.0,0.784,0.020,0.157,607,623,false,true,sd_one_sided
S2,0,humidity,80,navy,20,80,3,155.21,614.28,0.869,1.0,0.804,0.020,0.157,607,622,false,true,sd_one_sided
S2,0,humidity,80,navy,20,80,4,169.13,613.30,0.885,1.0,0.823,0.020,,610,618,false,false,sd_below_marker_radius
S2,0,humidity,80,navy,20,80,5,183.21,614.28,0.869,1.0,0.804,0.020,,611,622,false,false,sd_unavailable
S2,0,humidity,80,navy,20,80,6,197.21,612.28,0.869,1.0,0.843,0.020,,607,618,false,false,sd_unavailable
S2,0,humidity,80,navy,20,80,7,211.21,612.28,0.869,1.0,0.843,0.020,0.147,604,619,true,true,
S2,0,humidity,80,navy,20,80,8,225.15,609.25,0.902,1.0,0.903,0.020,0.157,601,617,true,true,
S2,0,humidity,80,navy,20,80,9,238.12,606.07,0.934,1.0,0.965,0.020,0.157,598,614,true,false,sd_one_sided
S2,0,humidity,80,navy,20,80,10,252.14,602.11,0.934,1.0,1.043,0.020,,593,606,false,false,sd_unavailable
S2,0,humidity,80,navy,20,80,11,266.22,598.13,0.902,1.0,1.121,0.020,0.177,589,608,true,false,sd_one_sided
S2,0,humidity,80,navy,20,80,12,280.22,595.13,0.902,1.0,1.180,0.020,0.196,585,605,true,true,
S2,0,humidity,80,navy,20,80,13,294.22,591.13,0.902,1.0,1.259,0.020,0.236,580,603,false,true,sd_one_sided
S2,0,humidity,80,navy,20,80,14,308.14,587.11,0.918,1.0,1.338,0.020,0.226,576,599,true,true,
S2,0,humidity,80,navy,20,80,15,322.14,584.11,0.918,1.0,1.397,0.020,0.236,572,596,false,true,sd_one_sided
S2,0,humidity,80,navy,20,80,16,336.20,580.20,0.885,1.0,1.473,0.020,0.236,568,592,true,true,
S2,0,humidity,80,navy,20,80,17,350.00,576.00,0.820,2.0,1.556,0.039,0.246,564,589,true,true,marker_partially_hidden
S2,0,humidity,80,navy,20,80,18,364.00,573.00,0.656,2.0,1.615,0.039,0.275,559,587,true,true,marker_partially_hidden
S2,0,humidity,80,navy,20,80,19,378.00,569.00,0.508,2.0,1.694,0.039,0.285,555,584,true,true,marker_partially_hidden
S2,0,humidity,80,navy,20,80,20,392.00,566.00,0.557,2.0,1.752,0.039,0.314,550,582,true,true,marker_partially_hidden
S2,0,humidity,80,navy,20,80,21,406.00,562.00,0.754,2.0,1.831,0.039,0.324,546,579,true,true,marker_partially_hidden
S2,0,humidity,80,navy,20,80,22,419.09,560.09,0.869,1.0,1.868,0.020,0.334,543,577,true,true,
S2,0,humidity,80,navy,20,80,23,433.15,556.23,0.852,1.0,1.944,0.020,0.354,538,574,true,true,
S2,0,humidity,80,navy,20,80,24,447.21,553.28,0.869,1.0,2.002,0.020,0.373,534,572,false,true,sd_one_sided
S2,0,humidity,80,navy,20,80,25,461.21,549.28,0.869,1.0,2.081,0.020,0.383,530,569,true,true,
S2,0,humidity,80,navy,20,80,26,475.22,547.20,0.885,1.0,2.122,0.020,0.393,527,567,true,false,sd_one_sided
S2,0,humidity,80,navy,20,80,27,489.22,545.13,0.902,1.0,2.163,0.020,0.413,524,566,true,false,sd_one_sided
S2,0,humidity,80,navy,20,80,28,503.15,543.25,0.902,1.0,2.199,0.020,0.432,521,565,true,false,sd_one_sided
S2,0,humidity,80,navy,20,80,29,517.11,541.14,0.918,1.0,2.241,0.020,0.432,519,563,true,true,
S2,0,humidity,80,navy,20,80,30,531.12,539.04,0.934,1.0,2.282,0.020,0.432,517,561,true,true,
S2,0,humidity,80,navy,20,80,31,545.20,538.05,0.918,1.0,2.302,0.020,0.432,521,560,false,true,sd_one_sided
S2,0,humidity,80,navy,20,80,32,559.18,536.13,0.902,1.0,2.339,0.020,0.432,515,558,false,true,sd_one_sided
S2,0,humidity,80,navy,20,80,33,573.18,535.13,0.902,1.0,2.359,0.020,,512,557,false,false,sd_unavailable
S2,0,humidity,80,navy,20,80,34,586.17,533.07,0.885,1.0,2.399,0.020,0.442,511,556,true,true,
S2,0,humidity,80,navy,20,80,35,600.17,533.07,0.885,1.0,2.399,0.020,0.432,510,555,false,true,sd_one_sided
S2,0,humidity,80,navy,20,80,36,614.22,531.13,0.902,1.0,2.438,0.020,0.442,509,554,true,true,
S2,0,humidity,80,navy,20,80,37,628.22,531.13,0.902,1.0,2.438,0.020,0.472,506,555,false,true,sd_one_sided
S2,0,humidity,80,navy,20,80,38,642.22,530.13,0.902,1.0,2.457,0.020,0.432,508,552,true,true,
S2,0,humidity,80,navy,20,80,39,656.22,530.13,0.902,1.0,2.457,0.020,0.432,508,552,true,true,
S2,0,humidity,80,navy,20,80,40,670.22,529.13,0.902,1.0,2.477,0.020,0.422,507,550,true,true,
S2,0,humidity,80,navy,20,80,41,684.20,528.20,0.885,1.0,2.495,0.020,0.422,506,549,true,true,
S2,0,humidity,80,navy,20,80,42,698.22,527.13,0.902,1.0,2.516,0.020,0.432,505,549,true,true,
S2,0,humidity,80,navy,20,80,43,712.20,527.05,0.918,1.0,2.518,0.020,0.432,504,549,false,true,sd_one_sided
S2,0,humidity,80,navy,20,80,44,726.18,527.13,0.902,1.0,2.516,0.020,0.452,504,550,true,true,
S2,0,humidity,80,navy,20,80,45,740.18,526.13,0.902,1.0,2.536,0.020,0.393,506,546,true,true,
S2,0,humidity,80,navy,20,80,46,754.18,526.13,0.902,1.0,2.536,0.020,,505,547,false,false,sd_unavailable
S2,0,humidity,80,navy,20,80,47,767.17,527.07,0.885,1.0,2.517,0.020,0.354,509,545,true,true,
S2,0,humidity,80,navy,20,80,48,781.22,527.13,0.902,1.0,2.516,0.020,0.363,508,545,true,true,
S2,0,humidity,80,navy,20,80,49,795.22,526.13,0.902,1.0,2.536,0.020,0.354,508,544,true,true,
S2,0,humidity,80,navy,20,80,50,809.22,524.13,0.902,1.0,2.575,0.020,0.334,507,541,true,false,sd_one_sided
S2,0,humidity,80,navy,20,80,51,823.22,525.13,0.902,1.0,2.555,0.020,0.265,512,539,true,true,
S2,0,humidity,80,navy,20,80,52,837.22,525.13,0.902,1.0,2.555,0.020,0.295,510,540,true,true,
S2,0,humidity,80,navy,20,80,53,851.20,524.20,0.885,1.0,2.574,0.020,0.275,510,538,true,true,
S2,0,humidity,80,navy,20,80,54,865.20,524.20,0.885,1.0,2.574,0.020,0.275,510,538,true,false,sd_one_sided
S2,0,humidity,80,navy,20,80,55,879.20,524.05,0.918,1.0,2.577,0.020,0.255,511,537,true,true,
S2,0,humidity,80,navy,20,80,56,893.18,524.13,0.902,1.0,2.575,0.020,0.275,510,538,true,true,
S2,0,humidity,80,navy,20,80,57,907.18,523.13,0.902,1.0,2.595,0.020,0.246,511,536,true,true,
S2,0,humidity,80,navy,20,80,58,921.18,523.13,0.902,1.0,2.595,0.020,0.275,508,537,false,true,sd_one_sided
S2,0,humidity,80,navy,20,80,59,934.17,523.07,0.885,1.0,2.596,0.020,0.236,511,536,true,false,sd_one_sided
S2,0,humidity,80,navy,20,80,60,948.17,523.07,0.885,1.0,2.596,0.020,0.255,510,536,true,true,
S2,0,humidity,80,navy,20,80,61,962.22,523.13,0.902,1.0,2.595,0.020,0.246,511,536,true,true,
S2,0,humidity,80,navy,20,80,62,976.22,523.13,0.902,1.0,2.595,0.020,0.255,510,536,false,true,sd_one_sided
S2,0,humidity,80,orange,25,80,1,129.05,599.05,0.984,1.0,1.103,0.020,0.639,567,632,true,true,
S2,0,humidity,80,orange,25,80,2,143.05,592.05,0.984,1.0,1.241,0.020,0.540,565,620,true,true,
S2,0,humidity,80,orange,25,80,3,157.05,594.05,0.984,1.0,1.201,0.020,0.599,563,624,true,true,
S2,0,humidity,80,orange,25,80,4,171.00,586.00,0.672,2.0,1.360,0.039,0.570,557,609,true,false,marker_partially_hidden;sd_one_sided
S2,0,humidity,80,orange,25,80,5,184.94,574.60,0.869,1.0,1.583,0.020,0.629,543,607,true,true,
S2,0,humidity,80,orange,25,80,6,199.05,568.05,0.984,1.0,1.712,0.020,0.678,534,603,true,true,
S2,0,humidity,80,orange,25,80,7,213.05,561.05,0.984,1.0,1.850,0.020,0.737,523,598,true,true,
S2,0,humidity,80,orange,25,80,8,227.05,556.05,0.984,1.0,1.948,0.020,0.747,518,594,true,true,
S2,0,humidity,80,orange,25,80,9,241.05,552.05,0.984,1.0,2.027,0.020,0.747,514,590,true,true,
S2,0,humidity,80,orange,25,80,10,254.05,549.05,0.984,1.0,2.085,0.020,0.668,515,583,true,true,
S2,0,humidity,80,orange,25,80,11,268.05,546.05,0.984,1.0,2.144,0.020,0.629,514,574,true,false,sd_one_sided
S2,0,humidity,80,orange,25,80,12,282.05,543.05,0.984,1.0,2.203,0.020,0.629,511,574,true,false,sd_one_sided
S2,0,humidity,80,orange,25,80,13,296.05,539.05,0.984,1.0,2.282,0.020,0.629,507,571,true,true,
S2,0,humidity,80,orange,25,80,14,310.05,535.05,0.984,1.0,2.361,0.020,0.609,504,566,true,true,
S2,0,humidity,80,orange,25,80,15,324.05,531.05,0.984,1.0,2.439,0.020,0.609,500,562,true,true,
S2,0,humidity,80,orange,25,80,16,338.05,528.05,0.984,1.0,2.498,0.020,0.648,495,561,true,true,
S2,0,humidity,80,orange,25,80,17,352.05,526.05,0.984,1.0,2.537,0.020,0.717,490,563,true,true,
S2,0,humidity,80,orange,25,80,18,366.05,522.05,0.984,1.0,2.616,0.020,0.815,481,564,true,true,
S2,0,humidity,80,orange,25,80,19,380.05,520.05,0.984,1.0,2.655,0.020,0.825,478,562,true,false,sd_one_sided
S2,0,humidity,80,orange,25,80,20,394.05,517.05,0.984,1.0,2.714,0.020,0.904,471,562,true,false,sd_one_sided
S2,0,humidity,80,orange,25,80,21,408.05,514.05,0.984,1.0,2.773,0.020,0.943,466,558,true,false,sd_one_sided
S2,0,humidity,80,orange,25,80,22,422.05,510.05,0.984,1.0,2.852,0.020,0.963,461,557,true,false,sd_one_sided
S2,0,humidity,80,orange,25,80,23,435.05,507.05,0.984,1.0,2.911,0.020,1.002,456,553,true,false,sd_one_sided
S2,0,humidity,80,orange,25,80,24,449.05,505.05,0.984,1.0,2.950,0.020,1.061,451,558,true,false,sd_one_sided
S2,0,humidity,80,orange,25,80,25,463.05,503.05,0.984,1.0,2.989,0.020,1.081,448,557,true,false,sd_one_sided
S2,0,humidity,80,orange,25,80,26,477.05,501.05,0.984,1.0,3.028,0.020,1.110,444,557,true,true,
S2,0,humidity,80,orange,25,80,27,491.05,499.05,0.984,1.0,3.068,0.020,1.159,440,558,true,true,
S2,0,humidity,80,orange,25,80,28,505.05,497.05,0.984,1.0,3.107,0.020,1.189,437,558,true,true,
S2,0,humidity,80,orange,25,80,29,519.05,496.05,0.984,1.0,3.127,0.020,1.218,434,557,true,false,sd_one_sided
S2,0,humidity,80,orange,25,80,30,533.05,494.05,0.984,1.0,3.166,0.020,1.248,431,558,true,true,
S2,0,humidity,80,orange,25,80,31,547.05,493.05,0.984,1.0,3.186,0.020,1.277,428,557,true,false,sd_one_sided
S2,0,humidity,80,orange,25,80,32,561.05,492.05,0.984,1.0,3.205,0.020,1.297,426,558,true,false,sd_one_sided
S2,0,humidity,80,orange,25,80,33,575.05,491.05,0.984,1.0,3.225,0.020,1.326,423,558,true,true,
S2,0,humidity,80,orange,25,80,34,589.05,490.05,0.984,1.0,3.245,0.020,1.336,422,558,true,true,
S2,0,humidity,80,orange,25,80,35,602.05,489.05,0.984,1.0,3.264,0.020,1.356,420,558,true,true,
S2,0,humidity,80,orange,25,80,36,616.10,489.00,0.967,1.0,3.265,0.020,1.356,420,558,true,true,
S2,0,humidity,80,orange,25,80,37,630.25,489.00,0.934,1.0,3.265,0.020,1.395,418,560,true,true,
S2,0,humidity,80,orange,25,80,38,644.14,488.14,0.951,1.0,3.282,0.020,1.395,417,559,true,true,
S2,0,humidity,80,orange,25,80,39,658.05,488.05,0.984,1.0,3.284,0.020,1.395,417,559,true,true,
S2,0,humidity,80,orange,25,80,40,672.05,487.05,0.984,1.0,3.304,0.020,1.405,416,559,true,true,
S2,0,humidity,80,orange,25,80,41,686.05,487.05,0.984,1.0,3.304,0.020,1.415,415,559,true,true,
S2,0,humidity,80,orange,25,80,42,700.05,487.05,0.984,1.0,3.304,0.020,1.424,414,559,true,true,
S2,0,humidity,80,orange,25,80,43,714.05,486.05,0.984,1.0,3.323,0.020,1.434,413,559,true,true,
S2,0,humidity,80,orange,25,80,44,728.05,487.05,0.984,1.0,3.304,0.020,1.424,414,559,true,true,
S2,0,humidity,80,orange,25,80,45,742.05,486.05,0.984,1.0,3.323,0.020,1.415,415,559,true,true,
S2,0,humidity,80,orange,25,80,46,756.05,486.05,0.984,1.0,3.323,0.020,1.415,414,558,true,true,
S2,0,humidity,80,orange,25,80,47,770.05,487.05,0.984,1.0,3.304,0.020,1.415,415,559,true,true,
S2,0,humidity,80,orange,25,80,48,783.05,486.05,0.984,1.0,3.323,0.020,1.424,414,559,true,true,
S2,0,humidity,80,orange,25,80,49,797.05,486.05,0.984,1.0,3.323,0.020,1.424,414,559,true,true,
S2,0,humidity,80,orange,25,80,50,811.05,487.05,0.984,1.0,3.304,0.020,1.415,415,559,true,true,
S2,0,humidity,80,orange,25,80,51,825.05,487.05,0.984,1.0,3.304,0.020,1.434,414,560,true,true,
S2,0,humidity,80,orange,25,80,52,839.05,487.05,0.984,1.0,3.304,0.020,1.415,415,559,true,true,
S2,0,humidity,80,orange,25,80,53,853.05,486.05,0.984,1.0,3.323,0.020,1.454,413,560,false,true,sd_one_sided
S2,0,humidity,80,orange,25,80,54,867.05,487.05,0.984,1.0,3.304,0.020,1.424,414,559,true,true,
S2,0,humidity,80,orange,25,80,55,881.05,486.05,0.984,1.0,3.323,0.020,1.434,413,559,true,true,
S2,0,humidity,80,orange,25,80,56,895.05,485.05,0.984,1.0,3.343,0.020,1.444,412,559,true,true,
S2,0,humidity,80,orange,25,80,57,909.05,486.05,0.984,1.0,3.323,0.020,1.444,413,560,true,true,
S2,0,humidity,80,orange,25,80,58,923.05,485.05,0.984,1.0,3.343,0.020,1.454,411,559,true,true,
S2,0,humidity,80,orange,25,80,59,937.05,485.05,0.984,1.0,3.343,0.020,1.454,411,559,true,true,
S2,0,humidity,80,orange,25,80,60,950.05,486.05,0.984,1.0,3.323,0.020,1.434,413,559,true,true,
S2,0,humidity,80,orange,25,80,61,964.05,485.05,0.984,1.0,3.343,0.020,1.444,412,559,true,true,
S2,0,humidity,80,orange,25,80,62,978.05,485.05,0.984,1.0,3.343,0.020,1.444,412,559,true,true,
S2,0,humidity,80,green,30,80,1,131.00,581.25,0.934,1.0,1.453,0.020,,577,585,false,false,sd_below_marker_radius
S2,0,humidity,80,green,30,80,2,145.00,581.25,0.934,1.0,1.453,0.020,,577,585,false,false,sd_below_marker_radius
S2,0,humidity,80,green,30,80,3,158.98,581.17,0.951,1.0,1.454,0.020,,577,585,false,false,sd_below_marker_radius
S2,0,humidity,80,green,30,80,4,173.11,580.96,0.885,1.0,1.458,0.020,,577,585,false,false,sd_below_marker_radius
S2,0,humidity,80,green,30,80,5,187.00,581.32,0.918,1.0,1.451,0.020,,578,585,false,false,sd_below_marker_radius
S2,0,humidity,80,green,30,80,6,201.00,581.25,0.934,1.0,1.453,0.020,,577,585,false,false,sd_below_marker_radius
S2,0,humidity,80,green,30,80,7,215.00,580.25,0.934,1.0,1.473,0.020,,576,584,false,false,sd_below_marker_radius
S2,0,humidity,80,green,30,80,8,229.00,580.25,0.934,1.0,1.473,0.020,,576,584,false,false,sd_below_marker_radius
S2,0,humidity,80,green,30,80,9,243.00,580.25,0.934,1.0,1.473,0.020,,576,584,false,false,sd_below_marker_radius
S2,0,humidity,80,green,30,80,10,257.05,579.05,0.951,1.0,1.496,0.020,,575,583,false,false,sd_below_marker_radius
S2,0,humidity,80,green,30,80,11,270.05,578.05,0.984,1.0,1.516,0.020,,574,582,false,false,sd_below_marker_radius
S2,0,humidity,80,green,30,80,12,284.00,577.10,0.967,1.0,1.534,0.020,,573,581,false,false,sd_below_marker_radius
S2,0,humidity,80,green,30,80,13,298.00,575.10,0.967,1.0,1.574,0.020,,571,580,false,false,sd_below_marker_radius
S2,0,humidity,80,green,30,80,14,312.00,574.10,0.967,1.0,1.593,0.020,,569,579,false,false,sd_below_marker_radius
S2,0,humidity,80,green,30,80,15,326.00,573.10,0.967,1.0,1.613,0.020,,568,578,false,false,sd_below_marker_radius
S2,0,humidity,80,green,30,80,16,340.00,571.10,0.967,1.0,1.652,0.020,0.118,566,577,false,true,sd_one_sided
S2,0,humidity,80,green,30,80,17,354.05,570.05,0.951,1.0,1.673,0.020,0.118,564,577,true,false,sd_one_sided
S2,0,humidity,80,green,30,80,18,368.12,569.04,0.934,1.0,1.693,0.020,0.147,562,577,true,true,
S2,0,humidity,80,green,30,80,19,382.20,568.05,0.918,1.0,1.712,0.020,0.147,561,576,true,true,
S2,0,humidity,80,green,30,80,20,396.16,568.18,0.918,1.0,1.710,0.020,0.157,560,576,true,true,
S2,0,humidity,80,green,30,80,21,410.07,567.27,0.918,1.0,1.728,0.020,0.177,558,576,true,true,
S2,0,humidity,80,green,30,80,22,423.98,567.17,0.951,1.0,1.729,0.020,0.177,558,576,true,true,
S2,0,humidity,80,green,30,80,23,437.98,566.17,0.951,1.0,1.749,0.020,0.196,557,576,false,true,sd_one_sided
S2,0,humidity,80,green,30,80,24,451.02,566.17,0.951,1.0,1.749,0.020,0.177,558,576,true,true,
S2,0,humidity,80,green,30,80,25,465.02,566.17,0.951,1.0,1.749,0.020,0.177,557,575,true,true,
S2,0,humidity,80,green,30,80,26,479.02,566.17,0.951,1.0,1.749,0.020,0.187,557,576,true,true,
S2,0,humidity,80,green,30,80,27,493.02,566.17,0.951,1.0,1.749,0.020,0.177,557,575,true,true,
S2,0,humidity,80,green,30,80,28,507.02,566.17,0.951,1.0,1.749,0.020,0.187,556,575,true,true,
S2,0,humidity,80,green,30,80,29,521.00,566.10,0.967,1.0,1.750,0.020,0.187,556,575,true,true,
S2,0,humidity,80,green,30,80,30,535.00,566.10,0.967,1.0,1.750,0.020,0.187,556,575,true,true,
S2,0,humidity,80,green,30,80,31,549.00,566.10,0.967,1.0,1.750,0.020,0.187,556,575,true,true,
S2,0,humidity,80,green,30,80,32,563.00,566.10,0.967,1.0,1.750,0.020,0.187,556,575,true,true,
S2,0,humidity,80,green,30,80,33,577.00,566.10,0.967,1.0,1.750,0.020,0.187,556,575,true,true,
S2,0,humidity,80,green,30,80,34,590.98,566.17,0.951,1.0,1.749,0.020,0.187,556,575,true,true,
S2,0,humidity,80,green,30,80,35,604.98,566.17,0.951,1.0,1.749,0.020,0.187,556,575,true,true,
S2,0,humidity,80,green,30,80,36,618.02,566.17,0.951,1.0,1.749,0.020,0.196,556,576,true,true,
S2,0,humidity,80,green,30,80,37,632.02,566.17,0.951,1.0,1.749,0.020,0.196,556,576,true,true,
S2,0,humidity,80,green,30,80,38,646.02,566.17,0.951,1.0,1.749,0.020,0.196,556,576,true,true,
S2,0,humidity,80,green,30,80,39,660.02,566.17,0.951,1.0,1.749,0.020,0.196,556,576,true,true,
S2,0,humidity,80,green,30,80,40,674.02,566.17,0.951,1.0,1.749,0.020,0.187,557,576,true,true,
S2,0,humidity,80,green,30,80,41,688.02,565.17,0.951,1.0,1.769,0.020,0.196,555,575,true,true,
S2,0,humidity,80,green,30,80,42,702.00,566.10,0.967,1.0,1.750,0.020,0.167,558,575,true,true,
S2,0,humidity,80,green,30,80,43,716.00,565.10,0.967,1.0,1.770,0.020,0.177,555,574,false,true,sd_one_sided
S2,0,humidity,80,green,30,80,44,730.00,566.10,0.967,1.0,1.750,0.020,0.187,556,575,true,true,
S2,0,humidity,80,green,30,80,45,744.00,566.10,0.967,1.0,1.750,0.020,0.196,556,576,true,true,
S2,0,humidity,80,green,30,80,46,757.98,565.17,0.951,1.0,1.769,0.020,0.187,556,575,true,true,
S2,0,humidity,80,green,30,80,47,771.98,565.17,0.951,1.0,1.769,0.020,0.196,555,575,true,true,
S2,0,humidity,80,green,30,80,48,785.98,565.17,0.951,1.0,1.769,0.020,0.187,556,575,true,true,
S2,0,humidity,80,green,30,80,49,799.02,565.17,0.951,1.0,1.769,0.020,0.206,555,576,true,true,
S2,0,humidity,80,green,30,80,50,813.02,566.17,0.951,1.0,1.749,0.020,0.187,556,575,true,true,
S2,0,humidity,80,green,30,80,51,827.02,565.17,0.951,1.0,1.769,0.020,0.196,555,575,true,true,
S2,0,humidity,80,green,30,80,52,841.02,565.17,0.951,1.0,1.769,0.020,0.187,556,575,true,true,
S2,0,humidity,80,green,30,80,53,855.02,564.17,0.951,1.0,1.788,0.020,0.206,554,575,true,true,
S2,0,humidity,80,green,30,80,54,869.00,564.10,0.967,1.0,1.790,0.020,0.206,554,575,true,true,
S2,0,humidity,80,green,30,80,55,883.00,565.10,0.967,1.0,1.770,0.020,0.206,554,575,true,true,
S2,0,humidity,80,green,30,80,56,897.00,565.10,0.967,1.0,1.770,0.020,0.196,555,575,true,true,
S2,0,humidity,80,green,30,80,57,911.00,565.10,0.967,1.0,1.770,0.020,0.196,555,575,true,true,
S2,0,humidity,80,green,30,80,58,925.00,565.10,0.967,1.0,1.770,0.020,0.206,554,575,true,true,
S2,0,humidity,80,green,30,80,59,938.98,565.17,0.951,1.0,1.769,0.020,0.196,555,575,true,true,
S2,0,humidity,80,green,30,80,60,952.98,565.17,0.951,1.0,1.769,0.020,0.196,555,575,true,true,
S2,0,humidity,80,green,30,80,61,966.02,565.17,0.951,1.0,1.769,0.020,0.196,555,575,true,true,
S2,0,humidity,80,green,30,80,62,980.02,565.17,0.951,1.0,1.769,0.020,0.196,555,575,true,true,
S2,1,humidity,75,light_blue,15,75,1,125.00,555.10,0.967,1.0,1.967,0.020,0.157,547,563,true,true,
S2,1,humidity,75,light_blue,15,75,2,139.02,587.17,0.951,1.0,1.336,0.020,,583,591,false,false,sd_below_marker_radius
S2,1,humidity,75,light_blue,15,75,3,153.00,588.10,0.967,1.0,1.318,0.020,,584,592,false,false,sd_below_marker_radius
S2,1,humidity,75,light_blue,15,75,4,167.00,588.10,0.967,1.0,1.318,0.020,,584,592,false,false,sd_below_marker_radius
S2,1,humidity,75,light_blue,15,75,5,181.00,588.10,0.967,1.0,1.318,0.020,,584,592,false,false,sd_below_marker_radius
S2,1,humidity,75,light_blue,15,75,6,194.50,588.00,0.770,2.0,1.320,0.039,,584,592,false,false,marker_partially_hidden;sd_below_marker_radius
S2,1,humidity,75,light_blue,15,75,7,209.24,587.18,0.902,1.0,1.336,0.020,,583,600,false,false,sd_unavailable
S2,1,humidity,75,light_blue,15,75,8,221.93,587.98,0.934,1.0,1.321,0.020,,584,595,false,false,sd_unavailable
S2,1,humidity,75,light_blue,15,75,9,236.00,588.00,0.525,2.0,1.320,0.039,,584,591,false,false,marker_partially_hidden;sd_below_marker_radius
S2,1,humidity,75,light_blue,15,75,11,264.00,587.50,0.639,2.0,1.330,0.039,,580,591,false,false,marker_partially_hidden;sd_unavailable
S2,1,humidity,75,light_blue,15,75,12,277.95,587.19,0.934,1.0,1.336,0.020,,578,591,false,false,sd_unavailable
S2,1,humidity,75,light_blue,15,75,13,292.07,587.12,0.967,1.0,1.338,0.020,,583,591,false,false,sd_below_marker_radius
S2,1,humidity,75,light_blue,15,75,14,306.02,586.17,0.951,1.0,1.356,0.020,,582,590,false,false,sd_below_marker_radius
S2,1,humidity,75,light_blue,15,75,15,320.02,584.17,0.951,1.0,1.395,0.020,,580,588,false,false,sd_below_marker_radius
S2,1,humidity,75,light_blue,15,75,16,334.02,583.17,0.951,1.0,1.415,0.020,,579,587,false,false,sd_below_marker_radius
S2,1,humidity,75,light_blue,15,75,17,348.02,581.17,0.951,1.0,1.454,0.020,,577,585,false,false,sd_below_marker_radius
S2,1,humidity,75,light_blue,15,75,18,362.00,580.10,0.967,1.0,1.475,0.020,,576,584,false,false,sd_below_marker_radius
S2,1,humidity,75,light_blue,15,75,19,376.00,578.10,0.967,1.0,1.515,0.020,,573,583,false,false,sd_below_marker_radius
S2,1,humidity,75,light_blue,15,75,20,390.00,576.10,0.967,1.0,1.554,0.020,,571,581,false,false,sd_below_marker_radius
S2,1,humidity,75,light_blue,15,75,21,403.02,574.17,0.951,1.0,1.592,0.020,0.118,568,580,true,true,
S2,1,humidity,75,light_blue,15,75,22,417.02,571.17,0.951,1.0,1.651,0.020,0.138,564,578,true,true,
S2,1,humidity,75,light_blue,15,75,23,431.02,568.17,0.951,1.0,1.710,0.020,0.157,560,576,true,true,
S2,1,humidity,75,light_blue,15,75,24,445.02,565.17,0.951,1.0,1.769,0.020,0.157,557,573,true,true,
S2,1,humidity,75,light_blue,15,75,25,459.00,562.10,0.967,1.0,1.829,0.020,0.157,554,570,true,true,
S2,1,humidity,75,light_blue,15,75,26,473.00,559.10,0.967,1.0,1.888,0.020,0.167,550,567,true,true,
S2,1,humidity,75,light_blue,15,75,27,486.93,555.12,0.951,1.0,1.966,0.020,0.167,547,564,true,true,
S2,1,humidity,75,light_blue,15,75,28,500.86,552.11,0.934,1.0,2.025,0.020,0.167,544,561,true,true,
S2,1,humidity,75,light_blue,15,75,29,514.88,549.07,0.934,1.0,2.085,0.020,0.177,540,558,true,true,
S2,1,humidity,75,light_blue,15,75,30,528.93,546.12,0.951,1.0,2.143,0.020,0.187,536,555,true,true,
S2,1,humidity,75,light_blue,15,75,31,542.93,541.12,0.951,1.0,2.241,0.020,0.196,532,551,false,true,sd_one_sided
S2,1,humidity,75,light_blue,15,75,32,556.82,538.29,0.902,1.0,2.297,0.020,0.187,529,548,true,true,
S2,1,humidity,75,light_blue,15,75,33,570.00,535.00,0.820,2.0,2.361,0.039,0.177,526,544,true,true,marker_partially_hidden
S2,1,humidity,75,light_blue,15,75,34,584.00,531.00,0.689,2.0,2.440,0.039,0.177,522,540,true,true,marker_partially_hidden
S2,1,humidity,75,light_blue,15,75,35,598.00,528.00,0.623,2.0,2.499,0.039,0.187,519,538,true,true,marker_partially_hidden
S2,1,humidity,75,light_blue,15,75,36,611.91,524.00,0.902,1.0,2.578,0.020,0.187,515,534,true,true,
S2,1,humidity,75,light_blue,15,75,37,626.00,521.10,0.967,1.0,2.635,0.020,0.216,510,532,true,false,sd_one_sided
S2,1,humidity,75,light_blue,15,75,38,639.93,516.12,0.951,1.0,2.732,0.020,0.216,505,527,true,true,
S2,1,humidity,75,light_blue,15,75,39,653.93,513.12,0.951,1.0,2.791,0.020,0.226,501,524,true,true,
S2,1,humidity,75,light_blue,15,75,40,668.00,509.10,0.967,1.0,2.870,0.020,0.236,497,521,true,true,
S2,1,humidity,75,light_blue,15,75,41,682.00,505.10,0.967,1.0,2.949,0.020,0.226,494,517,true,true,
S2,1,humidity,75,light_blue,15,75,42,696.00,502.10,0.967,1.0,3.008,0.020,0.216,491,513,true,true,
S2,1,humidity,75,light_blue,15,75,43,710.00,497.10,0.967,1.0,3.106,0.020,0.196,487,507,true,true,
S2,1,humidity,75,light_blue,15,75,44,724.00,494.10,0.967,1.0,3.165,0.020,0.216,483,505,true,true,
S2,1,humidity,75,light_blue,15,75,45,737.02,489.17,0.951,1.0,3.262,0.020,0.226,478,501,true,true,
S2,1,humidity,75,light_blue,15,75,46,751.02,486.17,0.951,1.0,3.321,0.020,0.236,474,498,true,true,
S2,1,humidity,75,light_blue,15,75,47,765.02,482.17,0.951,1.0,3.399,0.020,0.246,470,495,true,true,
S2,1,humidity,75,light_blue,15,75,48,779.02,478.17,0.951,1.0,3.478,0.020,0.255,465,491,true,true,
S2,1,humidity,75,light_blue,15,75,49,793.00,475.10,0.967,1.0,3.538,0.020,0.275,461,489,true,true,
S2,1,humidity,75,light_blue,15,75,50,807.00,471.10,0.967,1.0,3.617,0.020,0.275,457,485,true,true,
S2,1,humidity,75,light_blue,15,75,51,821.00,467.10,0.967,1.0,3.695,0.020,0.285,453,482,true,true,
S2,1,humidity,75,light_blue,15,75,52,835.00,461.10,0.967,1.0,3.813,0.020,0.275,447,475,true,true,
S2,1,humidity,75,light_blue,15,75,53,849.00,457.10,0.967,1.0,3.892,0.020,0.295,442,472,true,true,
S2,1,humidity,75,light_blue,15,75,54,863.00,455.10,0.967,1.0,3.931,0.020,0.324,438,471,true,true,
S2,1,humidity,75,light_blue,15,75,55,877.00,451.00,0.803,2.0,4.012,0.039,0.344,434,469,true,true,marker_partially_hidden
S2,1,humidity,75,light_blue,15,75,56,891.00,447.00,0.738,2.0,4.090,0.039,0.363,429,466,true,true,marker_partially_hidden
S2,1,humidity,75,light_blue,15,75,57,904.60,443.88,0.852,1.0,4.152,0.020,0.383,425,464,true,true,
S2,1,humidity,75,light_blue,15,75,58,918.02,441.17,0.951,1.0,4.205,0.020,0.403,420,461,true,true,
S2,1,humidity,75,light_blue,15,75,59,932.02,434.17,0.951,1.0,4.342,0.020,0.403,414,455,true,true,
S2,1,humidity,75,light_blue,15,75,60,946.02,429.17,0.951,1.0,4.441,0.020,0.442,407,452,true,true,
S2,1,humidity,75,light_blue,15,75,61,960.02,426.17,0.951,1.0,4.500,0.020,0.442,404,449,true,true,
S2,1,humidity,75,light_blue,15,75,62,974.00,423.10,0.967,1.0,4.560,0.020,0.462,400,447,true,true,
S2,1,humidity,75,navy,20,75,1,127.00,609.00,0.574,2.0,0.908,0.039,,605,613,false,false,marker_partially_hidden;sd_below_marker_radius
S2,1,humidity,75,navy,20,75,3,155.00,609.00,0.475,2.0,0.908,0.039,,605,612,false,false,marker_partially_hidden;sd_below_marker_radius
S2,1,humidity,75,navy,20,75,4,169.00,608.00,0.508,2.0,0.927,0.039,,604,610,false,false,marker_partially_hidden;sd_below_marker_radius
S2,1,humidity,75,navy,20,75,5,183.00,604.50,0.656,2.0,0.996,0.039,0.118,598,607,true,false,marker_partially_hidden;sd_one_sided
S2,1,humidity,75,navy,20,75,6,197.00,600.50,0.639,2.0,1.075,0.039,,592,612,false,false,marker_partially_hidden;sd_unavailable
S2,1,humidity,75,navy,20,75,9,238.00,591.00,0.377,2.0,1.261,0.039,0.275,576,605,false,true,marker_partially_hidden;sd_one_sided
S2,1,humidity,75,navy,20,75,18,364.00,548.00,0.754,2.0,2.106,0.039,0.226,537,560,true,true,marker_partially_hidden
S2,1,humidity,75,navy,20,75,19,378.17,543.06,0.885,1.0,2.203,0.020,0.236,531,555,true,true,
S2,1,humidity,75,navy,20,75,20,392.18,538.13,0.902,1.0,2.300,0.020,0.236,526,544,true,false,sd_one_sided
S2,1,humidity,75,navy,20,75,21,406.18,531.13,0.902,1.0,2.438,0.020,0.236,519,543,true,false,sd_one_sided
S2,1,humidity,75,navy,20,75,22,419.17,524.07,0.885,1.0,2.576,0.020,0.255,511,537,false,true,sd_one_sided
S2,1,humidity,75,navy,20,75,23,433.22,517.13,0.902,1.0,2.713,0.020,0.265,504,531,true,true,
S2,1,humidity,75,navy,20,75,24,447.22,510.13,0.902,1.0,2.850,0.020,0.285,496,525,true,true,
S2,1,humidity,75,navy,20,75,25,461.22,504.13,0.902,1.0,2.968,0.020,0.295,489,519,true,true,
S2,1,humidity,75,navy,20,75,26,475.15,496.11,0.885,1.0,3.126,0.020,0.314,480,512,true,true,
S2,1,humidity,75,navy,20,75,27,489.22,488.13,0.902,1.0,3.282,0.020,0.305,473,504,true,true,
S2,1,humidity,75,navy,20,75,28,503.00,478.00,0.541,2.0,3.481,0.039,0.354,460,496,true,true,marker_partially_hidden
S2,1,humidity,75,navy,20,75,29,517.00,471.00,0.557,2.0,3.619,0.039,0.363,452,489,true,true,marker_partially_hidden
S2,1,humidity,75,navy,20,75,30,531.18,464.13,0.902,1.0,3.754,0.020,0.373,445,483,true,true,
S2,1,humidity,75,navy,20,75,31,545.18,457.13,0.902,1.0,3.891,0.020,0.393,437,477,false,true,sd_one_sided
S2,1,humidity,75,navy,20,75,32,559.18,450.13,0.902,1.0,4.029,0.020,0.373,430,469,false,true,sd_one_sided
S2,1,humidity,75,navy,20,75,33,573.13,442.07,0.885,1.0,4.187,0.020,0.393,422,463,true,false,sd_one_sided
S2,1,humidity,75,navy,20,75,34,586.22,434.13,0.902,1.0,4.343,0.020,0.422,413,456,true,true,
S2,1,humidity,75,navy,20,75,35,600.22,427.13,0.902,1.0,4.481,0.020,0.432,405,450,true,false,sd_one_sided
S2,1,humidity,75,navy,20,75,36,614.22,420.13,0.902,1.0,4.618,0.020,0.472,396,444,true,true,
S2,1,humidity,75,navy,20,75,37,628.22,411.13,0.902,1.0,4.795,0.020,0.530,384,439,true,false,sd_one_sided
S2,1,humidity,75,navy,20,75,38,642.22,403.13,0.902,1.0,4.952,0.020,0.521,377,430,true,true,
S2,1,humidity,75,navy,20,75,39,656.22,397.13,0.902,1.0,5.070,0.020,0.550,369,425,false,true,sd_one_sided
S2,1,humidity,75,navy,20,75,40,670.22,388.13,0.902,1.0,5.247,0.020,0.580,358,417,true,true,
S2,1,humidity,75,navy,20,75,41,684.20,380.20,0.885,1.0,5.403,0.020,0.609,349,411,true,true,
S2,1,humidity,75,navy,20,75,42,698.20,372.20,0.885,1.0,5.560,0.020,0.599,342,403,true,true,
S2,1,humidity,75,navy,20,75,43,712.18,365.13,0.902,1.0,5.699,0.020,,333,396,false,false,sd_unavailable
S2,1,humidity,75,navy,20,75,44,726.18,357.13,0.902,1.0,5.856,0.020,0.639,325,390,true,true,
S2,1,humidity,75,navy,20,75,45,740.18,350.13,0.902,1.0,5.994,0.020,0.668,315,384,false,true,sd_one_sided
S2,1,humidity,75,navy,20,75,46,754.18,340.13,0.902,1.0,6.190,0.020,0.697,305,376,true,true,
S2,1,humidity,75,navy,20,75,47,767.22,333.13,0.902,1.0,6.328,0.020,0.717,297,370,true,true,
S2,1,humidity,75,navy,20,75,48,781.22,323.13,0.902,1.0,6.524,0.020,0.737,286,361,true,true,
S2,1,humidity,75,navy,20,75,49,795.22,315.13,0.902,1.0,6.681,0.020,0.756,277,354,true,true,
S2,1,humidity,75,navy,20,75,50,809.22,307.13,0.902,1.0,6.838,0.020,0.806,266,348,true,false,sd_one_sided
S2,1,humidity,75,navy,20,75,51,823.22,297.13,0.902,1.0,7.035,0.020,0.864,253,342,true,false,sd_one_sided
S2,1,humidity,75,navy,20,75,52,837.22,289.13,0.902,1.0,7.192,0.020,0.884,244,334,true,true,
S2,1,humidity,75,navy,20,75,53,851.20,280.20,0.885,1.0,7.367,0.020,0.914,233,326,true,true,
S2,1,humidity,75,navy,20,75,54,865.20,272.20,0.885,1.0,7.524,0.020,0.953,223,320,true,true,
S2,1,humidity,75,navy,20,75,55,879.18,262.13,0.902,1.0,7.722,0.020,0.972,213,312,true,true,
S2,1,humidity,75,navy,20,75,56,893.18,251.13,0.902,1.0,7.939,0.020,1.041,198,304,true,true,
S2,1,humidity,75,navy,20,75,57,907.18,243.13,0.902,1.0,8.096,0.020,,187,299,false,false,sd_unavailable
S2,1,humidity,75,navy,20,75,58,921.18,234.13,0.902,1.0,8.273,0.020,,179,290,false,false,sd_unavailable
S2,1,humidity,75,navy,20,75,59,934.22,222.13,0.902,1.0,8.508,0.020,1.002,171,273,true,true,
S2,1,humidity,75,navy,20,75,60,948.22,208.13,0.902,1.0,8.783,0.020,1.179,148,268,true,true,
S2,1,humidity,75,navy,20,75,61,962.22,202.13,0.902,1.0,8.901,0.020,1.228,140,265,true,true,
S2,1,humidity,75,navy,20,75,62,976.22,192.13,0.902,1.0,9.098,0.020,1.248,129,256,true,true,
S2,1,humidity,75,orange,25,75,1,131.21,611.12,0.934,1.0,0.866,0.020,,607,615,false,false,sd_below_marker_radius
S2,1,humidity,75,orange,25,75,2,145.25,610.00,0.934,1.0,0.888,0.020,,606,614,false,false,sd_below_marker_radius
S2,1,humidity,75,orange,25,75,3,159.25,610.00,0.934,1.0,0.888,0.020,,606,614,false,false,sd_below_marker_radius
S2,1,humidity,75,orange,25,75,4,173.27,610.07,0.918,1.0,0.887,0.020,,605,614,false,false,sd_below_marker_radius
S2,1,humidity,75,orange,25,75,5,187.12,614.21,0.934,1.0,0.805,0.020,0.344,597,632,true,true,
S2,1,humidity,75,orange,25,75,6,201.19,588.05,0.951,1.0,1.319,0.020,0.609,557,619,true,true,
S2,1,humidity,75,orange,25,75,7,215.05,579.05,0.984,1.0,1.496,0.020,0.697,544,615,true,true,
S2,1,humidity,75,orange,25,75,8,229.05,575.05,0.984,1.0,1.575,0.020,0.668,541,609,true,true,
S2,1,humidity,75,orange,25,75,9,243.05,570.05,0.984,1.0,1.673,0.020,0.668,536,604,true,true,
S2,1,humidity,75,orange,25,75,10,257.05,564.05,0.984,1.0,1.791,0.020,0.639,532,597,true,true,
S2,1,humidity,75,orange,25,75,11,270.05,558.05,0.984,1.0,1.909,0.020,0.619,527,590,true,true,
S2,1,humidity,75,orange,25,75,12,284.05,553.05,0.984,1.0,2.007,0.020,0.560,525,582,true,true,
S2,1,humidity,75,orange,25,75,13,298.05,547.05,0.984,1.0,2.125,0.020,0.530,520,571,true,false,sd_one_sided
S2,1,humidity,75,orange,25,75,14,312.05,542.05,0.984,1.0,2.223,0.020,0.472,518,566,true,false,sd_one_sided
S2,1,humidity,75,orange,25,75,15,326.05,537.05,0.984,1.0,2.321,0.020,0.442,515,560,true,true,
S2,1,humidity,75,orange,25,75,16,340.05,532.05,0.984,1.0,2.419,0.020,0.422,510,553,true,true,
S2,1,humidity,75,orange,25,75,17,354.05,527.05,0.984,1.0,2.518,0.020,0.393,507,547,true,true,
S2,1,humidity,75,orange,25,75,18,368.05,521.05,0.984,1.0,2.636,0.020,0.344,504,539,true,true,
S2,1,humidity,75,orange,25,75,19,382.05,516.05,0.984,1.0,2.734,0.020,0.314,500,532,true,true,
S2,1,humidity,75,orange,25,75,20,396.05,511.05,0.984,1.0,2.832,0.020,0.285,496,525,true,true,
S2,1,humidity,75,orange,25,75,21,410.05,507.05,0.984,1.0,2.911,0.020,0.265,493,520,true,true,
S2,1,humidity,75,orange,25,75,22,424.05,502.05,0.984,1.0,3.009,0.020,0.265,488,515,true,true,
S2,1,humidity,75,orange,25,75,23,438.05,497.05,0.984,1.0,3.107,0.020,0.255,484,510,true,true,
S2,1,humidity,75,orange,25,75,24,451.05,492.05,0.984,1.0,3.205,0.020,0.265,479,506,true,true,
S2,1,humidity,75,orange,25,75,25,465.05,487.05,0.984,1.0,3.304,0.020,0.265,474,501,true,true,
S2,1,humidity,75,orange,25,75,26,479.05,484.05,0.984,1.0,3.362,0.020,0.275,470,498,true,true,
S2,1,humidity,75,orange,25,75,27,493.05,480.05,0.984,1.0,3.441,0.020,0.295,465,495,true,true,
S2,1,humidity,75,orange,25,75,28,507.25,477.00,0.934,1.0,3.501,0.020,0.295,462,492,true,true,
S2,1,humidity,75,orange,25,75,29,521.21,473.12,0.934,1.0,3.577,0.020,0.324,457,490,true,true,
S2,1,humidity,75,orange,25,75,30,535.05,472.05,0.984,1.0,3.598,0.020,0.334,455,489,true,true,
S2,1,humidity,75,orange,25,75,31,549.05,468.05,0.984,1.0,3.677,0.020,0.373,449,487,true,true,
S2,1,humidity,75,orange,25,75,32,563.05,466.05,0.984,1.0,3.716,0.020,0.373,447,485,true,true,
S2,1,humidity,75,orange,25,75,33,577.05,464.05,0.984,1.0,3.755,0.020,0.393,444,484,true,true,
S2,1,humidity,75,orange,25,75,34,591.05,462.05,0.984,1.0,3.795,0.020,0.422,441,484,true,true,
S2,1,humidity,75,orange,25,75,35,605.05,461.05,0.984,1.0,3.814,0.020,0.432,439,483,true,true,
S2,1,humidity,75,orange,25,75,36,618.05,459.05,0.984,1.0,3.854,0.020,0.452,436,482,true,true,
S2,1,humidity,75,orange,25,75,37,632.05,458.05,0.984,1.0,3.873,0.020,0.462,435,482,true,true,
S2,1,humidity,75,orange,25,75,38,646.05,457.05,0.984,1.0,3.893,0.020,0.472,433,481,true,true,
S2,1,humidity,75,orange,25,75,39,660.05,456.05,0.984,1.0,3.913,0.020,0.472,432,480,true,true,
S2,1,humidity,75,orange,25,75,40,674.05,455.05,0.984,1.0,3.932,0.020,0.472,431,479,true,true,
S2,1,humidity,75,orange,25,75,41,688.05,454.05,0.984,1.0,3.952,0.020,0.481,430,479,true,true,
S2,1,humidity,75,orange,25,75,42,702.05,453.05,0.984,1.0,3.972,0.020,0.501,428,479,true,true,
S2,1,humidity,75,orange,25,75,43,716.05,452.05,0.984,1.0,3.991,0.020,0.501,427,478,true,true,
S2,1,humidity,75,orange,25,75,44,730.05,451.05,0.984,1.0,4.011,0.020,0.501,426,477,true,true,
S2,1,humidity,75,orange,25,75,45,744.05,452.05,0.984,1.0,3.991,0.020,0.511,426,478,true,true,
S2,1,humidity,75,orange,25,75,46,758.05,451.05,0.984,1.0,4.011,0.020,0.521,425,478,true,true,
S2,1,humidity,75,orange,25,75,47,772.05,451.05,0.984,1.0,4.011,0.020,0.530,424,478,true,true,
S2,1,humidity,75,orange,25,75,48,786.05,451.05,0.984,1.0,4.011,0.020,0.540,423,478,true,true,
S2,1,humidity,75,orange,25,75,49,799.05,450.05,0.984,1.0,4.030,0.020,0.540,423,478,true,true,
S2,1,humidity,75,orange,25,75,50,813.05,450.05,0.984,1.0,4.030,0.020,0.540,422,477,true,true,
S2,1,humidity,75,orange,25,75,51,827.05,450.05,0.984,1.0,4.030,0.020,0.540,422,477,true,true,
S2,1,humidity,75,orange,25,75,52,841.05,449.05,0.984,1.0,4.050,0.020,0.540,422,477,true,true,
S2,1,humidity,75,orange,25,75,53,855.05,449.05,0.984,1.0,4.050,0.020,0.550,421,477,true,true,
S2,1,humidity,75,orange,25,75,54,869.05,449.05,0.984,1.0,4.050,0.020,0.550,421,477,true,true,
S2,1,humidity,75,orange,25,75,55,883.17,447.98,0.951,1.0,4.071,0.020,0.550,420,476,true,true,
S2,1,humidity,75,orange,25,75,56,897.19,448.05,0.951,1.0,4.070,0.020,0.550,420,476,true,true,
S2,1,humidity,75,orange,25,75,57,911.12,447.07,0.967,1.0,4.089,0.020,0.550,419,475,true,true,
S2,1,humidity,75,orange,25,75,58,925.05,447.05,0.984,1.0,4.089,0.020,0.550,419,475,true,true,
S2,1,humidity,75,orange,25,75,59,939.05,446.05,0.984,1.0,4.109,0.020,0.560,418,475,true,true,
S2,1,humidity,75,orange,25,75,60,953.05,446.05,0.984,1.0,4.109,0.020,0.570,417,475,true,true,
S2,1,humidity,75,orange,25,75,61,966.05,446.05,0.984,1.0,4.109,0.020,0.560,417,474,true,true,
S2,1,humidity,75,orange,25,75,62,980.05,445.05,0.984,1.0,4.129,0.020,0.560,417,474,true,true,
S2,1,humidity,75,green,30,75,1,128.94,618.44,0.885,1.0,0.722,0.020,0.157,615,626,false,true,sd_one_sided
S2,1,humidity,75,green,30,75,2,143.00,616.00,0.705,2.0,0.770,0.039,,614,619,false,false,marker_partially_hidden;sd_below_marker_radius
S2,1,humidity,75,green,30,75,3,157.00,615.50,0.705,2.0,0.780,0.039,,614,619,false,false,marker_partially_hidden;sd_below_marker_radius
S2,1,humidity,75,green,30,75,4,170.50,614.00,0.492,2.0,0.809,0.039,,612,617,false,false,marker_partially_hidden;sd_below_marker_radius
S2,1,humidity,75,green,30,75,5,185.00,610.00,0.574,2.0,0.888,0.039,,606,611,false,false,marker_partially_hidden;sd_below_marker_radius
S2,1,humidity,75,green,30,75,6,199.12,606.29,0.918,1.0,0.961,0.020,0.138,602,613,false,true,sd_one_sided
S2,1,humidity,75,green,30,75,7,213.20,599.20,0.885,1.0,1.100,0.020,,595,603,false,false,sd_below_marker_radius
S2,1,humidity,75,green,30,75,8,227.20,594.05,0.918,1.0,1.201,0.020,,590,599,false,false,sd_below_marker_radius
S2,1,humidity,75,green,30,75,9,241.18,590.13,0.902,1.0,1.278,0.020,0.118,584,596,false,true,sd_one_sided
S2,1,humidity,75,green,30,75,10,254.15,586.00,0.902,1.0,1.360,0.020,0.128,580,593,true,true,
S2,1,humidity,75,green,30,75,11,268.15,581.00,0.902,1.0,1.458,0.020,0.138,574,590,true,false,sd_one_sided
S2,1,humidity,75,green,30,75,12,282.15,577.00,0.902,1.0,1.536,0.020,0.157,569,586,true,false,sd_one_sided
S2,1,humidity,75,green,30,75,13,296.22,574.13,0.902,1.0,1.593,0.020,0.196,563,584,false,true,sd_one_sided
S2,1,humidity,75,green,30,75,14,310.22,569.13,0.902,1.0,1.691,0.020,0.216,558,580,false,true,sd_one_sided
S2,1,humidity,75,green,30,75,15,324.22,565.13,0.902,1.0,1.770,0.020,0.246,553,578,true,true,
S2,1,humidity,75,green,30,75,16,338.15,561.33,0.885,1.0,1.844,0.020,0.275,547,575,true,true,
S2,1,humidity,75,green,30,75,17,352.22,554.13,0.902,1.0,1.986,0.020,0.295,540,570,true,true,
S2,1,humidity,75,green,30,75,18,366.00,554.32,0.918,1.0,1.982,0.020,0.295,539,569,true,true,
S2,1,humidity,75,green,30,75,19,380.02,551.17,0.951,1.0,2.044,0.020,0.314,535,567,true,true,
S2,1,humidity,75,green,30,75,20,393.98,548.17,0.951,1.0,2.103,0.020,0.324,532,565,true,true,
S2,1,humidity,75,green,30,75,21,407.98,546.17,0.951,1.0,2.142,0.020,0.334,535,563,false,true,sd_one_sided
S2,1,humidity,75,green,30,75,22,421.98,544.17,0.951,1.0,2.181,0.020,0.334,527,561,true,true,
S2,1,humidity,75,green,30,75,23,435.02,542.17,0.951,1.0,2.221,0.020,0.354,524,560,true,true,
S2,1,humidity,75,green,30,75,24,449.02,541.17,0.951,1.0,2.240,0.020,0.354,523,559,true,true,
S2,1,humidity,75,green,30,75,25,463.02,539.17,0.951,1.0,2.280,0.020,0.344,522,557,true,true,
S2,1,humidity,75,green,30,75,26,477.02,537.17,0.951,1.0,2.319,0.020,0.363,519,556,true,true,
S2,1,humidity,75,green,30,75,27,491.02,536.17,0.951,1.0,2.338,0.020,0.373,517,555,true,false,sd_one_sided
S2,1,humidity,75,green,30,75,28,505.00,535.10,0.967,1.0,2.359,0.020,0.354,517,554,true,false,sd_one_sided
S2,1,humidity,75,green,30,75,29,519.00,534.10,0.967,1.0,2.379,0.020,0.373,515,553,true,true,
S2,1,humidity,75,green,30,75,30,533.05,533.05,0.951,1.0,2.400,0.020,0.354,515,551,true,true,
S2,1,humidity,75,green,30,75,31,547.00,533.10,0.967,1.0,2.399,0.020,0.363,514,551,true,true,
S2,1,humidity,75,green,30,75,32,561.05,532.05,0.951,1.0,2.419,0.020,0.373,513,551,true,true,
S2,1,humidity,75,green,30,75,33,575.11,531.11,0.918,1.0,2.438,0.020,0.373,512,550,true,true,
S2,1,humidity,75,green,30,75,34,589.18,531.13,0.902,1.0,2.438,0.020,0.373,512,550,true,true,
S2,1,humidity,75,green,30,75,35,602.16,530.18,0.918,1.0,2.456,0.020,0.393,510,550,true,true,
S2,1,humidity,75,green,30,75,36,616.02,530.17,0.951,1.0,2.456,0.020,0.413,509,551,true,true,
S2,1,humidity,75,green,30,75,37,630.02,529.17,0.951,1.0,2.476,0.020,0.403,509,550,true,true,
S2,1,humidity,75,green,30,75,38,644.02,530.17,0.951,1.0,2.456,0.020,0.403,509,550,true,true,
S2,1,humidity,75,green,30,75,39,658.02,529.17,0.951,1.0,2.476,0.020,0.403,509,550,true,true,
S2,1,humidity,75,green,30,75,40,672.02,529.17,0.951,1.0,2.476,0.020,0.432,508,551,false,true,sd_one_sided
S2,1,humidity,75,green,30,75,41,686.00,530.10,0.967,1.0,2.458,0.020,0.422,508,551,true,true,
S2,1,humidity,75,green,30,75,42,700.00,529.10,0.967,1.0,2.477,0.020,0.422,508,551,true,true,
S2,1,humidity,75,green,30,75,43,714.00,530.10,0.967,1.0,2.458,0.020,0.422,508,551,true,true,
S2,1,humidity,75,green,30,75,44,728.00,530.10,0.967,1.0,2.458,0.020,0.422,508,551,true,true,
S2,1,humidity,75,green,30,75,45,741.98,530.17,0.951,1.0,2.456,0.020,0.422,509,552,true,true,
S2,1,humidity,75,green,30,75,46,755.98,530.17,0.951,1.0,2.456,0.020,0.413,509,551,true,true,
S2,1,humidity,75,green,30,75,47,769.98,530.17,0.951,1.0,2.456,0.020,0.432,508,552,true,true,
S2,1,humidity,75,green,30,75,48,783.02,530.17,0.951,1.0,2.456,0.020,0.422,509,552,true,true,
S2,1,humidity,75,green,30,75,49,797.02,530.17,0.951,1.0,2.456,0.020,0.442,507,552,true,true,
S2,1,humidity,75,green,30,75,50,811.02,530.17,0.951,1.0,2.456,0.020,0.422,509,552,true,true,
S2,1,humidity,75,green,30,75,51,825.02,530.17,0.951,1.0,2.456,0.020,0.432,508,552,true,true,
S2,1,humidity,75,green,30,75,52,839.02,530.17,0.951,1.0,2.456,0.020,0.432,508,552,true,true,
S2,1,humidity,75,green,30,75,53,853.00,530.10,0.967,1.0,2.458,0.020,0.432,508,552,true,true,
S2,1,humidity,75,green,30,75,54,867.00,530.10,0.967,1.0,2.458,0.020,0.432,508,552,true,true,
S2,1,humidity,75,green,30,75,55,881.00,530.10,0.967,1.0,2.458,0.020,0.442,508,553,true,true,
S2,1,humidity,75,green,30,75,56,895.00,530.10,0.967,1.0,2.458,0.020,0.452,507,553,true,true,
S2,1,humidity,75,green,30,75,57,909.00,530.10,0.967,1.0,2.458,0.020,0.442,508,553,true,true,
S2,1,humidity,75,green,30,75,58,922.98,530.17,0.951,1.0,2.456,0.020,0.452,507,553,true,true,
S2,1,humidity,75,green,30,75,59,936.98,530.17,0.951,1.0,2.456,0.020,0.442,508,553,true,true,
S2,1,humidity,75,green,30,75,60,950.02,530.17,0.951,1.0,2.456,0.020,0.452,507,553,true,true,
S2,1,humidity,75,green,30,75,61,964.02,530.17,0.951,1.0,2.456,0.020,0.442,508,553,true,true,
S2,1,humidity,75,green,30,75,62,978.02,530.17,0.951,1.0,2.456,0.020,0.452,507,553,true,true,
S2,2,humidity,65,light_blue,15,65,1,131.23,610.21,0.852,1.0,0.884,0.020,,607,614,false,false,sd_below_marker_radius
S2,2,humidity,65,light_blue,15,65,2,145.19,611.70,0.869,1.0,0.855,0.020,,608,617,false,false,sd_below_marker_radius
S2,2,humidity,65,light_blue,15,65,3,159.00,611.00,0.836,2.0,0.868,0.039,0.138,604,619,true,false,marker_partially_hidden;sd_one_sided
S2,2,humidity,65,light_blue,15,65,4,173.00,611.00,0.836,2.0,0.868,0.039,0.118,605,617,false,true,marker_partially_hidden;sd_one_sided
S2,2,humidity,65,light_blue,15,65,5,187.25,610.77,0.869,1.0,0.873,0.020,,607,616,false,false,sd_below_marker_radius
S2,2,humidity,65,light_blue,15,65,6,201.30,609.21,0.869,1.0,0.904,0.020,,605,613,false,false,sd_below_marker_radius
S2,2,humidity,65,light_blue,15,65,7,215.14,610.11,0.934,1.0,0.886,0.020,0.138,603,617,false,true,sd_one_sided
S2,2,humidity,65,light_blue,15,65,8,229.14,608.12,0.934,1.0,0.925,0.020,,603,613,false,false,sd_below_marker_radius
S2,2,humidity,65,light_blue,15,65,9,243.00,607.10,0.967,1.0,0.945,0.020,0.118,601,613,true,true,
S2,2,humidity,65,light_blue,15,65,10,257.00,606.10,0.967,1.0,0.965,0.020,0.147,599,614,true,true,
S2,2,humidity,65,light_blue,15,65,11,270.02,605.17,0.951,1.0,0.983,0.020,0.157,597,613,true,true,
S2,2,humidity,65,light_blue,15,65,12,284.02,603.17,0.951,1.0,1.022,0.020,0.167,595,612,true,true,
S2,2,humidity,65,light_blue,15,65,13,298.02,600.17,0.951,1.0,1.081,0.020,0.177,591,609,true,true,
S2,2,humidity,65,light_blue,15,65,14,312.02,598.17,0.951,1.0,1.120,0.020,0.177,589,607,true,true,
S2,2,humidity,65,light_blue,15,65,15,326.00,595.10,0.967,1.0,1.181,0.020,0.206,585,606,true,true,
S2,2,humidity,65,light_blue,15,65,16,340.00,593.10,0.967,1.0,1.220,0.020,0.226,582,605,true,true,
S2,2,humidity,65,light_blue,15,65,17,354.00,591.10,0.967,1.0,1.259,0.020,0.226,580,603,true,true,
S2,2,humidity,65,light_blue,15,65,18,368.00,589.10,0.967,1.0,1.299,0.020,0.255,576,602,true,true,
S2,2,humidity,65,light_blue,15,65,19,382.00,586.10,0.967,1.0,1.358,0.020,0.255,573,599,true,true,
S2,2,humidity,65,light_blue,15,65,20,396.00,584.10,0.967,1.0,1.397,0.020,0.314,569,600,false,true,sd_one_sided
S2,2,humidity,65,light_blue,15,65,21,410.00,582.10,0.967,1.0,1.436,0.020,0.334,566,599,false,true,sd_one_sided
S2,2,humidity,65,light_blue,15,65,22,424.00,580.10,0.967,1.0,1.475,0.020,0.334,563,597,false,true,sd_one_sided
S2,2,humidity,65,light_blue,15,65,23,438.00,576.10,0.967,1.0,1.554,0.020,0.324,560,593,true,true,
S2,2,humidity,65,light_blue,15,65,24,451.09,574.19,0.934,1.0,1.591,0.020,0.354,560,592,false,true,sd_one_sided
S2,2,humidity,65,light_blue,15,65,25,465.24,571.18,0.902,1.0,1.651,0.020,0.373,552,590,true,true,
S2,2,humidity,65,light_blue,15,65,26,479.16,569.18,0.918,1.0,1.690,0.020,0.383,550,589,true,true,
S2,2,humidity,65,light_blue,15,65,27,493.16,567.25,0.902,1.0,1.728,0.020,0.413,546,588,true,true,
S2,2,humidity,65,light_blue,15,65,28,507.30,565.21,0.869,1.0,1.768,0.020,0.413,544,586,true,true,
S2,2,humidity,65,light_blue,15,65,29,521.23,563.34,0.869,1.0,1.805,0.020,0.442,540,585,true,true,
S2,2,humidity,65,light_blue,15,65,30,535.29,560.29,0.852,1.0,1.865,0.020,0.462,537,584,true,true,
S2,2,humidity,65,light_blue,15,65,31,549.00,559.00,0.836,2.0,1.890,0.039,0.481,535,584,true,true,marker_partially_hidden
S2,2,humidity,65,light_blue,15,65,32,563.33,557.13,0.852,1.0,1.927,0.020,0.501,531,582,true,true,
S2,2,humidity,65,light_blue,15,65,33,577.28,553.91,0.869,1.0,1.990,0.020,0.521,528,581,true,true,
S2,2,humidity,65,light_blue,15,65,34,591.13,551.89,0.902,1.0,2.030,0.020,0.560,524,581,true,true,
S2,2,humidity,65,light_blue,15,65,35,605.07,549.98,0.934,1.0,2.067,0.020,0.570,521,579,true,true,
S2,2,humidity,65,light_blue,15,65,36,618.04,549.11,0.934,1.0,2.084,0.020,0.580,519,578,true,true,
S2,2,humidity,65,light_blue,15,65,37,632.16,546.18,0.918,1.0,2.142,0.020,0.609,515,577,true,true,
S2,2,humidity,65,light_blue,15,65,38,646.16,545.18,0.918,1.0,2.162,0.020,0.648,512,578,true,true,
S2,2,humidity,65,light_blue,15,65,39,660.16,544.18,0.918,1.0,2.181,0.020,0.658,510,577,true,true,
S2,2,humidity,65,light_blue,15,65,40,674.14,542.11,0.934,1.0,2.222,0.020,0.668,508,576,true,true,
S2,2,humidity,65,light_blue,15,65,41,688.12,540.04,0.934,1.0,2.263,0.020,0.658,507,574,true,true,
S2,2,humidity,65,light_blue,15,65,42,702.20,540.05,0.918,1.0,2.262,0.020,0.688,505,575,true,true,
S2,2,humidity,65,light_blue,15,65,43,716.12,538.04,0.934,1.0,2.302,0.020,0.717,502,575,true,true,
S2,2,humidity,65,light_blue,15,65,44,730.05,536.05,0.951,1.0,2.341,0.020,0.737,499,574,true,true,
S2,2,humidity,65,light_blue,15,65,45,744.00,535.10,0.967,1.0,2.359,0.020,0.756,497,574,true,true,
S2,2,humidity,65,light_blue,15,65,46,758.00,533.10,0.967,1.0,2.399,0.020,0.776,494,573,true,true,
S2,2,humidity,65,light_blue,15,65,47,772.00,532.10,0.967,1.0,2.418,0.020,0.796,492,573,true,true,
S2,2,humidity,65,light_blue,15,65,48,786.00,531.10,0.967,1.0,2.438,0.020,0.815,490,573,true,true,
S2,2,humidity,65,light_blue,15,65,49,799.02,531.17,0.951,1.0,2.437,0.020,0.874,487,576,true,true,
S2,2,humidity,65,light_blue,15,65,50,813.02,530.17,0.951,1.0,2.456,0.020,0.874,486,575,true,true,
S2,2,humidity,65,light_blue,15,65,51,827.02,529.17,0.951,1.0,2.476,0.020,0.904,483,575,true,true,
S2,2,humidity,65,light_blue,15,65,52,841.02,527.17,0.951,1.0,2.515,0.020,0.914,481,574,true,true,
S2,2,humidity,65,light_blue,15,65,53,855.00,525.10,0.967,1.0,2.556,0.020,0.953,477,574,true,true,
S2,2,humidity,65,light_blue,15,65,54,869.00,525.10,0.967,1.0,2.556,0.020,0.982,475,575,true,true,
S2,2,humidity,65,light_blue,15,65,55,883.00,524.10,0.967,1.0,2.576,0.020,1.012,473,576,true,true,
S2,2,humidity,65,light_blue,15,65,56,897.00,522.10,0.967,1.0,2.615,0.020,1.041,469,575,true,true,
S2,2,humidity,65,light_blue,15,65,57,911.00,521.10,0.967,1.0,2.635,0.020,1.071,467,576,true,true,
S2,2,humidity,65,light_blue,15,65,58,925.00,520.10,0.967,1.0,2.654,0.020,1.120,463,577,true,true,
S2,2,humidity,65,light_blue,15,65,59,939.00,519.10,0.967,1.0,2.674,0.020,1.130,462,577,true,true,
S2,2,humidity,65,light_blue,15,65,60,953.00,519.10,0.967,1.0,2.674,0.020,1.130,461,576,true,true,
S2,2,humidity,65,light_blue,15,65,61,966.02,518.17,0.951,1.0,2.692,0.020,1.159,459,577,true,true,
S2,2,humidity,65,light_blue,15,65,62,980.02,516.17,0.951,1.0,2.731,0.020,1.179,456,576,true,true,
S2,2,humidity,65,navy,20,65,1,124.33,610.33,0.525,2.0,0.881,0.039,,606,614,false,false,marker_partially_hidden;sd_below_marker_radius
S2,2,humidity,65,navy,20,65,2,138.33,612.33,0.574,2.0,0.842,0.039,,608,617,false,false,marker_partially_hidden;sd_below_marker_radius
S2,2,humidity,65,navy,20,65,3,151.00,612.50,0.393,2.0,0.839,0.039,,608,621,false,false,marker_partially_hidden;sd_unavailable
S2,2,humidity,65,navy,20,65,4,166.98,621.08,0.852,1.0,0.670,0.020,0.236,609,633,false,true,sd_one_sided
S2,2,humidity,65,navy,20,65,5,181.00,614.00,0.672,2.0,0.809,0.039,0.138,612,621,false,true,marker_partially_hidden;sd_one_sided
S2,2,humidity,65,navy,20,65,6,194.67,612.67,0.705,2.0,0.836,0.039,0.216,600,624,false,true,marker_partially_hidden;sd_one_sided
S2,2,humidity,65,navy,20,65,7,208.50,607.00,0.525,2.0,0.947,0.039,0.177,597,615,true,true,marker_partially_hidden
S2,2,humidity,65,navy,20,65,8,222.00,602.50,0.607,2.0,1.035,0.039,0.157,594,610,true,true,marker_partially_hidden
S2,2,humidity,65,navy,20,65,9,236.00,597.00,0.656,2.0,1.143,0.039,0.138,595,604,false,true,marker_partially_hidden;sd_one_sided
S2,2,humidity,65,navy,20,65,10,250.00,595.00,0.770,2.0,1.183,0.039,,591,600,false,false,marker_partially_hidden;sd_below_marker_radius
S2,2,humidity,65,navy,20,65,11,264.00,590.50,0.672,2.0,1.271,0.039,0.138,588,597,false,true,marker_partially_hidden;sd_one_sided
S2,2,humidity,65,navy,20,65,12,278.00,588.00,0.689,2.0,1.320,0.039,,585,593,false,false,marker_partially_hidden;sd_below_marker_radius
S2,2,humidity,65,navy,20,65,13,292.00,583.50,0.672,2.0,1.409,0.039,0.118,581,590,false,true,marker_partially_hidden;sd_one_sided
S2,2,humidity,65,navy,20,65,14,306.00,582.00,0.475,2.0,1.438,0.039,,573,587,false,false,marker_partially_hidden;sd_unavailable
S2,2,humidity,65,navy,20,65,15,320.00,579.00,0.508,2.0,1.497,0.039,,570,583,false,false,marker_partially_hidden;sd_unavailable
S2,2,humidity,65,navy,20,65,16,334.00,576.50,0.377,2.0,1.546,0.039,0.157,568,581,true,false,marker_partially_hidden;sd_one_sided
S2,2,humidity,65,navy,20,65,19,376.00,565.00,0.393,2.0,1.772,0.039,0.138,559,572,false,true,marker_partially_hidden;sd_one_sided
S2,2,humidity,65,navy,20,65,20,390.00,562.50,0.459,2.0,1.821,0.039,,557,564,false,false,marker_partially_hidden;sd_below_marker_radius
S2,2,humidity,65,navy,20,65,21,402.00,560.00,0.574,2.0,1.870,0.039,,554,567,false,false,marker_partially_hidden;sd_unavailable
S2,2,humidity,65,navy,20,65,22,417.00,557.50,0.557,2.0,1.919,0.039,0.118,552,562,true,false,marker_partially_hidden;sd_one_sided
S2,2,humidity,65,navy,20,65,23,431.00,557.00,0.459,2.0,1.929,0.039,0.138,550,561,true,false,marker_partially_hidden;sd_one_sided
S2,2,humidity,65,navy,20,65,24,445.00,554.00,0.574,2.0,1.988,0.039,0.138,547,561,true,false,marker_partially_hidden;sd_one_sided
S2,2,humidity,65,navy,20,65,25,459.00,553.00,0.607,2.0,2.008,0.039,0.138,546,560,true,false,marker_partially_hidden;sd_one_sided
S2,2,humidity,65,navy,20,65,26,473.00,552.00,0.689,2.0,2.028,0.039,0.147,544,559,true,true,marker_partially_hidden
S2,2,humidity,65,navy,20,65,27,487.00,550.00,0.803,2.0,2.067,0.039,0.157,542,558,true,true,marker_partially_hidden
S2,2,humidity,65,navy,20,65,28,501.00,549.00,0.836,2.0,2.086,0.039,0.177,540,558,true,false,marker_partially_hidden;sd_one_sided
S2,2,humidity,65,navy,20,65,29,515.04,548.13,0.869,1.0,2.103,0.020,0.157,540,556,true,false,sd_one_sided
S2,2,humidity,65,navy,20,65,30,529.04,547.13,0.869,1.0,2.123,0.020,,539,555,false,false,sd_unavailable
S2,2,humidity,65,navy,20,65,31,543.04,547.13,0.869,1.0,2.123,0.020,0.177,538,555,true,false,sd_one_sided
S2,2,humidity,65,navy,20,65,32,557.04,545.13,0.869,1.0,2.162,0.020,0.157,537,554,true,false,sd_one_sided
S2,2,humidity,65,navy,20,65,33,570.15,545.15,0.885,1.0,2.162,0.020,0.157,537,554,true,false,sd_one_sided
S2,2,humidity,65,navy,20,65,34,584.15,545.15,0.885,1.0,2.162,0.020,0.157,537,553,true,true,
S2,2,humidity,65,navy,20,65,35,598.15,545.15,0.885,1.0,2.162,0.020,,536,554,false,false,sd_unavailable
S2,2,humidity,65,navy,20,65,36,612.09,544.06,0.869,1.0,2.184,0.020,0.157,535,552,false,true,sd_one_sided
S2,2,humidity,65,navy,20,65,37,626.00,544.00,0.770,2.0,2.185,0.039,0.147,536,551,true,true,marker_partially_hidden
S2,2,humidity,65,navy,20,65,38,640.00,543.00,0.787,2.0,2.204,0.039,0.167,535,552,true,true,marker_partially_hidden
S2,2,humidity,65,navy,20,65,39,654.00,542.00,0.787,2.0,2.224,0.039,0.167,534,551,true,true,marker_partially_hidden
S2,2,humidity,65,navy,20,65,40,668.00,542.00,0.721,2.0,2.224,0.039,0.157,534,550,true,true,marker_partially_hidden
S2,2,humidity,65,navy,20,65,41,682.00,543.00,0.803,2.0,2.204,0.039,0.157,535,551,true,false,marker_partially_hidden;sd_one_sided
S2,2,humidity,65,navy,20,65,42,696.00,541.00,0.770,2.0,2.244,0.039,,533,550,false,false,marker_partially_hidden;sd_unavailable
S2,2,humidity,65,navy,20,65,43,710.00,541.00,0.803,2.0,2.244,0.039,0.157,533,550,true,false,marker_partially_hidden;sd_one_sided
S2,2,humidity,65,navy,20,65,44,724.05,541.05,0.902,1.0,2.243,0.020,,533,550,false,false,sd_unavailable
S2,2,humidity,65,navy,20,65,45,737.22,541.13,0.902,1.0,2.241,0.020,0.177,532,550,true,true,
S2,2,humidity,65,navy,20,65,46,751.22,541.13,0.902,1.0,2.241,0.020,0.177,532,550,true,false,sd_one_sided
S2,2,humidity,65,navy,20,65,47,765.22,540.13,0.902,1.0,2.261,0.020,0.167,532,549,true,true,
S2,2,humidity,65,navy,20,65,48,779.22,539.13,0.902,1.0,2.280,0.020,,530,549,false,false,sd_unavailable
S2,2,humidity,65,navy,20,65,49,793.22,539.13,0.902,1.0,2.280,0.020,0.177,530,549,true,false,sd_one_sided
S2,2,humidity,65,navy,20,65,50,807.22,539.13,0.902,1.0,2.280,0.020,0.177,529,548,false,true,sd_one_sided
S2,2,humidity,65,navy,20,65,51,821.22,539.13,0.902,1.0,2.280,0.020,0.196,529,549,true,true,
S2,2,humidity,65,navy,20,65,52,835.20,538.20,0.885,1.0,2.299,0.020,0.187,529,548,true,true,
S2,2,humidity,65,navy,20,65,53,849.20,538.20,0.885,1.0,2.299,0.020,0.196,528,549,true,false,sd_one_sided
S2,2,humidity,65,navy,20,65,54,863.18,538.13,0.902,1.0,2.300,0.020,0.196,528,548,true,true,
S2,2,humidity,65,navy,20,65,55,877.18,537.13,0.902,1.0,2.320,0.020,0.196,527,547,true,true,
S2,2,humidity,65,navy,20,65,56,891.18,538.13,0.902,1.0,2.300,0.020,0.187,528,547,true,true,
S2,2,humidity,65,navy,20,65,57,905.18,537.13,0.902,1.0,2.320,0.020,0.187,528,547,true,true,
S2,2,humidity,65,navy,20,65,58,918.22,537.13,0.902,1.0,2.320,0.020,0.206,527,548,true,true,
S2,2,humidity,65,navy,20,65,59,932.22,537.13,0.902,1.0,2.320,0.020,0.187,528,547,true,true,
S2,2,humidity,65,navy,20,65,60,946.22,537.13,0.902,1.0,2.320,0.020,0.216,526,548,true,false,sd_one_sided
S2,2,humidity,65,navy,20,65,61,960.22,537.13,0.902,1.0,2.320,0.020,0.216,525,548,false,true,sd_one_sided
S2,2,humidity,65,navy,20,65,62,974.22,538.13,0.902,1.0,2.300,0.020,,527,548,false,false,sd_unavailable
S2,2,humidity,65,orange,25,65,1,126.91,616.35,0.902,1.0,0.763,0.020,0.216,612,627,false,true,sd_one_sided
S2,2,humidity,65,orange,25,65,2,141.02,619.17,0.951,1.0,0.708,0.020,0.196,615,629,false,true,sd_one_sided
S2,2,humidity,65,orange,25,65,3,154.98,617.37,0.885,1.0,0.743,0.020,0.246,605,630,true,true,
S2,2,humidity,65,orange,25,65,4,169.00,613.00,0.590,2.0,0.829,0.039,0.196,603,624,true,false,marker_partially_hidden;sd_one_sided
S2,2,humidity,65,orange,25,65,5,183.00,609.00,0.475,2.0,0.908,0.039,0.206,599,620,true,true,marker_partially_hidden
S2,2,humidity,65,orange,25,65,6,197.00,606.00,0.705,2.0,0.967,0.039,,602,610,false,false,marker_partially_hidden;sd_below_marker_radius
S2,2,humidity,65,orange,25,65,7,211.09,602.07,0.951,1.0,1.044,0.020,0.177,598,611,false,true,sd_one_sided
S2,2,humidity,65,orange,25,65,8,225.16,598.05,0.934,1.0,1.123,0.020,,587,608,false,false,sd_unavailable
S2,2,humidity,65,orange,25,65,9,238.00,592.18,0.918,1.0,1.238,0.020,0.196,583,602,false,true,sd_one_sided
S2,2,humidity,65,orange,25,65,10,252.00,588.00,0.820,2.0,1.320,0.039,0.216,577,599,true,true,marker_partially_hidden
S2,2,humidity,65,orange,25,65,11,266.00,585.00,0.820,2.0,1.379,0.039,0.226,574,597,true,true,marker_partially_hidden
S2,2,humidity,65,orange,25,65,12,280.02,582.33,0.885,1.0,1.432,0.020,0.236,570,594,true,true,
S2,2,humidity,65,orange,25,65,13,294.00,578.00,0.820,2.0,1.517,0.039,0.246,566,591,true,true,marker_partially_hidden
S2,2,humidity,65,orange,25,65,14,308.16,577.05,0.934,1.0,1.535,0.020,0.255,564,590,true,true,
S2,2,humidity,65,orange,25,65,15,322.16,574.05,0.934,1.0,1.594,0.020,0.236,562,586,true,true,
S2,2,humidity,65,orange,25,65,16,336.23,572.07,0.918,1.0,1.633,0.020,0.255,559,585,true,true,
S2,2,humidity,65,orange,25,65,17,350.25,571.00,0.934,1.0,1.654,0.020,0.246,558,583,true,true,
S2,2,humidity,65,orange,25,65,18,364.21,569.12,0.934,1.0,1.691,0.020,0.236,557,581,false,true,sd_one_sided
S2,2,humidity,65,orange,25,65,19,378.20,568.20,0.918,1.0,1.709,0.020,0.236,556,580,false,true,sd_one_sided
S2,2,humidity,65,orange,25,65,20,392.12,567.21,0.934,1.0,1.729,0.020,0.216,563,578,false,true,sd_one_sided
S2,2,humidity,65,orange,25,65,21,406.07,566.12,0.967,1.0,1.750,0.020,0.216,562,577,false,true,sd_one_sided
S2,2,humidity,65,orange,25,65,22,419.02,565.17,0.951,1.0,1.769,0.020,0.196,561,575,false,true,sd_one_sided
S2,2,humidity,65,orange,25,65,23,433.00,564.25,0.934,1.0,1.787,0.020,0.177,560,573,false,true,sd_one_sided
S2,2,humidity,65,orange,25,65,24,447.03,564.12,0.967,1.0,1.789,0.020,,560,573,false,false,sd_unavailable
S2,2,humidity,65,orange,25,65,25,460.96,563.38,0.902,1.0,1.804,0.020,,560,572,false,false,sd_unavailable
S2,2,humidity,65,orange,25,65,26,474.83,563.13,0.869,1.0,1.809,0.020,0.157,559,571,false,true,sd_one_sided
S2,2,humidity,65,orange,25,65,27,489.00,562.00,0.721,2.0,1.831,0.039,0.138,559,569,false,true,marker_partially_hidden;sd_one_sided
S2,2,humidity,65,orange,25,65,28,502.00,563.00,0.607,2.0,1.811,0.039,,559,569,false,false,marker_partially_hidden;sd_unavailable
S2,2,humidity,65,orange,25,65,29,515.67,562.67,0.508,2.0,1.818,0.039,,554,568,false,false,marker_partially_hidden;sd_unavailable
S2,2,humidity,65,orange,25,65,30,530.00,562.00,0.590,2.0,1.831,0.039,,555,569,false,false,marker_partially_hidden;sd_unavailable
S2,2,humidity,65,orange,25,65,31,544.00,562.50,0.607,2.0,1.821,0.039,0.138,553,569,false,true,marker_partially_hidden;sd_one_sided
S2,2,humidity,65,orange,25,65,32,558.50,562.00,0.689,2.0,1.831,0.039,,553,569,false,false,marker_partially_hidden;sd_unavailable
S2,2,humidity,65,orange,25,65,33,572.00,562.00,0.590,2.0,1.831,0.039,0.177,553,568,true,false,marker_partially_hidden;sd_one_sided
S2,2,humidity,65,orange,25,65,34,586.00,562.00,0.803,2.0,1.831,0.039,0.138,553,569,false,true,marker_partially_hidden;sd_one_sided
S2,2,humidity,65,orange,25,65,35,600.00,561.00,0.574,2.0,1.851,0.039,0.157,552,568,true,true,marker_partially_hidden
S2,2,humidity,65,orange,25,65,36,614.00,561.50,0.754,2.0,1.841,0.039,0.118,553,568,false,true,marker_partially_hidden;sd_one_sided
S2,2,humidity,65,orange,25,65,37,628.00,561.00,0.574,2.0,1.851,0.039,0.167,552,569,true,true,marker_partially_hidden
S2,2,humidity,65,orange,25,65,38,642.00,561.50,0.656,2.0,1.841,0.039,0.167,552,569,true,true,marker_partially_hidden;sd_asymmetric_bar
S2,2,humidity,65,orange,25,65,39,656.00,561.50,0.656,2.0,1.841,0.039,0.177,552,570,true,true,marker_partially_hidden
S2,2,humidity,65,orange,25,65,40,670.00,560.50,0.557,2.0,1.861,0.039,0.157,552,569,true,false,marker_partially_hidden;sd_one_sided
S2,2,humidity,65,orange,25,65,41,684.00,560.00,0.557,2.0,1.870,0.039,0.157,552,569,true,false,marker_partially_hidden;sd_one_sided
S2,2,humidity,65,orange,25,65,42,698.00,560.00,0.557,2.0,1.870,0.039,0.157,552,569,true,false,marker_partially_hidden;sd_one_sided
S2,2,humidity,65,orange,25,65,43,711.50,561.00,0.557,2.0,1.851,0.039,0.196,551,569,true,false,marker_partially_hidden;sd_one_sided
S2,2,humidity,65,orange,25,65,44,725.50,561.00,0.557,2.0,1.851,0.039,0.177,552,569,true,false,marker_partially_hidden;sd_one_sided
S2,2,humidity,65,orange,25,65,45,739.50,561.00,0.557,2.0,1.851,0.039,,550,569,false,false,marker_partially_hidden;sd_unavailable
S2,2,humidity,65,orange,25,65,46,753.00,559.00,0.410,2.0,1.890,0.039,0.177,550,568,true,true,marker_partially_hidden
S2,2,humidity,65,orange,25,65,47,766.50,561.00,0.639,2.0,1.851,0.039,0.196,551,569,true,false,marker_partially_hidden;sd_one_sided
S2,2,humidity,65,orange,25,65,48,780.50,560.00,0.475,2.0,1.870,0.039,0.177,550,568,true,true,marker_partially_hidden
S2,2,humidity,65,orange,25,65,49,794.00,559.00,0.410,2.0,1.890,0.039,0.187,549,568,true,true,marker_partially_hidden
S2,2,humidity,65,orange,25,65,50,808.00,559.00,0.410,2.0,1.890,0.039,0.196,549,569,true,false,marker_partially_hidden;sd_one_sided
S2,2,humidity,65,orange,25,65,51,823.00,558.00,0.393,2.0,1.910,0.039,0.187,549,568,true,true,marker_partially_hidden
S2,2,humidity,65,orange,25,65,52,836.50,560.00,0.459,2.0,1.870,0.039,0.216,549,569,true,false,marker_partially_hidden;sd_one_sided
S2,2,humidity,65,orange,25,65,53,851.00,558.00,0.393,2.0,1.910,0.039,0.196,548,568,false,true,marker_partially_hidden;sd_one_sided
S2,2,humidity,65,orange,25,65,54,865.00,557.00,0.377,2.0,1.929,0.039,0.167,549,566,true,true,marker_partially_hidden
S2,2,humidity,65,orange,25,65,55,878.00,560.50,0.475,2.0,1.861,0.039,0.216,549,569,true,false,marker_partially_hidden;sd_one_sided
S2,2,humidity,65,orange,25,65,56,892.00,559.00,0.410,2.0,1.890,0.039,0.177,549,567,true,true,marker_partially_hidden
S2,2,humidity,65,orange,25,65,57,906.33,558.33,0.361,2.0,1.903,0.039,0.187,549,568,true,true,marker_partially_hidden
S2,2,humidity,65,orange,25,65,58,920.33,557.33,0.361,2.0,1.923,0.039,0.167,549,566,true,true,marker_partially_hidden
S2,2,humidity,65,orange,25,65,59,934.00,557.00,0.508,2.0,1.929,0.039,0.167,549,566,true,true,marker_partially_hidden
S2,2,humidity,65,orange,25,65,60,948.00,557.00,0.410,2.0,1.929,0.039,0.187,548,567,true,true,marker_partially_hidden
S2,2,humidity,65,orange,25,65,61,962.00,557.00,0.377,2.0,1.929,0.039,0.157,549,565,true,true,marker_partially_hidden
S2,2,humidity,65,orange,25,65,62,976.00,557.00,0.377,2.0,1.929,0.039,0.177,547,566,false,true,marker_partially_hidden;sd_one_sided
S2,2,humidity,65,green,30,65,1,129.00,605.00,0.738,2.0,0.986,0.039,0.177,596,607,true,false,marker_partially_hidden;sd_one_sided
S2,2,humidity,65,green,30,65,2,143.00,607.00,0.525,2.0,0.947,0.039,0.314,592,624,true,true,marker_partially_hidden
S2,2,humidity,65,green,30,65,3,156.00,608.00,0.410,2.0,0.927,0.039,0.265,595,622,true,true,marker_partially_hidden
S2,2,humidity,65,green,30,65,4,170.50,607.00,0.525,2.0,0.947,0.039,0.275,593,619,true,false,marker_partially_hidden;sd_one_sided
S2,2,humidity,65,green,30,65,5,185.00,604.00,0.836,2.0,1.006,0.039,0.275,590,619,true,false,marker_partially_hidden;sd_one_sided
S2,2,humidity,65,green,30,65,6,199.07,598.12,0.951,1.0,1.121,0.020,0.236,586,602,true,false,sd_one_sided
S2,2,humidity,65,green,30,65,7,213.12,594.07,0.934,1.0,1.201,0.020,0.216,583,598,true,false,sd_one_sided
S2,2,humidity,65,green,30,65,8,226.98,590.17,0.951,1.0,1.278,0.020,0.216,579,594,true,false,sd_one_sided
S2,2,humidity,65,green,30,65,9,241.13,585.07,0.902,1.0,1.378,0.020,0.206,575,596,true,true,
S2,2,humidity,65,green,30,65,10,254.07,581.98,0.902,1.0,1.438,0.020,0.236,570,593,true,false,sd_one_sided
S2,2,humidity,65,green,30,65,11,268.07,578.98,0.902,1.0,1.497,0.020,0.216,568,589,true,false,sd_one_sided
S2,2,humidity,65,green,30,65,12,282.09,575.05,0.918,1.0,1.575,0.020,0.196,565,586,true,false,sd_one_sided
S2,2,humidity,65,green,30,65,13,296.07,571.98,0.902,1.0,1.635,0.020,0.196,562,583,true,false,sd_one_sided
S2,2,humidity,65,green,30,65,14,310.02,569.17,0.951,1.0,1.690,0.020,0.196,559,573,true,false,sd_one_sided
S2,2,humidity,65,green,30,65,15,324.02,566.17,0.951,1.0,1.749,0.020,0.216,555,578,true,false,sd_one_sided
S2,2,humidity,65,green,30,65,16,338.02,564.17,0.951,1.0,1.788,0.020,0.236,552,576,true,false,sd_one_sided
S2,2,humidity,65,green,30,65,17,352.00,562.10,0.967,1.0,1.829,0.020,0.236,550,567,true,false,sd_one_sided
S2,2,humidity,65,green,30,65,18,366.00,560.10,0.967,1.0,1.868,0.020,0.236,548,573,true,false,sd_one_sided
S2,2,humidity,65,green,30,65,19,380.00,559.10,0.967,1.0,1.888,0.020,0.255,546,564,true,false,sd_one_sided
S2,2,humidity,65,green,30,65,20,394.18,558.13,0.902,1.0,1.907,0.020,0.255,545,562,true,false,sd_one_sided
S2,2,humidity,65,green,30,65,21,408.11,557.11,0.918,1.0,1.927,0.020,0.236,545,570,true,false,sd_one_sided
S2,2,humidity,65,green,30,65,22,422.20,557.05,0.918,1.0,1.928,0.020,0.255,544,570,true,false,sd_one_sided
S2,2,humidity,65,green,30,65,23,435.22,556.13,0.902,1.0,1.946,0.020,0.246,544,569,true,true,
S2,2,humidity,65,green,30,65,24,449.16,556.18,0.918,1.0,1.945,0.020,0.246,544,569,true,true,
S2,2,humidity,65,green,30,65,25,463.24,556.06,0.885,1.0,1.948,0.020,0.236,544,568,true,false,sd_one_sided
S2,2,humidity,65,green,30,65,26,477.21,556.02,0.918,1.0,1.949,0.020,0.236,544,560,true,false,sd_one_sided
S2,2,humidity,65,green,30,65,27,491.20,555.95,0.902,1.0,1.950,0.020,0.236,544,560,true,false,sd_one_sided
S2,2,humidity,65,green,30,65,28,505.15,556.00,0.885,1.0,1.949,0.020,0.236,544,569,true,false,sd_one_sided
S2,2,humidity,65,green,30,65,29,519.13,555.74,0.885,1.0,1.954,0.020,0.246,544,569,true,true,
S2,2,humidity,65,green,30,65,30,533.00,556.00,0.639,2.0,1.949,0.039,0.246,544,569,true,true,marker_partially_hidden
S2,2,humidity,65,green,30,65,31,546.50,555.00,0.541,2.0,1.969,0.039,0.246,544,569,true,true,marker_partially_hidden;sd_asymmetric_bar
S2,2,humidity,65,green,30,65,32,560.00,555.00,0.361,2.0,1.969,0.039,0.275,547,569,false,true,marker_partially_hidden;sd_one_sided
S2,2,humidity,65,green,30,65,33,575.00,557.00,0.443,2.0,1.929,0.039,0.236,544,569,false,true,marker_partially_hidden;sd_one_sided
S2,2,humidity,65,green,30,65,34,589.00,556.00,0.607,2.0,1.949,0.039,0.255,544,569,false,true,marker_partially_hidden;sd_one_sided
S2,2,humidity,65,green,30,65,35,602.00,557.00,0.836,2.0,1.929,0.039,0.255,544,570,false,true,marker_partially_hidden;sd_one_sided
S2,2,humidity,65,green,30,65,36,616.00,556.00,0.836,2.0,1.949,0.039,0.275,544,570,false,true,marker_partially_hidden;sd_one_sided
S2,2,humidity,65,green,30,65,37,630.23,556.96,0.869,1.0,1.930,0.020,0.255,550,570,false,true,sd_one_sided
S2,2,humidity,65,green,30,65,38,644.20,556.91,0.902,1.0,1.931,0.020,0.255,549,570,false,true,sd_one_sided
S2,2,humidity,65,green,30,65,39,658.20,556.91,0.902,1.0,1.931,0.020,,548,570,false,false,sd_unavailable
S2,2,humidity,65,green,30,65,40,672.23,556.96,0.869,1.0,1.930,0.020,0.255,546,570,false,true,sd_one_sided
S2,2,humidity,65,green,30,65,41,686.23,556.96,0.869,1.0,1.930,0.020,0.255,545,570,false,true,sd_one_sided
S2,2,humidity,65,green,30,65,42,700.23,556.96,0.869,1.0,1.930,0.020,0.255,544,570,false,true,sd_one_sided
S2,2,humidity,65,green,30,65,43,714.20,556.89,0.885,1.0,1.931,0.020,0.255,544,570,false,true,sd_one_sided
S2,2,humidity,65,green,30,65,44,728.20,556.89,0.885,1.0,1.931,0.020,0.255,544,570,false,true,sd_one_sided
S2,2,humidity,65,green,30,65,45,742.20,556.89,0.885,1.0,1.931,0.020,0.255,544,570,false,true,sd_one_sided
S2,2,humidity,65,green,30,65,46,756.30,556.98,0.885,1.0,1.930,0.020,0.246,545,570,true,true,
S2,2,humidity,65,green,30,65,47,770.30,556.98,0.885,1.0,1.930,0.020,0.255,544,570,true,true,
S2,2,humidity,65,green,30,65,48,783.31,556.98,0.852,1.0,1.930,0.020,0.255,544,570,true,true,
S2,2,humidity,65,green,30,65,49,797.32,557.06,0.869,1.0,1.928,0.020,0.255,544,570,true,true,
S2,2,humidity,65,green,30,65,50,811.32,557.06,0.869,1.0,1.928,0.020,0.246,545,570,true,true,
S2,2,humidity,65,green,30,65,51,825.37,557.00,0.885,1.0,1.929,0.020,0.255,544,570,true,true,
S2,2,humidity,65,green,30,65,52,839.28,556.91,0.869,1.0,1.931,0.020,0.246,545,570,true,true,
S2,2,humidity,65,green,30,65,53,853.30,556.98,0.885,1.0,1.930,0.020,0.255,544,570,true,true,
S2,2,humidity,65,green,30,65,54,867.30,557.13,0.885,1.0,1.927,0.020,0.246,545,570,true,true,
S2,2,humidity,65,green,30,65,55,881.28,556.91,0.869,1.0,1.931,0.020,0.246,545,570,true,true,
S2,2,humidity,65,green,30,65,56,895.30,556.98,0.885,1.0,1.930,0.020,0.246,545,570,true,true,
S2,2,humidity,65,green,30,65,57,909.30,558.13,0.885,1.0,1.907,0.020,0.246,545,570,true,true,
S2,2,humidity,65,green,30,65,58,923.30,557.13,0.885,1.0,1.927,0.020,0.246,545,570,true,true,
S2,2,humidity,65,green,30,65,59,937.27,557.05,0.902,1.0,1.928,0.020,0.246,545,570,true,true,
S2,2,humidity,65,green,30,65,60,950.30,558.21,0.869,1.0,1.906,0.020,0.236,546,570,true,true,
S2,2,humidity,65,green,30,65,61,964.32,557.06,0.869,1.0,1.928,0.020,0.246,545,570,true,true,
S2,2,humidity,65,green,30,65,62,978.32,557.06,0.869,1.0,1.928,0.020,0.246,545,570,true,true,
S2,3,temperature,15,light_blue,15,65,1,131.15,610.35,0.885,1.0,0.881,0.020,,607,614,false,false,sd_below_marker_radius
S2,3,temperature,15,light_blue,15,65,2,145.25,611.77,0.869,1.0,0.853,0.020,0.138,605,617,true,false,sd_one_sided
S2,3,temperature,15,light_blue,15,65,3,159.30,611.21,0.869,1.0,0.864,0.020,0.147,604,619,true,true,
S2,3,temperature,15,light_blue,15,65,4,173.30,611.21,0.869,1.0,0.864,0.020,0.118,605,617,true,true,
S2,3,temperature,15,light_blue,15,65,5,187.27,610.05,0.902,1.0,0.887,0.020,0.118,604,616,true,true,
S2,3,temperature,15,light_blue,15,65,6,201.30,608.98,0.885,1.0,0.908,0.020,,605,613,false,false,sd_below_marker_radius
S2,3,temperature,15,light_blue,15,65,7,215.23,610.34,0.869,1.0,0.881,0.020,0.138,603,617,true,true,
S2,3,temperature,15,light_blue,15,65,8,229.30,608.21,0.869,1.0,0.923,0.020,,603,613,false,false,sd_below_marker_radius
S2,3,temperature,15,light_blue,15,65,9,243.20,606.91,0.885,1.0,0.949,0.020,0.118,601,611,true,false,sd_one_sided
S2,3,temperature,15,light_blue,15,65,10,257.22,605.96,0.902,1.0,0.967,0.020,0.147,599,614,true,true,
S2,3,temperature,15,light_blue,15,65,11,270.15,605.33,0.885,1.0,0.980,0.020,0.157,602,613,false,true,sd_one_sided
S2,3,temperature,15,light_blue,15,65,12,284.15,603.33,0.885,1.0,1.019,0.020,0.177,600,612,false,true,sd_one_sided
S2,3,temperature,15,light_blue,15,65,13,298.21,600.28,0.869,1.0,1.079,0.020,0.177,597,609,false,true,sd_one_sided
S2,3,temperature,15,light_blue,15,65,14,312.22,598.13,0.902,1.0,1.121,0.020,0.177,594,607,false,true,sd_one_sided
S2,3,temperature,15,light_blue,15,65,15,326.22,595.13,0.902,1.0,1.180,0.020,0.216,591,606,false,true,sd_one_sided
S2,3,temperature,15,light_blue,15,65,16,340.20,593.05,0.918,1.0,1.221,0.020,0.236,587,605,false,true,sd_one_sided
S2,3,temperature,15,light_blue,15,65,17,354.14,591.11,0.934,1.0,1.259,0.020,0.236,583,603,false,true,sd_one_sided
S2,3,temperature,15,light_blue,15,65,18,368.14,589.11,0.934,1.0,1.299,0.020,0.255,579,602,false,true,sd_one_sided
S2,3,temperature,15,light_blue,15,65,19,382.14,586.11,0.934,1.0,1.357,0.020,0.255,575,599,false,true,sd_one_sided
S2,3,temperature,15,light_blue,15,65,20,396.14,584.11,0.934,1.0,1.397,0.020,0.314,571,600,false,true,sd_one_sided
S2,3,temperature,15,light_blue,15,65,21,410.07,582.12,0.951,1.0,1.436,0.020,0.314,567,599,true,true,
S2,3,temperature,15,light_blue,15,65,22,424.00,580.10,0.967,1.0,1.475,0.020,0.334,563,597,false,true,sd_one_sided
S2,3,temperature,15,light_blue,15,65,23,438.07,576.12,0.951,1.0,1.554,0.020,0.324,560,593,true,true,
S2,3,temperature,15,light_blue,15,65,24,451.09,574.19,0.934,1.0,1.591,0.020,0.344,557,592,true,true,
S2,3,temperature,15,light_blue,15,65,25,465.09,571.19,0.934,1.0,1.650,0.020,0.373,552,590,true,true,
S2,3,temperature,15,light_blue,15,65,26,479.02,569.17,0.951,1.0,1.690,0.020,0.383,550,589,true,true,
S2,3,temperature,15,light_blue,15,65,27,493.02,567.17,0.951,1.0,1.729,0.020,0.413,546,588,true,true,
S2,3,temperature,15,light_blue,15,65,28,507.00,565.10,0.967,1.0,1.770,0.020,0.413,544,586,true,true,
S2,3,temperature,15,light_blue,15,65,29,521.00,563.10,0.967,1.0,1.809,0.020,0.442,540,585,true,true,
S2,3,temperature,15,light_blue,15,65,30,535.00,560.10,0.967,1.0,1.868,0.020,0.462,537,584,true,true,
S2,3,temperature,15,light_blue,15,65,31,549.00,559.10,0.967,1.0,1.888,0.020,0.481,535,584,true,true,
S2,3,temperature,15,light_blue,15,65,32,563.00,557.10,0.967,1.0,1.927,0.020,0.491,531,582,false,true,sd_one_sided
S2,3,temperature,15,light_blue,15,65,33,577.00,554.10,0.967,1.0,1.986,0.020,0.521,528,581,true,true,
S2,3,temperature,15,light_blue,15,65,34,591.00,552.10,0.967,1.0,2.026,0.020,0.560,524,581,true,true,
S2,3,temperature,15,light_blue,15,65,35,605.00,550.10,0.967,1.0,2.065,0.020,0.570,521,579,true,true,
S2,3,temperature,15,light_blue,15,65,36,618.02,549.17,0.951,1.0,2.083,0.020,0.580,519,578,true,true,
S2,3,temperature,15,light_blue,15,65,37,632.02,546.17,0.951,1.0,2.142,0.020,0.609,515,577,true,true,
S2,3,temperature,15,light_blue,15,65,38,646.02,545.17,0.951,1.0,2.162,0.020,0.648,512,578,true,true,
S2,3,temperature,15,light_blue,15,65,39,660.02,544.17,0.951,1.0,2.181,0.020,0.658,510,577,true,true,
S2,3,temperature,15,light_blue,15,65,40,674.00,542.10,0.967,1.0,2.222,0.020,0.668,508,576,false,true,sd_one_sided
S2,3,temperature,15,light_blue,15,65,41,688.00,540.10,0.967,1.0,2.261,0.020,0.658,507,574,true,true,
S2,3,temperature,15,light_blue,15,65,42,702.00,540.10,0.967,1.0,2.261,0.020,0.688,505,575,true,true,
S2,3,temperature,15,light_blue,15,65,43,716.00,538.10,0.967,1.0,2.301,0.020,0.717,502,575,true,true,
S2,3,temperature,15,light_blue,15,65,44,730.00,536.10,0.967,1.0,2.340,0.020,0.737,499,574,true,true,
S2,3,temperature,15,light_blue,15,65,45,744.00,535.10,0.967,1.0,2.359,0.020,0.756,497,574,true,true,
S2,3,temperature,15,light_blue,15,65,46,758.00,533.10,0.967,1.0,2.399,0.020,0.776,494,573,true,true,
S2,3,temperature,15,light_blue,15,65,47,772.00,532.10,0.967,1.0,2.418,0.020,0.796,492,573,true,true,
S2,3,temperature,15,light_blue,15,65,48,786.00,531.10,0.967,1.0,2.438,0.020,0.815,490,573,true,true,
S2,3,temperature,15,light_blue,15,65,49,799.02,531.17,0.951,1.0,2.437,0.020,0.874,487,576,true,true,
S2,3,temperature,15,light_blue,15,65,50,813.02,530.17,0.951,1.0,2.456,0.020,0.874,486,575,true,true,
S2,3,temperature,15,light_blue,15,65,51,827.02,529.17,0.951,1.0,2.476,0.020,0.904,483,575,true,true,
S2,3,temperature,15,light_blue,15,65,52,841.02,527.17,0.951,1.0,2.515,0.020,0.914,481,574,true,true,
S2,3,temperature,15,light_blue,15,65,53,855.00,525.10,0.967,1.0,2.556,0.020,0.953,477,574,true,true,
S2,3,temperature,15,light_blue,15,65,54,869.00,525.10,0.967,1.0,2.556,0.020,0.982,475,575,true,true,
S2,3,temperature,15,light_blue,15,65,55,883.00,524.10,0.967,1.0,2.576,0.020,1.012,473,576,true,true,
S2,3,temperature,15,light_blue,15,65,56,897.00,522.10,0.967,1.0,2.615,0.020,1.041,469,575,true,true,
S2,3,temperature,15,light_blue,15,65,57,911.00,521.10,0.967,1.0,2.635,0.020,1.071,467,576,true,true,
S2,3,temperature,15,light_blue,15,65,58,925.00,520.10,0.967,1.0,2.654,0.020,1.120,463,577,true,true,
S2,3,temperature,15,light_blue,15,65,59,939.00,519.10,0.967,1.0,2.674,0.020,1.130,462,577,true,true,
S2,3,temperature,15,light_blue,15,65,60,953.00,519.10,0.967,1.0,2.674,0.020,1.130,461,576,true,true,
S2,3,temperature,15,light_blue,15,65,61,966.02,518.17,0.951,1.0,2.692,0.020,1.159,459,577,true,true,
S2,3,temperature,15,light_blue,15,65,62,980.02,516.17,0.951,1.0,2.731,0.020,1.179,456,576,true,true,
S2,3,temperature,15,navy,15,70,1,125.00,610.00,0.541,2.0,0.888,0.039,,606,614,false,false,marker_partially_hidden;sd_below_marker_radius
S2,3,temperature,15,navy,15,70,2,139.00,610.00,0.459,2.0,0.888,0.039,,606,614,false,false,marker_partially_hidden;sd_below_marker_radius
S2,3,temperature,15,navy,15,70,3,153.00,610.00,0.459,2.0,0.888,0.039,,606,614,false,false,marker_partially_hidden;sd_below_marker_radius
S2,3,temperature,15,navy,15,70,4,167.00,610.00,0.459,2.0,0.888,0.039,,606,614,false,false,marker_partially_hidden;sd_below_marker_radius
S2,3,temperature,15,navy,15,70,5,181.00,610.00,0.459,2.0,0.888,0.039,,606,614,false,false,marker_partially_hidden;sd_below_marker_radius
S2,3,temperature,15,navy,15,70,6,195.00,610.00,0.459,2.0,0.888,0.039,,606,614,false,false,marker_partially_hidden;sd_below_marker_radius
S2,3,temperature,15,navy,15,70,7,209.00,610.00,0.541,2.0,0.888,0.039,,606,614,false,false,marker_partially_hidden;sd_below_marker_radius
S2,3,temperature,15,navy,15,70,8,222.00,609.00,0.607,2.0,0.908,0.039,,605,613,false,false,marker_partially_hidden;sd_below_marker_radius
S2,3,temperature,15,navy,15,70,9,235.67,607.33,0.607,2.0,0.940,0.039,0.118,602,613,false,true,marker_partially_hidden;sd_one_sided
S2,3,temperature,15,navy,15,70,10,249.50,605.00,0.541,2.0,0.986,0.039,0.157,600,613,false,true,marker_partially_hidden;sd_one_sided
S2,3,temperature,15,navy,15,70,11,264.00,605.00,0.639,2.0,0.986,0.039,0.138,598,612,false,true,marker_partially_hidden;sd_one_sided
S2,3,temperature,15,navy,15,70,12,278.00,603.00,0.689,2.0,1.026,0.039,0.138,596,610,false,true,marker_partially_hidden;sd_one_sided
S2,3,temperature,15,navy,15,70,13,292.00,601.00,0.754,2.0,1.065,0.039,,593,609,false,false,marker_partially_hidden;sd_unavailable
S2,3,temperature,15,navy,15,70,14,306.00,599.00,0.754,2.0,1.104,0.039,0.177,590,608,false,true,marker_partially_hidden;sd_one_sided
S2,3,temperature,15,navy,15,70,15,320.00,596.00,0.754,2.0,1.163,0.039,0.196,588,606,false,true,marker_partially_hidden;sd_one_sided
S2,3,temperature,15,navy,15,70,16,334.00,594.00,0.738,2.0,1.202,0.039,0.196,587,604,false,true,marker_partially_hidden;sd_one_sided
S2,3,temperature,15,navy,15,70,17,348.00,591.00,0.738,2.0,1.261,0.039,0.216,585,602,false,true,marker_partially_hidden;sd_one_sided
S2,3,temperature,15,navy,15,70,18,362.00,588.00,0.754,2.0,1.320,0.039,0.216,577,599,false,true,marker_partially_hidden;sd_one_sided
S2,3,temperature,15,navy,15,70,19,375.67,585.67,0.689,2.0,1.366,0.039,0.216,573,597,false,true,marker_partially_hidden;sd_one_sided
S2,3,temperature,15,navy,15,70,20,389.67,582.67,0.639,2.0,1.425,0.039,0.255,569,595,true,true,marker_partially_hidden
S2,3,temperature,15,navy,15,70,21,402.67,579.67,0.689,2.0,1.484,0.039,0.275,565,593,true,true,marker_partially_hidden
S2,3,temperature,15,navy,15,70,22,417.00,576.50,0.656,2.0,1.546,0.039,0.275,561,590,false,true,marker_partially_hidden;sd_one_sided
S2,3,temperature,15,navy,15,70,23,431.00,571.00,0.361,2.0,1.654,0.039,0.295,554,586,false,true,marker_partially_hidden;sd_one_sided
S2,3,temperature,15,navy,15,70,24,445.00,568.00,0.361,2.0,1.713,0.039,0.295,550,583,false,true,marker_partially_hidden;sd_one_sided
S2,3,temperature,15,navy,15,70,29,515.00,544.00,0.689,2.0,2.185,0.039,0.442,522,567,true,true,marker_partially_hidden
S2,3,temperature,15,navy,15,70,30,529.00,540.00,0.770,2.0,2.263,0.039,0.442,518,563,true,true,marker_partially_hidden
S2,3,temperature,15,navy,15,70,31,543.00,537.50,0.475,2.0,2.312,0.039,0.383,519,558,true,true,marker_partially_hidden
S2,3,temperature,15,navy,15,70,32,557.00,533.00,0.689,2.0,2.401,0.039,0.452,510,557,true,false,marker_partially_hidden;sd_one_sided
S2,3,temperature,15,navy,15,70,33,570.15,528.00,0.869,1.0,2.499,0.020,0.501,503,554,true,true,
S2,3,temperature,15,navy,15,70,34,584.00,524.00,0.820,2.0,2.578,0.039,0.472,500,550,true,false,marker_partially_hidden;sd_one_sided
S2,3,temperature,15,navy,15,70,35,598.00,521.00,0.820,2.0,2.637,0.039,0.472,497,545,true,true,marker_partially_hidden
S2,3,temperature,15,navy,15,70,36,612.00,517.00,0.820,2.0,2.715,0.039,0.472,493,542,true,false,marker_partially_hidden;sd_one_sided
S2,3,temperature,15,navy,15,70,37,626.00,514.00,0.803,2.0,2.774,0.039,0.472,490,538,false,true,marker_partially_hidden;sd_one_sided
S2,3,temperature,15,navy,15,70,38,640.00,509.00,0.803,2.0,2.872,0.039,0.491,485,534,false,true,marker_partially_hidden;sd_one_sided
S2,3,temperature,15,navy,15,70,39,654.00,506.00,0.803,2.0,2.931,0.039,0.511,480,532,false,true,marker_partially_hidden;sd_one_sided
S2,3,temperature,15,navy,15,70,40,668.00,501.00,0.836,2.0,3.029,0.039,0.511,476,527,false,true,marker_partially_hidden;sd_one_sided
S2,3,temperature,15,navy,15,70,41,682.00,497.00,0.836,2.0,3.108,0.039,,471,524,false,false,marker_partially_hidden;sd_unavailable
S2,3,temperature,15,navy,15,70,42,696.04,493.13,0.869,1.0,3.184,0.020,0.540,465,520,true,true,
S2,3,temperature,15,navy,15,70,43,710.00,489.00,0.836,2.0,3.265,0.039,0.530,462,516,false,true,marker_partially_hidden;sd_one_sided
S2,3,temperature,15,navy,15,70,44,723.98,485.08,0.852,1.0,3.342,0.020,,456,514,false,false,sd_unavailable
S2,3,temperature,15,navy,15,70,45,737.09,480.09,0.869,1.0,3.440,0.020,,452,509,false,false,sd_unavailable
S2,3,temperature,15,navy,15,70,46,751.09,476.09,0.869,1.0,3.519,0.020,,447,505,false,false,sd_unavailable
S2,3,temperature,15,navy,15,70,47,765.15,472.15,0.885,1.0,3.596,0.020,0.570,443,501,false,true,sd_one_sided
S2,3,temperature,15,navy,15,70,48,779.15,467.15,0.885,1.0,3.695,0.020,0.570,439,496,false,true,sd_one_sided
S2,3,temperature,15,navy,15,70,49,793.08,464.13,0.869,1.0,3.754,0.020,0.570,435,493,true,true,
S2,3,temperature,15,navy,15,70,50,807.08,460.13,0.869,1.0,3.832,0.020,0.570,431,489,true,false,sd_one_sided
S2,3,temperature,15,navy,15,70,51,821.06,457.21,0.852,1.0,3.890,0.020,0.580,427,486,true,true,
S2,3,temperature,15,navy,15,70,52,834.98,451.23,0.869,1.0,4.007,0.020,0.580,422,481,true,true,
S2,3,temperature,15,navy,15,70,53,849.06,448.21,0.852,1.0,4.067,0.020,0.589,418,478,true,true,
S2,3,temperature,15,navy,15,70,54,863.04,444.13,0.869,1.0,4.147,0.020,0.589,413,474,false,true,sd_one_sided
S2,3,temperature,15,navy,15,70,55,877.04,438.13,0.869,1.0,4.265,0.020,,409,468,false,false,sd_unavailable
S2,3,temperature,15,navy,15,70,56,891.04,435.13,0.869,1.0,4.324,0.020,0.619,404,467,true,true,
S2,3,temperature,15,navy,15,70,57,905.04,429.13,0.869,1.0,4.441,0.020,0.599,399,460,true,true,
S2,3,temperature,15,navy,15,70,58,918.17,426.07,0.885,1.0,4.501,0.020,0.609,395,457,true,true,
S2,3,temperature,15,navy,15,70,59,932.09,423.09,0.869,1.0,4.560,0.020,0.609,392,455,true,false,sd_one_sided
S2,3,temperature,15,navy,15,70,60,946.15,420.15,0.885,1.0,4.618,0.020,0.599,389,450,true,true,
S2,3,temperature,15,navy,15,70,61,960.08,416.13,0.869,1.0,4.697,0.020,,384,448,false,false,sd_unavailable
S2,3,temperature,15,navy,15,70,62,974.08,412.13,0.869,1.0,4.775,0.020,0.589,382,443,true,false,sd_one_sided
S2,3,temperature,15,orange,15,75,1,127.05,555.05,0.984,1.0,1.968,0.020,0.157,547,563,true,true,
S2,3,temperature,15,orange,15,75,2,141.05,587.05,0.984,1.0,1.339,0.020,,583,591,false,false,sd_below_marker_radius
S2,3,temperature,15,orange,15,75,3,155.05,588.05,0.984,1.0,1.319,0.020,,584,592,false,false,sd_below_marker_radius
S2,3,temperature,15,orange,15,75,4,169.05,588.05,0.984,1.0,1.319,0.020,,584,592,false,false,sd_below_marker_radius
S2,3,temperature,15,orange,15,75,5,183.05,588.05,0.984,1.0,1.319,0.020,,584,592,false,false,sd_below_marker_radius
S2,3,temperature,15,orange,15,75,6,197.05,588.05,0.984,1.0,1.319,0.020,,584,592,false,false,sd_below_marker_radius
S2,3,temperature,15,orange,15,75,7,211.00,587.00,1.000,1.0,1.340,0.020,,583,591,false,false,sd_below_marker_radius
S2,3,temperature,15,orange,15,75,8,225.00,588.00,1.000,1.0,1.320,0.020,,584,592,false,false,sd_below_marker_radius
S2,3,temperature,15,orange,15,75,9,238.05,588.05,0.984,1.0,1.319,0.020,,584,592,false,false,sd_below_marker_radius
S2,3,temperature,15,orange,15,75,10,252.05,587.05,0.984,1.0,1.339,0.020,,583,591,false,false,sd_below_marker_radius
S2,3,temperature,15,orange,15,75,11,266.05,587.05,0.984,1.0,1.339,0.020,,583,591,false,false,sd_below_marker_radius
S2,3,temperature,15,orange,15,75,12,280.05,587.05,0.984,1.0,1.339,0.020,,583,591,false,false,sd_below_marker_radius
S2,3,temperature,15,orange,15,75,13,293.98,586.86,0.934,1.0,1.343,0.020,,583,591,false,false,sd_below_marker_radius
S2,3,temperature,15,orange,15,75,14,308.00,586.00,0.689,2.0,1.360,0.039,,582,587,false,false,marker_partially_hidden;sd_below_marker_radius
S2,3,temperature,15,orange,15,75,15,322.00,584.00,0.590,2.0,1.399,0.039,,580,584,false,false,marker_partially_hidden;sd_below_marker_radius
S2,3,temperature,15,orange,15,75,16,335.50,583.00,0.361,2.0,1.418,0.039,,579,587,false,false,marker_partially_hidden;sd_below_marker_radius
S2,3,temperature,15,orange,15,75,17,350.00,581.00,0.459,2.0,1.458,0.039,,581,585,false,false,marker_partially_hidden;sd_below_marker_radius
S2,3,temperature,15,orange,15,75,18,364.00,580.00,0.754,2.0,1.477,0.039,,578,584,false,false,marker_partially_hidden;sd_below_marker_radius
S2,3,temperature,15,orange,15,75,19,377.95,578.30,0.918,1.0,1.511,0.020,,574,582,false,false,sd_below_marker_radius
S2,3,temperature,15,orange,15,75,20,392.05,576.05,0.951,1.0,1.555,0.020,,571,580,false,false,sd_below_marker_radius
S2,3,temperature,15,orange,15,75,21,406.05,574.05,0.951,1.0,1.594,0.020,0.118,568,578,true,false,sd_one_sided
S2,3,temperature,15,orange,15,75,22,419.05,571.05,0.951,1.0,1.653,0.020,0.138,564,575,true,false,sd_one_sided
S2,3,temperature,15,orange,15,75,23,433.20,568.05,0.918,1.0,1.712,0.020,0.157,560,576,true,false,sd_one_sided
S2,3,temperature,15,orange,15,75,24,447.20,565.05,0.918,1.0,1.771,0.020,0.157,557,573,true,false,sd_one_sided
S2,3,temperature,15,orange,15,75,25,461.25,562.00,0.934,1.0,1.831,0.020,0.157,554,570,true,false,sd_one_sided
S2,3,temperature,15,orange,15,75,26,475.25,559.00,0.934,1.0,1.890,0.020,0.167,550,567,true,true,
S2,3,temperature,15,orange,15,75,27,489.25,555.00,0.934,1.0,1.969,0.020,0.167,547,564,true,true,
S2,3,temperature,15,orange,15,75,28,503.25,552.00,0.934,1.0,2.028,0.020,0.167,544,561,true,true,
S2,3,temperature,15,orange,15,75,29,517.05,549.19,0.951,1.0,2.083,0.020,0.177,540,558,false,true,sd_one_sided
S2,3,temperature,15,orange,15,75,30,531.05,546.19,0.951,1.0,2.142,0.020,0.177,536,555,false,true,sd_one_sided
S2,3,temperature,15,orange,15,75,31,545.12,541.21,0.934,1.0,2.239,0.020,0.187,532,551,true,true,
S2,3,temperature,15,orange,15,75,32,559.00,538.25,0.934,1.0,2.298,0.020,0.196,529,548,false,true,sd_one_sided
S2,3,temperature,15,orange,15,75,33,573.02,535.17,0.951,1.0,2.358,0.020,0.177,531,544,false,true,sd_one_sided
S2,3,temperature,15,orange,15,75,34,586.07,531.12,0.967,1.0,2.438,0.020,0.177,527,540,false,true,sd_one_sided
S2,3,temperature,15,orange,15,75,35,600.07,528.12,0.967,1.0,2.497,0.020,0.196,524,538,false,true,sd_one_sided
S2,3,temperature,15,orange,15,75,36,614.02,524.17,0.951,1.0,2.574,0.020,0.196,520,534,false,true,sd_one_sided
S2,3,temperature,15,orange,15,75,37,628.07,521.12,0.967,1.0,2.634,0.020,0.216,510,532,false,true,sd_one_sided
S2,3,temperature,15,orange,15,75,38,642.02,516.17,0.951,1.0,2.731,0.020,0.216,505,527,true,true,
S2,3,temperature,15,orange,15,75,39,656.07,513.12,0.967,1.0,2.791,0.020,0.226,501,524,true,true,
S2,3,temperature,15,orange,15,75,40,670.07,509.12,0.967,1.0,2.870,0.020,0.236,497,521,false,true,sd_one_sided
S2,3,temperature,15,orange,15,75,41,684.07,505.12,0.967,1.0,2.949,0.020,0.236,494,517,false,true,sd_one_sided
S2,3,temperature,15,orange,15,75,42,698.05,502.05,0.984,1.0,3.009,0.020,0.216,497,513,false,true,sd_one_sided
S2,3,temperature,15,orange,15,75,43,712.05,497.05,0.984,1.0,3.107,0.020,0.196,493,507,false,true,sd_one_sided
S2,3,temperature,15,orange,15,75,44,726.05,494.05,0.984,1.0,3.166,0.020,0.216,489,505,false,true,sd_one_sided
S2,3,temperature,15,orange,15,75,45,740.03,489.12,0.967,1.0,3.263,0.020,0.236,483,501,false,true,sd_one_sided
S2,3,temperature,15,orange,15,75,46,754.05,486.05,0.984,1.0,3.323,0.020,0.236,480,498,false,true,sd_one_sided
S2,3,temperature,15,orange,15,75,47,767.05,482.05,0.984,1.0,3.402,0.020,0.255,476,495,false,true,sd_one_sided
S2,3,temperature,15,orange,15,75,48,781.05,478.05,0.984,1.0,3.480,0.020,0.255,471,491,false,true,sd_one_sided
S2,3,temperature,15,orange,15,75,49,795.05,475.05,0.984,1.0,3.539,0.020,0.275,468,489,false,true,sd_one_sided
S2,3,temperature,15,orange,15,75,50,809.00,471.10,0.967,1.0,3.617,0.020,0.275,457,485,false,true,sd_one_sided
S2,3,temperature,15,orange,15,75,51,823.05,467.05,0.984,1.0,3.696,0.020,0.285,453,482,true,true,
S2,3,temperature,15,orange,15,75,52,837.05,461.05,0.984,1.0,3.814,0.020,0.275,447,475,true,true,
S2,3,temperature,15,orange,15,75,53,851.05,457.05,0.984,1.0,3.893,0.020,0.295,442,472,true,true,
S2,3,temperature,15,orange,15,75,54,865.05,455.05,0.984,1.0,3.932,0.020,0.324,438,471,true,true,
S2,3,temperature,15,orange,15,75,55,879.05,451.05,0.984,1.0,4.011,0.020,0.354,434,469,false,true,sd_one_sided
S2,3,temperature,15,orange,15,75,56,893.05,447.05,0.984,1.0,4.089,0.020,0.373,429,466,false,true,sd_one_sided
S2,3,temperature,15,orange,15,75,57,907.05,444.05,0.984,1.0,4.148,0.020,0.393,425,464,false,true,sd_one_sided
S2,3,temperature,15,orange,15,75,58,921.05,441.05,0.984,1.0,4.207,0.020,0.403,420,461,true,true,
S2,3,temperature,15,orange,15,75,59,934.00,434.10,0.967,1.0,4.344,0.020,0.403,414,455,true,true,
S2,3,temperature,15,orange,15,75,60,948.00,429.10,0.967,1.0,4.442,0.020,0.442,407,452,true,true,
S2,3,temperature,15,orange,15,75,61,962.05,426.05,0.984,1.0,4.502,0.020,0.442,404,449,true,true,
S2,3,temperature,15,orange,15,75,62,976.05,423.05,0.984,1.0,4.561,0.020,0.462,400,447,true,true,
S2,3,temperature,15,green,15,80,1,129.00,606.00,0.525,2.0,0.967,0.039,,603,607,false,false,marker_partially_hidden;sd_below_marker_radius
S2,3,temperature,15,green,15,80,7,212.00,607.00,0.393,2.0,0.947,0.039,,604,611,false,false,marker_partially_hidden;sd_below_marker_radius
S2,3,temperature,15,green,15,80,9,241.00,611.50,0.607,2.0,0.859,0.039,0.324,595,628,true,true,marker_partially_hidden
S2,3,temperature,15,green,15,80,10,254.00,610.00,0.574,2.0,0.888,0.039,0.285,595,624,true,true,marker_partially_hidden
S2,3,temperature,15,green,15,80,11,268.00,599.00,0.836,2.0,1.104,0.039,,595,602,false,false,marker_partially_hidden;sd_below_marker_radius
S2,3,temperature,15,green,15,80,12,282.00,597.00,0.836,2.0,1.143,0.039,,592,600,false,false,marker_partially_hidden;sd_below_marker_radius
S2,3,temperature,15,green,15,80,13,296.00,594.00,0.803,2.0,1.202,0.039,,591,597,false,false,marker_partially_hidden;sd_below_marker_radius
S2,3,temperature,15,green,15,80,14,310.07,590.35,0.902,1.0,1.274,0.020,,587,595,false,false,sd_below_marker_radius
S2,3,temperature,15,green,15,80,15,324.15,587.35,0.885,1.0,1.333,0.020,,584,591,false,false,sd_below_marker_radius
S2,3,temperature,15,green,15,80,16,338.30,583.13,0.885,1.0,1.416,0.020,0.118,577,588,true,false,sd_one_sided
S2,3,temperature,15,green,15,80,17,352.28,578.91,0.869,1.0,1.499,0.020,0.138,572,585,true,false,sd_one_sided
S2,3,temperature,15,green,15,80,18,366.05,574.91,0.918,1.0,1.577,0.020,0.157,567,579,true,false,sd_one_sided
S2,3,temperature,15,green,15,80,19,380.07,570.98,0.934,1.0,1.655,0.020,0.138,564,575,true,false,sd_one_sided
S2,3,temperature,15,green,15,80,20,393.98,567.17,0.951,1.0,1.729,0.020,0.157,559,572,true,false,sd_one_sided
S2,3,temperature,15,green,15,80,21,407.98,563.17,0.951,1.0,1.808,0.020,0.177,554,571,true,false,sd_one_sided
S2,3,temperature,15,green,15,80,22,421.98,559.17,0.951,1.0,1.887,0.020,0.196,549,568,true,false,sd_one_sided
S2,3,temperature,15,green,15,80,23,435.02,554.17,0.951,1.0,1.985,0.020,0.196,544,565,true,false,sd_one_sided
S2,3,temperature,15,green,15,80,24,449.02,549.17,0.951,1.0,2.083,0.020,0.255,536,561,true,false,sd_one_sided
S2,3,temperature,15,green,15,80,25,463.02,545.17,0.951,1.0,2.162,0.020,0.275,531,558,true,false,sd_one_sided
S2,3,temperature,15,green,15,80,26,477.02,540.17,0.951,1.0,2.260,0.020,0.295,525,555,true,false,sd_one_sided
S2,3,temperature,15,green,15,80,27,491.02,536.17,0.951,1.0,2.338,0.020,0.295,521,551,true,false,sd_one_sided
S2,3,temperature,15,green,15,80,28,505.00,532.10,0.967,1.0,2.418,0.020,0.305,516,547,true,true,
S2,3,temperature,15,green,15,80,29,519.00,526.10,0.967,1.0,2.536,0.020,0.314,510,543,true,false,sd_one_sided
S2,3,temperature,15,green,15,80,30,533.00,522.10,0.967,1.0,2.615,0.020,0.334,505,537,true,false,sd_one_sided
S2,3,temperature,15,green,15,80,31,547.00,517.10,0.967,1.0,2.713,0.020,0.334,500,534,true,true,
S2,3,temperature,15,green,15,80,32,561.00,512.10,0.967,1.0,2.811,0.020,0.354,494,531,true,false,sd_one_sided
S2,3,temperature,15,green,15,80,33,574.98,508.17,0.951,1.0,2.889,0.020,0.373,489,527,true,true,
S2,3,temperature,15,green,15,80,34,588.98,503.17,0.951,1.0,2.987,0.020,0.393,483,524,true,false,sd_one_sided
S2,3,temperature,15,green,15,80,35,602.02,499.17,0.951,1.0,3.065,0.020,0.422,477,520,true,true,
S2,3,temperature,15,green,15,80,36,616.02,495.17,0.951,1.0,3.144,0.020,0.452,472,517,true,false,sd_one_sided
S2,3,temperature,15,green,15,80,37,630.02,489.17,0.951,1.0,3.262,0.020,0.452,466,513,true,false,sd_one_sided
S2,3,temperature,15,green,15,80,38,644.02,485.17,0.951,1.0,3.340,0.020,0.472,461,510,true,false,sd_one_sided
S2,3,temperature,15,green,15,80,39,658.02,480.17,0.951,1.0,3.439,0.020,0.511,454,506,true,false,sd_one_sided
S2,3,temperature,15,green,15,80,40,672.02,476.17,0.951,1.0,3.517,0.020,0.530,449,503,true,false,sd_one_sided
S2,3,temperature,15,green,15,80,41,686.00,472.10,0.967,1.0,3.597,0.020,0.530,445,499,true,true,
S2,3,temperature,15,green,15,80,42,700.00,467.10,0.967,1.0,3.695,0.020,0.570,438,496,true,false,sd_one_sided
S2,3,temperature,15,green,15,80,43,714.00,462.10,0.967,1.0,3.794,0.020,0.589,432,492,true,true,
S2,3,temperature,15,green,15,80,44,728.00,457.10,0.967,1.0,3.892,0.020,0.619,426,489,true,true,
S2,3,temperature,15,green,15,80,45,741.98,453.17,0.951,1.0,3.969,0.020,0.639,420,485,true,true,
S2,3,temperature,15,green,15,80,46,755.98,447.17,0.951,1.0,4.087,0.020,0.658,414,481,true,true,
S2,3,temperature,15,green,15,80,47,769.98,443.17,0.951,1.0,4.166,0.020,0.688,408,478,true,true,
S2,3,temperature,15,green,15,80,48,783.02,438.17,0.951,1.0,4.264,0.020,0.707,402,474,true,true,
S2,3,temperature,15,green,15,80,49,797.02,433.17,0.951,1.0,4.362,0.020,0.747,395,471,true,true,
S2,3,temperature,15,green,15,80,50,811.02,429.17,0.951,1.0,4.441,0.020,0.756,390,467,true,true,
S2,3,temperature,15,green,15,80,51,825.02,423.17,0.951,1.0,4.558,0.020,0.786,383,463,true,true,
S2,3,temperature,15,green,15,80,52,839.02,418.17,0.951,1.0,4.657,0.020,0.806,377,457,true,false,sd_one_sided
S2,3,temperature,15,green,15,80,53,853.00,413.10,0.967,1.0,4.756,0.020,0.845,370,453,true,false,sd_one_sided
S2,3,temperature,15,green,15,80,54,867.00,409.10,0.967,1.0,4.835,0.020,0.884,364,451,true,false,sd_one_sided
S2,3,temperature,15,green,15,80,55,881.00,404.10,0.967,1.0,4.933,0.020,0.923,357,447,true,false,sd_one_sided
S2,3,temperature,15,green,15,80,56,895.00,399.10,0.967,1.0,5.031,0.020,0.943,351,443,true,false,sd_one_sided
S2,3,temperature,15,green,15,80,57,909.00,394.10,0.967,1.0,5.130,0.020,0.982,344,440,true,false,sd_one_sided
S2,3,temperature,15,green,15,80,58,922.98,388.17,0.951,1.0,5.246,0.020,1.022,336,437,true,false,sd_one_sided
S2,3,temperature,15,green,15,80,59,936.98,383.17,0.951,1.0,5.344,0.020,1.081,328,437,true,false,sd_one_sided
S2,3,temperature,15,green,15,80,60,950.02,377.17,0.951,1.0,5.462,0.020,1.120,320,434,true,true,
S2,3,temperature,15,green,15,80,61,964.02,372.17,0.951,1.0,5.560,0.020,1.159,313,430,true,false,sd_one_sided
S2,3,temperature,15,green,15,80,62,978.02,367.17,0.951,1.0,5.659,0.020,1.198,306,427,true,false,sd_one_sided
S2,4,temperature,20,light_blue,20,65,3,152.00,615.50,0.475,2.0,0.780,0.039,,611,621,false,false,marker_partially_hidden;sd_below_marker_radius
S2,4,temperature,20,light_blue,20,65,4,167.00,621.10,0.967,1.0,0.670,0.020,0.236,612,633,false,true,sd_one_sided
S2,4,temperature,20,light_blue,20,65,5,181.00,614.00,0.574,2.0,0.809,0.039,0.138,609,621,false,true,marker_partially_hidden;sd_one_sided
S2,4,temperature,20,light_blue,20,65,6,195.00,612.00,0.574,2.0,0.849,0.039,0.236,605,624,false,true,marker_partially_hidden;sd_one_sided
S2,4,temperature,20,light_blue,20,65,7,208.80,606.02,0.885,1.0,0.966,0.020,0.177,602,615,false,true,sd_one_sided
S2,4,temperature,20,light_blue,20,65,8,221.83,602.36,0.869,1.0,1.038,0.020,0.157,598,610,false,true,sd_one_sided
S2,4,temperature,20,light_blue,20,65,9,236.00,597.00,0.787,2.0,1.143,0.039,0.138,595,604,false,true,marker_partially_hidden;sd_one_sided
S2,4,temperature,20,light_blue,20,65,10,249.89,594.40,0.869,1.0,1.195,0.020,,591,600,false,false,sd_unavailable
S2,4,temperature,20,light_blue,20,65,11,264.00,590.00,0.836,2.0,1.281,0.039,,587,597,false,false,marker_partially_hidden;sd_unavailable
S2,4,temperature,20,light_blue,20,65,12,277.88,587.07,0.934,1.0,1.339,0.020,0.118,582,593,false,true,sd_one_sided
S2,4,temperature,20,light_blue,20,65,13,291.80,583.05,0.918,1.0,1.417,0.020,,578,590,false,false,sd_unavailable
S2,4,temperature,20,light_blue,20,65,14,305.88,580.07,0.934,1.0,1.476,0.020,0.138,573,587,true,false,sd_one_sided
S2,4,temperature,20,light_blue,20,65,15,319.86,577.14,0.918,1.0,1.534,0.020,0.138,570,583,true,false,sd_one_sided
S2,4,temperature,20,light_blue,20,65,16,333.80,574.02,0.885,1.0,1.595,0.020,0.118,568,581,true,false,sd_one_sided
S2,4,temperature,20,light_blue,20,65,17,348.00,571.00,0.820,2.0,1.654,0.039,,565,577,false,false,marker_partially_hidden;sd_unavailable
S2,4,temperature,20,light_blue,20,65,18,362.00,568.00,0.820,2.0,1.713,0.039,0.128,562,575,true,true,marker_partially_hidden
S2,4,temperature,20,light_blue,20,65,19,375.00,565.00,0.689,2.0,1.772,0.039,0.128,559,572,true,true,marker_partially_hidden
S2,4,temperature,20,light_blue,20,65,20,389.00,562.00,0.689,2.0,1.831,0.039,0.157,557,570,false,true,marker_partially_hidden;sd_one_sided
S2,4,temperature,20,light_blue,20,65,21,403.00,561.00,0.689,2.0,1.851,0.039,0.138,554,568,true,true,marker_partially_hidden
S2,4,temperature,20,light_blue,20,65,22,417.00,558.00,0.721,2.0,1.910,0.039,0.128,552,565,true,true,marker_partially_hidden
S2,4,temperature,20,light_blue,20,65,23,431.00,557.00,0.590,2.0,1.929,0.039,0.138,550,564,true,true,marker_partially_hidden
S2,4,temperature,20,light_blue,20,65,24,445.00,554.00,0.590,2.0,1.988,0.039,0.147,547,562,true,true,marker_partially_hidden
S2,4,temperature,20,light_blue,20,65,25,459.00,553.00,0.754,2.0,2.008,0.039,0.147,546,561,true,true,marker_partially_hidden
S2,4,temperature,20,light_blue,20,65,26,473.00,552.00,0.836,2.0,2.028,0.039,0.157,544,560,true,true,marker_partially_hidden
S2,4,temperature,20,light_blue,20,65,27,487.00,550.00,0.836,2.0,2.067,0.039,0.157,542,558,true,true,marker_partially_hidden
S2,4,temperature,20,light_blue,20,65,28,500.82,549.29,0.902,1.0,2.081,0.020,0.177,540,558,true,true,
S2,4,temperature,20,light_blue,20,65,29,514.91,548.19,0.934,1.0,2.102,0.020,0.157,540,556,false,true,sd_one_sided
S2,4,temperature,20,light_blue,20,65,30,528.93,547.12,0.951,1.0,2.123,0.020,0.157,539,555,false,true,sd_one_sided
S2,4,temperature,20,light_blue,20,65,31,542.93,547.12,0.951,1.0,2.123,0.020,0.157,538,555,false,true,sd_one_sided
S2,4,temperature,20,light_blue,20,65,32,556.93,545.12,0.951,1.0,2.163,0.020,0.177,537,554,false,true,sd_one_sided
S2,4,temperature,20,light_blue,20,65,33,570.02,545.17,0.951,1.0,2.162,0.020,0.167,537,554,true,true,
S2,4,temperature,20,light_blue,20,65,34,584.02,545.17,0.951,1.0,2.162,0.020,0.157,537,553,true,true,
S2,4,temperature,20,light_blue,20,65,35,598.02,545.17,0.951,1.0,2.162,0.020,0.177,536,554,false,true,sd_one_sided
S2,4,temperature,20,light_blue,20,65,36,612.02,544.17,0.951,1.0,2.181,0.020,0.167,535,552,true,true,
S2,4,temperature,20,light_blue,20,65,37,626.00,544.10,0.967,1.0,2.183,0.020,0.157,536,552,true,true,
S2,4,temperature,20,light_blue,20,65,38,639.93,543.12,0.951,1.0,2.202,0.020,0.167,535,552,true,true,
S2,4,temperature,20,light_blue,20,65,39,653.93,542.12,0.951,1.0,2.222,0.020,0.167,534,551,true,true,
S2,4,temperature,20,light_blue,20,65,40,667.93,542.12,0.951,1.0,2.222,0.020,0.157,534,550,true,true,
S2,4,temperature,20,light_blue,20,65,41,681.93,543.12,0.951,1.0,2.202,0.020,0.157,535,551,true,true,
S2,4,temperature,20,light_blue,20,65,42,695.93,541.12,0.951,1.0,2.241,0.020,0.167,533,550,true,true,
S2,4,temperature,20,light_blue,20,65,43,709.93,541.12,0.951,1.0,2.241,0.020,0.167,533,550,true,true,
S2,4,temperature,20,light_blue,20,65,44,723.93,541.12,0.951,1.0,2.241,0.020,0.167,533,550,true,true,
S2,4,temperature,20,light_blue,20,65,45,737.02,541.17,0.951,1.0,2.240,0.020,0.177,532,550,true,true,
S2,4,temperature,20,light_blue,20,65,46,751.02,541.17,0.951,1.0,2.240,0.020,0.177,532,550,true,true,
S2,4,temperature,20,light_blue,20,65,47,765.02,540.17,0.951,1.0,2.260,0.020,0.167,532,549,true,true,
S2,4,temperature,20,light_blue,20,65,48,779.02,539.17,0.951,1.0,2.280,0.020,0.196,530,549,false,true,sd_one_sided
S2,4,temperature,20,light_blue,20,65,49,793.00,539.10,0.967,1.0,2.281,0.020,0.187,530,549,true,true,
S2,4,temperature,20,light_blue,20,65,50,806.86,539.11,0.934,1.0,2.281,0.020,0.187,529,548,true,true,
S2,4,temperature,20,light_blue,20,65,51,820.93,539.12,0.951,1.0,2.281,0.020,0.196,529,549,true,true,
S2,4,temperature,20,light_blue,20,65,52,834.86,538.11,0.934,1.0,2.300,0.020,0.187,529,548,true,true,
S2,4,temperature,20,light_blue,20,65,53,848.93,538.12,0.951,1.0,2.300,0.020,0.206,528,549,true,true,
S2,4,temperature,20,light_blue,20,65,54,862.93,538.12,0.951,1.0,2.300,0.020,0.196,528,548,true,true,
S2,4,temperature,20,light_blue,20,65,55,876.93,537.12,0.951,1.0,2.320,0.020,0.196,527,547,true,true,
S2,4,temperature,20,light_blue,20,65,56,890.93,538.12,0.951,1.0,2.300,0.020,0.187,528,547,true,true,
S2,4,temperature,20,light_blue,20,65,57,904.93,537.12,0.951,1.0,2.320,0.020,0.187,528,547,true,true,
S2,4,temperature,20,light_blue,20,65,58,917.95,537.19,0.934,1.0,2.318,0.020,0.206,527,548,true,true,
S2,4,temperature,20,light_blue,20,65,59,932.02,537.17,0.951,1.0,2.319,0.020,0.187,528,547,true,true,
S2,4,temperature,20,light_blue,20,65,60,945.95,537.19,0.934,1.0,2.318,0.020,0.216,526,548,true,true,
S2,4,temperature,20,light_blue,20,65,61,960.02,537.17,0.951,1.0,2.319,0.020,0.216,525,548,false,true,sd_one_sided
S2,4,temperature,20,light_blue,20,65,62,974.00,538.10,0.967,1.0,2.301,0.020,0.206,527,548,true,true,
S2,4,temperature,20,navy,20,70,1,131.31,610.98,0.852,1.0,0.869,0.020,0.118,605,617,true,false,sd_one_sided
S2,4,temperature,20,navy,20,70,2,145.28,609.91,0.869,1.0,0.890,0.020,,605,614,false,false,sd_below_marker_radius
S2,4,temperature,20,navy,20,70,3,159.31,611.98,0.852,1.0,0.849,0.020,,606,616,false,false,sd_unavailable
S2,4,temperature,20,navy,20,70,4,173.31,609.98,0.852,1.0,0.888,0.020,,602,617,false,false,sd_unavailable
S2,4,temperature,20,navy,20,70,5,187.24,600.06,0.885,1.0,1.083,0.020,0.452,577,623,true,true,
S2,4,temperature,20,navy,20,70,6,201.15,595.15,0.885,1.0,1.180,0.020,0.481,571,620,true,true,
S2,4,temperature,20,navy,20,70,7,215.15,592.15,0.885,1.0,1.239,0.020,0.530,565,619,false,true,sd_one_sided
S2,4,temperature,20,navy,20,70,8,229.11,588.14,0.918,1.0,1.317,0.020,,556,620,false,false,sd_unavailable
S2,4,temperature,20,navy,20,70,9,243.11,585.14,0.918,1.0,1.376,0.020,0.639,552,617,true,true,
S2,4,temperature,20,navy,20,70,10,257.11,582.11,0.918,1.0,1.436,0.020,0.648,549,615,true,false,sd_one_sided
S2,4,temperature,20,navy,20,70,11,270.14,576.14,0.918,1.0,1.553,0.020,0.707,540,612,true,false,sd_one_sided
S2,4,temperature,20,navy,20,70,12,284.32,575.06,0.869,1.0,1.575,0.020,0.707,539,611,false,true,sd_one_sided
S2,4,temperature,20,navy,20,70,13,298.32,571.06,0.869,1.0,1.653,0.020,0.707,534,607,false,true,sd_one_sided
S2,4,temperature,20,navy,20,70,14,312.30,568.13,0.885,1.0,1.711,0.020,0.747,530,606,true,true,
S2,4,temperature,20,navy,20,70,15,326.30,565.13,0.885,1.0,1.770,0.020,0.737,528,603,true,true,
S2,4,temperature,20,navy,20,70,16,340.30,562.13,0.885,1.0,1.828,0.020,,524,600,false,false,sd_unavailable
S2,4,temperature,20,navy,20,70,17,354.14,560.14,0.918,1.0,1.868,0.020,0.747,522,598,true,true,
S2,4,temperature,20,navy,20,70,18,368.14,557.14,0.918,1.0,1.926,0.020,0.756,518,595,true,true,
S2,4,temperature,20,navy,20,70,19,382.20,554.20,0.885,1.0,1.984,0.020,0.776,514,593,true,true,
S2,4,temperature,20,navy,20,70,20,396.18,551.13,0.902,1.0,2.045,0.020,0.786,510,591,false,true,sd_one_sided
S2,4,temperature,20,navy,20,70,21,410.18,547.13,0.902,1.0,2.123,0.020,0.815,506,589,true,true,
S2,4,temperature,20,navy,20,70,22,424.11,543.14,0.918,1.0,2.202,0.020,0.825,501,585,true,false,sd_one_sided
S2,4,temperature,20,navy,20,70,23,438.18,541.13,0.902,1.0,2.241,0.020,0.884,496,586,true,true,
S2,4,temperature,20,navy,20,70,24,451.14,536.11,0.918,1.0,2.340,0.020,0.894,491,582,true,true,
S2,4,temperature,20,navy,20,70,25,465.22,533.13,0.902,1.0,2.398,0.020,0.923,486,580,true,true,
S2,4,temperature,20,navy,20,70,26,479.22,530.13,0.902,1.0,2.457,0.020,0.943,481,578,false,true,sd_one_sided
S2,4,temperature,20,navy,20,70,27,493.22,526.13,0.902,1.0,2.536,0.020,1.022,474,578,false,true,sd_one_sided
S2,4,temperature,20,navy,20,70,28,507.22,523.13,0.902,1.0,2.595,0.020,1.041,470,576,true,true,
S2,4,temperature,20,navy,20,70,29,521.14,519.14,0.918,1.0,2.673,0.020,1.090,464,575,true,true,
S2,4,temperature,20,navy,20,70,30,535.09,516.19,0.934,1.0,2.731,0.020,1.149,458,575,true,true,
S2,4,temperature,20,navy,20,70,31,549.20,513.20,0.885,1.0,2.790,0.020,1.208,451,574,true,true,
S2,4,temperature,20,navy,20,70,32,563.18,510.13,0.902,1.0,2.850,0.020,,446,574,false,false,sd_unavailable
S2,4,temperature,20,navy,20,70,33,577.18,506.13,0.902,1.0,2.929,0.020,1.297,439,572,false,true,sd_one_sided
S2,4,temperature,20,navy,20,70,34,591.18,502.13,0.902,1.0,3.007,0.020,1.375,432,572,true,true,
S2,4,temperature,20,navy,20,70,35,605.18,499.13,0.902,1.0,3.066,0.020,1.434,425,572,false,true,sd_one_sided
S2,4,temperature,20,navy,20,70,36,618.22,495.13,0.902,1.0,3.145,0.020,1.493,420,571,false,true,sd_one_sided
S2,4,temperature,20,navy,20,70,37,632.22,492.13,0.902,1.0,3.204,0.020,1.532,413,570,false,true,sd_one_sided
S2,4,temperature,20,navy,20,70,38,646.22,489.13,0.902,1.0,3.263,0.020,1.582,408,569,true,true,
S2,4,temperature,20,navy,20,70,39,660.22,485.13,0.902,1.0,3.341,0.020,1.631,402,568,true,true,
S2,4,temperature,20,navy,20,70,40,674.22,483.13,0.902,1.0,3.381,0.020,1.670,398,568,true,true,
S2,4,temperature,20,navy,20,70,41,688.22,479.13,0.902,1.0,3.459,0.020,1.749,390,568,false,true,sd_one_sided
S2,4,temperature,20,navy,20,70,42,702.22,477.13,0.902,1.0,3.498,0.020,1.778,386,567,true,true,
S2,4,temperature,20,navy,20,70,43,716.20,474.20,0.885,1.0,3.556,0.020,1.827,381,567,true,true,
S2,4,temperature,20,navy,20,70,44,730.20,471.20,0.885,1.0,3.615,0.020,1.837,377,564,true,true,
S2,4,temperature,20,navy,20,70,45,744.18,469.13,0.902,1.0,3.656,0.020,1.876,374,565,true,true,
S2,4,temperature,20,navy,20,70,46,758.18,461.13,0.902,1.0,3.813,0.020,2.083,355,567,true,true,
S2,4,temperature,20,navy,20,70,47,772.18,461.13,0.902,1.0,3.813,0.020,2.122,353,569,true,true,
S2,4,temperature,20,navy,20,70,48,786.18,456.13,0.902,1.0,3.911,0.020,2.171,346,567,true,true,
S2,4,temperature,20,navy,20,70,49,799.22,456.13,0.902,1.0,3.911,0.020,2.122,348,564,true,true,
S2,4,temperature,20,navy,20,70,50,813.22,454.13,0.902,1.0,3.950,0.020,2.161,344,564,true,true,
S2,4,temperature,20,navy,20,70,51,827.22,451.13,0.902,1.0,4.009,0.020,2.200,339,564,true,false,sd_one_sided
S2,4,temperature,20,navy,20,70,52,841.14,451.14,0.918,1.0,4.009,0.020,2.161,341,562,true,false,sd_one_sided
S2,4,temperature,20,navy,20,70,53,855.16,449.18,0.918,1.0,4.048,0.020,2.210,337,562,true,true,
S2,4,temperature,20,navy,20,70,54,869.22,447.13,0.902,1.0,4.088,0.020,2.220,335,561,true,true,
S2,4,temperature,20,navy,20,70,55,883.22,446.13,0.902,1.0,4.108,0.020,2.220,333,559,true,true,
S2,4,temperature,20,navy,20,70,56,897.20,445.20,0.885,1.0,4.126,0.020,2.230,332,559,true,true,
S2,4,temperature,20,navy,20,70,57,911.18,445.13,0.902,1.0,4.127,0.020,2.151,336,555,true,true,
S2,4,temperature,20,navy,20,70,58,925.18,443.13,0.902,1.0,4.166,0.020,2.200,331,555,false,true,sd_one_sided
S2,4,temperature,20,navy,20,70,59,939.18,442.13,0.902,1.0,4.186,0.020,2.181,331,555,true,false,sd_one_sided
S2,4,temperature,20,navy,20,70,60,953.18,441.13,0.902,1.0,4.206,0.020,2.220,328,554,true,true,
S2,4,temperature,20,navy,20,70,61,966.22,442.13,0.902,1.0,4.186,0.020,2.141,333,551,true,true,
S2,4,temperature,20,navy,20,70,62,980.22,440.13,0.902,1.0,4.225,0.020,2.191,328,551,true,true,
S2,4,temperature,20,orange,20,75,1,127.00,609.00,0.525,2.0,0.908,0.039,,605,610,false,false,marker_partially_hidden;sd_below_marker_radius
S2,4,temperature,20,orange,20,75,2,140.00,610.00,0.410,2.0,0.888,0.039,,607,614,false,false,marker_partially_hidden;sd_below_marker_radius
S2,4,temperature,20,orange,20,75,3,155.00,609.00,0.639,2.0,0.908,0.039,,605,611,false,false,marker_partially_hidden;sd_below_marker_radius
S2,4,temperature,20,orange,20,75,4,169.00,608.00,0.607,2.0,0.927,0.039,,604,610,false,false,marker_partially_hidden;sd_below_marker_radius
S2,4,temperature,20,orange,20,75,5,182.69,605.42,0.852,1.0,0.978,0.020,0.138,598,610,true,false,sd_one_sided
S2,4,temperature,20,orange,20,75,6,196.89,601.27,0.918,1.0,1.060,0.020,0.236,589,608,true,false,sd_one_sided
S2,4,temperature,20,orange,20,75,7,210.89,598.27,0.918,1.0,1.119,0.020,0.255,585,602,true,false,sd_one_sided
S2,4,temperature,20,orange,20,75,8,225.04,595.12,0.934,1.0,1.180,0.020,0.236,583,606,true,false,sd_one_sided
S2,4,temperature,20,orange,20,75,9,238.05,591.05,0.951,1.0,1.260,0.020,0.295,576,604,true,false,sd_one_sided
S2,4,temperature,20,orange,20,75,10,251.82,587.29,0.902,1.0,1.334,0.020,0.255,574,598,true,false,sd_one_sided
S2,4,temperature,20,orange,20,75,11,266.00,583.10,0.967,1.0,1.416,0.020,0.236,571,594,true,false,sd_one_sided
S2,4,temperature,20,orange,20,75,12,280.00,578.00,0.721,2.0,1.517,0.039,0.236,566,584,true,false,marker_partially_hidden;sd_one_sided
S2,4,temperature,20,orange,20,75,13,294.00,574.00,0.721,2.0,1.595,0.039,0.236,562,579,true,false,marker_partially_hidden;sd_one_sided
S2,4,temperature,20,orange,20,75,14,308.00,568.00,0.623,2.0,1.713,0.039,0.236,556,576,true,false,marker_partially_hidden;sd_one_sided
S2,4,temperature,20,orange,20,75,15,322.00,565.00,0.623,2.0,1.772,0.039,0.216,554,573,true,false,marker_partially_hidden;sd_one_sided
S2,4,temperature,20,orange,20,75,16,336.00,559.00,0.738,2.0,1.890,0.039,0.226,547,570,true,true,marker_partially_hidden
S2,4,temperature,20,orange,20,75,17,350.05,553.05,0.984,1.0,2.007,0.020,0.236,541,565,true,true,
S2,4,temperature,20,orange,20,75,18,364.05,548.05,0.984,1.0,2.105,0.020,0.226,537,560,true,true,
S2,4,temperature,20,orange,20,75,19,378.05,543.05,0.984,1.0,2.203,0.020,0.236,531,555,true,false,sd_one_sided
S2,4,temperature,20,orange,20,75,20,392.05,538.05,0.984,1.0,2.302,0.020,0.236,526,550,true,false,sd_one_sided
S2,4,temperature,20,orange,20,75,21,406.05,531.05,0.984,1.0,2.439,0.020,0.246,519,544,true,true,
S2,4,temperature,20,orange,20,75,22,419.05,524.05,0.984,1.0,2.577,0.020,0.255,511,537,true,true,
S2,4,temperature,20,orange,20,75,23,433.05,517.05,0.984,1.0,2.714,0.020,0.265,504,531,true,true,
S2,4,temperature,20,orange,20,75,24,447.05,510.05,0.984,1.0,2.852,0.020,0.285,496,525,true,true,
S2,4,temperature,20,orange,20,75,25,461.05,504.05,0.984,1.0,2.970,0.020,0.295,489,519,true,true,
S2,4,temperature,20,orange,20,75,26,475.05,496.05,0.984,1.0,3.127,0.020,0.314,480,512,true,true,
S2,4,temperature,20,orange,20,75,27,489.05,488.05,0.984,1.0,3.284,0.020,0.305,473,504,true,true,
S2,4,temperature,20,orange,20,75,28,503.05,478.05,0.984,1.0,3.480,0.020,0.354,460,496,true,true,
S2,4,temperature,20,orange,20,75,29,517.05,471.05,0.984,1.0,3.618,0.020,0.363,452,489,true,true,
S2,4,temperature,20,orange,20,75,30,531.05,464.05,0.984,1.0,3.755,0.020,0.373,445,483,true,true,
S2,4,temperature,20,orange,20,75,31,545.05,457.05,0.984,1.0,3.893,0.020,0.393,437,477,true,true,
S2,4,temperature,20,orange,20,75,32,559.00,450.10,0.967,1.0,4.029,0.020,0.383,430,469,true,true,
S2,4,temperature,20,orange,20,75,33,573.05,442.05,0.984,1.0,4.188,0.020,0.403,422,463,true,true,
S2,4,temperature,20,orange,20,75,34,586.05,434.05,0.984,1.0,4.345,0.020,0.422,413,456,true,true,
S2,4,temperature,20,orange,20,75,35,600.05,427.05,0.984,1.0,4.482,0.020,0.442,405,450,true,true,
S2,4,temperature,20,orange,20,75,36,614.05,420.05,0.984,1.0,4.620,0.020,0.472,396,444,true,true,
S2,4,temperature,20,orange,20,75,37,628.05,411.05,0.984,1.0,4.797,0.020,0.540,384,439,true,true,
S2,4,temperature,20,orange,20,75,38,642.05,403.05,0.984,1.0,4.954,0.020,0.521,377,430,true,true,
S2,4,temperature,20,orange,20,75,39,656.05,397.05,0.984,1.0,5.072,0.020,0.550,369,425,true,true,
S2,4,temperature,20,orange,20,75,40,670.05,388.05,0.984,1.0,5.249,0.020,0.580,358,417,true,true,
S2,4,temperature,20,orange,20,75,41,684.05,380.05,0.984,1.0,5.406,0.020,0.609,349,411,true,true,
S2,4,temperature,20,orange,20,75,42,698.05,372.05,0.984,1.0,5.563,0.020,0.599,342,403,true,true,
S2,4,temperature,20,orange,20,75,43,712.05,365.05,0.984,1.0,5.700,0.020,0.619,333,396,true,true,
S2,4,temperature,20,orange,20,75,44,726.05,357.05,0.984,1.0,5.858,0.020,0.639,325,390,true,true,
S2,4,temperature,20,orange,20,75,45,740.05,350.05,0.984,1.0,5.995,0.020,0.678,315,384,true,true,
S2,4,temperature,20,orange,20,75,46,754.05,340.05,0.984,1.0,6.192,0.020,0.697,305,376,true,true,
S2,4,temperature,20,orange,20,75,47,767.05,333.05,0.984,1.0,6.329,0.020,0.717,297,370,true,true,
S2,4,temperature,20,orange,20,75,48,781.05,323.05,0.984,1.0,6.526,0.020,0.737,286,361,true,true,
S2,4,temperature,20,orange,20,75,49,795.05,315.05,0.984,1.0,6.683,0.020,0.756,277,354,true,true,
S2,4,temperature,20,orange,20,75,50,809.05,307.05,0.984,1.0,6.840,0.020,0.806,266,348,true,true,
S2,4,temperature,20,orange,20,75,51,823.05,297.05,0.984,1.0,7.036,0.020,0.874,253,342,true,true,
S2,4,temperature,20,orange,20,75,52,837.05,289.05,0.984,1.0,7.194,0.020,0.884,244,334,true,true,
S2,4,temperature,20,orange,20,75,53,851.05,280.05,0.984,1.0,7.370,0.020,0.914,233,326,true,true,
S2,4,temperature,20,orange,20,75,54,865.05,272.05,0.984,1.0,7.528,0.020,0.953,223,320,true,true,
S2,4,temperature,20,orange,20,75,55,879.05,262.05,0.984,1.0,7.724,0.020,0.972,213,312,true,true,
S2,4,temperature,20,orange,20,75,56,893.05,251.05,0.984,1.0,7.940,0.020,1.041,198,304,true,true,
S2,4,temperature,20,orange,20,75,57,907.05,243.05,0.984,1.0,8.097,0.020,1.100,187,299,true,true,
S2,4,temperature,20,orange,20,75,58,921.05,234.05,0.984,1.0,8.274,0.020,1.090,179,290,true,true,
S2,4,temperature,20,orange,20,75,59,934.05,222.05,0.984,1.0,8.510,0.020,1.002,171,273,true,true,
S2,4,temperature,20,orange,20,75,60,948.05,208.05,0.984,1.0,8.785,0.020,1.179,148,268,true,true,
S2,4,temperature,20,orange,20,75,61,962.05,202.05,0.984,1.0,8.903,0.020,1.228,140,265,true,true,
S2,4,temperature,20,orange,20,75,62,976.05,192.05,0.984,1.0,9.099,0.020,1.248,129,256,true,true,
S2,4,temperature,20,green,20,80,1,129.00,616.00,0.426,2.0,0.770,0.039,,614,620,false,false,marker_partially_hidden;sd_below_marker_radius
S2,4,temperature,20,green,20,80,2,143.00,615.00,0.705,2.0,0.790,0.039,0.157,613,623,false,true,marker_partially_hidden;sd_one_sided
S2,4,temperature,20,green,20,80,3,156.00,618.00,0.426,2.0,0.731,0.039,,611,622,false,false,marker_partially_hidden;sd_unavailable
S2,4,temperature,20,green,20,80,4,171.00,614.00,0.525,2.0,0.809,0.039,,613,618,false,false,marker_partially_hidden;sd_below_marker_radius
S2,4,temperature,20,green,20,80,5,185.20,614.05,0.918,1.0,0.808,0.020,,610,622,false,false,sd_unavailable
S2,4,temperature,20,green,20,80,6,199.20,612.05,0.918,1.0,0.848,0.020,0.118,607,618,false,true,sd_one_sided
S2,4,temperature,20,green,20,80,7,213.07,612.27,0.918,1.0,0.843,0.020,,604,619,false,false,sd_unavailable
S2,4,temperature,20,green,20,80,8,227.00,609.10,0.967,1.0,0.906,0.020,0.157,601,617,false,true,sd_one_sided
S2,4,temperature,20,green,20,80,9,240.98,606.17,0.951,1.0,0.963,0.020,0.157,598,614,false,true,sd_one_sided
S2,4,temperature,20,green,20,80,10,253.97,602.12,0.967,1.0,1.043,0.020,0.177,593,611,false,true,sd_one_sided
S2,4,temperature,20,green,20,80,11,268.02,598.17,0.951,1.0,1.120,0.020,0.196,589,608,false,true,sd_one_sided
S2,4,temperature,20,green,20,80,12,282.02,595.17,0.951,1.0,1.179,0.020,0.196,585,605,false,true,sd_one_sided
S2,4,temperature,20,green,20,80,13,296.02,591.17,0.951,1.0,1.258,0.020,0.226,580,603,true,true,
S2,4,temperature,20,green,20,80,14,310.00,587.10,0.967,1.0,1.338,0.020,0.226,576,599,true,true,
S2,4,temperature,20,green,20,80,15,324.00,584.10,0.967,1.0,1.397,0.020,0.236,572,596,true,true,
S2,4,temperature,20,green,20,80,16,338.02,580.17,0.951,1.0,1.474,0.020,0.236,568,592,true,true,
S2,4,temperature,20,green,20,80,17,352.09,576.19,0.934,1.0,1.552,0.020,0.255,564,589,false,true,sd_one_sided
S2,4,temperature,20,green,20,80,18,366.09,573.19,0.934,1.0,1.611,0.020,0.275,561,587,false,true,sd_one_sided
S2,4,temperature,20,green,20,80,19,380.15,569.25,0.902,1.0,1.689,0.020,0.295,558,584,false,true,sd_one_sided
S2,4,temperature,20,green,20,80,20,394.16,566.18,0.918,1.0,1.749,0.020,0.314,555,582,false,true,sd_one_sided
S2,4,temperature,20,green,20,80,21,408.14,562.11,0.934,1.0,1.829,0.020,0.334,551,579,false,true,sd_one_sided
S2,4,temperature,20,green,20,80,22,422.12,560.18,0.918,1.0,1.867,0.020,0.334,547,577,false,true,sd_one_sided
S2,4,temperature,20,green,20,80,23,435.22,556.13,0.902,1.0,1.946,0.020,0.354,538,574,false,true,sd_one_sided
S2,4,temperature,20,green,20,80,24,449.22,553.13,0.902,1.0,2.005,0.020,0.373,540,572,false,true,sd_one_sided
S2,4,temperature,20,green,20,80,25,463.14,549.11,0.918,1.0,2.084,0.020,0.393,530,569,false,true,sd_one_sided
S2,4,temperature,20,green,20,80,26,477.07,547.12,0.934,1.0,2.123,0.020,0.393,527,567,false,true,sd_one_sided
S2,4,temperature,20,green,20,80,27,491.07,545.12,0.934,1.0,2.163,0.020,0.413,530,566,false,true,sd_one_sided
S2,4,temperature,20,green,20,80,28,505.05,543.05,0.951,1.0,2.203,0.020,0.432,527,565,false,true,sd_one_sided
S2,4,temperature,20,green,20,80,29,519.00,541.10,0.967,1.0,2.242,0.020,0.432,523,563,false,true,sd_one_sided
S2,4,temperature,20,green,20,80,30,533.00,539.10,0.967,1.0,2.281,0.020,0.432,520,561,false,true,sd_one_sided
S2,4,temperature,20,green,20,80,31,546.98,538.17,0.951,1.0,2.299,0.020,0.432,516,560,false,true,sd_one_sided
S2,4,temperature,20,green,20,80,32,561.00,536.10,0.967,1.0,2.340,0.020,0.432,514,558,true,true,
S2,4,temperature,20,green,20,80,33,575.00,535.10,0.967,1.0,2.359,0.020,0.442,512,557,true,true,
S2,4,temperature,20,green,20,80,34,588.98,533.17,0.951,1.0,2.397,0.020,0.442,511,556,true,true,
S2,4,temperature,20,green,20,80,35,602.02,533.17,0.951,1.0,2.397,0.020,0.442,510,555,true,true,
S2,4,temperature,20,green,20,80,36,616.02,531.17,0.951,1.0,2.437,0.020,0.442,509,554,true,true,
S2,4,temperature,20,green,20,80,37,630.02,531.17,0.951,1.0,2.437,0.020,0.481,506,555,true,true,
S2,4,temperature,20,green,20,80,38,644.02,530.17,0.951,1.0,2.456,0.020,0.432,508,552,true,true,
S2,4,temperature,20,green,20,80,39,658.02,530.17,0.951,1.0,2.456,0.020,0.432,508,552,true,true,
S2,4,temperature,20,green,20,80,40,672.02,529.17,0.951,1.0,2.476,0.020,0.422,507,550,true,true,
S2,4,temperature,20,green,20,80,41,686.00,528.10,0.967,1.0,2.497,0.020,0.422,506,549,true,true,
S2,4,temperature,20,green,20,80,42,700.00,527.10,0.967,1.0,2.517,0.020,0.432,505,549,true,true,
S2,4,temperature,20,green,20,80,43,714.00,527.10,0.967,1.0,2.517,0.020,0.442,504,549,true,true,
S2,4,temperature,20,green,20,80,44,727.98,527.17,0.951,1.0,2.515,0.020,0.452,504,550,true,true,
S2,4,temperature,20,green,20,80,45,742.00,526.10,0.967,1.0,2.536,0.020,0.393,506,546,true,true,
S2,4,temperature,20,green,20,80,46,755.98,526.17,0.951,1.0,2.535,0.020,0.413,505,547,true,true,
S2,4,temperature,20,green,20,80,47,769.98,527.17,0.951,1.0,2.515,0.020,0.354,509,545,true,true,
S2,4,temperature,20,green,20,80,48,783.02,527.17,0.951,1.0,2.515,0.020,0.363,508,545,true,true,
S2,4,temperature,20,green,20,80,49,797.02,526.17,0.951,1.0,2.535,0.020,0.354,508,544,true,true,
S2,4,temperature,20,green,20,80,50,811.02,524.17,0.951,1.0,2.574,0.020,0.334,507,541,true,false,sd_one_sided
S2,4,temperature,20,green,20,80,51,825.02,525.17,0.951,1.0,2.555,0.020,0.255,512,539,true,false,sd_one_sided
S2,4,temperature,20,green,20,80,52,839.02,525.17,0.951,1.0,2.555,0.020,0.295,510,540,true,false,sd_one_sided
S2,4,temperature,20,green,20,80,53,853.00,524.10,0.967,1.0,2.576,0.020,0.275,510,538,true,false,sd_one_sided
S2,4,temperature,20,green,20,80,54,867.00,524.10,0.967,1.0,2.576,0.020,0.275,510,537,true,false,sd_one_sided
S2,4,temperature,20,green,20,80,55,881.00,524.10,0.967,1.0,2.576,0.020,0.255,511,537,true,false,sd_one_sided
S2,4,temperature,20,green,20,80,56,894.98,524.17,0.951,1.0,2.574,0.020,0.275,510,538,true,false,sd_one_sided
S2,4,temperature,20,green,20,80,57,909.00,523.10,0.967,1.0,2.595,0.020,0.236,511,536,true,false,sd_one_sided
S2,4,temperature,20,green,20,80,58,923.00,523.10,0.967,1.0,2.595,0.020,0.295,508,537,true,false,sd_one_sided
S2,4,temperature,20,green,20,80,59,936.98,523.17,0.951,1.0,2.594,0.020,0.236,511,536,true,false,sd_one_sided
S2,4,temperature,20,green,20,80,60,950.02,523.17,0.951,1.0,2.594,0.020,0.255,510,536,true,false,sd_one_sided
S2,4,temperature,20,green,20,80,61,964.02,523.17,0.951,1.0,2.594,0.020,0.236,511,536,true,false,sd_one_sided
S2,4,temperature,20,green,20,80,62,978.02,523.17,0.951,1.0,2.594,0.020,0.255,510,536,true,false,sd_one_sided
S2,5,temperature,25,light_blue,25,65,1,125.00,616.00,0.826,2.0,0.770,0.039,0.216,600,627,false,true,marker_partially_hidden;sd_one_sided
S2,5,temperature,25,light_blue,25,65,2,139.00,619.00,0.841,2.0,0.711,0.039,0.187,610,629,true,true,marker_partially_hidden
S2,5,temperature,25,light_blue,25,65,3,153.00,617.00,0.841,2.0,0.750,0.039,0.255,607,630,false,true,marker_partially_hidden;sd_one_sided
S2,5,temperature,25,light_blue,25,65,4,167.00,613.00,0.725,2.0,0.829,0.039,0.216,608,624,false,true,marker_partially_hidden;sd_one_sided
S2,5,temperature,25,light_blue,25,65,5,181.00,610.00,0.609,2.0,0.888,0.039,0.206,599,620,true,true,marker_partially_hidden
S2,5,temperature,25,light_blue,25,65,6,194.33,607.33,0.391,2.0,0.940,0.039,0.187,596,615,true,true,marker_partially_hidden;sd_asymmetric_bar
S2,5,temperature,25,light_blue,25,65,7,209.00,601.00,0.507,2.0,1.065,0.039,0.187,592,611,true,true,marker_partially_hidden
S2,5,temperature,25,light_blue,25,65,8,222.00,598.00,0.812,2.0,1.124,0.039,0.216,587,609,true,false,marker_partially_hidden;sd_one_sided
S2,5,temperature,25,light_blue,25,65,9,236.00,592.50,0.841,2.0,1.232,0.039,0.177,583,602,true,false,marker_partially_hidden;sd_one_sided
S2,5,temperature,25,light_blue,25,65,10,250.00,588.00,0.841,2.0,1.320,0.039,0.216,577,599,true,true,marker_partially_hidden
S2,5,temperature,25,light_blue,25,65,11,264.00,585.00,0.841,2.0,1.379,0.039,0.226,574,597,true,true,marker_partially_hidden
S2,5,temperature,25,light_blue,25,65,12,278.00,582.10,0.855,1.0,1.436,0.020,0.236,570,594,true,true,
S2,5,temperature,25,light_blue,25,65,13,292.00,578.10,0.855,1.0,1.515,0.020,0.246,566,591,true,true,
S2,5,temperature,25,light_blue,25,65,14,306.00,577.10,0.855,1.0,1.534,0.020,0.255,564,590,true,true,
S2,5,temperature,25,light_blue,25,65,15,320.00,574.10,0.855,1.0,1.593,0.020,0.236,562,586,true,true,
S2,5,temperature,25,light_blue,25,65,16,334.00,572.10,0.855,1.0,1.633,0.020,0.255,559,585,true,true,
S2,5,temperature,25,light_blue,25,65,17,348.00,571.10,0.855,1.0,1.652,0.020,0.246,558,583,true,true,
S2,5,temperature,25,light_blue,25,65,18,362.00,569.10,0.855,1.0,1.692,0.020,0.236,557,581,true,true,
S2,5,temperature,25,light_blue,25,65,19,376.00,568.10,0.855,1.0,1.711,0.020,0.236,556,580,true,true,
S2,5,temperature,25,light_blue,25,65,20,390.00,567.10,0.855,1.0,1.731,0.020,0.216,556,578,true,true,
S2,5,temperature,25,light_blue,25,65,21,403.00,566.50,0.841,2.0,1.743,0.039,0.206,556,577,true,true,marker_partially_hidden
S2,5,temperature,25,light_blue,25,65,22,417.00,565.50,0.841,2.0,1.762,0.039,0.196,555,575,true,true,marker_partially_hidden
S2,5,temperature,25,light_blue,25,65,23,431.00,564.00,0.841,2.0,1.792,0.039,0.167,556,573,true,true,marker_partially_hidden
S2,5,temperature,25,light_blue,25,65,24,445.00,564.00,0.841,2.0,1.792,0.039,0.177,555,573,true,true,marker_partially_hidden
S2,5,temperature,25,light_blue,25,65,25,459.00,563.10,0.855,1.0,1.809,0.020,0.167,555,572,true,true,
S2,5,temperature,25,light_blue,25,65,26,473.00,563.10,0.855,1.0,1.809,0.020,0.157,555,571,true,true,
S2,5,temperature,25,light_blue,25,65,27,487.00,562.10,0.855,1.0,1.829,0.020,0.147,554,569,true,true,
S2,5,temperature,25,light_blue,25,65,28,501.00,562.10,0.855,1.0,1.829,0.020,0.138,555,569,true,true,
S2,5,temperature,25,light_blue,25,65,29,515.00,561.10,0.855,1.0,1.849,0.020,0.138,554,568,true,true,
S2,5,temperature,25,light_blue,25,65,30,529.00,561.10,0.855,1.0,1.849,0.020,0.147,554,569,true,true,
S2,5,temperature,25,light_blue,25,65,31,543.00,561.10,0.855,1.0,1.849,0.020,0.157,553,569,true,true,
S2,5,temperature,25,light_blue,25,65,32,557.00,561.10,0.855,1.0,1.849,0.020,0.157,553,569,true,true,
S2,5,temperature,25,light_blue,25,65,33,570.00,560.50,0.841,2.0,1.861,0.039,0.147,553,568,true,true,marker_partially_hidden
S2,5,temperature,25,light_blue,25,65,34,584.00,561.50,0.841,2.0,1.841,0.039,0.157,553,569,true,true,marker_partially_hidden
S2,5,temperature,25,light_blue,25,65,35,598.00,560.00,0.841,2.0,1.870,0.039,0.157,552,568,true,true,marker_partially_hidden
S2,5,temperature,25,light_blue,25,65,36,612.00,561.00,0.841,2.0,1.851,0.039,0.147,553,568,true,true,marker_partially_hidden
S2,5,temperature,25,light_blue,25,65,37,626.00,560.00,0.841,2.0,1.870,0.039,0.167,552,569,true,true,marker_partially_hidden
S2,5,temperature,25,light_blue,25,65,38,640.00,561.10,0.855,1.0,1.849,0.020,0.167,552,569,true,true,
S2,5,temperature,25,light_blue,25,65,39,654.00,561.10,0.855,1.0,1.849,0.020,0.177,552,570,true,true,
S2,5,temperature,25,light_blue,25,65,40,668.00,560.10,0.855,1.0,1.868,0.020,0.167,552,569,true,true,
S2,5,temperature,25,light_blue,25,65,41,682.00,560.00,0.841,2.0,1.870,0.039,0.167,552,569,true,true,marker_partially_hidden
S2,5,temperature,25,light_blue,25,65,42,696.00,560.00,0.841,2.0,1.870,0.039,0.167,552,569,true,true,marker_partially_hidden
S2,5,temperature,25,light_blue,25,65,43,710.00,560.10,0.855,1.0,1.868,0.020,0.177,551,569,true,true,
S2,5,temperature,25,light_blue,25,65,44,724.00,560.00,0.841,2.0,1.870,0.039,0.167,552,569,true,true,marker_partially_hidden
S2,5,temperature,25,light_blue,25,65,45,737.00,560.50,0.841,2.0,1.861,0.039,0.187,550,569,true,true,marker_partially_hidden
S2,5,temperature,25,light_blue,25,65,46,751.00,558.50,0.841,2.0,1.900,0.039,0.177,550,568,true,true,marker_partially_hidden
S2,5,temperature,25,light_blue,25,65,47,765.00,560.50,0.841,2.0,1.861,0.039,0.177,551,569,true,true,marker_partially_hidden
S2,5,temperature,25,light_blue,25,65,48,779.00,559.00,0.826,2.0,1.890,0.039,0.177,550,568,true,true,marker_partially_hidden
S2,5,temperature,25,light_blue,25,65,49,793.00,558.10,0.855,1.0,1.908,0.020,0.196,548,568,true,true,
S2,5,temperature,25,light_blue,25,65,50,807.00,558.00,0.826,2.0,1.910,0.039,0.206,548,569,true,true,marker_partially_hidden
S2,5,temperature,25,light_blue,25,65,51,821.00,558.00,0.826,2.0,1.910,0.039,0.187,549,568,true,true,marker_partially_hidden
S2,5,temperature,25,light_blue,25,65,52,835.00,559.00,0.841,2.0,1.890,0.039,0.196,549,569,true,true,marker_partially_hidden
S2,5,temperature,25,light_blue,25,65,53,849.00,558.00,0.826,2.0,1.910,0.039,0.196,548,568,true,true,marker_partially_hidden
S2,5,temperature,25,light_blue,25,65,54,863.00,557.00,0.826,2.0,1.929,0.039,0.167,549,566,true,true,marker_partially_hidden
S2,5,temperature,25,light_blue,25,65,55,877.00,559.00,0.841,2.0,1.890,0.039,0.196,549,569,true,true,marker_partially_hidden
S2,5,temperature,25,light_blue,25,65,56,891.00,558.00,0.841,2.0,1.910,0.039,0.177,549,567,true,true,marker_partially_hidden
S2,5,temperature,25,light_blue,25,65,57,905.00,558.00,0.826,2.0,1.910,0.039,0.187,549,568,true,true,marker_partially_hidden
S2,5,temperature,25,light_blue,25,65,58,918.00,557.50,0.841,2.0,1.919,0.039,0.167,549,566,true,true,marker_partially_hidden
S2,5,temperature,25,light_blue,25,65,59,932.00,557.50,0.826,2.0,1.919,0.039,0.167,549,566,true,true,marker_partially_hidden
S2,5,temperature,25,light_blue,25,65,60,946.00,557.00,0.841,2.0,1.929,0.039,0.187,548,567,true,true,marker_partially_hidden
S2,5,temperature,25,light_blue,25,65,61,960.00,557.00,0.826,2.0,1.929,0.039,0.157,549,565,true,true,marker_partially_hidden
S2,5,temperature,25,light_blue,25,65,62,974.00,557.00,0.841,2.0,1.929,0.039,0.187,547,566,true,true,marker_partially_hidden
S2,5,temperature,25,navy,25,70,1,126.40,602.80,0.377,2.0,1.029,0.039,,601,606,false,false,marker_partially_hidden;sd_below_marker_radius
S2,5,temperature,25,navy,25,70,2,141.00,604.00,0.783,2.0,1.006,0.039,,599,608,false,false,marker_partially_hidden;sd_below_marker_radius
S2,5,temperature,25,navy,25,70,3,155.00,603.00,0.783,2.0,1.026,0.039,,599,607,false,false,marker_partially_hidden;sd_below_marker_radius
S2,5,temperature,25,navy,25,70,4,169.00,604.00,0.768,2.0,1.006,0.039,,600,608,false,false,marker_partially_hidden;sd_below_marker_radius
S2,5,temperature,25,navy,25,70,5,183.00,604.00,0.797,2.0,1.006,0.039,,600,608,false,false,marker_partially_hidden;sd_below_marker_radius
S2,5,temperature,25,navy,25,70,6,197.00,604.00,0.783,2.0,1.006,0.039,,600,608,false,false,marker_partially_hidden;sd_below_marker_radius
S2,5,temperature,25,navy,25,70,7,211.00,605.50,0.797,2.0,0.976,0.039,,602,609,false,false,marker_partially_hidden;sd_below_marker_radius
S2,5,temperature,25,navy,25,70,8,225.00,605.00,0.783,2.0,0.986,0.039,,601,609,false,false,marker_partially_hidden;sd_below_marker_radius
S2,5,temperature,25,navy,25,70,9,238.00,605.00,0.826,2.0,0.986,0.039,,601,609,false,false,marker_partially_hidden;sd_below_marker_radius
S2,5,temperature,25,navy,25,70,10,252.22,606.12,0.855,1.0,0.964,0.020,,601,611,false,false,sd_below_marker_radius
S2,5,temperature,25,navy,25,70,11,266.00,605.50,0.841,2.0,0.976,0.039,0.118,600,610,true,false,marker_partially_hidden;sd_one_sided
S2,5,temperature,25,navy,25,70,12,280.00,603.00,0.783,2.0,1.026,0.039,,599,607,false,false,marker_partially_hidden;sd_below_marker_radius
S2,5,temperature,25,navy,25,70,13,294.00,603.00,0.826,2.0,1.026,0.039,,599,607,false,false,marker_partially_hidden;sd_below_marker_radius
S2,5,temperature,25,navy,25,70,14,308.00,605.00,0.841,2.0,0.986,0.039,,600,609,false,false,marker_partially_hidden;sd_below_marker_radius
S2,5,temperature,25,navy,25,70,15,322.00,602.00,0.797,2.0,1.045,0.039,,598,606,false,false,marker_partially_hidden;sd_below_marker_radius
S2,5,temperature,25,navy,25,70,16,336.00,603.00,0.841,2.0,1.026,0.039,,598,608,false,false,marker_partially_hidden;sd_below_marker_radius
S2,5,temperature,25,navy,25,70,17,350.15,604.12,0.855,1.0,1.004,0.020,,600,609,false,false,sd_below_marker_radius
S2,5,temperature,25,navy,25,70,18,364.00,602.00,0.812,2.0,1.045,0.039,,598,606,false,false,marker_partially_hidden;sd_below_marker_radius
S2,5,temperature,25,navy,25,70,19,378.00,603.00,0.841,2.0,1.026,0.039,,598,608,false,false,marker_partially_hidden;sd_below_marker_radius
S2,5,temperature,25,navy,25,70,20,392.00,600.00,0.841,2.0,1.084,0.039,,596,604,false,false,marker_partially_hidden;sd_below_marker_radius
S2,5,temperature,25,navy,25,70,21,406.00,599.00,0.841,2.0,1.104,0.039,,595,603,false,false,marker_partially_hidden;sd_below_marker_radius
S2,5,temperature,25,navy,25,70,22,419.00,606.50,0.797,2.0,0.957,0.039,0.118,599,612,false,true,marker_partially_hidden;sd_one_sided
S2,5,temperature,25,navy,25,70,23,433.00,605.00,0.797,2.0,0.986,0.039,0.236,593,617,true,true,marker_partially_hidden
S2,5,temperature,25,navy,25,70,24,447.00,605.00,0.797,2.0,0.986,0.039,0.206,594,615,true,true,marker_partially_hidden
S2,5,temperature,25,navy,25,70,25,461.00,606.00,0.797,2.0,0.967,0.039,0.177,597,615,true,true,marker_partially_hidden
S2,5,temperature,25,navy,25,70,26,475.00,598.00,0.841,2.0,1.124,0.039,,594,603,false,false,marker_partially_hidden;sd_below_marker_radius
S2,5,temperature,25,navy,25,70,27,489.00,604.00,0.797,2.0,1.006,0.039,0.216,593,615,true,true,marker_partially_hidden
S2,5,temperature,25,navy,25,70,28,503.00,602.50,0.783,2.0,1.035,0.039,0.157,594,610,true,true,marker_partially_hidden
S2,5,temperature,25,navy,25,70,29,517.15,598.73,0.855,1.0,1.109,0.020,0.138,592,603,true,false,sd_one_sided
S2,5,temperature,25,navy,25,70,30,531.00,599.00,0.826,2.0,1.104,0.039,0.138,592,603,true,false,marker_partially_hidden;sd_one_sided
S2,5,temperature,25,navy,25,70,31,545.00,598.00,0.826,2.0,1.124,0.039,0.118,592,602,true,false,marker_partially_hidden;sd_one_sided
S2,5,temperature,25,navy,25,70,32,559.00,596.50,0.812,2.0,1.153,0.039,0.138,592,603,false,true,marker_partially_hidden;sd_one_sided
S2,5,temperature,25,navy,25,70,33,573.00,597.00,0.797,2.0,1.143,0.039,0.118,591,603,true,true,marker_partially_hidden
S2,5,temperature,25,navy,25,70,34,586.00,599.00,0.841,2.0,1.104,0.039,,594,604,false,false,marker_partially_hidden;sd_below_marker_radius
S2,5,temperature,25,navy,25,70,35,600.00,598.00,0.826,2.0,1.124,0.039,0.138,591,603,true,false,marker_partially_hidden;sd_one_sided
S2,5,temperature,25,navy,25,70,36,614.00,596.00,0.826,2.0,1.163,0.039,,592,600,false,false,marker_partially_hidden;sd_below_marker_radius
S2,5,temperature,25,navy,25,70,37,628.00,596.50,0.841,2.0,1.153,0.039,,591,602,false,false,marker_partially_hidden;sd_unavailable
S2,5,temperature,25,navy,25,70,38,642.00,595.50,0.797,2.0,1.173,0.039,0.118,590,603,true,false,marker_partially_hidden;sd_one_sided
S2,5,temperature,25,navy,25,70,39,656.00,596.00,0.826,2.0,1.163,0.039,,591,601,false,false,marker_partially_hidden;sd_below_marker_radius
S2,5,temperature,25,navy,25,70,40,670.22,597.12,0.855,1.0,1.141,0.020,,592,601,false,false,sd_below_marker_radius
S2,5,temperature,25,navy,25,70,41,684.00,596.00,0.812,2.0,1.163,0.039,0.118,591,602,false,true,marker_partially_hidden;sd_one_sided
S2,5,temperature,25,navy,25,70,42,698.15,595.12,0.855,1.0,1.180,0.020,,591,600,false,false,sd_below_marker_radius
S2,5,temperature,25,navy,25,70,43,712.00,595.50,0.826,2.0,1.173,0.039,0.118,590,601,true,false,marker_partially_hidden;sd_one_sided
S2,5,temperature,25,navy,25,70,44,726.00,597.50,0.826,2.0,1.134,0.039,,592,603,false,false,marker_partially_hidden;sd_unavailable
S2,5,temperature,25,navy,25,70,45,740.15,595.12,0.855,1.0,1.180,0.020,,590,600,false,false,sd_below_marker_radius
S2,5,temperature,25,navy,25,70,46,754.00,596.00,0.797,2.0,1.163,0.039,,592,600,false,false,marker_partially_hidden;sd_below_marker_radius
S2,5,temperature,25,navy,25,70,47,767.00,595.00,0.841,2.0,1.183,0.039,,591,599,false,false,marker_partially_hidden;sd_below_marker_radius
S2,5,temperature,25,navy,25,70,48,781.00,595.00,0.841,2.0,1.183,0.039,,591,600,false,false,marker_partially_hidden;sd_below_marker_radius
S2,5,temperature,25,navy,25,70,49,795.00,596.00,0.812,2.0,1.163,0.039,,592,600,false,false,marker_partially_hidden;sd_below_marker_radius
S2,5,temperature,25,navy,25,70,50,809.00,595.00,0.812,2.0,1.183,0.039,,591,599,false,false,marker_partially_hidden;sd_below_marker_radius
S2,5,temperature,25,navy,25,70,51,823.00,594.00,0.826,2.0,1.202,0.039,,590,598,false,false,marker_partially_hidden;sd_below_marker_radius
S2,5,temperature,25,navy,25,70,52,837.22,594.12,0.855,1.0,1.200,0.020,,590,599,false,false,sd_below_marker_radius
S2,5,temperature,25,navy,25,70,53,851.00,594.50,0.826,2.0,1.193,0.039,,589,599,false,false,marker_partially_hidden;sd_below_marker_radius
S2,5,temperature,25,navy,25,70,54,865.00,594.50,0.841,2.0,1.193,0.039,,590,599,false,false,marker_partially_hidden;sd_below_marker_radius
S2,5,temperature,25,navy,25,70,55,879.00,594.00,0.841,2.0,1.202,0.039,,590,599,false,false,marker_partially_hidden;sd_below_marker_radius
S2,5,temperature,25,navy,25,70,56,893.00,594.00,0.826,2.0,1.202,0.039,,590,599,false,false,marker_partially_hidden;sd_below_marker_radius
S2,5,temperature,25,navy,25,70,57,907.15,594.12,0.855,1.0,1.200,0.020,,590,599,false,false,sd_below_marker_radius
S2,5,temperature,25,navy,25,70,58,921.00,594.00,0.841,2.0,1.202,0.039,,590,599,false,false,marker_partially_hidden;sd_below_marker_radius
S2,5,temperature,25,navy,25,70,59,934.00,594.00,0.826,2.0,1.202,0.039,,589,599,false,false,marker_partially_hidden;sd_below_marker_radius
S2,5,temperature,25,navy,25,70,60,948.22,594.12,0.855,1.0,1.200,0.020,,590,598,false,false,sd_below_marker_radius
S2,5,temperature,25,navy,25,70,61,962.00,594.00,0.826,2.0,1.202,0.039,,590,599,false,false,marker_partially_hidden;sd_below_marker_radius
S2,5,temperature,25,navy,25,70,62,976.00,594.50,0.841,2.0,1.193,0.039,,590,599,false,false,marker_partially_hidden;sd_below_marker_radius
S2,5,temperature,25,orange,25,75,1,131.23,611.03,0.899,1.0,0.868,0.020,,607,615,false,false,sd_below_marker_radius
S2,5,temperature,25,orange,25,75,2,145.13,610.27,0.899,1.0,0.883,0.020,,606,614,false,false,sd_below_marker_radius
S2,5,temperature,25,orange,25,75,3,159.05,610.18,0.899,1.0,0.885,0.020,,606,614,false,false,sd_below_marker_radius
S2,5,temperature,25,orange,25,75,4,173.32,610.08,0.870,1.0,0.886,0.020,,605,615,false,false,sd_below_marker_radius
S2,5,temperature,25,orange,25,75,5,187.15,614.15,0.899,1.0,0.807,0.020,0.344,597,632,true,true,
S2,5,temperature,25,orange,25,75,6,201.10,588.10,0.913,1.0,1.318,0.020,0.609,557,619,true,true,
S2,5,temperature,25,orange,25,75,7,215.10,579.10,0.913,1.0,1.495,0.020,0.697,544,615,true,true,
S2,5,temperature,25,orange,25,75,8,229.15,575.15,0.899,1.0,1.573,0.020,0.668,541,609,true,true,
S2,5,temperature,25,orange,25,75,9,243.15,570.15,0.899,1.0,1.671,0.020,0.668,536,604,true,true,
S2,5,temperature,25,orange,25,75,10,257.15,564.15,0.899,1.0,1.789,0.020,0.639,532,597,true,true,
S2,5,temperature,25,orange,25,75,11,270.15,558.15,0.899,1.0,1.907,0.020,0.619,527,590,true,true,
S2,5,temperature,25,orange,25,75,12,284.15,553.15,0.899,1.0,2.005,0.020,0.560,525,582,true,true,
S2,5,temperature,25,orange,25,75,13,298.16,547.21,0.884,1.0,2.122,0.020,0.540,520,575,true,true,
S2,5,temperature,25,orange,25,75,14,312.16,542.21,0.884,1.0,2.220,0.020,0.481,518,567,true,true,
S2,5,temperature,25,orange,25,75,15,326.12,537.57,0.870,1.0,2.311,0.020,0.442,515,560,true,true,
S2,5,temperature,25,orange,25,75,16,340.22,532.31,0.855,1.0,2.414,0.020,0.422,510,553,true,true,
S2,5,temperature,25,orange,25,75,17,354.31,527.22,0.855,1.0,2.514,0.020,0.393,507,547,true,true,
S2,5,temperature,25,orange,25,75,18,368.34,521.10,0.855,1.0,2.635,0.020,0.344,504,539,true,true,
S2,5,temperature,25,orange,25,75,19,382.11,515.98,0.884,1.0,2.735,0.020,0.314,500,532,true,true,
S2,5,temperature,25,orange,25,75,20,396.15,511.05,0.899,1.0,2.832,0.020,0.285,496,525,true,true,
S2,5,temperature,25,orange,25,75,21,410.15,507.15,0.899,1.0,2.909,0.020,0.265,493,520,true,true,
S2,5,temperature,25,orange,25,75,22,424.15,502.15,0.899,1.0,3.007,0.020,0.265,488,515,true,true,
S2,5,temperature,25,orange,25,75,23,438.15,497.15,0.899,1.0,3.105,0.020,0.255,484,510,true,false,sd_one_sided
S2,5,temperature,25,orange,25,75,24,451.15,492.15,0.899,1.0,3.203,0.020,0.255,479,502,true,false,sd_one_sided
S2,5,temperature,25,orange,25,75,25,465.15,487.15,0.899,1.0,3.302,0.020,0.255,474,500,true,false,sd_one_sided
S2,5,temperature,25,orange,25,75,26,479.15,484.15,0.899,1.0,3.361,0.020,0.275,470,498,true,false,sd_one_sided
S2,5,temperature,25,orange,25,75,27,493.15,480.15,0.899,1.0,3.439,0.020,0.295,465,495,true,true,
S2,5,temperature,25,orange,25,75,28,507.15,477.15,0.899,1.0,3.498,0.020,0.295,462,492,true,true,
S2,5,temperature,25,orange,25,75,29,521.15,473.15,0.899,1.0,3.577,0.020,0.324,457,490,true,true,
S2,5,temperature,25,orange,25,75,30,535.10,472.10,0.913,1.0,3.597,0.020,0.334,455,489,true,true,
S2,5,temperature,25,orange,25,75,31,549.10,468.10,0.913,1.0,3.676,0.020,0.373,449,487,true,true,
S2,5,temperature,25,orange,25,75,32,563.10,466.10,0.913,1.0,3.715,0.020,0.373,447,485,true,true,
S2,5,temperature,25,orange,25,75,33,577.15,464.15,0.899,1.0,3.754,0.020,0.393,444,484,true,true,
S2,5,temperature,25,orange,25,75,34,591.15,462.15,0.899,1.0,3.793,0.020,0.422,441,484,true,true,
S2,5,temperature,25,orange,25,75,35,605.15,461.15,0.899,1.0,3.812,0.020,0.432,439,483,true,true,
S2,5,temperature,25,orange,25,75,36,618.15,459.15,0.899,1.0,3.852,0.020,0.452,436,482,true,true,
S2,5,temperature,25,orange,25,75,37,632.15,458.15,0.899,1.0,3.871,0.020,0.462,435,482,true,true,
S2,5,temperature,25,orange,25,75,38,646.15,457.15,0.899,1.0,3.891,0.020,0.472,433,481,true,true,
S2,5,temperature,25,orange,25,75,39,660.15,456.15,0.899,1.0,3.911,0.020,0.472,432,480,true,true,
S2,5,temperature,25,orange,25,75,40,674.15,455.15,0.899,1.0,3.930,0.020,0.472,431,479,true,true,
S2,5,temperature,25,orange,25,75,41,688.15,454.15,0.899,1.0,3.950,0.020,0.481,430,479,true,true,
S2,5,temperature,25,orange,25,75,42,702.10,453.10,0.913,1.0,3.971,0.020,0.501,428,479,true,true,
S2,5,temperature,25,orange,25,75,43,716.10,452.10,0.913,1.0,3.990,0.020,0.501,427,478,true,true,
S2,5,temperature,25,orange,25,75,44,730.10,451.10,0.913,1.0,4.010,0.020,0.501,426,477,true,true,
S2,5,temperature,25,orange,25,75,45,744.15,452.15,0.899,1.0,3.989,0.020,0.511,426,478,true,true,
S2,5,temperature,25,orange,25,75,46,758.15,451.15,0.899,1.0,4.009,0.020,0.521,425,478,true,true,
S2,5,temperature,25,orange,25,75,47,772.15,451.15,0.899,1.0,4.009,0.020,0.530,424,478,true,true,
S2,5,temperature,25,orange,25,75,48,786.15,451.15,0.899,1.0,4.009,0.020,0.540,423,478,true,true,
S2,5,temperature,25,orange,25,75,49,799.15,450.15,0.899,1.0,4.029,0.020,0.540,423,478,true,true,
S2,5,temperature,25,orange,25,75,50,813.15,450.15,0.899,1.0,4.029,0.020,0.540,422,477,true,true,
S2,5,temperature,25,orange,25,75,51,827.15,450.15,0.899,1.0,4.029,0.020,0.540,422,477,true,true,
S2,5,temperature,25,orange,25,75,52,841.15,449.15,0.899,1.0,4.048,0.020,0.540,422,477,true,true,
S2,5,temperature,25,orange,25,75,53,855.15,449.15,0.899,1.0,4.048,0.020,0.550,421,477,true,true,
S2,5,temperature,25,orange,25,75,54,869.15,449.15,0.899,1.0,4.048,0.020,0.550,421,477,true,true,
S2,5,temperature,25,orange,25,75,55,883.10,448.10,0.913,1.0,4.069,0.020,0.550,420,476,true,true,
S2,5,temperature,25,orange,25,75,56,897.10,448.10,0.913,1.0,4.069,0.020,0.550,420,476,true,true,
S2,5,temperature,25,orange,25,75,57,911.10,447.10,0.913,1.0,4.089,0.020,0.550,419,475,true,true,
S2,5,temperature,25,orange,25,75,58,925.15,447.15,0.899,1.0,4.088,0.020,0.550,419,475,true,true,
S2,5,temperature,25,orange,25,75,59,939.15,446.15,0.899,1.0,4.107,0.020,0.560,418,475,true,true,
S2,5,temperature,25,orange,25,75,60,953.15,446.15,0.899,1.0,4.107,0.020,0.570,417,475,true,true,
S2,5,temperature,25,orange,25,75,61,966.15,446.15,0.899,1.0,4.107,0.020,0.560,417,474,true,true,
S2,5,temperature,25,orange,25,75,62,980.15,445.15,0.899,1.0,4.127,0.020,0.560,417,474,true,true,
S2,5,temperature,25,green,25,80,1,129.00,599.00,0.812,2.0,1.104,0.039,0.639,567,632,true,true,marker_partially_hidden
S2,5,temperature,25,green,25,80,2,143.00,592.00,0.841,2.0,1.242,0.039,0.530,565,620,true,false,marker_partially_hidden;sd_one_sided
S2,5,temperature,25,green,25,80,3,157.00,594.10,0.855,1.0,1.200,0.020,0.599,563,624,true,true,
S2,5,temperature,25,green,25,80,4,171.00,585.10,0.855,1.0,1.377,0.020,0.550,557,600,true,false,sd_one_sided
S2,5,temperature,25,green,25,80,5,185.00,575.10,0.855,1.0,1.574,0.020,0.629,543,600,true,false,sd_one_sided
S2,5,temperature,25,green,25,80,6,199.05,568.05,0.870,1.0,1.712,0.020,0.668,534,600,true,false,sd_one_sided
S2,5,temperature,25,green,25,80,7,213.00,561.10,0.855,1.0,1.849,0.020,0.737,523,598,true,true,
S2,5,temperature,25,green,25,80,8,227.00,556.00,0.841,2.0,1.949,0.039,0.747,518,594,true,true,marker_partially_hidden
S2,5,temperature,25,green,25,80,9,241.00,552.00,0.841,2.0,2.028,0.039,0.747,514,590,true,false,marker_partially_hidden;sd_one_sided
S2,5,temperature,25,green,25,80,10,254.00,549.50,0.826,2.0,2.077,0.039,0.668,515,583,true,true,marker_partially_hidden
S2,5,temperature,25,green,25,80,11,268.00,546.50,0.826,2.0,2.136,0.039,0.639,514,579,true,true,marker_partially_hidden
S2,5,temperature,25,green,25,80,12,282.00,543.00,0.826,2.0,2.204,0.039,0.629,511,575,true,true,marker_partially_hidden
S2,5,temperature,25,green,25,80,13,296.00,539.00,0.812,2.0,2.283,0.039,0.629,507,571,true,true,marker_partially_hidden
S2,5,temperature,25,green,25,80,14,310.00,535.00,0.783,2.0,2.361,0.039,0.609,504,566,true,false,marker_partially_hidden;sd_one_sided
S2,5,temperature,25,green,25,80,15,324.00,530.50,0.725,2.0,2.450,0.039,0.609,500,562,true,true,marker_partially_hidden
S2,5,temperature,25,green,25,80,16,338.00,527.50,0.565,2.0,2.509,0.039,0.648,495,561,true,true,marker_partially_hidden
S2,5,temperature,25,green,25,80,19,380.00,521.00,0.536,2.0,2.637,0.039,0.825,478,562,true,true,marker_partially_hidden
S2,5,temperature,25,green,25,80,20,394.00,518.00,0.725,2.0,2.695,0.039,0.894,471,562,true,true,marker_partially_hidden;sd_asymmetric_bar
S2,5,temperature,25,green,25,80,21,408.00,514.50,0.783,2.0,2.764,0.039,0.933,466,561,true,true,marker_partially_hidden
S2,5,temperature,25,green,25,80,22,422.00,510.00,0.826,2.0,2.853,0.039,0.972,461,560,true,true,marker_partially_hidden
S2,5,temperature,25,green,25,80,23,435.00,507.50,0.841,2.0,2.902,0.039,1.012,456,559,true,true,marker_partially_hidden
S2,5,temperature,25,green,25,80,24,449.00,505.50,0.841,2.0,2.941,0.039,1.051,451,558,true,true,marker_partially_hidden;sd_asymmetric_bar
S2,5,temperature,25,green,25,80,25,463.00,503.00,0.841,2.0,2.990,0.039,1.071,448,557,true,true,marker_partially_hidden
S2,5,temperature,25,green,25,80,26,477.00,501.50,0.826,2.0,3.020,0.039,1.110,444,557,true,true,marker_partially_hidden;sd_asymmetric_bar
S2,5,temperature,25,green,25,80,27,491.00,499.00,0.841,2.0,3.069,0.039,1.159,440,558,true,true,marker_partially_hidden
S2,5,temperature,25,green,25,80,28,505.00,497.10,0.855,1.0,3.106,0.020,1.189,437,558,true,true,
S2,5,temperature,25,green,25,80,29,519.00,496.10,0.855,1.0,3.126,0.020,1.208,434,557,true,true,
S2,5,temperature,25,green,25,80,30,533.00,494.10,0.855,1.0,3.165,0.020,1.238,431,558,true,false,sd_one_sided
S2,5,temperature,25,green,25,80,31,547.00,493.10,0.855,1.0,3.185,0.020,1.267,428,557,true,true,
S2,5,temperature,25,green,25,80,32,561.00,492.10,0.855,1.0,3.204,0.020,1.297,426,558,true,false,sd_one_sided
S2,5,temperature,25,green,25,80,33,575.00,491.00,0.841,2.0,3.226,0.039,1.326,423,558,true,true,marker_partially_hidden
S2,5,temperature,25,green,25,80,34,589.00,490.00,0.841,2.0,3.246,0.039,1.336,422,558,true,true,marker_partially_hidden
S2,5,temperature,25,green,25,80,35,602.00,489.50,0.841,2.0,3.255,0.039,1.356,420,558,true,true,marker_partially_hidden
S2,5,temperature,25,green,25,80,36,616.00,489.50,0.841,2.0,3.255,0.039,1.356,420,558,true,true,marker_partially_hidden
S2,5,temperature,25,green,25,80,37,630.00,489.00,0.841,2.0,3.265,0.039,1.395,418,560,true,false,marker_partially_hidden;sd_one_sided
S2,5,temperature,25,green,25,80,38,644.00,488.00,0.841,2.0,3.285,0.039,1.395,417,559,true,true,marker_partially_hidden
S2,5,temperature,25,green,25,80,39,658.00,488.00,0.841,2.0,3.285,0.039,1.395,417,559,true,true,marker_partially_hidden
S2,5,temperature,25,green,25,80,40,672.00,487.00,0.841,2.0,3.305,0.039,1.395,416,559,true,false,marker_partially_hidden;sd_one_sided
S2,5,temperature,25,green,25,80,41,686.00,487.10,0.855,1.0,3.303,0.020,1.415,415,559,true,false,sd_one_sided
S2,5,temperature,25,green,25,80,42,700.00,487.10,0.855,1.0,3.303,0.020,1.434,414,559,true,false,sd_one_sided
S2,5,temperature,25,green,25,80,43,714.00,486.10,0.855,1.0,3.322,0.020,1.434,413,559,true,false,sd_one_sided
S2,5,temperature,25,green,25,80,44,728.00,487.10,0.855,1.0,3.303,0.020,1.434,414,559,true,false,sd_one_sided
S2,5,temperature,25,green,25,80,45,742.00,486.00,0.841,2.0,3.324,0.039,1.395,415,559,true,false,marker_partially_hidden;sd_one_sided
S2,5,temperature,25,green,25,80,46,756.00,486.00,0.841,2.0,3.324,0.039,1.415,414,558,true,true,marker_partially_hidden
S2,5,temperature,25,green,25,80,47,770.00,487.50,0.841,2.0,3.295,0.039,1.434,415,559,true,false,marker_partially_hidden;sd_one_sided
S2,5,temperature,25,green,25,80,48,783.00,486.50,0.841,2.0,3.314,0.039,1.415,414,559,true,false,marker_partially_hidden;sd_one_sided
S2,5,temperature,25,green,25,80,49,797.00,486.50,0.841,2.0,3.314,0.039,1.415,414,559,true,false,marker_partially_hidden;sd_one_sided
S2,5,temperature,25,green,25,80,50,811.00,487.00,0.841,2.0,3.305,0.039,1.415,415,559,true,false,marker_partially_hidden;sd_one_sided
S2,5,temperature,25,green,25,80,51,825.00,487.00,0.841,2.0,3.305,0.039,1.434,414,560,true,false,marker_partially_hidden;sd_one_sided
S2,5,temperature,25,green,25,80,52,839.00,487.00,0.841,2.0,3.305,0.039,1.415,415,559,true,false,marker_partially_hidden;sd_one_sided
S2,5,temperature,25,green,25,80,53,853.00,486.10,0.855,1.0,3.322,0.020,1.444,413,560,true,true,
S2,5,temperature,25,green,25,80,54,867.00,487.10,0.855,1.0,3.303,0.020,1.424,414,559,true,true,
S2,5,temperature,25,green,25,80,55,881.00,486.10,0.855,1.0,3.322,0.020,1.434,413,559,true,false,sd_one_sided
S2,5,temperature,25,green,25,80,56,895.00,485.10,0.855,1.0,3.342,0.020,1.434,412,559,true,false,sd_one_sided
S2,5,temperature,25,green,25,80,57,909.00,486.10,0.855,1.0,3.322,0.020,1.444,413,560,true,true,
S2,5,temperature,25,green,25,80,58,923.00,485.00,0.841,2.0,3.344,0.039,1.454,411,559,true,true,marker_partially_hidden
S2,5,temperature,25,green,25,80,59,937.00,485.50,0.841,2.0,3.334,0.039,1.454,411,559,true,true,marker_partially_hidden
S2,5,temperature,25,green,25,80,60,950.00,486.50,0.841,2.0,3.314,0.039,1.434,413,559,true,true,marker_partially_hidden
S2,5,temperature,25,green,25,80,61,964.00,485.50,0.841,2.0,3.334,0.039,1.454,412,559,true,false,marker_partially_hidden;sd_one_sided
S2,5,temperature,25,green,25,80,62,978.00,485.00,0.841,2.0,3.344,0.039,1.444,412,559,true,true,marker_partially_hidden
S2,7,temperature,30,light_blue,30,65,1,125.00,605.10,0.967,1.0,0.984,0.020,0.187,596,615,true,true,
S2,7,temperature,30,light_blue,30,65,2,138.95,608.05,0.951,1.0,0.926,0.020,0.314,592,624,true,true,
S2,7,temperature,30,light_blue,30,65,3,153.00,609.00,0.377,2.0,0.908,0.039,0.265,595,622,true,true,marker_partially_hidden
S2,7,temperature,30,light_blue,30,65,4,166.00,607.00,0.459,2.0,0.947,0.039,0.295,593,623,true,true,marker_partially_hidden
S2,7,temperature,30,light_blue,30,65,5,181.00,604.00,0.557,2.0,1.006,0.039,0.285,590,619,true,true,marker_partially_hidden
S2,7,temperature,30,light_blue,30,65,6,195.00,598.00,0.836,2.0,1.124,0.039,0.246,586,611,true,true,marker_partially_hidden
S2,7,temperature,30,light_blue,30,65,7,209.00,594.00,0.803,2.0,1.202,0.039,0.226,583,606,true,true,marker_partially_hidden
S2,7,temperature,30,light_blue,30,65,8,222.00,590.00,0.803,2.0,1.281,0.039,0.216,579,601,true,true,marker_partially_hidden
S2,7,temperature,30,light_blue,30,65,9,235.77,584.87,0.852,1.0,1.382,0.020,0.206,575,596,true,true,
S2,7,temperature,30,light_blue,30,65,10,250.00,582.00,0.607,2.0,1.438,0.039,0.226,570,593,true,true,marker_partially_hidden
S2,7,temperature,30,light_blue,30,65,11,263.50,579.00,0.443,2.0,1.497,0.039,0.216,568,583,true,false,marker_partially_hidden;sd_one_sided
S2,7,temperature,30,light_blue,30,65,12,278.00,575.00,0.590,2.0,1.576,0.039,0.206,565,586,true,true,marker_partially_hidden
S2,7,temperature,30,light_blue,30,65,13,292.00,572.00,0.607,2.0,1.635,0.039,0.196,562,583,true,false,marker_partially_hidden;sd_one_sided
S2,7,temperature,30,light_blue,30,65,14,306.00,569.00,0.525,2.0,1.694,0.039,0.206,559,580,true,true,marker_partially_hidden
S2,7,temperature,30,light_blue,30,65,15,319.50,566.00,0.508,2.0,1.752,0.039,0.226,555,578,true,true,marker_partially_hidden
S2,7,temperature,30,light_blue,30,65,16,333.33,563.67,0.443,2.0,1.798,0.039,0.236,552,576,true,true,marker_partially_hidden
S2,7,temperature,30,light_blue,30,65,17,348.00,562.00,0.738,2.0,1.831,0.039,0.236,550,574,false,true,marker_partially_hidden;sd_one_sided
S2,7,temperature,30,light_blue,30,65,18,362.00,560.00,0.672,2.0,1.870,0.039,0.246,548,573,true,true,marker_partially_hidden
S2,7,temperature,30,light_blue,30,65,19,376.00,559.00,0.656,2.0,1.890,0.039,0.246,546,571,true,true,marker_partially_hidden
S2,7,temperature,30,light_blue,30,65,20,389.00,557.00,0.557,2.0,1.929,0.039,0.255,545,571,true,true,marker_partially_hidden
S2,7,temperature,30,light_blue,30,65,21,403.00,557.00,0.541,2.0,1.929,0.039,0.246,545,570,true,true,marker_partially_hidden
S2,7,temperature,30,light_blue,30,65,24,445.00,556.00,0.361,2.0,1.949,0.039,0.246,544,569,true,true,marker_partially_hidden
S2,7,temperature,30,light_blue,30,65,25,458.67,556.67,0.426,2.0,1.936,0.039,0.246,544,569,true,true,marker_partially_hidden
S2,7,temperature,30,light_blue,30,65,26,472.67,556.67,0.426,2.0,1.936,0.039,0.246,544,569,true,true,marker_partially_hidden
S2,7,temperature,30,light_blue,30,65,27,487.00,556.50,0.525,2.0,1.939,0.039,0.246,544,569,true,true,marker_partially_hidden
S2,7,temperature,30,light_blue,30,65,28,501.00,556.50,0.525,2.0,1.939,0.039,0.246,544,569,true,true,marker_partially_hidden
S2,7,temperature,30,light_blue,30,65,29,515.00,556.50,0.525,2.0,1.939,0.039,0.246,544,569,true,true,marker_partially_hidden
S2,7,temperature,30,light_blue,30,65,30,529.00,556.00,0.639,2.0,1.949,0.039,0.246,544,569,true,true,marker_partially_hidden
S2,7,temperature,30,light_blue,30,65,31,543.00,556.00,0.639,2.0,1.949,0.039,0.246,544,569,true,true,marker_partially_hidden
S2,7,temperature,30,light_blue,30,65,32,557.00,556.50,0.639,2.0,1.939,0.039,0.246,544,569,true,true,marker_partially_hidden
S2,7,temperature,30,light_blue,30,65,33,570.00,557.50,0.770,2.0,1.919,0.039,0.246,544,569,true,true,marker_partially_hidden;sd_asymmetric_bar
S2,7,temperature,30,light_blue,30,65,34,584.00,556.50,0.639,2.0,1.939,0.039,0.246,544,569,true,true,marker_partially_hidden
S2,7,temperature,30,light_blue,30,65,35,598.00,557.00,0.738,2.0,1.929,0.039,0.255,544,570,true,true,marker_partially_hidden
S2,7,temperature,30,light_blue,30,65,36,612.00,556.00,0.639,2.0,1.949,0.039,0.255,544,570,true,true,marker_partially_hidden
S2,7,temperature,30,light_blue,30,65,37,626.00,557.00,0.738,2.0,1.929,0.039,0.255,544,570,true,true,marker_partially_hidden
S2,7,temperature,30,light_blue,30,65,38,640.00,557.00,0.639,2.0,1.929,0.039,0.255,544,570,true,true,marker_partially_hidden
S2,7,temperature,30,light_blue,30,65,39,654.00,557.00,0.639,2.0,1.929,0.039,0.255,544,570,true,true,marker_partially_hidden
S2,7,temperature,30,light_blue,30,65,40,668.00,557.00,0.639,2.0,1.929,0.039,0.255,544,570,true,true,marker_partially_hidden
S2,7,temperature,30,light_blue,30,65,41,682.00,557.00,0.639,2.0,1.929,0.039,0.255,544,570,true,true,marker_partially_hidden
S2,7,temperature,30,light_blue,30,65,42,696.00,557.00,0.639,2.0,1.929,0.039,0.255,544,570,true,true,marker_partially_hidden
S2,7,temperature,30,light_blue,30,65,43,710.00,557.00,0.639,2.0,1.929,0.039,0.255,544,570,true,true,marker_partially_hidden
S2,7,temperature,30,light_blue,30,65,44,724.00,557.00,0.639,2.0,1.929,0.039,0.255,544,570,true,true,marker_partially_hidden
S2,7,temperature,30,light_blue,30,65,45,737.00,558.00,0.705,2.0,1.910,0.039,0.255,544,570,true,true,marker_partially_hidden
S2,7,temperature,30,light_blue,30,65,46,750.50,558.00,0.590,2.0,1.910,0.039,0.246,545,570,true,true,marker_partially_hidden
S2,7,temperature,30,light_blue,30,65,47,765.00,557.50,0.639,2.0,1.919,0.039,0.255,544,570,true,true,marker_partially_hidden
S2,7,temperature,30,light_blue,30,65,48,779.00,557.00,0.639,2.0,1.929,0.039,0.255,544,570,true,true,marker_partially_hidden
S2,7,temperature,30,light_blue,30,65,49,793.00,557.00,0.639,2.0,1.929,0.039,0.255,544,570,true,true,marker_partially_hidden
S2,7,temperature,30,light_blue,30,65,50,807.00,557.00,0.639,2.0,1.929,0.039,0.246,545,570,true,true,marker_partially_hidden
S2,7,temperature,30,light_blue,30,65,51,821.00,557.50,0.525,2.0,1.919,0.039,0.255,544,570,true,true,marker_partially_hidden
S2,7,temperature,30,light_blue,30,65,52,835.00,557.50,0.525,2.0,1.919,0.039,0.246,545,570,true,true,marker_partially_hidden
S2,7,temperature,30,light_blue,30,65,53,849.00,557.00,0.639,2.0,1.929,0.039,0.255,544,570,true,true,marker_partially_hidden
S2,7,temperature,30,light_blue,30,65,54,863.00,557.00,0.639,2.0,1.929,0.039,0.246,545,570,true,true,marker_partially_hidden
S2,7,temperature,30,light_blue,30,65,55,877.00,557.00,0.639,2.0,1.929,0.039,0.246,545,570,true,true,marker_partially_hidden
S2,7,temperature,30,light_blue,30,65,56,891.00,557.00,0.639,2.0,1.929,0.039,0.246,545,570,true,true,marker_partially_hidden
S2,7,temperature,30,light_blue,30,65,57,905.00,558.00,0.738,2.0,1.910,0.039,0.246,545,570,true,true,marker_partially_hidden
S2,7,temperature,30,light_blue,30,65,58,918.00,557.50,0.689,2.0,1.919,0.039,0.246,545,570,true,true,marker_partially_hidden
S2,7,temperature,30,light_blue,30,65,59,932.00,557.50,0.639,2.0,1.919,0.039,0.246,545,570,true,true,marker_partially_hidden
S2,7,temperature,30,light_blue,30,65,60,946.00,558.00,0.639,2.0,1.910,0.039,0.236,546,570,true,true,marker_partially_hidden
S2,7,temperature,30,light_blue,30,65,61,960.00,557.00,0.639,2.0,1.929,0.039,0.246,545,570,true,true,marker_partially_hidden
S2,7,temperature,30,light_blue,30,65,62,974.00,557.00,0.639,2.0,1.929,0.039,0.246,545,570,true,true,marker_partially_hidden
S2,7,temperature,30,navy,30,70,1,127.00,623.50,0.656,2.0,0.623,0.039,0.295,609,639,false,true,marker_partially_hidden;sd_one_sided
S2,7,temperature,30,navy,30,70,2,141.00,618.00,0.361,2.0,0.731,0.039,0.196,618,628,false,true,marker_partially_hidden;sd_one_sided
S2,7,temperature,30,navy,30,70,3,155.00,610.00,0.689,2.0,0.888,0.039,0.363,592,629,true,true,marker_partially_hidden
S2,7,temperature,30,navy,30,70,4,169.00,610.00,0.459,2.0,0.888,0.039,0.383,591,630,true,true,marker_partially_hidden
S2,7,temperature,30,navy,30,70,5,183.00,607.00,0.475,2.0,0.947,0.039,0.324,591,624,true,true,marker_partially_hidden
S2,7,temperature,30,navy,30,70,7,210.50,602.00,0.377,2.0,1.045,0.039,0.226,590,613,true,true,marker_partially_hidden
S2,7,temperature,30,navy,30,70,8,225.00,598.00,0.475,2.0,1.124,0.039,0.157,588,606,false,true,marker_partially_hidden;sd_one_sided
S2,7,temperature,30,navy,30,70,9,237.67,592.67,0.459,2.0,1.229,0.039,0.157,589,601,false,true,marker_partially_hidden;sd_one_sided
S2,7,temperature,30,navy,30,70,10,251.50,590.00,0.459,2.0,1.281,0.039,0.157,589,598,false,true,marker_partially_hidden;sd_one_sided
S2,7,temperature,30,navy,30,70,11,266.00,586.50,0.672,2.0,1.350,0.039,0.216,575,597,false,true,marker_partially_hidden;sd_one_sided
S2,7,temperature,30,navy,30,70,12,280.00,582.50,0.672,2.0,1.428,0.039,0.255,569,595,false,true,marker_partially_hidden;sd_one_sided
S2,7,temperature,30,navy,30,70,13,293.67,579.67,0.639,2.0,1.484,0.039,0.275,565,593,true,true,marker_partially_hidden
S2,7,temperature,30,navy,30,70,14,308.00,576.00,0.541,2.0,1.556,0.039,0.295,561,591,true,true,marker_partially_hidden
S2,7,temperature,30,navy,30,70,15,322.00,573.00,0.492,2.0,1.615,0.039,0.314,556,589,false,true,marker_partially_hidden;sd_one_sided
S2,7,temperature,30,navy,30,70,16,335.50,569.00,0.541,2.0,1.694,0.039,0.334,553,587,true,true,marker_partially_hidden
S2,7,temperature,30,navy,30,70,17,350.00,567.00,0.590,2.0,1.733,0.039,0.344,550,585,true,true,marker_partially_hidden
S2,7,temperature,30,navy,30,70,18,364.00,565.00,0.656,2.0,1.772,0.039,0.354,547,583,true,true,marker_partially_hidden
S2,7,temperature,30,navy,30,70,19,378.00,563.00,0.738,2.0,1.811,0.039,0.373,544,582,true,false,marker_partially_hidden;sd_one_sided
S2,7,temperature,30,navy,30,70,20,392.00,561.00,0.836,2.0,1.851,0.039,0.373,542,580,true,true,marker_partially_hidden
S2,7,temperature,30,navy,30,70,21,406.02,559.19,0.869,1.0,1.886,0.020,0.393,539,579,true,false,sd_one_sided
S2,7,temperature,30,navy,30,70,22,419.17,557.07,0.885,1.0,1.928,0.020,0.403,537,578,true,true,
S2,7,temperature,30,navy,30,70,23,433.17,556.07,0.885,1.0,1.947,0.020,0.403,536,577,true,true,
S2,7,temperature,30,navy,30,70,24,447.17,555.07,0.885,1.0,1.967,0.020,,534,576,false,false,sd_unavailable
S2,7,temperature,30,navy,30,70,25,461.17,554.07,0.885,1.0,1.987,0.020,0.403,534,575,true,true,
S2,7,temperature,30,navy,30,70,26,475.17,554.07,0.885,1.0,1.987,0.020,0.413,533,575,true,false,sd_one_sided
S2,7,temperature,30,navy,30,70,27,489.22,553.13,0.902,1.0,2.005,0.020,0.413,533,574,false,true,sd_one_sided
S2,7,temperature,30,navy,30,70,28,503.20,553.20,0.885,1.0,2.004,0.020,0.413,532,574,false,true,sd_one_sided
S2,7,temperature,30,navy,30,70,29,517.13,553.07,0.885,1.0,2.006,0.020,0.413,538,574,false,true,sd_one_sided
S2,7,temperature,30,navy,30,70,30,531.20,552.05,0.918,1.0,2.026,0.020,0.432,537,574,false,true,sd_one_sided
S2,7,temperature,30,navy,30,70,31,545.20,552.05,0.918,1.0,2.026,0.020,0.432,537,574,false,true,sd_one_sided
S2,7,temperature,30,navy,30,70,32,559.18,552.13,0.902,1.0,2.025,0.020,0.432,536,574,false,true,sd_one_sided
S2,7,temperature,30,navy,30,70,33,573.11,552.14,0.918,1.0,2.025,0.020,0.432,535,574,false,true,sd_one_sided
S2,7,temperature,30,navy,30,70,34,586.20,552.05,0.918,1.0,2.026,0.020,0.432,535,574,false,true,sd_one_sided
S2,7,temperature,30,navy,30,70,35,600.12,552.07,0.934,1.0,2.026,0.020,,534,574,false,false,sd_unavailable
S2,7,temperature,30,navy,30,70,36,614.20,552.05,0.918,1.0,2.026,0.020,0.432,534,574,false,true,sd_one_sided
S2,7,temperature,30,navy,30,70,37,628.14,552.14,0.918,1.0,2.025,0.020,0.432,533,574,false,true,sd_one_sided
S2,7,temperature,30,navy,30,70,38,642.20,553.20,0.885,1.0,2.004,0.020,0.413,534,574,false,true,sd_one_sided
S2,7,temperature,30,navy,30,70,39,656.15,553.15,0.869,1.0,2.005,0.020,0.403,533,574,true,true,
S2,7,temperature,30,navy,30,70,40,670.22,553.13,0.902,1.0,2.005,0.020,0.403,533,574,true,true,
S2,7,temperature,30,navy,30,70,41,684.13,553.07,0.885,1.0,2.006,0.020,0.403,534,575,true,true,sd_asymmetric_bar
S2,7,temperature,30,navy,30,70,42,698.20,553.05,0.918,1.0,2.007,0.020,0.403,533,574,true,true,
S2,7,temperature,30,navy,30,70,43,712.15,553.00,0.902,1.0,2.008,0.020,0.373,534,575,true,false,sd_one_sided
S2,7,temperature,30,navy,30,70,44,726.13,553.07,0.885,1.0,2.006,0.020,0.393,534,574,true,true,
S2,7,temperature,30,navy,30,70,45,740.13,553.07,0.885,1.0,2.006,0.020,0.393,534,574,true,true,
S2,7,temperature,30,navy,30,70,46,754.05,554.05,0.902,1.0,1.987,0.020,0.393,534,574,true,true,
S2,7,temperature,30,navy,30,70,47,767.15,553.00,0.902,1.0,2.008,0.020,0.413,533,574,false,true,sd_one_sided
S2,7,temperature,30,navy,30,70,48,781.15,553.00,0.902,1.0,2.008,0.020,,534,575,false,false,sd_unavailable
S2,7,temperature,30,navy,30,70,49,795.22,553.13,0.902,1.0,2.005,0.020,0.393,534,574,true,true,
S2,7,temperature,30,navy,30,70,50,809.22,553.13,0.902,1.0,2.005,0.020,,534,575,false,false,sd_unavailable
S2,7,temperature,30,navy,30,70,51,823.14,554.11,0.918,1.0,1.986,0.020,0.393,534,575,true,false,sd_one_sided
S2,7,temperature,30,navy,30,70,52,837.17,554.07,0.885,1.0,1.987,0.020,0.403,534,575,true,true,
S2,7,temperature,30,navy,30,70,53,851.20,553.20,0.885,1.0,2.004,0.020,0.393,534,574,true,true,
S2,7,temperature,30,navy,30,70,54,865.18,553.13,0.902,1.0,2.005,0.020,0.393,534,574,true,true,
S2,7,temperature,30,navy,30,70,55,879.20,553.05,0.918,1.0,2.007,0.020,0.393,534,574,true,true,
S2,7,temperature,30,navy,30,70,56,893.13,553.07,0.885,1.0,2.006,0.020,0.393,534,574,true,true,
S2,7,temperature,30,navy,30,70,57,907.05,553.09,0.902,1.0,2.006,0.020,0.393,534,574,true,true,
S2,7,temperature,30,navy,30,70,58,921.13,553.07,0.885,1.0,2.006,0.020,0.393,534,574,true,true,
S2,7,temperature,30,navy,30,70,59,934.15,553.00,0.902,1.0,2.008,0.020,,533,575,false,false,sd_unavailable
S2,7,temperature,30,navy,30,70,60,948.13,554.04,0.902,1.0,1.987,0.020,0.393,534,574,true,true,
S2,7,temperature,30,navy,30,70,61,962.15,553.00,0.902,1.0,2.008,0.020,0.413,534,574,false,true,sd_one_sided
S2,7,temperature,30,navy,30,70,62,976.17,553.07,0.885,1.0,2.006,0.020,0.413,534,574,false,true,sd_one_sided
S2,7,temperature,30,orange,30,75,1,129.10,618.00,0.967,1.0,0.731,0.020,0.177,609,626,true,false,sd_one_sided
S2,7,temperature,30,orange,30,75,2,143.27,615.07,0.918,1.0,0.788,0.020,,611,619,false,false,sd_below_marker_radius
S2,7,temperature,30,orange,30,75,3,157.05,615.19,0.951,1.0,0.786,0.020,,611,619,false,false,sd_below_marker_radius
S2,7,temperature,30,orange,30,75,4,171.12,613.21,0.934,1.0,0.825,0.020,,609,617,false,false,sd_below_marker_radius
S2,7,temperature,30,orange,30,75,5,185.12,610.21,0.934,1.0,0.884,0.020,,606,614,false,false,sd_below_marker_radius
S2,7,temperature,30,orange,30,75,6,199.20,606.20,0.918,1.0,0.963,0.020,0.138,599,613,false,true,sd_one_sided
S2,7,temperature,30,orange,30,75,7,213.27,599.07,0.918,1.0,1.103,0.020,,595,603,false,false,sd_below_marker_radius
S2,7,temperature,30,orange,30,75,8,227.27,594.07,0.918,1.0,1.201,0.020,,590,598,false,false,sd_below_marker_radius
S2,7,temperature,30,orange,30,75,9,241.25,590.00,0.934,1.0,1.281,0.020,0.118,584,596,false,true,sd_one_sided
S2,7,temperature,30,orange,30,75,10,254.17,586.35,0.852,1.0,1.353,0.020,0.138,583,593,false,true,sd_one_sided
S2,7,temperature,30,orange,30,75,11,268.00,582.00,0.525,2.0,1.438,0.039,0.157,574,590,true,false,marker_partially_hidden;sd_one_sided
S2,7,temperature,30,orange,30,75,13,294.67,572.33,0.361,2.0,1.628,0.039,0.206,563,584,true,true,marker_partially_hidden;sd_asymmetric_bar
S2,7,temperature,30,orange,30,75,14,310.00,568.50,0.738,2.0,1.703,0.039,0.216,558,580,true,true,marker_partially_hidden
S2,7,temperature,30,orange,30,75,15,324.25,565.00,0.934,1.0,1.772,0.020,0.236,553,578,true,false,sd_one_sided
S2,7,temperature,30,orange,30,75,16,338.25,561.00,0.934,1.0,1.851,0.020,0.275,547,575,true,true,
S2,7,temperature,30,orange,30,75,17,352.05,554.05,0.984,1.0,1.987,0.020,0.275,540,563,true,false,sd_one_sided
S2,7,temperature,30,orange,30,75,18,366.10,554.00,0.967,1.0,1.988,0.020,0.295,539,561,true,false,sd_one_sided
S2,7,temperature,30,orange,30,75,19,380.05,551.05,0.984,1.0,2.046,0.020,0.314,535,559,true,false,sd_one_sided
S2,7,temperature,30,orange,30,75,20,394.05,548.05,0.984,1.0,2.105,0.020,0.314,532,556,true,false,sd_one_sided
S2,7,temperature,30,orange,30,75,21,408.05,546.05,0.984,1.0,2.144,0.020,0.334,529,563,true,false,sd_one_sided
S2,7,temperature,30,orange,30,75,22,422.05,544.05,0.984,1.0,2.184,0.020,0.334,527,561,true,true,
S2,7,temperature,30,orange,30,75,23,435.05,542.05,0.984,1.0,2.223,0.020,0.354,524,560,true,false,sd_one_sided
S2,7,temperature,30,orange,30,75,24,449.05,541.05,0.984,1.0,2.243,0.020,0.354,523,558,true,false,sd_one_sided
S2,7,temperature,30,orange,30,75,25,463.05,539.05,0.984,1.0,2.282,0.020,0.334,522,557,true,false,sd_one_sided
S2,7,temperature,30,orange,30,75,26,477.05,537.05,0.984,1.0,2.321,0.020,0.354,519,551,true,false,sd_one_sided
S2,7,temperature,30,orange,30,75,27,491.05,536.05,0.984,1.0,2.341,0.020,0.373,517,550,true,false,sd_one_sided
S2,7,temperature,30,orange,30,75,28,505.05,535.05,0.984,1.0,2.361,0.020,0.354,517,549,true,false,sd_one_sided
S2,7,temperature,30,orange,30,75,29,519.05,534.05,0.984,1.0,2.380,0.020,0.373,515,549,true,false,sd_one_sided
S2,7,temperature,30,orange,30,75,30,533.05,533.05,0.984,1.0,2.400,0.020,0.354,515,548,true,false,sd_one_sided
S2,7,temperature,30,orange,30,75,31,547.05,533.05,0.984,1.0,2.400,0.020,0.373,514,548,true,false,sd_one_sided
S2,7,temperature,30,orange,30,75,32,561.05,532.05,0.984,1.0,2.419,0.020,0.373,513,548,true,false,sd_one_sided
S2,7,temperature,30,orange,30,75,33,575.05,531.05,0.984,1.0,2.439,0.020,0.373,512,549,true,false,sd_one_sided
S2,7,temperature,30,orange,30,75,34,589.05,531.05,0.984,1.0,2.439,0.020,0.373,512,550,true,false,sd_one_sided
S2,7,temperature,30,orange,30,75,35,602.05,530.05,0.984,1.0,2.459,0.020,0.393,510,549,true,false,sd_one_sided
S2,7,temperature,30,orange,30,75,36,616.05,530.05,0.984,1.0,2.459,0.020,0.413,509,549,true,false,sd_one_sided
S2,7,temperature,30,orange,30,75,37,630.05,529.05,0.984,1.0,2.478,0.020,0.393,509,549,true,false,sd_one_sided
S2,7,temperature,30,orange,30,75,38,644.05,530.05,0.984,1.0,2.459,0.020,0.413,509,550,true,false,sd_one_sided
S2,7,temperature,30,orange,30,75,39,658.05,529.05,0.984,1.0,2.478,0.020,0.393,509,550,true,false,sd_one_sided
S2,7,temperature,30,orange,30,75,40,672.05,529.05,0.984,1.0,2.478,0.020,0.413,508,550,true,false,sd_one_sided
S2,7,temperature,30,orange,30,75,41,686.05,530.05,0.984,1.0,2.459,0.020,0.432,508,550,true,false,sd_one_sided
S2,7,temperature,30,orange,30,75,42,700.05,529.05,0.984,1.0,2.478,0.020,0.413,508,550,true,false,sd_one_sided
S2,7,temperature,30,orange,30,75,43,714.05,530.05,0.984,1.0,2.459,0.020,0.432,508,550,true,false,sd_one_sided
S2,7,temperature,30,orange,30,75,44,728.05,530.05,0.984,1.0,2.459,0.020,0.432,508,550,true,false,sd_one_sided
S2,7,temperature,30,orange,30,75,45,742.05,530.05,0.984,1.0,2.459,0.020,0.413,509,549,true,false,sd_one_sided
S2,7,temperature,30,orange,30,75,46,756.05,530.05,0.984,1.0,2.459,0.020,0.413,509,551,true,false,sd_one_sided
S2,7,temperature,30,orange,30,75,47,770.05,530.05,0.984,1.0,2.459,0.020,0.432,508,551,true,false,sd_one_sided
S2,7,temperature,30,orange,30,75,48,783.05,530.05,0.984,1.0,2.459,0.020,0.413,509,550,true,false,sd_one_sided
S2,7,temperature,30,orange,30,75,49,797.05,530.05,0.984,1.0,2.459,0.020,0.452,507,550,true,false,sd_one_sided
S2,7,temperature,30,orange,30,75,50,811.05,530.05,0.984,1.0,2.459,0.020,0.413,509,550,true,false,sd_one_sided
S2,7,temperature,30,orange,30,75,51,825.05,530.05,0.984,1.0,2.459,0.020,0.432,508,551,true,false,sd_one_sided
S2,7,temperature,30,orange,30,75,52,839.05,530.05,0.984,1.0,2.459,0.020,0.432,508,551,true,false,sd_one_sided
S2,7,temperature,30,orange,30,75,53,853.05,530.05,0.984,1.0,2.459,0.020,0.432,508,549,true,false,sd_one_sided
S2,7,temperature,30,orange,30,75,54,867.05,530.05,0.984,1.0,2.459,0.020,0.432,508,549,true,false,sd_one_sided
S2,7,temperature,30,orange,30,75,55,881.05,530.05,0.984,1.0,2.459,0.020,0.432,508,549,true,false,sd_one_sided
S2,7,temperature,30,orange,30,75,56,895.05,530.05,0.984,1.0,2.459,0.020,0.452,507,549,true,false,sd_one_sided
S2,7,temperature,30,orange,30,75,57,909.05,530.05,0.984,1.0,2.459,0.020,0.432,508,549,true,false,sd_one_sided
S2,7,temperature,30,orange,30,75,58,923.05,530.05,0.984,1.0,2.459,0.020,0.452,507,549,true,false,sd_one_sided
S2,7,temperature,30,orange,30,75,59,937.05,530.05,0.984,1.0,2.459,0.020,0.432,508,551,true,false,sd_one_sided
S2,7,temperature,30,orange,30,75,60,950.05,530.05,0.984,1.0,2.459,0.020,0.452,507,551,true,false,sd_one_sided
S2,7,temperature,30,orange,30,75,61,964.05,530.05,0.984,1.0,2.459,0.020,0.432,508,550,true,false,sd_one_sided
S2,7,temperature,30,orange,30,75,62,978.05,530.05,0.984,1.0,2.459,0.020,0.452,507,550,true,false,sd_one_sided
S2,7,temperature,30,green,30,80,1,131.00,581.25,0.934,1.0,1.453,0.020,,577,585,false,false,sd_below_marker_radius
S2,7,temperature,30,green,30,80,2,145.00,581.25,0.934,1.0,1.453,0.020,,577,585,false,false,sd_below_marker_radius
S2,7,temperature,30,green,30,80,3,159.00,581.25,0.934,1.0,1.453,0.020,,577,585,false,false,sd_below_marker_radius
S2,7,temperature,30,green,30,80,4,173.00,581.25,0.934,1.0,1.453,0.020,,577,585,false,false,sd_below_marker_radius
S2,7,temperature,30,green,30,80,5,187.00,581.25,0.934,1.0,1.453,0.020,,577,585,false,false,sd_below_marker_radius
S2,7,temperature,30,green,30,80,6,201.00,581.25,0.934,1.0,1.453,0.020,,577,585,false,false,sd_below_marker_radius
S2,7,temperature,30,green,30,80,7,215.00,580.25,0.934,1.0,1.473,0.020,,576,584,false,false,sd_below_marker_radius
S2,7,temperature,30,green,30,80,8,229.00,580.25,0.934,1.0,1.473,0.020,,576,584,false,false,sd_below_marker_radius
S2,7,temperature,30,green,30,80,9,243.05,580.20,0.918,1.0,1.474,0.020,,576,584,false,false,sd_below_marker_radius
S2,7,temperature,30,green,30,80,10,257.14,578.96,0.918,1.0,1.498,0.020,,575,583,false,false,sd_below_marker_radius
S2,7,temperature,30,green,30,80,11,270.36,577.92,0.869,1.0,1.518,0.020,,574,582,false,false,sd_below_marker_radius
S2,7,temperature,30,green,30,80,12,284.32,577.06,0.869,1.0,1.535,0.020,,573,581,false,false,sd_below_marker_radius
S2,7,temperature,30,green,30,80,13,298.30,575.21,0.869,1.0,1.572,0.020,,571,580,false,false,sd_below_marker_radius
S2,7,temperature,30,green,30,80,14,312.21,574.28,0.869,1.0,1.590,0.020,,571,579,false,false,sd_below_marker_radius
S2,7,temperature,30,green,30,80,15,326.22,573.13,0.902,1.0,1.612,0.020,,569,578,false,false,sd_below_marker_radius
S2,7,temperature,30,green,30,80,16,340.22,571.13,0.902,1.0,1.652,0.020,0.118,566,577,false,true,sd_one_sided
S2,7,temperature,30,green,30,80,17,354.16,570.18,0.918,1.0,1.670,0.020,0.128,564,577,true,true,
S2,7,temperature,30,green,30,80,18,368.09,569.19,0.934,1.0,1.690,0.020,0.147,562,577,true,true,
S2,7,temperature,30,green,30,80,19,382.09,568.19,0.934,1.0,1.709,0.020,0.147,561,576,true,true,
S2,7,temperature,30,green,30,80,20,396.00,568.10,0.967,1.0,1.711,0.020,0.157,560,576,true,true,
S2,7,temperature,30,green,30,80,21,409.98,567.17,0.951,1.0,1.729,0.020,0.177,558,576,false,true,sd_one_sided
S2,7,temperature,30,green,30,80,22,423.98,567.17,0.951,1.0,1.729,0.020,0.177,558,576,true,true,
S2,7,temperature,30,green,30,80,23,437.98,566.17,0.951,1.0,1.749,0.020,0.196,557,576,false,true,sd_one_sided
S2,7,temperature,30,green,30,80,24,451.02,566.17,0.951,1.0,1.749,0.020,0.177,558,576,true,true,
S2,7,temperature,30,green,30,80,25,465.02,566.17,0.951,1.0,1.749,0.020,0.177,557,575,true,true,
S2,7,temperature,30,green,30,80,26,479.02,566.17,0.951,1.0,1.749,0.020,0.187,557,576,true,true,
S2,7,temperature,30,green,30,80,27,493.02,566.17,0.951,1.0,1.749,0.020,0.177,557,575,true,true,
S2,7,temperature,30,green,30,80,28,507.02,566.17,0.951,1.0,1.749,0.020,0.187,556,575,true,true,
S2,7,temperature,30,green,30,80,29,521.00,566.10,0.967,1.0,1.750,0.020,0.187,556,575,true,true,
S2,7,temperature,30,green,30,80,30,535.00,566.10,0.967,1.0,1.750,0.020,0.187,556,575,true,true,
S2,7,temperature,30,green,30,80,31,549.00,566.10,0.967,1.0,1.750,0.020,0.187,556,575,true,true,
S2,7,temperature,30,green,30,80,32,563.00,566.10,0.967,1.0,1.750,0.020,0.187,556,575,true,true,
S2,7,temperature,30,green,30,80,33,577.00,566.10,0.967,1.0,1.750,0.020,0.187,556,575,true,true,
S2,7,temperature,30,green,30,80,34,590.98,566.17,0.951,1.0,1.749,0.020,0.187,556,575,true,true,
S2,7,temperature,30,green,30,80,35,604.98,566.17,0.951,1.0,1.749,0.020,0.187,556,575,true,true,
S2,7,temperature,30,green,30,80,36,618.02,566.17,0.951,1.0,1.749,0.020,0.196,556,576,true,true,
S2,7,temperature,30,green,30,80,37,632.02,566.17,0.951,1.0,1.749,0.020,0.196,556,576,true,true,
S2,7,temperature,30,green,30,80,38,646.02,566.17,0.951,1.0,1.749,0.020,0.196,556,576,true,true,
S2,7,temperature,30,green,30,80,39,660.02,566.17,0.951,1.0,1.749,0.020,0.196,556,576,true,true,
S2,7,temperature,30,green,30,80,40,674.02,566.17,0.951,1.0,1.749,0.020,0.187,557,576,true,true,
S2,7,temperature,30,green,30,80,41,688.02,565.17,0.951,1.0,1.769,0.020,0.196,555,575,true,true,
S2,7,temperature,30,green,30,80,42,702.00,566.10,0.967,1.0,1.750,0.020,0.167,558,575,true,true,
S2,7,temperature,30,green,30,80,43,716.00,565.10,0.967,1.0,1.770,0.020,0.177,555,574,false,true,sd_one_sided
S2,7,temperature,30,green,30,80,44,730.00,566.10,0.967,1.0,1.750,0.020,0.187,556,575,true,true,
S2,7,temperature,30,green,30,80,45,744.00,566.10,0.967,1.0,1.750,0.020,0.196,556,576,true,true,
S2,7,temperature,30,green,30,80,46,757.98,565.17,0.951,1.0,1.769,0.020,0.187,556,575,true,true,
S2,7,temperature,30,green,30,80,47,771.98,565.17,0.951,1.0,1.769,0.020,0.196,555,575,false,true,sd_one_sided
S2,7,temperature,30,green,30,80,48,785.98,565.17,0.951,1.0,1.769,0.020,0.187,556,575,true,true,
S2,7,temperature,30,green,30,80,49,799.02,565.17,0.951,1.0,1.769,0.020,0.206,555,576,true,true,
S2,7,temperature,30,green,30,80,50,813.02,566.17,0.951,1.0,1.749,0.020,0.187,556,575,true,true,
S2,7,temperature,30,green,30,80,51,827.02,565.17,0.951,1.0,1.769,0.020,0.196,555,575,false,true,sd_one_sided
S2,7,temperature,30,green,30,80,52,841.02,565.17,0.951,1.0,1.769,0.020,0.187,556,575,true,true,
S2,7,temperature,30,green,30,80,53,855.02,564.17,0.951,1.0,1.788,0.020,0.216,554,575,false,true,sd_one_sided
S2,7,temperature,30,green,30,80,54,869.00,564.10,0.967,1.0,1.790,0.020,0.216,554,575,false,true,sd_one_sided
S2,7,temperature,30,green,30,80,55,883.00,565.10,0.967,1.0,1.770,0.020,0.196,554,575,false,true,sd_one_sided
S2,7,temperature,30,green,30,80,56,897.00,565.10,0.967,1.0,1.770,0.020,0.196,555,575,false,true,sd_one_sided
S2,7,temperature,30,green,30,80,57,911.00,565.10,0.967,1.0,1.770,0.020,0.196,555,575,true,true,
S2,7,temperature,30,green,30,80,58,925.00,565.10,0.967,1.0,1.770,0.020,0.196,554,575,false,true,sd_one_sided
S2,7,temperature,30,green,30,80,59,938.98,565.17,0.951,1.0,1.769,0.020,0.196,555,575,true,true,
S2,7,temperature,30,green,30,80,60,952.98,565.17,0.951,1.0,1.769,0.020,0.196,555,575,true,true,
S2,7,temperature,30,green,30,80,61,966.02,565.17,0.951,1.0,1.769,0.020,0.196,555,575,true,true,
S2,7,temperature,30,green,30,80,62,980.02,565.17,0.951,1.0,1.769,0.020,0.196,555,575,false,true,sd_one_sided
S2,8,humidity,70,light_blue,15,70,1,125.00,610.00,0.770,2.0,0.888,0.039,,606,614,false,false,marker_partially_hidden;sd_below_marker_radius
S2,8,humidity,70,light_blue,15,70,2,139.00,610.00,0.639,2.0,0.888,0.039,,608,614,false,false,marker_partially_hidden;sd_below_marker_radius
S2,8,humidity,70,light_blue,15,70,3,153.00,610.00,0.475,2.0,0.888,0.039,,607,614,false,false,marker_partially_hidden;sd_below_marker_radius
S2,8,humidity,70,light_blue,15,70,4,167.00,610.00,0.475,2.0,0.888,0.039,,608,614,false,false,marker_partially_hidden;sd_below_marker_radius
S2,8,humidity,70,light_blue,15,70,5,181.00,610.00,0.590,2.0,0.888,0.039,,608,614,false,false,marker_partially_hidden;sd_below_marker_radius
S2,8,humidity,70,light_blue,15,70,6,195.00,610.00,0.787,2.0,0.888,0.039,,608,614,false,false,marker_partially_hidden;sd_below_marker_radius
S2,8,humidity,70,light_blue,15,70,7,209.00,610.00,0.689,2.0,0.888,0.039,,609,614,false,false,marker_partially_hidden;sd_below_marker_radius
S2,8,humidity,70,light_blue,15,70,8,222.00,609.00,0.656,2.0,0.908,0.039,,607,613,false,false,marker_partially_hidden;sd_below_marker_radius
S2,8,humidity,70,light_blue,15,70,9,235.00,610.00,0.541,2.0,0.888,0.039,,602,613,false,false,marker_partially_hidden;sd_unavailable
S2,8,humidity,70,light_blue,15,70,13,291.00,600.00,0.377,2.0,1.084,0.039,0.157,593,609,true,true,marker_partially_hidden
S2,8,humidity,70,light_blue,15,70,14,306.00,599.00,0.803,2.0,1.104,0.039,0.177,590,602,true,false,marker_partially_hidden;sd_one_sided
S2,8,humidity,70,light_blue,15,70,15,320.00,596.00,0.803,2.0,1.163,0.039,0.177,587,606,true,false,marker_partially_hidden;sd_one_sided
S2,8,humidity,70,light_blue,15,70,16,333.98,594.03,0.951,1.0,1.202,0.020,0.216,583,599,true,false,sd_one_sided
S2,8,humidity,70,light_blue,15,70,17,348.00,591.10,0.967,1.0,1.259,0.020,0.216,580,601,true,false,sd_one_sided
S2,8,humidity,70,light_blue,15,70,18,362.00,588.10,0.967,1.0,1.318,0.020,0.216,577,599,true,false,sd_one_sided
S2,8,humidity,70,light_blue,15,70,19,376.00,585.10,0.967,1.0,1.377,0.020,0.236,573,597,true,true,
S2,8,humidity,70,light_blue,15,70,20,390.00,582.10,0.967,1.0,1.436,0.020,0.255,569,595,true,true,
S2,8,humidity,70,light_blue,15,70,21,402.95,579.19,0.934,1.0,1.493,0.020,0.275,565,593,true,true,
S2,8,humidity,70,light_blue,15,70,22,416.95,576.16,0.934,1.0,1.553,0.020,0.285,561,590,true,true,
S2,8,humidity,70,light_blue,15,70,23,431.02,570.17,0.951,1.0,1.670,0.020,0.314,554,586,true,true,
S2,8,humidity,70,light_blue,15,70,24,445.02,567.17,0.951,1.0,1.729,0.020,0.324,550,583,true,true,
S2,8,humidity,70,light_blue,15,70,25,458.93,563.12,0.951,1.0,1.809,0.020,0.344,545,580,true,true,
S2,8,humidity,70,light_blue,15,70,26,473.00,559.00,0.836,2.0,1.890,0.039,0.354,542,578,true,true,marker_partially_hidden
S2,8,humidity,70,light_blue,15,70,27,487.00,556.00,0.672,2.0,1.949,0.039,0.354,538,574,true,true,marker_partially_hidden
S2,8,humidity,70,light_blue,15,70,28,501.00,552.00,0.590,2.0,2.028,0.039,0.373,533,571,true,true,marker_partially_hidden
S2,8,humidity,70,light_blue,15,70,29,514.93,544.12,0.951,1.0,2.182,0.020,0.442,522,567,true,true,
S2,8,humidity,70,light_blue,15,70,30,528.93,540.12,0.951,1.0,2.261,0.020,0.442,518,563,true,true,
S2,8,humidity,70,light_blue,15,70,31,542.93,538.12,0.951,1.0,2.300,0.020,0.383,519,558,true,true,
S2,8,humidity,70,light_blue,15,70,32,556.93,533.12,0.951,1.0,2.398,0.020,0.462,510,557,true,true,
S2,8,humidity,70,light_blue,15,70,33,569.96,528.12,0.934,1.0,2.497,0.020,0.501,503,554,true,true,
S2,8,humidity,70,light_blue,15,70,34,584.02,524.17,0.951,1.0,2.574,0.020,0.491,500,550,true,true,
S2,8,humidity,70,light_blue,15,70,35,598.02,521.17,0.951,1.0,2.633,0.020,0.472,497,545,true,true,
S2,8,humidity,70,light_blue,15,70,36,612.02,517.17,0.951,1.0,2.712,0.020,0.481,493,542,true,true,
S2,8,humidity,70,light_blue,15,70,37,626.00,514.10,0.967,1.0,2.772,0.020,0.472,490,538,true,true,
S2,8,humidity,70,light_blue,15,70,38,640.00,509.10,0.967,1.0,2.870,0.020,0.481,485,534,true,true,
S2,8,humidity,70,light_blue,15,70,39,654.00,506.10,0.967,1.0,2.929,0.020,0.511,480,532,true,true,
S2,8,humidity,70,light_blue,15,70,40,668.00,501.10,0.967,1.0,3.027,0.020,0.501,476,527,true,true,
S2,8,humidity,70,light_blue,15,70,41,682.00,497.10,0.967,1.0,3.106,0.020,0.521,471,524,true,true,
S2,8,humidity,70,light_blue,15,70,42,696.00,493.10,0.967,1.0,3.185,0.020,0.540,465,520,true,true,
S2,8,humidity,70,light_blue,15,70,43,710.00,489.10,0.967,1.0,3.263,0.020,0.530,462,516,true,true,
S2,8,humidity,70,light_blue,15,70,44,724.00,485.10,0.967,1.0,3.342,0.020,0.570,456,514,true,true,
S2,8,humidity,70,light_blue,15,70,45,737.02,480.17,0.951,1.0,3.439,0.020,0.560,452,509,true,true,
S2,8,humidity,70,light_blue,15,70,46,751.02,476.17,0.951,1.0,3.517,0.020,0.570,447,505,true,true,
S2,8,humidity,70,light_blue,15,70,47,765.02,472.17,0.951,1.0,3.596,0.020,0.570,443,501,true,true,
S2,8,humidity,70,light_blue,15,70,48,779.02,467.17,0.951,1.0,3.694,0.020,0.560,439,496,true,true,
S2,8,humidity,70,light_blue,15,70,49,793.00,464.10,0.967,1.0,3.754,0.020,0.570,435,493,true,true,
S2,8,humidity,70,light_blue,15,70,50,807.00,460.10,0.967,1.0,3.833,0.020,0.570,431,489,true,true,
S2,8,humidity,70,light_blue,15,70,51,821.00,457.10,0.967,1.0,3.892,0.020,0.580,427,486,true,true,
S2,8,humidity,70,light_blue,15,70,52,835.00,451.00,0.754,2.0,4.012,0.039,0.580,422,481,true,true,marker_partially_hidden
S2,8,humidity,70,light_blue,15,70,53,849.00,448.00,0.820,2.0,4.071,0.039,0.589,418,478,true,true,marker_partially_hidden
S2,8,humidity,70,light_blue,15,70,54,862.64,443.92,0.869,1.0,4.151,0.020,0.599,413,474,true,true,
S2,8,humidity,70,light_blue,15,70,55,877.00,438.10,0.967,1.0,4.265,0.020,0.580,409,468,true,true,
S2,8,humidity,70,light_blue,15,70,56,891.00,435.10,0.967,1.0,4.324,0.020,0.619,404,467,true,true,
S2,8,humidity,70,light_blue,15,70,57,905.00,429.10,0.967,1.0,4.442,0.020,0.599,399,460,true,true,
S2,8,humidity,70,light_blue,15,70,58,918.02,426.17,0.951,1.0,4.500,0.020,0.609,395,457,true,true,
S2,8,humidity,70,light_blue,15,70,59,932.02,423.17,0.951,1.0,4.558,0.020,0.619,392,455,true,true,
S2,8,humidity,70,light_blue,15,70,60,946.02,420.17,0.951,1.0,4.617,0.020,0.599,389,450,true,true,
S2,8,humidity,70,light_blue,15,70,61,960.02,416.17,0.951,1.0,4.696,0.020,0.629,384,448,true,true,
S2,8,humidity,70,light_blue,15,70,62,974.00,412.10,0.967,1.0,4.776,0.020,0.599,382,443,true,true,
S2,8,humidity,70,navy,20,70,1,131.22,611.13,0.902,1.0,0.866,0.020,0.118,605,617,true,false,sd_one_sided
S2,8,humidity,70,navy,20,70,2,145.24,610.06,0.885,1.0,0.887,0.020,,605,614,false,false,sd_below_marker_radius
S2,8,humidity,70,navy,20,70,3,159.25,612.77,0.869,1.0,0.834,0.020,,606,617,false,false,sd_unavailable
S2,8,humidity,70,navy,20,70,4,173.32,610.06,0.869,1.0,0.887,0.020,0.138,602,617,false,true,sd_one_sided
S2,8,humidity,70,navy,20,70,5,187.24,600.06,0.885,1.0,1.083,0.020,0.452,577,623,true,true,
S2,8,humidity,70,navy,20,70,6,201.15,595.25,0.902,1.0,1.178,0.020,0.481,571,620,true,true,
S2,8,humidity,70,navy,20,70,7,215.20,592.20,0.885,1.0,1.238,0.020,0.530,565,619,false,true,sd_one_sided
S2,8,humidity,70,navy,20,70,8,229.18,588.13,0.902,1.0,1.318,0.020,,556,620,false,false,sd_unavailable
S2,8,humidity,70,navy,20,70,9,243.13,585.07,0.902,1.0,1.378,0.020,0.639,552,617,true,true,
S2,8,humidity,70,navy,20,70,10,257.20,582.06,0.885,1.0,1.437,0.020,0.648,549,615,true,false,sd_one_sided
S2,8,humidity,70,navy,20,70,11,270.14,576.11,0.918,1.0,1.554,0.020,0.707,540,612,true,false,sd_one_sided
S2,8,humidity,70,navy,20,70,12,284.24,575.06,0.885,1.0,1.575,0.020,0.707,539,611,false,true,sd_one_sided
S2,8,humidity,70,navy,20,70,13,298.22,571.13,0.902,1.0,1.652,0.020,0.707,534,607,false,true,sd_one_sided
S2,8,humidity,70,navy,20,70,14,312.22,568.13,0.902,1.0,1.711,0.020,0.747,530,606,true,false,sd_one_sided
S2,8,humidity,70,navy,20,70,15,326.22,565.13,0.902,1.0,1.770,0.020,0.727,528,603,true,false,sd_one_sided
S2,8,humidity,70,navy,20,70,16,340.24,562.06,0.885,1.0,1.830,0.020,,524,600,false,false,sd_unavailable
S2,8,humidity,70,navy,20,70,17,354.24,560.06,0.885,1.0,1.869,0.020,0.747,522,598,true,true,
S2,8,humidity,70,navy,20,70,18,368.14,557.11,0.934,1.0,1.927,0.020,0.756,518,595,true,true,
S2,8,humidity,70,navy,20,70,19,382.13,554.18,0.902,1.0,1.985,0.020,0.776,514,593,true,true,
S2,8,humidity,70,navy,20,70,20,396.18,551.13,0.902,1.0,2.045,0.020,0.786,510,591,false,true,sd_one_sided
S2,8,humidity,70,navy,20,70,21,410.18,547.13,0.902,1.0,2.123,0.020,0.815,506,589,true,true,
S2,8,humidity,70,navy,20,70,22,424.18,543.13,0.902,1.0,2.202,0.020,0.825,501,585,true,false,sd_one_sided
S2,8,humidity,70,navy,20,70,23,438.18,541.13,0.902,1.0,2.241,0.020,0.884,496,586,true,true,
S2,8,humidity,70,navy,20,70,24,451.14,536.11,0.918,1.0,2.340,0.020,0.894,491,582,true,true,
S2,8,humidity,70,navy,20,70,25,465.14,533.14,0.918,1.0,2.398,0.020,0.923,486,580,true,true,
S2,8,humidity,70,navy,20,70,26,479.22,530.13,0.902,1.0,2.457,0.020,0.943,481,578,false,true,sd_one_sided
S2,8,humidity,70,navy,20,70,27,493.22,526.13,0.902,1.0,2.536,0.020,1.022,474,578,false,true,sd_one_sided
S2,8,humidity,70,navy,20,70,28,507.22,523.13,0.902,1.0,2.595,0.020,1.041,470,576,true,true,
S2,8,humidity,70,navy,20,70,29,521.22,519.13,0.902,1.0,2.673,0.020,1.090,464,575,true,true,
S2,8,humidity,70,navy,20,70,30,535.22,516.13,0.902,1.0,2.732,0.020,1.149,458,575,true,true,
S2,8,humidity,70,navy,20,70,31,549.20,513.20,0.885,1.0,2.790,0.020,1.208,451,574,true,true,
S2,8,humidity,70,navy,20,70,32,563.11,510.14,0.918,1.0,2.850,0.020,1.238,446,573,false,true,sd_one_sided
S2,8,humidity,70,navy,20,70,33,577.18,506.13,0.902,1.0,2.929,0.020,1.297,439,572,false,true,sd_one_sided
S2,8,humidity,70,navy,20,70,34,591.18,502.13,0.902,1.0,3.007,0.020,1.375,432,572,true,true,
S2,8,humidity,70,navy,20,70,35,605.18,499.13,0.902,1.0,3.066,0.020,1.434,425,572,false,true,sd_one_sided
S2,8,humidity,70,navy,20,70,36,618.14,495.11,0.918,1.0,3.145,0.020,1.483,420,571,true,true,
S2,8,humidity,70,navy,20,70,37,632.14,492.11,0.918,1.0,3.204,0.020,1.542,413,570,true,true,
S2,8,humidity,70,navy,20,70,38,646.22,489.13,0.902,1.0,3.263,0.020,1.582,408,569,true,true,
S2,8,humidity,70,navy,20,70,39,660.22,485.13,0.902,1.0,3.341,0.020,1.631,402,568,true,true,
S2,8,humidity,70,navy,20,70,40,674.22,483.13,0.902,1.0,3.381,0.020,1.670,398,568,true,true,
S2,8,humidity,70,navy,20,70,41,688.22,479.13,0.902,1.0,3.459,0.020,1.749,390,568,false,true,sd_one_sided
S2,8,humidity,70,navy,20,70,42,702.22,477.13,0.902,1.0,3.498,0.020,1.778,386,567,true,true,
S2,8,humidity,70,navy,20,70,43,716.20,474.20,0.885,1.0,3.556,0.020,1.827,381,567,true,true,
S2,8,humidity,70,navy,20,70,44,730.20,471.20,0.885,1.0,3.615,0.020,1.837,377,564,true,true,
S2,8,humidity,70,navy,20,70,45,744.18,469.13,0.902,1.0,3.656,0.020,1.876,374,565,true,true,
S2,8,humidity,70,navy,20,70,46,758.18,461.13,0.902,1.0,3.813,0.020,2.083,355,567,true,true,
S2,8,humidity,70,navy,20,70,47,772.18,461.13,0.902,1.0,3.813,0.020,2.122,353,569,true,true,
S2,8,humidity,70,navy,20,70,48,786.18,456.13,0.902,1.0,3.911,0.020,2.171,346,567,true,true,
S2,8,humidity,70,navy,20,70,49,799.22,456.13,0.902,1.0,3.911,0.020,2.122,348,564,true,true,
S2,8,humidity,70,navy,20,70,50,813.16,454.18,0.918,1.0,3.949,0.020,2.161,344,564,true,true,
S2,8,humidity,70,navy,20,70,51,827.16,451.18,0.918,1.0,4.008,0.020,2.200,339,564,true,false,sd_one_sided
S2,8,humidity,70,navy,20,70,52,841.16,451.18,0.918,1.0,4.008,0.020,2.161,341,562,true,false,sd_one_sided
S2,8,humidity,70,navy,20,70,53,855.16,449.18,0.918,1.0,4.048,0.020,2.210,337,562,true,true,
S2,8,humidity,70,navy,20,70,54,869.14,447.14,0.918,1.0,4.088,0.020,2.200,335,561,true,false,sd_one_sided
S2,8,humidity,70,navy,20,70,55,883.22,446.13,0.902,1.0,4.108,0.020,2.220,333,559,true,true,
S2,8,humidity,70,navy,20,70,56,897.20,445.20,0.885,1.0,4.126,0.020,2.220,332,559,true,false,sd_one_sided
S2,8,humidity,70,navy,20,70,57,911.18,445.13,0.902,1.0,4.127,0.020,2.141,336,549,true,false,sd_one_sided
S2,8,humidity,70,navy,20,70,58,925.18,443.13,0.902,1.0,4.166,0.020,,331,549,false,false,sd_unavailable
S2,8,humidity,70,navy,20,70,59,939.18,442.13,0.902,1.0,4.186,0.020,2.181,331,549,true,false,sd_one_sided
S2,8,humidity,70,navy,20,70,60,953.18,441.13,0.902,1.0,4.206,0.020,2.220,328,550,true,false,sd_one_sided
S2,8,humidity,70,navy,20,70,61,966.22,442.13,0.902,1.0,4.186,0.020,2.141,333,550,true,false,sd_one_sided
S2,8,humidity,70,navy,20,70,62,980.14,440.14,0.918,1.0,4.225,0.020,2.200,328,550,true,false,sd_one_sided
S2,8,humidity,70,orange,25,70,1,127.05,602.05,0.984,1.0,1.044,0.020,,598,606,false,false,sd_below_marker_radius
S2,8,humidity,70,orange,25,70,2,141.00,603.82,0.918,1.0,1.009,0.020,,599,608,false,false,sd_below_marker_radius
S2,8,humidity,70,orange,25,70,3,155.03,602.91,0.951,1.0,1.027,0.020,,599,607,false,false,sd_below_marker_radius
S2,8,humidity,70,orange,25,70,4,169.00,603.54,0.852,1.0,1.015,0.020,,600,607,false,false,sd_below_marker_radius
S2,8,humidity,70,orange,25,70,5,182.33,603.67,0.393,2.0,1.012,0.039,,600,607,false,false,marker_partially_hidden;sd_below_marker_radius
S2,8,humidity,70,orange,25,70,7,211.00,605.00,0.639,2.0,0.986,0.039,,604,609,false,false,marker_partially_hidden;sd_below_marker_radius
S2,8,humidity,70,orange,25,70,8,225.16,605.05,0.934,1.0,0.985,0.020,,601,609,false,false,sd_below_marker_radius
S2,8,humidity,70,orange,25,70,9,238.17,604.98,0.951,1.0,0.987,0.020,,601,609,false,false,sd_below_marker_radius
S2,8,humidity,70,orange,25,70,10,252.25,606.00,0.934,1.0,0.967,0.020,,601,611,false,false,sd_below_marker_radius
S2,8,humidity,70,orange,25,70,11,266.25,605.00,0.934,1.0,0.986,0.020,,600,610,false,false,sd_below_marker_radius
S2,8,humidity,70,orange,25,70,12,280.27,603.07,0.918,1.0,1.024,0.020,,599,607,false,false,sd_below_marker_radius
S2,8,humidity,70,orange,25,70,13,294.20,603.20,0.918,1.0,1.022,0.020,,599,607,false,false,sd_below_marker_radius
S2,8,humidity,70,orange,25,70,14,308.05,605.19,0.951,1.0,0.983,0.020,,601,609,false,false,sd_below_marker_radius
S2,8,humidity,70,orange,25,70,15,322.05,602.19,0.951,1.0,1.041,0.020,,598,606,false,false,sd_below_marker_radius
S2,8,humidity,70,orange,25,70,16,336.05,603.05,0.984,1.0,1.025,0.020,,598,608,false,false,sd_below_marker_radius
S2,8,humidity,70,orange,25,70,17,350.05,604.05,0.984,1.0,1.005,0.020,,600,609,false,false,sd_below_marker_radius
S2,8,humidity,70,orange,25,70,18,364.05,602.05,0.984,1.0,1.044,0.020,,598,606,false,false,sd_below_marker_radius
S2,8,humidity,70,orange,25,70,19,378.05,603.05,0.984,1.0,1.025,0.020,,598,608,false,false,sd_below_marker_radius
S2,8,humidity,70,orange,25,70,20,392.05,600.05,0.984,1.0,1.083,0.020,,596,604,false,false,sd_below_marker_radius
S2,8,humidity,70,orange,25,70,21,406.00,599.00,1.000,1.0,1.104,0.020,,595,603,false,false,sd_below_marker_radius
S2,8,humidity,70,orange,25,70,22,419.05,606.05,0.984,1.0,0.966,0.020,0.128,599,612,true,true,
S2,8,humidity,70,orange,25,70,23,433.05,605.05,0.984,1.0,0.985,0.020,0.236,593,617,true,true,
S2,8,humidity,70,orange,25,70,24,447.05,605.05,0.984,1.0,0.985,0.020,0.206,594,615,true,true,
S2,8,humidity,70,orange,25,70,25,461.05,606.05,0.984,1.0,0.966,0.020,0.177,597,615,true,true,
S2,8,humidity,70,orange,25,70,26,475.05,598.05,0.984,1.0,1.123,0.020,,594,603,false,false,sd_below_marker_radius
S2,8,humidity,70,orange,25,70,27,489.05,604.05,0.984,1.0,1.005,0.020,0.216,593,615,true,true,
S2,8,humidity,70,orange,25,70,28,503.05,602.05,0.984,1.0,1.044,0.020,0.157,594,610,true,true,
S2,8,humidity,70,orange,25,70,29,517.05,598.05,0.984,1.0,1.123,0.020,0.118,592,603,true,false,sd_one_sided
S2,8,humidity,70,orange,25,70,30,531.05,598.05,0.984,1.0,1.123,0.020,0.118,592,603,true,false,sd_one_sided
S2,8,humidity,70,orange,25,70,31,545.05,597.05,0.984,1.0,1.142,0.020,,592,602,false,false,sd_below_marker_radius
S2,8,humidity,70,orange,25,70,32,559.05,597.05,0.984,1.0,1.142,0.020,0.118,592,603,false,true,sd_one_sided
S2,8,humidity,70,orange,25,70,33,573.05,597.05,0.984,1.0,1.142,0.020,0.118,591,603,true,true,
S2,8,humidity,70,orange,25,70,34,586.05,599.05,0.984,1.0,1.103,0.020,,594,604,false,false,sd_below_marker_radius
S2,8,humidity,70,orange,25,70,35,600.05,597.05,0.984,1.0,1.142,0.020,0.118,591,603,true,true,
S2,8,humidity,70,orange,25,70,36,614.05,596.05,0.984,1.0,1.162,0.020,,592,600,false,false,sd_below_marker_radius
S2,8,humidity,70,orange,25,70,37,628.05,596.05,0.984,1.0,1.162,0.020,0.118,591,602,false,true,sd_one_sided
S2,8,humidity,70,orange,25,70,38,642.05,596.05,0.984,1.0,1.162,0.020,0.128,590,603,true,true,
S2,8,humidity,70,orange,25,70,39,656.05,596.05,0.984,1.0,1.162,0.020,,591,601,false,false,sd_below_marker_radius
S2,8,humidity,70,orange,25,70,40,670.05,597.05,0.984,1.0,1.142,0.020,,592,601,false,false,sd_below_marker_radius
S2,8,humidity,70,orange,25,70,41,684.05,596.05,0.984,1.0,1.162,0.020,0.118,591,602,false,true,sd_one_sided
S2,8,humidity,70,orange,25,70,42,698.05,595.05,0.984,1.0,1.182,0.020,,591,600,false,false,sd_below_marker_radius
S2,8,humidity,70,orange,25,70,43,712.05,595.05,0.984,1.0,1.182,0.020,0.118,590,601,false,true,sd_one_sided
S2,8,humidity,70,orange,25,70,44,726.05,597.05,0.984,1.0,1.142,0.020,0.118,592,603,false,true,sd_one_sided
S2,8,humidity,70,orange,25,70,45,740.05,595.05,0.984,1.0,1.182,0.020,,590,600,false,false,sd_below_marker_radius
S2,8,humidity,70,orange,25,70,46,754.00,596.00,1.000,1.0,1.163,0.020,,592,600,false,false,sd_below_marker_radius
S2,8,humidity,70,orange,25,70,47,767.05,595.05,0.984,1.0,1.182,0.020,,591,599,false,false,sd_below_marker_radius
S2,8,humidity,70,orange,25,70,48,781.05,595.05,0.984,1.0,1.182,0.020,,591,600,false,false,sd_below_marker_radius
S2,8,humidity,70,orange,25,70,49,795.05,596.05,0.984,1.0,1.162,0.020,,592,600,false,false,sd_below_marker_radius
S2,8,humidity,70,orange,25,70,50,809.05,595.05,0.984,1.0,1.182,0.020,,591,599,false,false,sd_below_marker_radius
S2,8,humidity,70,orange,25,70,51,823.05,594.05,0.984,1.0,1.201,0.020,,590,598,false,false,sd_below_marker_radius
S2,8,humidity,70,orange,25,70,52,837.05,594.05,0.984,1.0,1.201,0.020,,590,599,false,false,sd_below_marker_radius
S2,8,humidity,70,orange,25,70,53,851.05,594.05,0.984,1.0,1.201,0.020,,589,599,false,false,sd_below_marker_radius
S2,8,humidity,70,orange,25,70,54,865.05,594.05,0.984,1.0,1.201,0.020,,590,599,false,false,sd_below_marker_radius
S2,8,humidity,70,orange,25,70,55,879.05,594.05,0.984,1.0,1.201,0.020,,590,599,false,false,sd_below_marker_radius
S2,8,humidity,70,orange,25,70,56,893.05,594.05,0.984,1.0,1.201,0.020,,590,599,false,false,sd_below_marker_radius
S2,8,humidity,70,orange,25,70,57,907.05,594.05,0.984,1.0,1.201,0.020,,590,599,false,false,sd_below_marker_radius
S2,8,humidity,70,orange,25,70,58,921.00,594.00,1.000,1.0,1.202,0.020,,590,599,false,false,sd_below_marker_radius
S2,8,humidity,70,orange,25,70,59,934.05,594.05,0.984,1.0,1.201,0.020,,589,599,false,false,sd_below_marker_radius
S2,8,humidity,70,orange,25,70,60,948.05,594.05,0.984,1.0,1.201,0.020,,590,598,false,false,sd_below_marker_radius
S2,8,humidity,70,orange,25,70,61,962.05,594.05,0.984,1.0,1.201,0.020,,590,599,false,false,sd_below_marker_radius
S2,8,humidity,70,orange,25,70,62,976.05,594.05,0.984,1.0,1.201,0.020,,590,599,false,false,sd_below_marker_radius
S2,8,humidity,70,green,30,70,1,129.02,623.17,0.951,1.0,0.629,0.020,0.314,607,639,false,true,sd_one_sided
S2,8,humidity,70,green,30,70,2,142.94,617.44,0.885,1.0,0.742,0.020,0.216,614,628,false,true,sd_one_sided
S2,8,humidity,70,green,30,70,5,185.00,607.00,0.836,2.0,0.947,0.039,0.324,591,624,true,true,marker_partially_hidden
S2,8,humidity,70,green,30,70,6,199.28,604.21,0.869,1.0,1.002,0.020,0.255,592,617,false,true,sd_one_sided
S2,8,humidity,70,green,30,70,7,213.11,600.96,0.885,1.0,1.066,0.020,,596,613,false,false,sd_unavailable
S2,8,humidity,70,green,30,70,8,227.00,597.10,0.967,1.0,1.141,0.020,,592,601,false,false,sd_below_marker_radius
S2,8,humidity,70,green,30,70,9,240.94,592.44,0.885,1.0,1.233,0.020,,588,601,false,false,sd_unavailable
S2,8,humidity,70,green,30,70,10,253.96,589.30,0.918,1.0,1.295,0.020,0.177,580,598,false,true,sd_one_sided
S2,8,humidity,70,green,30,70,11,268.02,586.17,0.951,1.0,1.356,0.020,0.216,580,597,false,true,sd_one_sided
S2,8,humidity,70,green,30,70,12,281.94,582.44,0.885,1.0,1.429,0.020,0.255,569,595,true,true,
S2,8,humidity,70,green,30,70,13,296.00,579.25,0.934,1.0,1.492,0.020,0.285,564,593,true,true,
S2,8,humidity,70,green,30,70,14,310.00,576.25,0.934,1.0,1.551,0.020,0.295,561,591,true,true,
S2,8,humidity,70,green,30,70,15,324.00,573.25,0.934,1.0,1.610,0.020,0.324,556,589,true,true,
S2,8,humidity,70,green,30,70,16,337.94,569.44,0.885,1.0,1.685,0.020,0.334,553,587,true,true,
S2,8,humidity,70,green,30,70,17,351.94,567.44,0.885,1.0,1.724,0.020,0.344,550,585,true,true,
S2,8,humidity,70,green,30,70,18,365.98,565.17,0.951,1.0,1.769,0.020,0.354,547,583,true,true,
S2,8,humidity,70,green,30,70,19,379.98,563.17,0.951,1.0,1.808,0.020,0.373,544,582,true,false,sd_one_sided
S2,8,humidity,70,green,30,70,20,394.00,561.10,0.967,1.0,1.849,0.020,0.373,542,580,true,false,sd_one_sided
S2,8,humidity,70,green,30,70,21,408.00,559.10,0.967,1.0,1.888,0.020,0.393,539,579,true,false,sd_one_sided
S2,8,humidity,70,green,30,70,22,422.00,557.10,0.967,1.0,1.927,0.020,0.393,537,578,true,false,sd_one_sided
S2,8,humidity,70,green,30,70,23,435.02,556.17,0.951,1.0,1.946,0.020,0.403,536,577,true,true,
S2,8,humidity,70,green,30,70,24,449.02,555.17,0.951,1.0,1.965,0.020,0.413,540,576,false,true,sd_one_sided
S2,8,humidity,70,green,30,70,25,463.02,554.17,0.951,1.0,1.985,0.020,0.413,537,575,false,true,sd_one_sided
S2,8,humidity,70,green,30,70,26,477.07,554.12,0.934,1.0,1.986,0.020,0.403,534,575,true,true,
S2,8,humidity,70,green,30,70,27,491.22,553.13,0.902,1.0,2.005,0.020,0.403,533,574,true,true,
S2,8,humidity,70,green,30,70,28,505.20,553.05,0.918,1.0,2.007,0.020,0.413,532,574,true,true,
S2,8,humidity,70,green,30,70,29,519.00,553.10,0.967,1.0,2.006,0.020,0.413,531,574,false,true,sd_one_sided
S2,8,humidity,70,green,30,70,30,533.00,552.10,0.967,1.0,2.026,0.020,0.413,531,574,true,false,sd_one_sided
S2,8,humidity,70,green,30,70,31,546.98,552.17,0.951,1.0,2.024,0.020,0.413,531,574,true,false,sd_one_sided
S2,8,humidity,70,green,30,70,32,561.05,552.05,0.951,1.0,2.026,0.020,0.432,531,574,false,true,sd_one_sided
S2,8,humidity,70,green,30,70,33,575.00,552.10,0.967,1.0,2.026,0.020,0.422,531,574,true,true,
S2,8,humidity,70,green,30,70,34,588.98,552.17,0.951,1.0,2.024,0.020,0.422,531,574,true,true,
S2,8,humidity,70,green,30,70,35,602.02,552.17,0.951,1.0,2.024,0.020,0.422,531,574,true,true,
S2,8,humidity,70,green,30,70,36,616.02,552.17,0.951,1.0,2.024,0.020,0.422,531,574,true,true,
S2,8,humidity,70,green,30,70,37,630.02,552.17,0.951,1.0,2.024,0.020,0.422,531,574,true,true,
S2,8,humidity,70,green,30,70,38,644.02,553.17,0.951,1.0,2.004,0.020,0.422,531,574,true,true,
S2,8,humidity,70,green,30,70,39,658.02,553.17,0.951,1.0,2.004,0.020,0.413,532,574,true,true,
S2,8,humidity,70,green,30,70,40,672.02,553.17,0.951,1.0,2.004,0.020,0.413,532,574,true,true,
S2,8,humidity,70,green,30,70,41,686.00,553.10,0.967,1.0,2.006,0.020,0.422,532,575,true,true,
S2,8,humidity,70,green,30,70,42,700.00,553.10,0.967,1.0,2.006,0.020,0.413,532,574,true,true,
S2,8,humidity,70,green,30,70,43,714.00,553.10,0.967,1.0,2.006,0.020,0.413,533,575,true,true,
S2,8,humidity,70,green,30,70,44,727.98,553.17,0.951,1.0,2.004,0.020,0.413,532,574,true,true,
S2,8,humidity,70,green,30,70,45,742.00,553.10,0.967,1.0,2.006,0.020,0.403,533,574,true,true,
S2,8,humidity,70,green,30,70,46,755.98,554.17,0.951,1.0,1.985,0.020,0.393,534,574,true,true,
S2,8,humidity,70,green,30,70,47,769.98,553.17,0.951,1.0,2.004,0.020,0.403,533,574,true,true,
S2,8,humidity,70,green,30,70,48,783.02,553.17,0.951,1.0,2.004,0.020,0.422,532,575,true,true,
S2,8,humidity,70,green,30,70,49,797.02,553.17,0.951,1.0,2.004,0.020,0.403,533,574,true,true,
S2,8,humidity,70,green,30,70,50,811.02,553.17,0.951,1.0,2.004,0.020,0.422,532,575,true,true,
S2,8,humidity,70,green,30,70,51,825.02,554.17,0.951,1.0,1.985,0.020,0.413,533,575,true,true,
S2,8,humidity,70,green,30,70,52,839.02,554.17,0.951,1.0,1.985,0.020,0.413,533,575,true,true,
S2,8,humidity,70,green,30,70,53,853.00,553.10,0.967,1.0,2.006,0.020,0.403,533,574,true,true,
S2,8,humidity,70,green,30,70,54,867.00,553.10,0.967,1.0,2.006,0.020,0.403,533,574,true,true,
S2,8,humidity,70,green,30,70,55,881.00,553.10,0.967,1.0,2.006,0.020,0.403,533,574,true,true,
S2,8,humidity,70,green,30,70,56,894.98,553.17,0.951,1.0,2.004,0.020,0.403,533,574,true,true,
S2,8,humidity,70,green,30,70,57,909.00,553.10,0.967,1.0,2.006,0.020,0.403,533,574,true,true,
S2,8,humidity,70,green,30,70,58,923.00,553.10,0.967,1.0,2.006,0.020,0.403,533,574,true,true,
S2,8,humidity,70,green,30,70,59,936.98,553.17,0.951,1.0,2.004,0.020,0.413,533,575,true,true,
S2,8,humidity,70,green,30,70,60,950.02,554.17,0.951,1.0,1.985,0.020,0.403,533,574,true,true,
S2,8,humidity,70,green,30,70,61,964.02,553.17,0.951,1.0,2.004,0.020,0.403,533,574,true,true,
S2,8,humidity,70,green,30,70,62,978.02,553.17,0.951,1.0,2.004,0.020,0.403,533,574,true,true,
S3,0,temperature,15,light_blue,15,65,1,80.00,365.00,0.810,2.0,0.795,0.105,0.209,363,369,false,true,marker_partially_hidden;sd_one_sided
S3,0,temperature,15,light_blue,15,65,2,89.00,366.00,0.810,2.0,0.742,0.105,0.262,364,371,false,true,marker_partially_hidden;sd_one_sided
S3,0,temperature,15,light_blue,15,65,3,97.28,366.11,0.857,1.0,0.737,0.052,0.262,364,371,false,true,sd_one_sided
S3,0,temperature,15,light_blue,15,65,4,106.00,365.00,1.000,1.0,0.795,0.052,,363,368,false,false,sd_below_marker_radius
S3,0,temperature,15,light_blue,15,65,5,114.84,363.16,0.905,1.0,0.891,0.052,,361,366,false,false,sd_below_marker_radius
S3,0,temperature,15,light_blue,15,65,6,123.00,361.67,0.857,1.0,0.969,0.052,,360,364,false,false,sd_below_marker_radius
S3,0,temperature,15,light_blue,15,65,7,131.90,359.95,0.952,1.0,1.059,0.052,,357,363,false,false,sd_below_marker_radius
S3,0,temperature,15,light_blue,15,65,8,140.16,357.84,0.905,1.0,1.169,0.052,0.209,354,362,true,false,sd_one_sided
S3,0,temperature,15,light_blue,15,65,9,148.89,355.28,0.857,1.0,1.304,0.052,,351,357,false,false,sd_unavailable
S3,0,temperature,15,light_blue,15,65,10,157.72,353.11,0.857,1.0,1.417,0.052,,348,358,false,false,sd_unavailable
S3,0,temperature,15,light_blue,15,65,11,165.16,350.16,0.905,1.0,1.572,0.052,,348,352,false,false,sd_below_marker_radius
S3,0,temperature,15,light_blue,15,65,12,174.00,348.00,1.000,1.0,1.684,0.052,,344,350,false,false,sd_unavailable
S3,0,temperature,15,light_blue,15,65,13,182.84,345.16,0.905,1.0,1.833,0.052,,338,349,false,false,sd_unavailable
S3,0,temperature,15,light_blue,15,65,14,191.16,342.16,0.905,1.0,1.990,0.052,,334,347,false,false,sd_unavailable
S3,0,temperature,15,light_blue,15,65,15,199.84,339.16,0.905,1.0,2.147,0.052,0.419,331,345,true,false,sd_one_sided
S3,0,temperature,15,light_blue,15,65,16,208.16,336.16,0.905,1.0,2.304,0.052,,327,343,false,false,sd_unavailable
S3,0,temperature,15,light_blue,15,65,17,216.89,333.72,0.857,1.0,2.432,0.052,0.576,323,341,true,false,sd_one_sided
S3,0,temperature,15,light_blue,15,65,18,225.72,330.11,0.857,1.0,2.621,0.052,0.576,319,339,true,false,sd_one_sided
S3,0,temperature,15,light_blue,15,65,19,234.00,326.79,0.905,1.0,2.794,0.052,0.628,315,336,true,false,sd_one_sided
S3,0,temperature,15,light_blue,15,65,20,242.90,323.05,0.952,1.0,2.990,0.052,0.628,311,336,true,false,sd_one_sided
S3,0,temperature,15,light_blue,15,65,21,251.11,319.72,0.857,1.0,3.164,0.052,0.733,306,334,true,false,sd_one_sided
S3,0,temperature,15,light_blue,15,65,22,259.84,316.84,0.905,1.0,3.315,0.052,0.759,302,331,true,true,
S3,0,temperature,15,light_blue,15,65,23,268.28,312.89,0.857,1.0,3.522,0.052,0.785,298,328,true,false,sd_one_sided
S3,0,temperature,15,light_blue,15,65,24,276.28,309.11,0.857,1.0,3.720,0.052,0.837,293,318,true,false,sd_one_sided
S3,0,temperature,15,light_blue,15,65,25,285.05,305.10,0.952,1.0,3.929,0.052,,287,323,false,false,sd_unavailable
S3,0,temperature,15,light_blue,15,65,26,293.84,301.84,0.905,1.0,4.100,0.052,0.942,284,320,true,true,
S3,0,temperature,15,light_blue,15,65,27,302.28,298.11,0.857,1.0,4.295,0.052,0.994,279,317,true,false,sd_one_sided
S3,0,temperature,15,light_blue,15,65,28,311.00,294.00,1.000,1.0,4.510,0.052,1.047,274,314,true,false,sd_one_sided
S3,0,temperature,15,light_blue,15,65,29,319.50,290.00,0.762,2.0,4.720,0.105,1.047,270,311,true,false,marker_partially_hidden;sd_one_sided
S3,0,temperature,15,light_blue,15,65,30,327.89,286.28,0.857,1.0,4.915,0.052,,265,307,false,false,sd_unavailable
S3,0,temperature,15,light_blue,15,65,31,336.21,283.00,0.905,1.0,5.086,0.052,1.099,261,304,false,true,sd_one_sided
S3,0,temperature,15,light_blue,15,65,32,345.00,279.00,1.000,1.0,5.295,0.052,1.151,257,301,true,true,
S3,0,temperature,15,light_blue,15,65,33,353.84,275.84,0.905,1.0,5.461,0.052,1.151,252,298,false,true,sd_one_sided
S3,0,temperature,15,light_blue,15,65,34,362.10,271.95,0.952,1.0,5.664,0.052,1.256,248,296,true,true,
S3,0,temperature,15,light_blue,15,65,35,370.84,268.16,0.905,1.0,5.863,0.052,1.256,244,292,false,true,sd_one_sided
S3,0,temperature,15,light_blue,15,65,36,379.00,265.00,1.000,1.0,6.028,0.052,1.282,240,289,true,true,
S3,0,temperature,15,light_blue,15,65,37,387.16,261.84,0.905,1.0,6.193,0.052,1.282,237,286,true,true,
S3,0,temperature,15,light_blue,15,65,38,395.89,258.28,0.857,1.0,6.380,0.052,,233,283,false,false,sd_unavailable
S3,0,temperature,15,light_blue,15,65,39,404.28,255.11,0.857,1.0,6.546,0.052,1.308,230,279,true,false,sd_one_sided
S3,0,temperature,15,light_blue,15,65,40,413.00,252.00,1.000,1.0,6.708,0.052,1.308,227,278,true,false,sd_one_sided
S3,0,temperature,15,light_blue,15,65,41,421.84,249.16,0.905,1.0,6.857,0.052,1.334,224,275,true,true,
S3,0,temperature,15,light_blue,15,65,42,430.00,247.00,1.000,1.0,6.970,0.052,1.256,223,272,true,false,sd_one_sided
S3,0,temperature,15,light_blue,15,65,43,438.84,243.16,0.905,1.0,7.171,0.052,1.387,217,270,true,true,
S3,0,temperature,15,light_blue,15,65,44,447.16,242.16,0.905,1.0,7.223,0.052,1.334,217,268,true,true,
S3,0,temperature,15,light_blue,15,65,45,455.95,239.10,0.952,1.0,7.383,0.052,1.439,212,267,true,true,
S3,0,temperature,15,light_blue,15,65,46,464.16,237.84,0.905,1.0,7.449,0.052,,210,265,false,false,sd_unavailable
S3,0,temperature,15,light_blue,15,65,47,473.00,236.00,1.000,1.0,7.546,0.052,1.465,208,264,true,true,
S3,0,temperature,15,light_blue,15,65,48,482.00,236.00,1.000,1.0,7.546,0.052,1.413,208,263,false,true,sd_one_sided
S3,0,temperature,15,light_blue,15,65,49,489.84,234.16,0.905,1.0,7.642,0.052,1.439,207,262,true,true,
S3,0,temperature,15,light_blue,15,65,50,498.16,232.16,0.905,1.0,7.747,0.052,1.518,203,261,true,true,
S3,0,temperature,15,light_blue,15,65,51,506.95,230.90,0.952,1.0,7.813,0.052,1.518,202,260,true,true,
S3,0,temperature,15,light_blue,15,65,52,515.16,229.84,0.905,1.0,7.868,0.052,1.518,201,259,true,false,sd_one_sided
S3,0,temperature,15,light_blue,15,65,53,524.00,230.00,1.000,1.0,7.860,0.052,1.518,200,259,false,true,sd_one_sided
S3,0,temperature,15,light_blue,15,65,54,532.28,228.89,0.857,1.0,7.918,0.052,1.544,199,258,true,true,
S3,0,temperature,15,light_blue,15,65,55,541.00,229.00,1.000,1.0,7.912,0.052,1.491,200,257,true,true,
S3,0,temperature,15,light_blue,15,65,56,550.00,227.00,1.000,1.0,8.017,0.052,1.570,197,257,false,true,sd_one_sided
S3,0,temperature,15,light_blue,15,65,57,558.16,226.84,0.905,1.0,8.025,0.052,1.570,197,257,true,true,
S3,0,temperature,15,light_blue,15,65,58,567.00,227.00,1.000,1.0,8.017,0.052,1.518,198,256,true,true,
S3,0,temperature,15,light_blue,15,65,59,575.79,226.00,0.905,1.0,8.069,0.052,1.570,196,256,true,true,
S3,0,temperature,15,light_blue,15,65,60,584.00,226.00,1.000,1.0,8.069,0.052,1.570,196,257,true,false,sd_one_sided
S3,0,temperature,15,light_blue,15,65,61,592.00,226.00,1.000,1.0,8.069,0.052,1.622,195,257,true,false,sd_one_sided
S3,0,temperature,15,light_blue,15,65,62,600.84,225.16,0.905,1.0,8.113,0.052,1.570,195,257,true,false,sd_one_sided
S3,0,temperature,15,navy,15,70,1,76.28,349.89,0.857,1.0,1.586,0.052,,325,375,false,false,sd_unavailable
S3,0,temperature,15,navy,15,70,2,84.33,361.67,0.429,2.0,0.969,0.105,,360,363,false,false,marker_partially_hidden;sd_below_marker_radius
S3,0,temperature,15,navy,15,70,4,102.00,363.00,0.476,2.0,0.899,0.105,,363,365,false,false,marker_partially_hidden;sd_below_marker_radius
S3,0,temperature,15,navy,15,70,5,110.50,364.00,0.667,2.0,0.847,0.105,,361,367,false,false,marker_partially_hidden;sd_below_marker_radius
S3,0,temperature,15,navy,15,70,6,119.00,363.50,0.619,2.0,0.873,0.105,,360,366,false,false,marker_partially_hidden;sd_unavailable
S3,0,temperature,15,navy,15,70,7,127.50,363.00,0.762,2.0,0.899,0.105,,361,365,false,false,marker_partially_hidden;sd_below_marker_radius
S3,0,temperature,15,navy,15,70,8,135.84,362.16,0.905,1.0,0.944,0.052,,360,365,false,false,sd_below_marker_radius
S3,0,temperature,15,navy,15,70,9,144.72,362.11,0.857,1.0,0.946,0.052,,360,365,false,false,sd_below_marker_radius
S3,0,temperature,15,navy,15,70,10,153.11,361.28,0.857,1.0,0.990,0.052,,359,364,false,false,sd_below_marker_radius
S3,0,temperature,15,navy,15,70,11,161.84,361.16,0.905,1.0,0.996,0.052,,359,364,false,false,sd_below_marker_radius
S3,0,temperature,15,navy,15,70,12,170.16,360.84,0.905,1.0,1.012,0.052,,358,363,false,false,sd_below_marker_radius
S3,0,temperature,15,navy,15,70,13,178.90,360.05,0.952,1.0,1.054,0.052,,358,363,false,false,sd_below_marker_radius
S3,0,temperature,15,navy,15,70,14,187.00,360.00,0.810,2.0,1.056,0.105,,357,362,false,false,marker_partially_hidden;sd_below_marker_radius
S3,0,temperature,15,navy,15,70,15,196.11,359.72,0.857,1.0,1.071,0.052,,357,362,false,false,sd_below_marker_radius
S3,0,temperature,15,navy,15,70,16,205.00,358.50,0.810,2.0,1.135,0.105,,356,361,false,false,marker_partially_hidden;sd_below_marker_radius
S3,0,temperature,15,navy,15,70,17,213.16,357.84,0.905,1.0,1.169,0.052,,356,360,false,false,sd_below_marker_radius
S3,0,temperature,15,navy,15,70,18,221.89,356.72,0.857,1.0,1.228,0.052,,354,359,false,false,sd_below_marker_radius
S3,0,temperature,15,navy,15,70,19,230.28,356.11,0.857,1.0,1.260,0.052,,354,358,false,false,sd_below_marker_radius
S3,0,temperature,15,navy,15,70,20,239.00,355.00,1.000,1.0,1.318,0.052,,353,357,false,false,sd_below_marker_radius
S3,0,temperature,15,navy,15,70,21,246.95,353.90,0.952,1.0,1.376,0.052,,351,356,false,false,sd_below_marker_radius
S3,0,temperature,15,navy,15,70,22,255.28,353.11,0.857,1.0,1.417,0.052,,351,356,false,false,sd_below_marker_radius
S3,0,temperature,15,navy,15,70,23,264.00,352.00,1.000,1.0,1.475,0.052,,350,354,false,false,sd_below_marker_radius
S3,0,temperature,15,navy,15,70,24,273.00,351.00,0.810,2.0,1.527,0.105,,349,353,false,false,marker_partially_hidden;sd_below_marker_radius
S3,0,temperature,15,navy,15,70,25,281.10,349.95,0.952,1.0,1.582,0.052,,347,352,false,false,sd_below_marker_radius
S3,0,temperature,15,navy,15,70,26,289.84,348.84,0.905,1.0,1.640,0.052,,346,352,false,false,sd_below_marker_radius
S3,0,temperature,15,navy,15,70,27,298.16,347.84,0.905,1.0,1.693,0.052,,344,351,false,false,sd_unavailable
S3,0,temperature,15,navy,15,70,28,306.89,346.28,0.857,1.0,1.775,0.052,0.209,343,350,false,true,sd_one_sided
S3,0,temperature,15,navy,15,70,29,316.00,345.00,0.810,2.0,1.841,0.105,0.209,341,349,true,true,marker_partially_hidden
S3,0,temperature,15,navy,15,70,30,324.00,344.00,1.000,1.0,1.894,0.052,0.262,339,349,true,true,
S3,0,temperature,15,navy,15,70,31,332.84,342.84,0.905,1.0,1.954,0.052,,337,348,false,false,sd_unavailable
S3,0,temperature,15,navy,15,70,32,341.28,341.11,0.857,1.0,2.045,0.052,0.314,335,347,true,true,
S3,0,temperature,15,navy,15,70,33,349.16,339.16,0.905,1.0,2.147,0.052,0.366,333,346,false,true,sd_one_sided
S3,0,temperature,15,navy,15,70,34,357.84,338.16,0.905,1.0,2.200,0.052,0.392,331,346,true,true,
S3,0,temperature,15,navy,15,70,35,366.28,336.11,0.857,1.0,2.307,0.052,0.471,328,345,false,true,sd_one_sided
S3,0,temperature,15,navy,15,70,36,375.00,335.21,0.905,1.0,2.354,0.052,0.523,325,345,false,true,sd_one_sided
S3,0,temperature,15,navy,15,70,37,384.00,334.00,0.810,2.0,2.417,0.105,0.523,323,344,false,true,marker_partially_hidden;sd_one_sided
S3,0,temperature,15,navy,15,70,38,392.11,332.28,0.857,1.0,2.507,0.052,0.549,322,343,true,true,
S3,0,temperature,15,navy,15,70,39,400.84,331.16,0.905,1.0,2.566,0.052,0.576,320,342,true,true,
S3,0,temperature,15,navy,15,70,40,409.28,328.89,0.857,1.0,2.685,0.052,0.628,317,341,true,false,sd_one_sided
S3,0,temperature,15,navy,15,70,41,417.89,327.72,0.857,1.0,2.746,0.052,0.654,315,340,true,true,
S3,0,temperature,15,navy,15,70,42,426.50,326.00,0.810,2.0,2.836,0.105,0.680,313,340,true,false,marker_partially_hidden;sd_one_sided
S3,0,temperature,15,navy,15,70,43,435.16,324.84,0.905,1.0,2.896,0.052,0.733,311,339,true,true,
S3,0,temperature,15,navy,15,70,44,443.84,324.16,0.905,1.0,2.932,0.052,0.733,310,338,true,true,
S3,0,temperature,15,navy,15,70,45,452.00,322.50,0.810,2.0,3.019,0.105,,307,338,false,false,marker_partially_hidden;sd_unavailable
S3,0,temperature,15,navy,15,70,46,460.16,321.84,0.905,1.0,3.053,0.052,0.837,306,338,true,false,sd_one_sided
S3,0,temperature,15,navy,15,70,47,468.84,320.16,0.905,1.0,3.141,0.052,0.890,304,337,false,true,sd_one_sided
S3,0,temperature,15,navy,15,70,48,477.00,319.00,0.810,2.0,3.202,0.105,0.942,301,337,false,true,marker_partially_hidden;sd_one_sided
S3,0,temperature,15,navy,15,70,49,486.05,317.90,0.952,1.0,3.260,0.052,0.968,299,336,true,true,
S3,0,temperature,15,navy,15,70,50,494.50,317.00,0.810,2.0,3.307,0.105,0.942,304,335,false,true,marker_partially_hidden;sd_one_sided
S3,0,temperature,15,navy,15,70,51,503.00,315.00,1.000,1.0,3.411,0.052,0.994,296,334,false,true,sd_one_sided
S3,0,temperature,15,navy,15,70,52,511.72,314.11,0.857,1.0,3.458,0.052,1.047,294,334,false,true,sd_one_sided
S3,0,temperature,15,navy,15,70,53,520.16,313.84,0.905,1.0,3.472,0.052,0.994,294,333,false,true,sd_one_sided
S3,0,temperature,15,navy,15,70,54,528.89,312.72,0.857,1.0,3.531,0.052,1.047,293,333,false,true,sd_one_sided
S3,0,temperature,15,navy,15,70,55,537.50,312.50,0.762,2.0,3.542,0.105,,310,315,false,false,marker_partially_hidden;sd_below_marker_radius
S3,0,temperature,15,navy,15,70,56,546.00,311.50,0.810,2.0,3.595,0.105,1.047,290,332,false,true,marker_partially_hidden;sd_one_sided
S3,0,temperature,15,navy,15,70,57,554.72,310.89,0.857,1.0,3.627,0.052,1.099,294,332,false,true,sd_one_sided
S3,0,temperature,15,navy,15,70,58,562.72,309.89,0.857,1.0,3.679,0.052,1.151,287,332,false,true,sd_one_sided
S3,0,temperature,15,navy,15,70,59,571.16,310.16,0.905,1.0,3.665,0.052,1.151,288,333,true,false,sd_one_sided
S3,0,temperature,15,navy,15,70,60,579.84,309.16,0.905,1.0,3.717,0.052,1.151,287,331,false,true,sd_one_sided
S3,0,temperature,15,navy,15,70,61,588.11,308.28,0.857,1.0,3.763,0.052,,286,331,false,false,sd_unavailable
S3,0,temperature,15,navy,15,70,62,597.00,309.00,1.000,1.0,3.725,0.052,1.151,287,331,false,true,sd_one_sided
S3,0,temperature,15,orange,15,75,1,77.00,365.50,0.524,2.0,0.769,0.105,,364,368,false,false,marker_partially_hidden;sd_below_marker_radius
S3,0,temperature,15,orange,15,75,2,85.50,365.00,0.571,2.0,0.795,0.105,,364,367,false,false,marker_partially_hidden;sd_below_marker_radius
S3,0,temperature,15,orange,15,75,3,93.60,364.20,0.381,2.0,0.837,0.105,0.262,359,368,true,false,marker_partially_hidden;sd_one_sided
S3,0,temperature,15,orange,15,75,4,102.50,360.00,0.429,2.0,1.056,0.105,,358,362,false,false,marker_partially_hidden;sd_below_marker_radius
S3,0,temperature,15,orange,15,75,5,112.00,358.00,0.810,2.0,1.161,0.105,,356,359,false,false,marker_partially_hidden;sd_below_marker_radius
S3,0,temperature,15,orange,15,75,6,121.00,356.00,1.000,1.0,1.266,0.052,,354,358,false,false,sd_below_marker_radius
S3,0,temperature,15,orange,15,75,7,129.00,353.00,1.000,1.0,1.423,0.052,,351,356,false,false,sd_below_marker_radius
S3,0,temperature,15,orange,15,75,8,138.00,351.00,1.000,1.0,1.527,0.052,,348,353,false,false,sd_below_marker_radius
S3,0,temperature,15,orange,15,75,9,145.95,348.90,0.952,1.0,1.637,0.052,,346,351,false,false,sd_below_marker_radius
S3,0,temperature,15,orange,15,75,10,154.00,347.00,1.000,1.0,1.737,0.052,,344,349,false,false,sd_below_marker_radius
S3,0,temperature,15,orange,15,75,11,163.00,345.00,1.000,1.0,1.841,0.052,,342,348,false,false,sd_below_marker_radius
S3,0,temperature,15,orange,15,75,12,171.10,342.05,0.952,1.0,1.996,0.052,,339,345,false,false,sd_below_marker_radius
S3,0,temperature,15,orange,15,75,13,180.00,340.00,1.000,1.0,2.103,0.052,0.209,336,343,true,false,sd_one_sided
S3,0,temperature,15,orange,15,75,14,189.00,337.00,1.000,1.0,2.260,0.052,0.209,333,340,true,false,sd_one_sided
S3,0,temperature,15,orange,15,75,15,197.00,334.00,1.000,1.0,2.417,0.052,0.209,330,338,true,false,sd_one_sided
S3,0,temperature,15,orange,15,75,16,206.00,331.00,1.000,1.0,2.574,0.052,0.209,326,335,false,true,sd_one_sided
S3,0,temperature,15,orange,15,75,17,214.00,328.00,1.000,1.0,2.731,0.052,0.262,323,332,true,false,sd_one_sided
S3,0,temperature,15,orange,15,75,18,223.00,325.00,1.000,1.0,2.888,0.052,0.262,320,329,true,false,sd_one_sided
S3,0,temperature,15,orange,15,75,19,231.90,321.95,0.952,1.0,3.048,0.052,,316,324,false,false,sd_unavailable
S3,0,temperature,15,orange,15,75,20,240.00,318.00,1.000,1.0,3.254,0.052,0.262,313,324,true,false,sd_one_sided
S3,0,temperature,15,orange,15,75,21,249.00,315.00,1.000,1.0,3.411,0.052,0.314,308,321,false,true,sd_one_sided
S3,0,temperature,15,orange,15,75,22,257.00,312.00,1.000,1.0,3.568,0.052,0.366,305,319,true,true,
S3,0,temperature,15,orange,15,75,23,265.05,308.90,0.952,1.0,3.731,0.052,0.392,301,316,true,true,
S3,0,temperature,15,orange,15,75,24,273.84,305.84,0.905,1.0,3.891,0.052,0.445,297,314,true,true,
S3,0,temperature,15,orange,15,75,25,282.00,302.00,0.810,2.0,4.092,0.105,,293,312,false,false,marker_partially_hidden;sd_unavailable
S3,0,temperature,15,orange,15,75,26,290.78,298.78,0.857,1.0,4.260,0.052,0.549,289,310,true,true,
S3,0,temperature,15,orange,15,75,27,299.00,296.00,0.667,2.0,4.406,0.105,0.471,287,307,true,false,marker_partially_hidden;sd_one_sided
S3,0,temperature,15,orange,15,75,28,308.00,294.00,0.714,2.0,4.510,0.105,0.523,284,304,true,true,marker_partially_hidden
S3,0,temperature,15,orange,15,75,29,316.00,292.50,0.667,2.0,4.589,0.105,0.602,280,303,true,true,marker_partially_hidden
S3,0,temperature,15,orange,15,75,30,325.16,290.84,0.905,1.0,4.676,0.052,0.628,277,303,false,true,sd_one_sided
S3,0,temperature,15,orange,15,75,31,334.00,288.00,1.000,1.0,4.824,0.052,0.759,274,303,true,true,
S3,0,temperature,15,orange,15,75,32,342.16,286.16,0.905,1.0,4.921,0.052,0.811,271,302,true,true,
S3,0,temperature,15,orange,15,75,33,351.00,285.00,1.000,1.0,4.981,0.052,0.785,270,300,true,true,
S3,0,temperature,15,orange,15,75,34,359.00,285.00,1.000,1.0,4.981,0.052,0.837,269,301,true,true,
S3,0,temperature,15,orange,15,75,35,367.84,283.84,0.905,1.0,5.042,0.052,0.837,268,300,true,false,sd_one_sided
S3,0,temperature,15,orange,15,75,36,376.00,283.00,1.000,1.0,5.086,0.052,0.837,267,299,true,true,
S3,0,temperature,15,orange,15,75,37,385.00,282.00,1.000,1.0,5.138,0.052,0.837,266,298,true,false,sd_one_sided
S3,0,temperature,15,orange,15,75,38,393.00,282.00,1.000,1.0,5.138,0.052,0.837,266,298,true,false,sd_one_sided
S3,0,temperature,15,orange,15,75,39,402.00,281.00,1.000,1.0,5.191,0.052,0.837,265,297,true,false,sd_one_sided
S3,0,temperature,15,orange,15,75,40,410.00,280.00,1.000,1.0,5.243,0.052,0.837,264,296,true,true,
S3,0,temperature,15,orange,15,75,41,419.00,279.00,1.000,1.0,5.295,0.052,0.837,263,296,true,false,sd_one_sided
S3,0,temperature,15,orange,15,75,42,428.00,279.00,1.000,1.0,5.295,0.052,0.890,262,296,true,false,sd_one_sided
S3,0,temperature,15,orange,15,75,43,436.00,278.00,1.000,1.0,5.348,0.052,0.837,262,295,true,false,sd_one_sided
S3,0,temperature,15,orange,15,75,44,445.00,278.00,1.000,1.0,5.348,0.052,0.863,261,294,true,true,
S3,0,temperature,15,orange,15,75,45,453.00,277.00,1.000,1.0,5.400,0.052,,259,295,false,false,sd_unavailable
S3,0,temperature,15,orange,15,75,46,462.00,276.00,1.000,1.0,5.452,0.052,,258,294,false,false,sd_unavailable
S3,0,temperature,15,orange,15,75,47,470.00,276.00,1.000,1.0,5.452,0.052,0.942,258,294,true,false,sd_one_sided
S3,0,temperature,15,orange,15,75,48,478.16,275.84,0.905,1.0,5.461,0.052,0.994,257,294,true,false,sd_one_sided
S3,0,temperature,15,orange,15,75,49,487.00,275.00,1.000,1.0,5.505,0.052,0.942,257,295,true,false,sd_one_sided
S3,0,temperature,15,orange,15,75,50,496.00,275.00,1.000,1.0,5.505,0.052,,256,294,false,false,sd_unavailable
S3,0,temperature,15,orange,15,75,51,504.00,275.00,1.000,1.0,5.505,0.052,0.994,256,294,true,false,sd_one_sided
S3,0,temperature,15,orange,15,75,52,513.00,274.00,1.000,1.0,5.557,0.052,,255,293,false,false,sd_unavailable
S3,0,temperature,15,orange,15,75,53,522.00,275.00,1.000,1.0,5.505,0.052,,255,294,false,false,sd_unavailable
S3,0,temperature,15,orange,15,75,54,530.00,274.00,1.000,1.0,5.557,0.052,0.994,255,293,true,false,sd_one_sided
S3,0,temperature,15,orange,15,75,55,538.95,273.90,0.952,1.0,5.562,0.052,0.994,255,292,true,false,sd_one_sided
S3,0,temperature,15,orange,15,75,56,547.00,274.00,1.000,1.0,5.557,0.052,,255,292,false,false,sd_unavailable
S3,0,temperature,15,orange,15,75,57,556.00,274.00,1.000,1.0,5.557,0.052,,254,293,false,false,sd_unavailable
S3,0,temperature,15,orange,15,75,58,564.00,273.00,1.000,1.0,5.609,0.052,,254,292,false,false,sd_unavailable
S3,0,temperature,15,orange,15,75,59,572.00,273.00,1.000,1.0,5.609,0.052,0.994,254,292,true,false,sd_one_sided
S3,0,temperature,15,orange,15,75,60,581.00,273.00,1.000,1.0,5.609,0.052,0.994,254,292,true,false,sd_one_sided
S3,0,temperature,15,orange,15,75,61,589.84,273.84,0.905,1.0,5.565,0.052,1.047,254,293,true,false,sd_one_sided
S3,0,temperature,15,orange,15,75,62,598.00,272.00,1.000,1.0,5.662,0.052,1.073,251,292,true,true,
S3,0,temperature,15,green,15,80,1,79.00,362.50,0.476,2.0,0.926,0.105,,360,362,false,false,marker_partially_hidden;sd_below_marker_radius
S3,0,temperature,15,green,15,80,2,88.00,362.00,0.714,2.0,0.952,0.105,,360,363,false,false,marker_partially_hidden;sd_below_marker_radius
S3,0,temperature,15,green,15,80,3,96.11,361.72,0.857,1.0,0.966,0.052,,360,364,false,false,sd_below_marker_radius
S3,0,temperature,15,green,15,80,4,105.00,361.50,0.714,2.0,0.978,0.105,,360,362,false,false,marker_partially_hidden;sd_below_marker_radius
S3,0,temperature,15,green,15,80,5,113.00,361.00,0.429,2.0,1.004,0.105,,360,361,false,false,marker_partially_hidden;sd_below_marker_radius
S3,0,temperature,15,green,15,80,8,138.00,360.00,0.476,2.0,1.056,0.105,,355,361,false,false,marker_partially_hidden;sd_unavailable
S3,0,temperature,15,green,15,80,9,147.00,359.00,0.714,2.0,1.109,0.105,,358,361,false,false,marker_partially_hidden;sd_below_marker_radius
S3,0,temperature,15,green,15,80,10,155.00,357.00,0.762,2.0,1.213,0.105,,352,359,false,false,marker_partially_hidden;sd_unavailable
S3,0,temperature,15,green,15,80,11,164.00,355.00,1.000,1.0,1.318,0.052,,353,360,false,false,sd_unavailable
S3,0,temperature,15,green,15,80,12,172.84,353.16,0.905,1.0,1.415,0.052,0.314,351,359,false,true,sd_one_sided
S3,0,temperature,15,green,15,80,13,181.16,351.84,0.905,1.0,1.483,0.052,0.314,348,358,false,true,sd_one_sided
S3,0,temperature,15,green,15,80,14,190.00,350.00,1.000,1.0,1.580,0.052,0.366,345,357,false,true,sd_one_sided
S3,0,temperature,15,green,15,80,15,198.16,347.84,0.905,1.0,1.693,0.052,,342,356,false,false,sd_unavailable
S3,0,temperature,15,green,15,80,16,207.05,345.90,0.952,1.0,1.794,0.052,0.419,339,354,false,true,sd_one_sided
S3,0,temperature,15,green,15,80,17,215.84,343.84,0.905,1.0,1.902,0.052,0.471,337,353,false,true,sd_one_sided
S3,0,temperature,15,green,15,80,18,224.16,341.84,0.905,1.0,2.007,0.052,0.523,333,352,false,true,sd_one_sided
S3,0,temperature,15,green,15,80,19,232.95,339.10,0.952,1.0,2.150,0.052,0.628,329,351,false,true,sd_one_sided
S3,0,temperature,15,green,15,80,20,241.16,338.84,0.905,1.0,2.164,0.052,0.628,327,351,false,true,sd_one_sided
S3,0,temperature,15,green,15,80,21,250.00,338.00,1.000,1.0,2.208,0.052,,325,351,false,false,sd_unavailable
S3,0,temperature,15,green,15,80,22,258.84,336.16,0.905,1.0,2.304,0.052,0.733,332,350,false,true,sd_one_sided
S3,0,temperature,15,green,15,80,23,266.28,335.11,0.857,1.0,2.359,0.052,0.733,322,349,false,true,sd_one_sided
S3,0,temperature,15,green,15,80,24,275.11,333.72,0.857,1.0,2.432,0.052,0.759,319,348,true,true,
S3,0,temperature,15,green,15,80,25,283.84,331.84,0.905,1.0,2.530,0.052,0.785,316,347,false,true,sd_one_sided
S3,0,temperature,15,green,15,80,26,292.00,330.00,1.000,1.0,2.626,0.052,0.837,314,346,true,true,
S3,0,temperature,15,green,15,80,27,300.84,328.16,0.905,1.0,2.723,0.052,,312,345,false,false,sd_unavailable
S3,0,temperature,15,green,15,80,28,309.16,326.16,0.905,1.0,2.827,0.052,0.863,310,343,true,true,
S3,0,temperature,15,green,15,80,29,318.00,325.00,1.000,1.0,2.888,0.052,0.890,308,342,false,true,sd_one_sided
S3,0,temperature,15,green,15,80,30,326.84,323.84,0.905,1.0,2.949,0.052,0.837,308,340,false,true,sd_one_sided
S3,0,temperature,15,green,15,80,31,335.00,322.00,1.000,1.0,3.045,0.052,0.890,305,339,true,true,
S3,0,temperature,15,green,15,80,32,343.95,320.10,0.952,1.0,3.145,0.052,0.890,303,338,true,false,sd_one_sided
S3,0,temperature,15,green,15,80,33,352.10,318.95,0.952,1.0,3.205,0.052,0.916,301,336,true,true,
S3,0,temperature,15,green,15,80,34,361.00,318.00,1.000,1.0,3.254,0.052,0.916,300,335,true,true,
S3,0,temperature,15,green,15,80,35,369.00,316.00,1.000,1.0,3.359,0.052,,298,334,false,false,sd_unavailable
S3,0,temperature,15,green,15,80,36,377.72,314.89,0.857,1.0,3.417,0.052,0.942,297,333,true,false,sd_one_sided
S3,0,temperature,15,green,15,80,37,386.05,313.90,0.952,1.0,3.469,0.052,,296,332,false,false,sd_unavailable
S3,0,temperature,15,green,15,80,38,394.72,312.11,0.857,1.0,3.563,0.052,0.942,294,331,true,false,sd_one_sided
S3,0,temperature,15,green,15,80,39,403.16,310.84,0.905,1.0,3.629,0.052,,292,329,false,false,sd_unavailable
S3,0,temperature,15,green,15,80,40,411.84,309.84,0.905,1.0,3.681,0.052,,291,328,false,false,sd_unavailable
S3,0,temperature,15,green,15,80,41,420.16,308.84,0.905,1.0,3.734,0.052,,290,326,false,false,sd_unavailable
S3,0,temperature,15,green,15,80,42,429.00,308.00,1.000,1.0,3.778,0.052,0.942,290,325,true,false,sd_one_sided
S3,0,temperature,15,green,15,80,43,437.72,306.89,0.857,1.0,3.836,0.052,0.942,289,324,true,false,sd_one_sided
S3,0,temperature,15,green,15,80,44,446.00,306.00,1.000,1.0,3.882,0.052,,288,323,false,false,sd_unavailable
S3,0,temperature,15,green,15,80,45,455.00,305.00,1.000,1.0,3.935,0.052,,287,323,false,false,sd_unavailable
S3,0,temperature,15,green,15,80,46,463.11,304.28,0.857,1.0,3.973,0.052,,287,322,false,false,sd_unavailable
S3,0,temperature,15,green,15,80,47,472.00,304.00,1.000,1.0,3.987,0.052,0.890,287,321,true,false,sd_one_sided
S3,0,temperature,15,green,15,80,48,479.89,303.72,0.857,1.0,4.002,0.052,,286,320,false,false,sd_unavailable
S3,0,temperature,15,green,15,80,49,488.16,302.84,0.905,1.0,4.048,0.052,0.890,286,315,true,false,sd_one_sided
S3,0,temperature,15,green,15,80,50,497.00,302.00,1.000,1.0,4.092,0.052,,286,318,false,false,sd_unavailable
S3,0,temperature,15,green,15,80,51,505.84,301.84,0.905,1.0,4.100,0.052,0.785,285,317,false,true,sd_one_sided
S3,0,temperature,15,green,15,80,52,514.00,301.00,1.000,1.0,4.144,0.052,0.837,285,317,false,true,sd_one_sided
S3,0,temperature,15,green,15,80,53,523.00,301.00,1.000,1.0,4.144,0.052,0.837,285,317,true,false,sd_one_sided
S3,0,temperature,15,green,15,80,54,531.00,301.00,1.000,1.0,4.144,0.052,0.837,285,317,false,true,sd_one_sided
S3,0,temperature,15,green,15,80,55,539.89,300.28,0.857,1.0,4.182,0.052,0.811,285,316,true,true,
S3,0,temperature,15,green,15,80,56,548.28,299.89,0.857,1.0,4.202,0.052,0.785,284,315,false,true,sd_one_sided
S3,0,temperature,15,green,15,80,57,557.00,300.00,1.000,1.0,4.196,0.052,0.785,284,315,false,true,sd_one_sided
S3,0,temperature,15,green,15,80,58,565.84,299.16,0.905,1.0,4.240,0.052,0.785,284,314,false,true,sd_one_sided
S3,0,temperature,15,green,15,80,59,574.05,299.10,0.952,1.0,4.243,0.052,0.785,284,314,false,true,sd_one_sided
S3,0,temperature,15,green,15,80,60,582.16,298.84,0.905,1.0,4.257,0.052,0.733,293,313,false,true,sd_one_sided
S3,0,temperature,15,green,15,80,61,591.00,298.00,1.000,1.0,4.301,0.052,0.785,284,313,false,true,sd_one_sided
S3,0,temperature,15,green,15,80,62,599.05,298.10,0.952,1.0,4.296,0.052,0.733,284,313,true,false,sd_one_sided
S3,1,temperature,20,light_blue,20,65,1,76.16,310.16,0.905,1.0,3.664,0.052,3.245,248,372,false,true,sd_one_sided
S3,1,temperature,20,light_blue,20,65,2,85.11,311.72,0.857,1.0,3.582,0.052,3.192,251,373,true,false,sd_one_sided
S3,1,temperature,20,light_blue,20,65,3,93.84,310.16,0.905,1.0,3.664,0.052,3.192,249,372,true,false,sd_one_sided
S3,1,temperature,20,light_blue,20,65,4,102.16,309.84,0.905,1.0,3.681,0.052,3.035,252,368,true,true,
S3,1,temperature,20,light_blue,20,65,5,111.00,306.00,1.000,1.0,3.882,0.052,2.983,249,356,true,false,sd_one_sided
S3,1,temperature,20,light_blue,20,65,6,119.16,303.84,0.905,1.0,3.995,0.052,,249,355,false,false,sd_unavailable
S3,1,temperature,20,light_blue,20,65,7,128.00,303.00,1.000,1.0,4.039,0.052,,252,350,false,false,sd_unavailable
S3,1,temperature,20,light_blue,20,65,8,136.00,301.79,0.905,1.0,4.102,0.052,2.329,257,346,true,true,
S3,1,temperature,20,light_blue,20,65,9,144.84,295.84,0.905,1.0,4.414,0.052,2.303,251,340,false,true,sd_one_sided
S3,1,temperature,20,light_blue,20,65,10,153.00,293.00,1.000,1.0,4.562,0.052,2.146,252,334,true,false,sd_one_sided
S3,1,temperature,20,light_blue,20,65,11,162.00,290.00,1.000,1.0,4.719,0.052,1.936,253,327,true,true,
S3,1,temperature,20,light_blue,20,65,12,170.05,288.10,0.952,1.0,4.819,0.052,1.779,254,322,true,true,
S3,1,temperature,20,light_blue,20,65,13,178.95,285.10,0.952,1.0,4.976,0.052,1.570,255,315,true,true,
S3,1,temperature,20,light_blue,20,65,14,187.16,280.16,0.905,1.0,5.234,0.052,1.465,253,309,true,true,
S3,1,temperature,20,light_blue,20,65,15,196.00,278.00,1.000,1.0,5.347,0.052,1.282,253,302,true,true,
S3,1,temperature,20,light_blue,20,65,16,204.84,274.84,0.905,1.0,5.513,0.052,,253,296,false,false,sd_unavailable
S3,1,temperature,20,light_blue,20,65,17,213.16,273.84,0.905,1.0,5.565,0.052,0.785,258,289,false,true,sd_one_sided
S3,1,temperature,20,light_blue,20,65,18,222.00,268.00,1.000,1.0,5.871,0.052,0.785,253,283,true,true,
S3,1,temperature,20,light_blue,20,65,19,230.16,264.16,0.905,1.0,6.072,0.052,0.680,251,277,false,true,sd_one_sided
S3,1,temperature,20,light_blue,20,65,20,239.00,262.00,1.000,1.0,6.185,0.052,0.523,252,272,true,true,
S3,1,temperature,20,light_blue,20,65,21,247.00,258.00,1.000,1.0,6.394,0.052,0.471,249,267,true,false,sd_one_sided
S3,1,temperature,20,light_blue,20,65,22,255.16,256.16,0.905,1.0,6.490,0.052,0.471,247,265,true,false,sd_one_sided
S3,1,temperature,20,light_blue,20,65,23,264.00,254.00,1.000,1.0,6.603,0.052,0.471,244,263,false,true,sd_one_sided
S3,1,temperature,20,light_blue,20,65,24,272.84,252.16,0.905,1.0,6.700,0.052,0.864,236,269,true,true,
S3,1,temperature,20,light_blue,20,65,25,281.00,248.00,1.000,1.0,6.917,0.052,0.759,234,263,true,true,
S3,1,temperature,20,light_blue,20,65,26,289.95,245.90,0.952,1.0,7.027,0.052,0.916,228,263,true,true,
S3,1,temperature,20,light_blue,20,65,27,298.16,242.84,0.905,1.0,7.187,0.052,1.047,223,263,true,true,
S3,1,temperature,20,light_blue,20,65,28,307.00,242.00,1.000,1.0,7.231,0.052,1.204,219,265,true,false,sd_one_sided
S3,1,temperature,20,light_blue,20,65,29,315.84,237.84,0.905,1.0,7.449,0.052,1.230,214,261,true,true,
S3,1,temperature,20,light_blue,20,65,30,324.00,237.00,1.000,1.0,7.493,0.052,1.465,209,264,true,false,sd_one_sided
S3,1,temperature,20,light_blue,20,65,31,332.84,235.84,0.905,1.0,7.554,0.052,1.570,206,245,true,false,sd_one_sided
S3,1,temperature,20,light_blue,20,65,32,341.00,234.00,1.000,1.0,7.650,0.052,1.622,203,264,true,false,sd_one_sided
S3,1,temperature,20,light_blue,20,65,33,349.16,232.16,0.905,1.0,7.746,0.052,,201,261,false,false,sd_unavailable
S3,1,temperature,20,light_blue,20,65,34,357.95,231.10,0.952,1.0,7.802,0.052,1.675,199,264,true,false,sd_one_sided
S3,1,temperature,20,light_blue,20,65,35,366.16,229.84,0.905,1.0,7.868,0.052,1.727,197,263,true,false,sd_one_sided
S3,1,temperature,20,light_blue,20,65,36,374.95,231.10,0.952,1.0,7.802,0.052,1.936,194,269,true,false,sd_one_sided
S3,1,temperature,20,light_blue,20,65,37,383.78,228.94,0.857,1.0,7.915,0.052,1.884,193,265,true,true,
S3,1,temperature,20,light_blue,20,65,38,392.00,227.79,0.905,1.0,7.975,0.052,1.884,192,264,true,false,sd_one_sided
S3,1,temperature,20,light_blue,20,65,39,400.84,228.16,0.905,1.0,7.956,0.052,1.936,191,265,true,true,
S3,1,temperature,20,light_blue,20,65,40,409.10,228.95,0.952,1.0,7.914,0.052,1.989,191,267,true,false,sd_one_sided
S3,1,temperature,20,light_blue,20,65,41,417.95,228.10,0.952,1.0,7.959,0.052,,190,266,false,false,sd_unavailable
S3,1,temperature,20,light_blue,20,65,42,426.11,226.28,0.857,1.0,8.054,0.052,,190,263,false,false,sd_unavailable
S3,1,temperature,20,light_blue,20,65,43,434.95,227.90,0.952,1.0,7.969,0.052,,192,264,false,false,sd_unavailable
S3,1,temperature,20,light_blue,20,65,45,451.00,228.50,0.476,2.0,7.938,0.105,,189,266,false,false,marker_partially_hidden;sd_unavailable
S3,1,temperature,20,light_blue,20,65,46,460.00,229.00,0.762,2.0,7.912,0.105,,191,266,false,false,marker_partially_hidden;sd_unavailable
S3,1,temperature,20,light_blue,20,65,47,468.89,226.28,0.857,1.0,8.054,0.052,,188,265,false,false,sd_unavailable
S3,1,temperature,20,light_blue,20,65,48,477.16,227.16,0.905,1.0,8.008,0.052,2.041,188,267,true,false,sd_one_sided
S3,1,temperature,20,light_blue,20,65,49,486.00,226.00,1.000,1.0,8.069,0.052,,187,264,false,false,sd_unavailable
S3,1,temperature,20,light_blue,20,65,50,494.50,226.00,0.810,2.0,8.069,0.105,,187,265,false,false,marker_partially_hidden;sd_unavailable
S3,1,temperature,20,light_blue,20,65,51,503.00,226.00,1.000,1.0,8.069,0.052,,187,266,false,false,sd_unavailable
S3,1,temperature,20,light_blue,20,65,52,511.89,226.00,0.905,1.0,8.069,0.052,2.041,187,265,true,true,
S3,1,temperature,20,light_blue,20,65,53,520.11,226.28,0.857,1.0,8.054,0.052,,186,266,false,false,sd_unavailable
S3,1,temperature,20,light_blue,20,65,54,528.84,226.84,0.905,1.0,8.025,0.052,,187,267,false,false,sd_unavailable
S3,1,temperature,20,light_blue,20,65,55,537.83,225.72,0.857,1.0,8.083,0.052,,223,227,false,false,sd_below_marker_radius
S3,1,temperature,20,light_blue,20,65,56,546.00,226.00,1.000,1.0,8.069,0.052,,186,266,false,false,sd_unavailable
S3,1,temperature,20,light_blue,20,65,57,554.84,224.16,0.905,1.0,8.165,0.052,,222,226,false,false,sd_below_marker_radius
S3,1,temperature,20,light_blue,20,65,58,562.28,224.89,0.857,1.0,8.127,0.052,,186,264,false,false,sd_unavailable
S3,1,temperature,20,light_blue,20,65,59,571.05,224.10,0.952,1.0,8.168,0.052,,185,263,false,false,sd_unavailable
S3,1,temperature,20,light_blue,20,65,60,579.95,224.90,0.952,1.0,8.126,0.052,,185,265,false,false,sd_unavailable
S3,1,temperature,20,light_blue,20,65,61,588.00,226.00,1.000,1.0,8.069,0.052,2.146,185,267,false,true,sd_one_sided
S3,1,temperature,20,light_blue,20,65,62,596.89,226.00,0.905,1.0,8.069,0.052,,185,267,false,false,sd_unavailable
S3,1,temperature,20,navy,20,70,1,80.16,361.16,0.905,1.0,0.995,0.052,,358,363,false,false,sd_below_marker_radius
S3,1,temperature,20,navy,20,70,2,88.84,361.16,0.905,1.0,0.995,0.052,,358,363,false,false,sd_below_marker_radius
S3,1,temperature,20,navy,20,70,3,97.28,361.11,0.857,1.0,0.998,0.052,,358,363,false,false,sd_below_marker_radius
S3,1,temperature,20,navy,20,70,4,106.00,361.00,0.810,2.0,1.004,0.105,,358,363,false,false,marker_partially_hidden;sd_below_marker_radius
S3,1,temperature,20,navy,20,70,5,115.00,360.00,0.810,2.0,1.056,0.105,,358,362,false,false,marker_partially_hidden;sd_below_marker_radius
S3,1,temperature,20,navy,20,70,6,123.00,358.50,0.762,2.0,1.134,0.105,,356,360,false,false,marker_partially_hidden;sd_below_marker_radius
S3,1,temperature,20,navy,20,70,7,131.89,356.72,0.857,1.0,1.227,0.052,,353,361,false,false,sd_unavailable
S3,1,temperature,20,navy,20,70,8,140.50,355.00,0.762,2.0,1.318,0.105,,351,359,false,false,marker_partially_hidden;sd_unavailable
S3,1,temperature,20,navy,20,70,9,148.89,353.72,0.857,1.0,1.384,0.052,,349,358,false,false,sd_unavailable
S3,1,temperature,20,navy,20,70,10,157.50,352.00,0.762,2.0,1.475,0.105,,350,358,false,false,marker_partially_hidden;sd_unavailable
S3,1,temperature,20,navy,20,70,11,165.50,350.00,0.762,2.0,1.579,0.105,,342,358,false,false,marker_partially_hidden;sd_unavailable
S3,1,temperature,20,navy,20,70,12,174.00,347.00,0.810,2.0,1.736,0.105,0.497,338,357,true,true,marker_partially_hidden
S3,1,temperature,20,navy,20,70,13,182.72,345.11,0.857,1.0,1.835,0.052,0.576,334,356,true,true,
S3,1,temperature,20,navy,20,70,14,191.00,341.50,0.810,2.0,2.024,0.105,0.628,329,354,false,true,marker_partially_hidden;sd_one_sided
S3,1,temperature,20,navy,20,70,15,199.84,338.16,0.905,1.0,2.199,0.052,,324,352,false,false,sd_unavailable
S3,1,temperature,20,navy,20,70,16,208.16,334.16,0.905,1.0,2.408,0.052,0.785,319,349,true,false,sd_one_sided
S3,1,temperature,20,navy,20,70,17,216.89,329.72,0.857,1.0,2.640,0.052,0.811,314,345,true,true,
S3,1,temperature,20,navy,20,70,18,225.11,326.28,0.857,1.0,2.821,0.052,0.837,310,343,true,false,sd_one_sided
S3,1,temperature,20,navy,20,70,19,234.00,323.00,1.000,1.0,2.992,0.052,0.942,305,341,true,false,sd_one_sided
S3,1,temperature,20,navy,20,70,20,243.00,319.00,0.810,2.0,3.202,0.105,1.047,299,339,true,false,marker_partially_hidden;sd_one_sided
S3,1,temperature,20,navy,20,70,21,251.05,316.10,0.952,1.0,3.353,0.052,1.125,294,337,true,true,
S3,1,temperature,20,navy,20,70,22,259.84,312.84,0.905,1.0,3.524,0.052,1.204,290,336,true,false,sd_one_sided
S3,1,temperature,20,navy,20,70,23,268.16,309.16,0.905,1.0,3.717,0.052,1.308,284,334,true,false,sd_one_sided
S3,1,temperature,20,navy,20,70,24,276.16,306.16,0.905,1.0,3.874,0.052,,279,309,false,false,sd_unavailable
S3,1,temperature,20,navy,20,70,25,284.89,303.28,0.857,1.0,4.024,0.052,,274,332,false,false,sd_unavailable
S3,1,temperature,20,navy,20,70,26,293.00,301.00,0.810,2.0,4.144,0.105,1.570,271,303,true,false,marker_partially_hidden;sd_one_sided
S3,1,temperature,20,navy,20,70,27,302.05,295.10,0.952,1.0,4.452,0.052,1.832,260,330,true,true,
S3,1,temperature,20,navy,20,70,28,310.89,293.72,0.857,1.0,4.524,0.052,1.858,258,329,true,true,
S3,1,temperature,20,navy,20,70,29,319.11,290.28,0.857,1.0,4.705,0.052,1.989,253,328,false,true,sd_one_sided
S3,1,temperature,20,navy,20,70,30,328.00,287.00,1.000,1.0,4.876,0.052,2.041,248,326,true,true,
S3,1,temperature,20,navy,20,70,31,336.00,284.00,0.810,2.0,5.033,0.105,2.303,240,328,true,true,marker_partially_hidden
S3,1,temperature,20,navy,20,70,32,344.89,282.28,0.857,1.0,5.123,0.052,2.303,238,327,true,false,sd_one_sided
S3,1,temperature,20,navy,20,70,33,353.72,278.89,0.857,1.0,5.301,0.052,2.486,231,326,true,true,
S3,1,temperature,20,navy,20,70,34,362.11,275.28,0.857,1.0,5.490,0.052,2.695,224,327,true,true,
S3,1,temperature,20,navy,20,70,35,370.84,274.16,0.905,1.0,5.548,0.052,2.826,220,328,false,true,sd_one_sided
S3,1,temperature,20,navy,20,70,36,378.89,271.72,0.857,1.0,5.676,0.052,2.852,217,326,true,true,
S3,1,temperature,20,navy,20,70,37,387.16,270.16,0.905,1.0,5.758,0.052,2.931,214,274,true,false,sd_one_sided
S3,1,temperature,20,navy,20,70,38,395.89,267.72,0.857,1.0,5.885,0.052,3.114,208,327,true,true,
S3,1,temperature,20,navy,20,70,39,404.00,266.00,0.810,2.0,5.975,0.105,3.140,206,271,true,false,marker_partially_hidden;sd_one_sided
S3,1,temperature,20,navy,20,70,40,412.89,264.28,0.857,1.0,6.065,0.052,3.245,202,327,true,false,sd_one_sided
S3,1,temperature,20,navy,20,70,41,421.89,262.28,0.857,1.0,6.170,0.052,3.271,200,325,true,true,
S3,1,temperature,20,navy,20,70,42,430.05,260.90,0.952,1.0,6.242,0.052,3.402,196,327,true,false,sd_one_sided
S3,1,temperature,20,navy,20,70,43,438.89,258.28,0.857,1.0,6.379,0.052,3.533,191,326,true,true,
S3,1,temperature,20,navy,20,70,44,447.11,257.72,0.857,1.0,6.409,0.052,3.716,187,328,true,false,sd_one_sided
S3,1,temperature,20,navy,20,70,45,455.95,256.10,0.952,1.0,6.493,0.052,3.663,186,326,true,true,
S3,1,temperature,20,navy,20,70,46,464.28,253.11,0.857,1.0,6.650,0.052,3.925,178,328,false,true,sd_one_sided
S3,1,temperature,20,navy,20,70,47,473.00,252.00,1.000,1.0,6.708,0.052,4.030,175,329,true,true,
S3,1,temperature,20,navy,20,70,48,481.84,250.16,0.905,1.0,6.804,0.052,4.082,172,328,false,true,sd_one_sided
S3,1,temperature,20,navy,20,70,49,489.72,249.89,0.857,1.0,6.818,0.052,4.082,171,328,false,true,sd_one_sided
S3,1,temperature,20,navy,20,70,50,498.16,249.16,0.905,1.0,6.857,0.052,4.134,170,328,true,false,sd_one_sided
S3,1,temperature,20,navy,20,70,51,506.95,248.10,0.952,1.0,6.912,0.052,4.187,168,328,true,true,
S3,1,temperature,20,navy,20,70,52,515.00,247.00,0.810,2.0,6.970,0.105,4.239,166,264,true,false,marker_partially_hidden;sd_one_sided
S3,1,temperature,20,navy,20,70,53,524.00,247.00,1.000,1.0,6.970,0.052,4.239,166,328,true,true,
S3,1,temperature,20,navy,20,70,54,532.72,245.11,0.857,1.0,7.069,0.052,4.344,162,329,true,false,sd_one_sided
S3,1,temperature,20,navy,20,70,55,541.11,246.28,0.857,1.0,7.007,0.052,,164,329,false,false,sd_unavailable
S3,1,temperature,20,navy,20,70,56,549.84,245.16,0.905,1.0,7.066,0.052,4.318,163,328,true,true,
S3,1,temperature,20,navy,20,70,57,558.11,244.28,0.857,1.0,7.112,0.052,4.344,161,329,true,false,sd_one_sided
S3,1,temperature,20,navy,20,70,58,566.89,243.28,0.857,1.0,7.164,0.052,4.396,159,327,true,true,
S3,1,temperature,20,navy,20,70,59,575.11,243.72,0.857,1.0,7.141,0.052,4.422,159,328,true,true,
S3,1,temperature,20,navy,20,70,60,584.00,242.21,0.905,1.0,7.220,0.052,4.448,157,327,true,true,
S3,1,temperature,20,navy,20,70,61,592.00,241.79,0.905,1.0,7.242,0.052,4.501,156,328,true,false,sd_one_sided
S3,1,temperature,20,navy,20,70,62,600.28,241.89,0.857,1.0,7.237,0.052,,239,244,false,false,sd_below_marker_radius
S3,1,temperature,20,orange,20,75,1,77.00,362.00,0.619,2.0,0.951,0.105,,359,364,false,false,marker_partially_hidden;sd_below_marker_radius
S3,1,temperature,20,orange,20,75,2,85.33,361.67,0.476,2.0,0.969,0.105,0.288,356,367,true,true,marker_partially_hidden
S3,1,temperature,20,orange,20,75,3,94.00,361.00,0.571,2.0,1.004,0.105,0.262,356,366,true,false,marker_partially_hidden;sd_one_sided
S3,1,temperature,20,orange,20,75,4,102.67,359.33,0.571,2.0,1.091,0.105,,356,365,false,false,marker_partially_hidden;sd_unavailable
S3,1,temperature,20,orange,20,75,5,111.00,358.00,0.667,2.0,1.161,0.105,0.209,354,364,true,false,marker_partially_hidden;sd_one_sided
S3,1,temperature,20,orange,20,75,6,120.00,356.50,0.667,2.0,1.239,0.105,,353,362,false,false,marker_partially_hidden;sd_unavailable
S3,1,temperature,20,orange,20,75,7,129.00,354.00,0.619,2.0,1.370,0.105,,351,361,false,false,marker_partially_hidden;sd_unavailable
S3,1,temperature,20,orange,20,75,8,137.00,353.00,0.714,2.0,1.422,0.105,0.340,348,361,true,true,marker_partially_hidden;sd_asymmetric_bar
S3,1,temperature,20,orange,20,75,9,145.00,352.00,0.762,2.0,1.475,0.105,0.314,346,360,true,false,marker_partially_hidden;sd_one_sided
S3,1,temperature,20,orange,20,75,10,154.00,351.00,0.762,2.0,1.527,0.105,0.366,344,359,true,false,marker_partially_hidden;sd_one_sided
S3,1,temperature,20,orange,20,75,11,162.50,348.00,0.667,2.0,1.684,0.105,,346,357,false,false,marker_partially_hidden;sd_unavailable
S3,1,temperature,20,orange,20,75,12,171.16,344.16,0.905,1.0,1.885,0.052,0.419,336,354,true,false,sd_one_sided
S3,1,temperature,20,orange,20,75,13,180.00,341.00,1.000,1.0,2.050,0.052,0.523,331,351,true,false,sd_one_sided
S3,1,temperature,20,orange,20,75,14,189.00,337.00,1.000,1.0,2.260,0.052,0.576,326,343,true,false,sd_one_sided
S3,1,temperature,20,orange,20,75,15,197.00,333.00,1.000,1.0,2.469,0.052,0.628,321,340,true,false,sd_one_sided
S3,1,temperature,20,orange,20,75,16,206.00,329.00,1.000,1.0,2.678,0.052,0.680,316,338,true,false,sd_one_sided
S3,1,temperature,20,orange,20,75,17,214.00,325.00,1.000,1.0,2.888,0.052,0.680,312,335,true,false,sd_one_sided
S3,1,temperature,20,orange,20,75,18,223.00,322.00,1.000,1.0,3.045,0.052,0.733,308,331,true,false,sd_one_sided
S3,1,temperature,20,orange,20,75,19,231.90,317.05,0.952,1.0,3.304,0.052,0.654,304,329,true,true,
S3,1,temperature,20,orange,20,75,20,240.00,314.00,1.000,1.0,3.463,0.052,0.733,300,327,true,false,sd_one_sided
S3,1,temperature,20,orange,20,75,21,249.00,308.00,1.000,1.0,3.777,0.052,0.733,294,322,true,true,
S3,1,temperature,20,orange,20,75,22,257.00,305.00,1.000,1.0,3.934,0.052,0.785,290,320,true,false,sd_one_sided
S3,1,temperature,20,orange,20,75,23,265.05,300.10,0.952,1.0,4.191,0.052,0.759,286,315,true,true,
S3,1,temperature,20,orange,20,75,24,274.00,298.00,1.000,1.0,4.301,0.052,0.942,280,314,true,false,sd_one_sided
S3,1,temperature,20,orange,20,75,25,282.00,292.00,1.000,1.0,4.615,0.052,0.811,277,308,true,true,
S3,1,temperature,20,orange,20,75,26,291.00,290.00,1.000,1.0,4.719,0.052,0.942,272,309,true,false,sd_one_sided
S3,1,temperature,20,orange,20,75,27,299.90,285.05,0.952,1.0,4.978,0.052,1.047,265,306,true,false,sd_one_sided
S3,1,temperature,20,orange,20,75,28,308.00,281.00,1.000,1.0,5.190,0.052,1.047,261,302,true,false,sd_one_sided
S3,1,temperature,20,orange,20,75,29,317.00,278.00,1.000,1.0,5.347,0.052,,255,300,false,false,sd_unavailable
S3,1,temperature,20,orange,20,75,30,325.05,273.90,0.952,1.0,5.562,0.052,1.178,251,296,true,true,
S3,1,temperature,20,orange,20,75,31,334.00,270.00,1.000,1.0,5.766,0.052,,245,294,false,false,sd_unavailable
S3,1,temperature,20,orange,20,75,32,342.16,266.16,0.905,1.0,5.967,0.052,1.413,239,295,true,false,sd_one_sided
S3,1,temperature,20,orange,20,75,33,351.00,263.00,1.000,1.0,6.132,0.052,,234,293,false,false,sd_unavailable
S3,1,temperature,20,orange,20,75,34,359.00,258.00,1.000,1.0,6.394,0.052,,225,291,false,false,sd_unavailable
S3,1,temperature,20,orange,20,75,35,367.84,254.16,0.905,1.0,6.595,0.052,1.832,219,290,true,false,sd_one_sided
S3,1,temperature,20,orange,20,75,36,376.05,251.90,0.952,1.0,6.713,0.052,2.041,213,291,true,false,sd_one_sided
S3,1,temperature,20,orange,20,75,37,385.00,248.00,1.000,1.0,6.917,0.052,2.093,208,289,true,false,sd_one_sided
S3,1,temperature,20,orange,20,75,38,393.84,243.84,0.905,1.0,7.135,0.052,2.093,203,283,true,true,
S3,1,temperature,20,orange,20,75,39,402.05,243.90,0.952,1.0,7.132,0.052,,196,290,false,false,sd_unavailable
S3,1,temperature,20,orange,20,75,40,410.90,238.05,0.952,1.0,7.438,0.052,2.407,192,284,false,true,sd_one_sided
S3,1,temperature,20,orange,20,75,41,419.05,236.10,0.952,1.0,7.540,0.052,2.564,187,285,false,true,sd_one_sided
S3,1,temperature,20,orange,20,75,42,428.00,233.00,1.000,1.0,7.702,0.052,2.695,182,285,true,true,
S3,1,temperature,20,orange,20,75,43,436.00,233.00,1.000,1.0,7.702,0.052,2.931,177,288,true,false,sd_one_sided
S3,1,temperature,20,orange,20,75,44,445.05,228.10,0.952,1.0,7.959,0.052,2.878,173,283,true,true,
S3,1,temperature,20,orange,20,75,45,453.84,226.16,0.905,1.0,8.060,0.052,3.140,166,286,false,true,sd_one_sided
S3,1,temperature,20,orange,20,75,46,462.00,225.00,1.000,1.0,8.121,0.052,3.245,163,287,true,true,
S3,1,temperature,20,orange,20,75,47,470.00,221.00,1.000,1.0,8.330,0.052,3.297,158,284,true,false,sd_one_sided
S3,1,temperature,20,orange,20,75,48,478.16,221.16,0.905,1.0,8.322,0.052,3.480,155,288,true,true,
S3,1,temperature,20,orange,20,75,49,487.00,216.00,1.000,1.0,8.592,0.052,3.506,149,283,true,true,
S3,1,temperature,20,orange,20,75,50,496.00,214.00,1.000,1.0,8.697,0.052,3.637,145,284,true,true,
S3,1,temperature,20,orange,20,75,51,504.05,213.90,0.952,1.0,8.702,0.052,,141,287,false,false,sd_unavailable
S3,1,temperature,20,orange,20,75,52,513.00,213.00,1.000,1.0,8.749,0.052,3.925,138,288,true,false,sd_one_sided
S3,1,temperature,20,orange,20,75,53,521.84,208.16,0.905,1.0,9.002,0.052,3.873,134,282,false,true,sd_one_sided
S3,1,temperature,20,orange,20,75,54,530.00,208.00,1.000,1.0,9.011,0.052,4.056,130,285,true,true,
S3,1,temperature,20,orange,20,75,55,539.00,205.00,1.000,1.0,9.168,0.052,4.134,126,285,true,false,sd_one_sided
S3,1,temperature,20,orange,20,75,56,547.00,204.00,1.000,1.0,9.220,0.052,4.291,122,285,true,false,sd_one_sided
S3,1,temperature,20,orange,20,75,57,556.00,203.00,1.000,1.0,9.272,0.052,4.396,119,287,true,false,sd_one_sided
S3,1,temperature,20,orange,20,75,58,564.16,200.16,0.905,1.0,9.421,0.052,4.396,116,285,true,false,sd_one_sided
S3,1,temperature,20,orange,20,75,59,572.00,198.00,1.000,1.0,9.534,0.052,4.553,111,285,true,true,
S3,1,temperature,20,orange,20,75,60,581.00,197.00,1.000,1.0,9.586,0.052,4.710,107,287,true,true,
S3,1,temperature,20,orange,20,75,61,589.84,196.16,0.905,1.0,9.630,0.052,4.815,104,287,true,false,sd_one_sided
S3,1,temperature,20,orange,20,75,62,598.05,194.10,0.952,1.0,9.738,0.052,4.867,101,288,true,false,sd_one_sided
S3,1,temperature,20,green,20,80,1,79.00,366.00,0.810,2.0,0.742,0.105,,364,368,false,false,marker_partially_hidden;sd_below_marker_radius
S3,1,temperature,20,green,20,80,2,87.33,363.33,0.381,2.0,0.881,0.105,,363,365,false,false,marker_partially_hidden;sd_below_marker_radius
S3,1,temperature,20,green,20,80,3,96.00,364.50,0.667,2.0,0.820,0.105,,364,367,false,false,marker_partially_hidden;sd_below_marker_radius
S3,1,temperature,20,green,20,80,4,104.00,363.50,0.476,2.0,0.873,0.105,,363,365,false,false,marker_partially_hidden;sd_below_marker_radius
S3,1,temperature,20,green,20,80,6,122.00,360.00,0.476,2.0,1.056,0.105,,360,362,false,false,marker_partially_hidden;sd_below_marker_radius
S3,1,temperature,20,green,20,80,9,147.00,358.00,0.476,2.0,1.161,0.105,,356,360,false,false,marker_partially_hidden;sd_below_marker_radius
S3,1,temperature,20,green,20,80,10,155.00,356.00,0.714,2.0,1.265,0.105,,354,360,false,false,marker_partially_hidden;sd_unavailable
S3,1,temperature,20,green,20,80,11,164.00,353.00,0.619,2.0,1.422,0.105,,353,358,false,false,marker_partially_hidden;sd_unavailable
S3,1,temperature,20,green,20,80,12,173.00,351.00,0.762,2.0,1.527,0.105,,350,356,false,false,marker_partially_hidden;sd_unavailable
S3,1,temperature,20,green,20,80,13,181.00,348.00,0.762,2.0,1.684,0.105,,347,355,false,false,marker_partially_hidden;sd_unavailable
S3,1,temperature,20,green,20,80,14,189.95,346.10,0.952,1.0,1.783,0.052,,344,353,false,false,sd_unavailable
S3,1,temperature,20,green,20,80,15,198.28,342.89,0.857,1.0,1.951,0.052,,341,351,false,false,sd_unavailable
S3,1,temperature,20,green,20,80,16,207.00,340.79,0.905,1.0,2.061,0.052,,332,349,false,false,sd_unavailable
S3,1,temperature,20,green,20,80,17,215.84,337.84,0.905,1.0,2.216,0.052,0.471,332,347,false,true,sd_one_sided
S3,1,temperature,20,green,20,80,18,224.05,334.10,0.952,1.0,2.411,0.052,,329,343,false,false,sd_unavailable
S3,1,temperature,20,green,20,80,19,232.89,332.28,0.857,1.0,2.507,0.052,0.576,326,343,false,true,sd_one_sided
S3,1,temperature,20,green,20,80,20,241.16,329.16,0.905,1.0,2.670,0.052,0.628,321,341,false,true,sd_one_sided
S3,1,temperature,20,green,20,80,21,249.89,326.72,0.857,1.0,2.797,0.052,0.628,319,339,false,true,sd_one_sided
S3,1,temperature,20,green,20,80,22,258.28,324.89,0.857,1.0,2.893,0.052,,315,339,false,false,sd_unavailable
S3,1,temperature,20,green,20,80,23,266.28,321.89,0.857,1.0,3.050,0.052,0.680,316,335,false,true,sd_one_sided
S3,1,temperature,20,green,20,80,24,275.16,318.16,0.905,1.0,3.246,0.052,0.733,309,332,false,true,sd_one_sided
S3,1,temperature,20,green,20,80,25,283.90,316.05,0.952,1.0,3.356,0.052,,306,331,false,false,sd_unavailable
S3,1,temperature,20,green,20,80,26,292.16,313.84,0.905,1.0,3.472,0.052,0.785,298,329,false,true,sd_one_sided
S3,1,temperature,20,green,20,80,27,301.00,312.00,1.000,1.0,3.568,0.052,,298,328,false,false,sd_unavailable
S3,1,temperature,20,green,20,80,28,309.16,309.84,0.905,1.0,3.681,0.052,0.890,296,327,false,true,sd_one_sided
S3,1,temperature,20,green,20,80,29,318.00,308.00,1.000,1.0,3.777,0.052,,293,326,false,false,sd_unavailable
S3,1,temperature,20,green,20,80,30,326.84,306.16,0.905,1.0,3.874,0.052,0.994,290,325,false,true,sd_one_sided
S3,1,temperature,20,green,20,80,31,335.11,304.28,0.857,1.0,3.972,0.052,,287,325,false,false,sd_unavailable
S3,1,temperature,20,green,20,80,32,343.84,303.16,0.905,1.0,4.031,0.052,,285,324,false,false,sd_unavailable
S3,1,temperature,20,green,20,80,33,352.16,302.16,0.905,1.0,4.083,0.052,,281,323,false,false,sd_unavailable
S3,1,temperature,20,green,20,80,34,361.00,301.00,1.000,1.0,4.144,0.052,,279,323,false,false,sd_unavailable
S3,1,temperature,20,green,20,80,35,368.89,300.28,0.857,1.0,4.181,0.052,,278,323,false,false,sd_unavailable
S3,1,temperature,20,green,20,80,36,377.72,299.11,0.857,1.0,4.242,0.052,,276,322,false,false,sd_unavailable
S3,1,temperature,20,green,20,80,37,386.00,298.00,1.000,1.0,4.301,0.052,1.256,274,322,false,true,sd_one_sided
S3,1,temperature,20,green,20,80,38,394.89,297.72,0.857,1.0,4.315,0.052,,273,322,false,false,sd_unavailable
S3,1,temperature,20,green,20,80,39,403.00,297.00,1.000,1.0,4.353,0.052,1.256,272,321,false,true,sd_one_sided
S3,1,temperature,20,green,20,80,40,411.84,296.16,0.905,1.0,4.397,0.052,,271,321,false,false,sd_unavailable
S3,1,temperature,20,green,20,80,41,420.16,295.84,0.905,1.0,4.414,0.052,,271,321,false,false,sd_unavailable
S3,1,temperature,20,green,20,80,42,429.00,295.00,1.000,1.0,4.458,0.052,,271,320,false,false,sd_unavailable
S3,1,temperature,20,green,20,80,43,437.84,294.84,0.905,1.0,4.466,0.052,,270,320,false,false,sd_unavailable
S3,1,temperature,20,green,20,80,44,446.11,294.28,0.857,1.0,4.495,0.052,,269,320,false,false,sd_unavailable
S3,1,temperature,20,green,20,80,45,455.00,294.00,1.000,1.0,4.510,0.052,1.308,269,319,false,true,sd_one_sided
S3,1,temperature,20,green,20,80,46,463.11,293.72,0.857,1.0,4.524,0.052,,268,319,false,false,sd_unavailable
S3,1,temperature,20,green,20,80,47,472.00,293.00,1.000,1.0,4.562,0.052,1.308,268,318,false,true,sd_one_sided
S3,1,temperature,20,green,20,80,48,480.00,293.00,1.000,1.0,4.562,0.052,,268,318,false,false,sd_unavailable
S3,1,temperature,20,green,20,80,49,488.16,292.16,0.905,1.0,4.606,0.052,,267,318,false,false,sd_unavailable
S3,1,temperature,20,green,20,80,50,497.05,291.90,0.952,1.0,4.620,0.052,1.308,266,317,false,true,sd_one_sided
S3,1,temperature,20,green,20,80,51,505.84,291.84,0.905,1.0,4.623,0.052,,266,317,false,false,sd_unavailable
S3,1,temperature,20,green,20,80,52,514.16,291.84,0.905,1.0,4.623,0.052,1.308,265,317,false,true,sd_one_sided
S3,1,temperature,20,green,20,80,53,523.00,291.00,1.000,1.0,4.667,0.052,,265,317,false,false,sd_unavailable
S3,1,temperature,20,green,20,80,54,531.16,291.16,0.905,1.0,4.659,0.052,1.361,265,317,false,true,sd_one_sided
S3,1,temperature,20,green,20,80,55,540.00,291.79,0.905,1.0,4.626,0.052,,264,319,false,false,sd_unavailable
S3,1,temperature,20,green,20,80,56,548.16,290.16,0.905,1.0,4.711,0.052,1.413,264,317,false,true,sd_one_sided
S3,1,temperature,20,green,20,80,57,557.11,290.28,0.857,1.0,4.705,0.052,,263,318,false,false,sd_unavailable
S3,1,temperature,20,green,20,80,58,565.90,291.05,0.952,1.0,4.664,0.052,1.413,264,318,false,true,sd_one_sided
S3,1,temperature,20,green,20,80,59,574.11,290.28,0.857,1.0,4.705,0.052,,263,318,false,false,sd_unavailable
S3,1,temperature,20,green,20,80,60,582.16,290.16,0.905,1.0,4.711,0.052,1.465,288,318,false,true,sd_one_sided
S3,1,temperature,20,green,20,80,61,591.00,290.00,1.000,1.0,4.719,0.052,,262,318,false,false,sd_unavailable
S3,1,temperature,20,green,20,80,62,599.16,290.16,0.905,1.0,4.711,0.052,1.465,263,318,false,true,sd_one_sided
S3,2,temperature,25,light_blue,25,65,1,76.79,336.00,0.905,1.0,2.342,0.052,1.828,301,371,true,false,sd_one_sided
S3,2,temperature,25,light_blue,25,65,2,85.00,334.00,1.000,1.0,2.447,0.052,1.880,298,370,true,true,
S3,2,temperature,25,light_blue,25,65,3,93.84,332.16,0.905,1.0,2.543,0.052,2.037,294,371,false,true,sd_one_sided
S3,2,temperature,25,light_blue,25,65,4,102.16,331.16,0.905,1.0,2.595,0.052,,291,372,false,false,sd_unavailable
S3,2,temperature,25,light_blue,25,65,5,110.95,331.10,0.952,1.0,2.598,0.052,1.932,294,368,false,true,sd_one_sided
S3,2,temperature,25,light_blue,25,65,6,119.16,334.84,0.905,1.0,2.403,0.052,1.515,306,364,true,true,
S3,2,temperature,25,light_blue,25,65,7,128.00,329.00,1.000,1.0,2.708,0.052,1.932,292,366,true,false,sd_one_sided
S3,2,temperature,25,light_blue,25,65,8,136.00,332.00,1.000,1.0,2.551,0.052,1.515,303,361,true,true,
S3,2,temperature,25,light_blue,25,65,9,144.79,325.00,0.905,1.0,2.917,0.052,1.828,290,361,true,false,sd_one_sided
S3,2,temperature,25,light_blue,25,65,10,153.16,328.16,0.905,1.0,2.752,0.052,1.358,302,355,true,false,sd_one_sided
S3,2,temperature,25,light_blue,25,65,11,161.84,321.16,0.905,1.0,3.117,0.052,1.619,290,353,true,false,sd_one_sided
S3,2,temperature,25,light_blue,25,65,12,169.84,318.84,0.905,1.0,3.238,0.052,,291,343,false,false,sd_unavailable
S3,2,temperature,25,light_blue,25,65,13,178.67,317.67,0.762,2.0,3.300,0.104,1.253,294,341,true,false,marker_partially_hidden;sd_one_sided
S3,2,temperature,25,light_blue,25,65,14,187.16,312.16,0.905,1.0,3.587,0.052,1.280,288,337,true,true,
S3,2,temperature,25,light_blue,25,65,15,195.84,310.84,0.905,1.0,3.656,0.052,1.045,291,331,true,true,
S3,2,temperature,25,light_blue,25,65,16,204.28,306.11,0.857,1.0,3.903,0.052,1.045,286,327,true,false,sd_one_sided
S3,2,temperature,25,light_blue,25,65,17,212.67,304.00,0.857,1.0,4.014,0.052,0.783,288,319,false,true,sd_one_sided
S3,2,temperature,25,light_blue,25,65,18,221.95,302.90,0.952,1.0,4.071,0.052,0.601,291,314,true,true,
S3,2,temperature,25,light_blue,25,65,19,230.00,301.00,1.000,1.0,4.170,0.052,,293,310,false,false,sd_unavailable
S3,2,temperature,25,light_blue,25,65,20,238.95,296.10,0.952,1.0,4.426,0.052,0.496,287,306,true,true,
S3,2,temperature,25,light_blue,25,65,21,247.00,294.79,0.905,1.0,4.495,0.052,0.470,285,304,false,true,sd_one_sided
S3,2,temperature,25,light_blue,25,65,22,255.72,291.11,0.857,1.0,4.687,0.052,0.470,282,300,true,true,
S3,2,temperature,25,light_blue,25,65,23,264.05,289.10,0.952,1.0,4.792,0.052,0.496,280,299,true,true,
S3,2,temperature,25,light_blue,25,65,24,272.84,287.84,0.905,1.0,4.857,0.052,0.627,275,299,true,true,
S3,2,temperature,25,light_blue,25,65,25,281.00,286.00,1.000,1.0,4.954,0.052,0.627,273,298,false,true,sd_one_sided
S3,2,temperature,25,light_blue,25,65,26,289.84,282.16,0.905,1.0,5.154,0.052,0.731,268,296,true,true,
S3,2,temperature,25,light_blue,25,65,27,298.16,283.84,0.905,1.0,5.066,0.052,0.836,268,300,true,false,sd_one_sided
S3,2,temperature,25,light_blue,25,65,28,307.00,279.79,0.905,1.0,5.278,0.052,0.862,263,296,true,true,
S3,2,temperature,25,light_blue,25,65,29,315.72,280.11,0.857,1.0,5.261,0.052,0.966,262,299,true,true,
S3,2,temperature,25,light_blue,25,65,30,324.00,277.00,1.000,1.0,5.424,0.052,0.992,258,297,true,false,sd_one_sided
S3,2,temperature,25,light_blue,25,65,31,332.84,276.16,0.905,1.0,5.468,0.052,1.097,255,297,false,true,sd_one_sided
S3,2,temperature,25,light_blue,25,65,32,341.00,276.00,1.000,1.0,5.476,0.052,1.149,254,298,true,true,
S3,2,temperature,25,light_blue,25,65,33,349.16,274.16,0.905,1.0,5.572,0.052,,252,297,false,false,sd_unavailable
S3,2,temperature,25,light_blue,25,65,34,358.00,273.00,1.000,1.0,5.632,0.052,1.227,250,297,true,true,
S3,2,temperature,25,light_blue,25,65,35,366.16,272.16,0.905,1.0,5.676,0.052,1.306,248,297,false,true,sd_one_sided
S3,2,temperature,25,light_blue,25,65,36,375.00,272.21,0.905,1.0,5.674,0.052,1.253,248,296,true,true,
S3,2,temperature,25,light_blue,25,65,37,383.72,273.11,0.857,1.0,5.627,0.052,1.306,248,299,true,false,sd_one_sided
S3,2,temperature,25,light_blue,25,65,38,392.05,270.90,0.952,1.0,5.742,0.052,1.306,245,296,false,true,sd_one_sided
S3,2,temperature,25,light_blue,25,65,39,400.84,270.84,0.905,1.0,5.745,0.052,1.332,245,296,true,true,
S3,2,temperature,25,light_blue,25,65,40,409.16,271.16,0.905,1.0,5.729,0.052,1.410,244,298,true,true,
S3,2,temperature,25,light_blue,25,65,41,418.00,272.00,1.000,1.0,5.685,0.052,1.462,244,300,true,true,
S3,2,temperature,25,light_blue,25,65,42,426.28,270.89,0.857,1.0,5.743,0.052,1.436,243,298,true,true,
S3,2,temperature,25,light_blue,25,65,43,435.00,270.00,1.000,1.0,5.789,0.052,1.410,243,298,true,false,sd_one_sided
S3,2,temperature,25,light_blue,25,65,44,443.84,269.84,0.905,1.0,5.797,0.052,1.462,242,297,true,false,sd_one_sided
S3,2,temperature,25,light_blue,25,65,45,451.84,268.16,0.905,1.0,5.885,0.052,1.436,241,296,true,true,
S3,2,temperature,25,light_blue,25,65,46,460.00,269.00,1.000,1.0,5.841,0.052,1.515,240,298,false,true,sd_one_sided
S3,2,temperature,25,light_blue,25,65,47,469.00,269.00,1.000,1.0,5.841,0.052,1.488,240,297,true,true,
S3,2,temperature,25,light_blue,25,65,48,477.16,269.84,0.905,1.0,5.797,0.052,1.541,240,299,true,true,
S3,2,temperature,25,light_blue,25,65,49,486.00,269.79,0.905,1.0,5.800,0.052,1.541,240,299,true,true,
S3,2,temperature,25,light_blue,25,65,50,494.79,269.00,0.905,1.0,5.841,0.052,1.541,240,299,true,true,
S3,2,temperature,25,light_blue,25,65,51,503.00,269.00,1.000,1.0,5.841,0.052,1.567,239,299,true,true,
S3,2,temperature,25,light_blue,25,65,52,511.84,268.16,0.905,1.0,5.885,0.052,1.567,238,298,false,true,sd_one_sided
S3,2,temperature,25,light_blue,25,65,53,520.16,267.16,0.905,1.0,5.938,0.052,1.515,238,297,true,false,sd_one_sided
S3,2,temperature,25,light_blue,25,65,54,528.90,267.05,0.952,1.0,5.943,0.052,1.541,238,297,true,true,
S3,2,temperature,25,light_blue,25,65,55,537.79,269.00,0.905,1.0,5.841,0.052,1.619,246,300,false,true,sd_one_sided
S3,2,temperature,25,light_blue,25,65,56,546.00,268.00,1.000,1.0,5.894,0.052,1.567,238,298,true,false,sd_one_sided
S3,2,temperature,25,light_blue,25,65,57,554.79,269.00,0.905,1.0,5.841,0.052,1.567,238,299,false,true,sd_one_sided
S3,2,temperature,25,light_blue,25,65,58,562.28,267.11,0.857,1.0,5.940,0.052,1.567,237,297,true,true,
S3,2,temperature,25,light_blue,25,65,59,571.05,267.10,0.952,1.0,5.941,0.052,1.541,238,297,true,true,
S3,2,temperature,25,light_blue,25,65,60,580.00,269.00,1.000,1.0,5.841,0.052,1.619,238,300,false,true,sd_one_sided
S3,2,temperature,25,light_blue,25,65,61,588.16,268.16,0.905,1.0,5.885,0.052,1.593,238,299,true,true,
S3,2,temperature,25,light_blue,25,65,62,597.00,267.00,1.000,1.0,5.946,0.052,1.515,237,296,false,true,sd_one_sided
S3,2,temperature,25,navy,25,70,1,77.50,360.00,0.619,2.0,1.089,0.104,,357,360,false,false,marker_partially_hidden;sd_below_marker_radius
S3,2,temperature,25,navy,25,70,2,86.00,360.00,0.619,2.0,1.089,0.104,,357,360,false,false,marker_partially_hidden;sd_below_marker_radius
S3,2,temperature,25,navy,25,70,3,95.00,360.00,0.524,2.0,1.089,0.104,,357,360,false,false,marker_partially_hidden;sd_below_marker_radius
S3,2,temperature,25,navy,25,70,6,120.00,356.00,0.524,2.0,1.298,0.104,,355,358,false,false,marker_partially_hidden;sd_below_marker_radius
S3,2,temperature,25,navy,25,70,7,129.06,353.17,0.857,1.0,1.446,0.052,,352,355,false,false,sd_below_marker_radius
S3,2,temperature,25,navy,25,70,8,137.84,351.16,0.905,1.0,1.551,0.052,,349,353,false,false,sd_below_marker_radius
S3,2,temperature,25,navy,25,70,9,145.84,349.16,0.905,1.0,1.655,0.052,,347,352,false,false,sd_below_marker_radius
S3,2,temperature,25,navy,25,70,10,154.10,347.95,0.952,1.0,1.718,0.052,,345,350,false,false,sd_below_marker_radius
S3,2,temperature,25,navy,25,70,11,163.00,346.89,0.905,1.0,1.773,0.052,,343,349,false,false,sd_unavailable
S3,2,temperature,25,navy,25,70,12,171.72,345.11,0.857,1.0,1.866,0.052,0.209,341,350,true,false,sd_one_sided
S3,2,temperature,25,navy,25,70,13,180.11,343.72,0.857,1.0,1.939,0.052,,339,349,false,false,sd_unavailable
S3,2,temperature,25,navy,25,70,14,189.00,343.00,0.810,2.0,1.977,0.104,0.261,338,348,true,true,marker_partially_hidden
S3,2,temperature,25,navy,25,70,15,197.11,342.28,0.857,1.0,2.014,0.052,,337,348,false,false,sd_unavailable
S3,2,temperature,25,navy,25,70,16,205.84,341.84,0.905,1.0,2.037,0.052,0.261,337,347,true,true,
S3,2,temperature,25,navy,25,70,17,214.28,341.11,0.857,1.0,2.075,0.052,0.261,336,346,false,true,sd_one_sided
S3,2,temperature,25,navy,25,70,18,223.00,341.21,0.905,1.0,2.070,0.052,0.261,336,346,true,true,
S3,2,temperature,25,navy,25,70,19,231.72,340.89,0.857,1.0,2.087,0.052,0.261,336,346,true,true,
S3,2,temperature,25,navy,25,70,20,240.11,340.72,0.857,1.0,2.096,0.052,0.261,335,346,false,true,sd_one_sided
S3,2,temperature,25,navy,25,70,21,248.84,340.84,0.905,1.0,2.089,0.052,,335,346,false,false,sd_unavailable
S3,2,temperature,25,navy,25,70,22,256.89,340.28,0.857,1.0,2.119,0.052,0.287,335,346,true,true,
S3,2,temperature,25,navy,25,70,23,265.28,340.11,0.857,1.0,2.128,0.052,0.261,335,346,true,false,sd_one_sided
S3,2,temperature,25,navy,25,70,24,274.00,340.00,1.000,1.0,2.133,0.052,0.261,335,346,true,false,sd_one_sided
S3,2,temperature,25,navy,25,70,25,282.00,340.00,0.810,2.0,2.133,0.104,0.261,335,346,true,false,marker_partially_hidden;sd_one_sided
S3,2,temperature,25,navy,25,70,26,291.00,340.00,1.000,1.0,2.133,0.052,0.261,335,346,true,false,sd_one_sided
S3,2,temperature,25,navy,25,70,27,300.00,340.00,0.810,2.0,2.133,0.104,0.261,335,345,true,true,marker_partially_hidden
S3,2,temperature,25,navy,25,70,28,308.05,340.10,0.952,1.0,2.128,0.052,,334,346,false,false,sd_unavailable
S3,2,temperature,25,navy,25,70,29,316.95,340.10,0.952,1.0,2.128,0.052,0.261,334,345,false,true,sd_one_sided
S3,2,temperature,25,navy,25,70,30,325.00,340.00,0.810,2.0,2.133,0.104,,334,346,false,false,marker_partially_hidden;sd_unavailable
S3,2,temperature,25,navy,25,70,31,334.00,340.00,1.000,1.0,2.133,0.052,0.261,334,345,false,true,sd_one_sided
S3,2,temperature,25,navy,25,70,32,343.00,340.00,0.810,2.0,2.133,0.104,0.261,335,345,true,true,marker_partially_hidden
S3,2,temperature,25,navy,25,70,33,351.00,340.00,1.000,1.0,2.133,0.052,0.313,334,346,false,true,sd_one_sided
S3,2,temperature,25,navy,25,70,34,359.00,340.00,1.000,1.0,2.133,0.052,0.261,335,345,true,true,
S3,2,temperature,25,navy,25,70,35,368.00,340.00,0.810,2.0,2.133,0.104,,334,346,false,false,marker_partially_hidden;sd_unavailable
S3,2,temperature,25,navy,25,70,36,376.16,340.16,0.905,1.0,2.125,0.052,0.261,335,345,true,true,
S3,2,temperature,25,navy,25,70,37,384.95,340.10,0.952,1.0,2.128,0.052,,334,346,false,false,sd_unavailable
S3,2,temperature,25,navy,25,70,38,393.00,340.00,0.810,2.0,2.133,0.104,0.261,335,346,true,false,marker_partially_hidden;sd_one_sided
S3,2,temperature,25,navy,25,70,39,402.00,340.00,1.000,1.0,2.133,0.052,,334,346,false,false,sd_unavailable
S3,2,temperature,25,navy,25,70,40,411.00,340.00,0.810,2.0,2.133,0.104,0.261,335,345,true,true,marker_partially_hidden
S3,2,temperature,25,navy,25,70,41,419.00,340.00,1.000,1.0,2.133,0.052,0.261,334,345,false,true,sd_one_sided
S3,2,temperature,25,navy,25,70,42,427.84,340.16,0.905,1.0,2.125,0.052,0.261,335,346,true,false,sd_one_sided
S3,2,temperature,25,navy,25,70,43,436.28,340.11,0.857,1.0,2.128,0.052,0.261,335,345,true,true,
S3,2,temperature,25,navy,25,70,44,445.00,340.00,1.000,1.0,2.133,0.052,0.261,335,345,true,true,
S3,2,temperature,25,navy,25,70,45,453.00,340.00,0.810,2.0,2.133,0.104,,334,346,false,false,marker_partially_hidden;sd_unavailable
S3,2,temperature,25,navy,25,70,46,462.00,340.00,1.000,1.0,2.133,0.052,0.261,335,346,true,false,sd_one_sided
S3,2,temperature,25,navy,25,70,47,470.00,340.00,1.000,1.0,2.133,0.052,0.261,335,345,true,true,
S3,2,temperature,25,navy,25,70,48,479.00,340.00,0.810,2.0,2.133,0.104,0.261,335,345,true,true,marker_partially_hidden
S3,2,temperature,25,navy,25,70,49,487.05,340.10,0.952,1.0,2.128,0.052,0.261,334,345,false,true,sd_one_sided
S3,2,temperature,25,navy,25,70,50,495.95,340.10,0.952,1.0,2.128,0.052,,334,346,false,false,sd_unavailable
S3,2,temperature,25,navy,25,70,51,504.00,340.00,0.810,2.0,2.133,0.104,0.261,335,346,true,false,marker_partially_hidden;sd_one_sided
S3,2,temperature,25,navy,25,70,52,513.00,340.00,1.000,1.0,2.133,0.052,0.261,335,345,false,true,sd_one_sided
S3,2,temperature,25,navy,25,70,53,521.50,340.00,0.762,2.0,2.133,0.104,0.261,335,346,true,false,marker_partially_hidden;sd_one_sided
S3,2,temperature,25,navy,25,70,54,530.00,340.00,1.000,1.0,2.133,0.052,0.313,335,346,false,true,sd_one_sided
S3,2,temperature,25,navy,25,70,55,538.72,340.11,0.857,1.0,2.128,0.052,0.261,335,345,true,false,sd_one_sided
S3,2,temperature,25,navy,25,70,56,547.28,340.11,0.857,1.0,2.128,0.052,,335,345,false,false,sd_unavailable
S3,2,temperature,25,navy,25,70,57,555.95,340.10,0.952,1.0,2.128,0.052,,335,345,false,false,sd_unavailable
S3,2,temperature,25,navy,25,70,58,564.00,340.00,0.810,2.0,2.133,0.104,,335,345,false,false,marker_partially_hidden;sd_unavailable
S3,2,temperature,25,navy,25,70,59,572.00,340.00,0.810,2.0,2.133,0.104,,335,346,false,false,marker_partially_hidden;sd_unavailable
S3,2,temperature,25,navy,25,70,60,581.00,340.00,1.000,1.0,2.133,0.052,,334,345,false,false,sd_unavailable
S3,2,temperature,25,navy,25,70,61,590.00,340.00,0.810,2.0,2.133,0.104,,335,345,false,false,marker_partially_hidden;sd_unavailable
S3,2,temperature,25,navy,25,70,62,598.00,340.00,1.000,1.0,2.133,0.052,,334,346,false,false,sd_unavailable
S3,2,temperature,25,orange,25,75,1,80.00,363.00,1.000,1.0,0.932,0.052,,361,365,false,false,sd_below_marker_radius
S3,2,temperature,25,orange,25,75,2,89.00,362.00,1.000,1.0,0.984,0.052,,360,364,false,false,sd_below_marker_radius
S3,2,temperature,25,orange,25,75,3,97.10,362.05,0.952,1.0,0.982,0.052,,360,365,false,false,sd_below_marker_radius
S3,2,temperature,25,orange,25,75,4,106.00,360.00,1.000,1.0,1.089,0.052,,358,362,false,false,sd_below_marker_radius
S3,2,temperature,25,orange,25,75,5,114.90,355.95,0.952,1.0,1.300,0.052,,353,358,false,false,sd_below_marker_radius
S3,2,temperature,25,orange,25,75,6,123.00,352.00,1.000,1.0,1.507,0.052,,350,355,false,false,sd_below_marker_radius
S3,2,temperature,25,orange,25,75,7,132.00,348.00,1.000,1.0,1.716,0.052,,346,350,false,false,sd_below_marker_radius
S3,2,temperature,25,orange,25,75,8,140.00,344.00,1.000,1.0,1.924,0.052,,342,346,false,false,sd_below_marker_radius
S3,2,temperature,25,orange,25,75,9,149.00,340.00,1.000,1.0,2.133,0.052,,337,342,false,false,sd_below_marker_radius
S3,2,temperature,25,orange,25,75,10,157.00,337.00,1.000,1.0,2.290,0.052,,335,339,false,false,sd_below_marker_radius
S3,2,temperature,25,orange,25,75,11,165.84,332.84,0.905,1.0,2.507,0.052,,330,337,false,false,sd_unavailable
S3,2,temperature,25,orange,25,75,12,174.00,328.00,1.000,1.0,2.760,0.052,0.209,324,332,true,false,sd_one_sided
S3,2,temperature,25,orange,25,75,13,182.16,322.16,0.905,1.0,3.065,0.052,0.261,318,328,true,true,
S3,2,temperature,25,orange,25,75,14,191.00,318.00,1.000,1.0,3.282,0.052,0.366,311,325,true,true,
S3,2,temperature,25,orange,25,75,15,200.00,313.00,1.000,1.0,3.543,0.052,0.470,304,322,true,true,
S3,2,temperature,25,orange,25,75,16,208.05,308.90,0.952,1.0,3.758,0.052,0.470,298,318,false,true,sd_one_sided
S3,2,temperature,25,orange,25,75,17,217.00,304.00,1.000,1.0,4.014,0.052,0.627,292,316,true,true,
S3,2,temperature,25,orange,25,75,18,225.84,297.84,0.905,1.0,4.335,0.052,0.836,281,314,false,true,sd_one_sided
S3,2,temperature,25,orange,25,75,19,234.00,293.00,1.000,1.0,4.588,0.052,0.966,274,311,true,true,
S3,2,temperature,25,orange,25,75,20,242.16,289.84,0.905,1.0,4.753,0.052,1.018,270,309,true,true,
S3,2,temperature,25,orange,25,75,21,251.00,286.00,1.000,1.0,4.954,0.052,0.992,268,306,true,true,
S3,2,temperature,25,orange,25,75,22,260.00,281.00,1.000,1.0,5.215,0.052,1.358,255,307,false,true,sd_one_sided
S3,2,temperature,25,orange,25,75,23,268.00,278.00,1.000,1.0,5.371,0.052,1.515,252,307,false,true,sd_one_sided
S3,2,temperature,25,orange,25,75,24,276.00,278.00,1.000,1.0,5.371,0.052,1.436,251,306,true,true,
S3,2,temperature,25,orange,25,75,25,285.00,275.00,1.000,1.0,5.528,0.052,1.619,243,306,false,true,sd_one_sided
S3,2,temperature,25,orange,25,75,26,294.00,273.00,1.000,1.0,5.632,0.052,1.488,245,302,true,true,
S3,2,temperature,25,orange,25,75,27,302.00,273.00,1.000,1.0,5.632,0.052,1.619,242,304,false,true,sd_one_sided
S3,2,temperature,25,orange,25,75,28,310.16,272.16,0.905,1.0,5.676,0.052,1.593,242,303,true,true,
S3,2,temperature,25,orange,25,75,29,319.00,271.00,1.000,1.0,5.737,0.052,1.776,237,305,false,true,sd_one_sided
S3,2,temperature,25,orange,25,75,30,328.00,272.00,1.000,1.0,5.685,0.052,1.619,241,303,true,true,
S3,2,temperature,25,orange,25,75,31,336.00,273.00,1.000,1.0,5.632,0.052,1.358,247,299,false,true,sd_one_sided
S3,2,temperature,25,orange,25,75,32,345.00,270.00,1.000,1.0,5.789,0.052,1.645,239,302,true,true,
S3,2,temperature,25,orange,25,75,33,353.84,265.84,0.905,1.0,6.006,0.052,2.063,226,305,true,true,
S3,2,temperature,25,orange,25,75,34,362.00,265.00,1.000,1.0,6.050,0.052,2.141,224,306,true,true,
S3,2,temperature,25,orange,25,75,35,370.95,261.90,0.952,1.0,6.212,0.052,2.089,222,302,true,false,sd_one_sided
S3,2,temperature,25,orange,25,75,36,379.00,267.00,1.000,1.0,5.946,0.052,1.723,234,300,false,true,sd_one_sided
S3,2,temperature,25,orange,25,75,37,387.00,266.00,1.000,1.0,5.998,0.052,1.776,232,300,true,true,
S3,2,temperature,25,orange,25,75,38,396.00,267.00,1.000,1.0,5.946,0.052,1.723,235,300,false,true,sd_one_sided
S3,2,temperature,25,orange,25,75,39,404.16,261.84,0.905,1.0,6.215,0.052,2.167,220,303,true,true,
S3,2,temperature,25,orange,25,75,40,413.00,263.00,1.000,1.0,6.155,0.052,2.089,223,303,true,true,
S3,2,temperature,25,orange,25,75,41,421.84,261.84,0.905,1.0,6.215,0.052,2.167,220,303,true,true,
S3,2,temperature,25,orange,25,75,42,430.00,256.00,1.000,1.0,6.520,0.052,2.507,212,304,false,true,sd_one_sided
S3,2,temperature,25,orange,25,75,43,439.00,256.00,1.000,1.0,6.520,0.052,2.611,206,306,true,true,
S3,2,temperature,25,orange,25,75,44,447.00,255.00,1.000,1.0,6.573,0.052,,211,302,false,false,sd_unavailable
S3,2,temperature,25,orange,25,75,45,456.00,263.00,1.000,1.0,6.155,0.052,,227,298,false,false,sd_unavailable
S3,2,temperature,25,orange,25,75,46,464.90,253.05,0.952,1.0,6.674,0.052,,204,303,false,false,sd_unavailable
S3,2,temperature,25,orange,25,75,47,473.00,257.00,1.000,1.0,6.468,0.052,2.324,212,301,true,true,
S3,2,temperature,25,orange,25,75,48,482.00,252.00,1.000,1.0,6.729,0.052,2.559,203,302,true,false,sd_one_sided
S3,2,temperature,25,orange,25,75,49,490.00,249.00,1.000,1.0,6.886,0.052,2.925,193,306,true,false,sd_one_sided
S3,2,temperature,25,orange,25,75,50,498.00,252.00,1.000,1.0,6.729,0.052,2.663,201,303,true,true,
S3,2,temperature,25,orange,25,75,51,507.00,250.00,1.000,1.0,6.834,0.052,,196,303,false,false,sd_unavailable
S3,2,temperature,25,orange,25,75,52,515.05,250.10,0.952,1.0,6.828,0.052,2.611,200,300,true,true,
S3,2,temperature,25,orange,25,75,53,524.00,249.00,1.000,1.0,6.886,0.052,2.402,203,295,true,true,
S3,2,temperature,25,orange,25,75,54,533.00,250.00,1.000,1.0,6.834,0.052,2.428,203,296,true,true,
S3,2,temperature,25,orange,25,75,55,541.00,244.00,1.000,1.0,7.147,0.052,,187,301,false,false,sd_unavailable
S3,2,temperature,25,orange,25,75,56,549.95,248.90,0.952,1.0,6.891,0.052,2.559,200,298,true,true,
S3,2,temperature,25,orange,25,75,57,558.05,247.90,0.952,1.0,6.943,0.052,,196,298,false,false,sd_unavailable
S3,2,temperature,25,orange,25,75,58,567.00,253.00,1.000,1.0,6.677,0.052,2.246,211,296,false,true,sd_one_sided
S3,2,temperature,25,orange,25,75,59,575.00,247.00,1.000,1.0,6.990,0.052,2.716,195,299,true,false,sd_one_sided
S3,2,temperature,25,orange,25,75,60,584.00,249.00,1.000,1.0,6.886,0.052,2.481,202,297,true,true,
S3,2,temperature,25,orange,25,75,61,592.00,244.00,1.000,1.0,7.147,0.052,,191,297,false,false,sd_unavailable
S3,2,temperature,25,orange,25,75,62,601.00,246.00,1.000,1.0,7.043,0.052,,197,296,false,false,sd_unavailable
S3,2,temperature,25,green,25,80,4,104.00,356.00,0.476,2.0,1.298,0.104,0.366,353,363,false,true,marker_partially_hidden;sd_one_sided
S3,2,temperature,25,green,25,80,7,130.00,350.00,0.381,2.0,1.611,0.104,0.522,339,359,true,true,marker_partially_hidden
S3,2,temperature,25,green,25,80,8,139.00,346.00,0.524,2.0,1.820,0.104,0.601,334,357,true,true,marker_partially_hidden
S3,2,temperature,25,green,25,80,9,147.00,341.00,0.429,2.0,2.081,0.104,0.679,327,354,false,true,marker_partially_hidden;sd_one_sided
S3,2,temperature,25,green,25,80,10,155.00,334.00,0.619,2.0,2.447,0.104,0.731,320,344,true,false,marker_partially_hidden;sd_one_sided
S3,2,temperature,25,green,25,80,11,164.00,328.00,0.905,1.0,2.760,0.052,0.783,313,344,true,false,sd_one_sided
S3,2,temperature,25,green,25,80,12,172.95,321.90,0.952,1.0,3.079,0.052,0.836,306,338,true,true,
S3,2,temperature,25,green,25,80,13,181.16,314.16,0.905,1.0,3.483,0.052,0.783,299,331,true,false,sd_one_sided
S3,2,temperature,25,green,25,80,14,189.89,307.72,0.857,1.0,3.819,0.052,0.888,291,324,true,false,sd_one_sided
S3,2,temperature,25,green,25,80,15,198.16,300.16,0.905,1.0,4.214,0.052,0.888,284,317,false,true,sd_one_sided
S3,2,temperature,25,green,25,80,16,207.00,293.79,0.905,1.0,4.547,0.052,0.888,277,305,true,false,sd_one_sided
S3,2,temperature,25,green,25,80,17,215.84,285.84,0.905,1.0,4.962,0.052,,269,301,false,false,sd_unavailable
S3,2,temperature,25,green,25,80,18,224.00,279.00,1.000,1.0,5.319,0.052,0.836,263,295,true,false,sd_one_sided
S3,2,temperature,25,green,25,80,19,232.84,271.16,0.905,1.0,5.729,0.052,0.783,256,286,true,true,
S3,2,temperature,25,green,25,80,20,241.28,266.11,0.857,1.0,5.992,0.052,0.836,250,281,true,false,sd_one_sided
S3,2,temperature,25,green,25,80,21,249.89,258.72,0.857,1.0,6.378,0.052,,243,274,false,false,sd_unavailable
S3,2,temperature,25,green,25,80,22,258.84,252.84,0.905,1.0,6.685,0.052,0.836,237,255,true,false,sd_one_sided
S3,2,temperature,25,green,25,80,23,266.28,249.11,0.857,1.0,6.880,0.052,0.940,231,268,true,false,sd_one_sided
S3,2,temperature,25,green,25,80,24,275.11,244.28,0.857,1.0,7.133,0.052,0.888,227,263,true,false,sd_one_sided
S3,2,temperature,25,green,25,80,25,283.89,240.28,0.857,1.0,7.341,0.052,,218,262,false,false,sd_unavailable
S3,2,temperature,25,green,25,80,26,292.16,237.84,0.905,1.0,7.469,0.052,1.097,217,258,true,false,sd_one_sided
S3,2,temperature,25,green,25,80,27,300.89,234.28,0.857,1.0,7.655,0.052,1.358,208,261,true,false,sd_one_sided
S3,2,temperature,25,green,25,80,28,309.16,230.16,0.905,1.0,7.870,0.052,1.515,201,260,true,false,sd_one_sided
S3,2,temperature,25,green,25,80,29,318.00,228.00,1.000,1.0,7.983,0.052,1.671,196,261,true,false,sd_one_sided
S3,2,temperature,25,green,25,80,30,326.72,227.11,0.857,1.0,8.029,0.052,1.932,190,264,true,true,
S3,2,temperature,25,green,25,80,31,335.00,226.00,1.000,1.0,8.087,0.052,2.193,184,268,true,false,sd_one_sided
S3,2,temperature,25,green,25,80,32,344.00,223.00,1.000,1.0,8.244,0.052,2.455,176,266,true,false,sd_one_sided
S3,2,temperature,25,green,25,80,33,352.11,222.28,0.857,1.0,8.281,0.052,2.716,170,274,true,false,sd_one_sided
S3,2,temperature,25,green,25,80,34,360.95,220.90,0.952,1.0,8.353,0.052,3.029,162,279,false,true,sd_one_sided
S3,2,temperature,25,green,25,80,35,369.00,218.00,1.000,1.0,8.505,0.052,3.238,156,279,true,false,sd_one_sided
S3,2,temperature,25,green,25,80,36,377.72,217.89,0.857,1.0,8.511,0.052,3.447,152,284,true,false,sd_one_sided
S3,2,temperature,25,green,25,80,37,386.00,216.00,1.000,1.0,8.609,0.052,3.708,145,286,true,false,sd_one_sided
S3,2,temperature,25,green,25,80,38,394.84,213.16,0.905,1.0,8.758,0.052,3.969,137,289,true,false,sd_one_sided
S3,2,temperature,25,green,25,80,39,403.00,212.00,1.000,1.0,8.818,0.052,4.230,131,293,true,false,sd_one_sided
S3,2,temperature,25,green,25,80,40,411.89,209.72,0.857,1.0,8.937,0.052,,125,294,false,false,sd_unavailable
S3,2,temperature,25,green,25,80,41,420.16,207.84,0.905,1.0,9.035,0.052,4.700,118,298,true,false,sd_one_sided
S3,2,temperature,25,green,25,80,42,429.00,209.00,1.000,1.0,8.975,0.052,4.909,115,302,true,false,sd_one_sided
S3,2,temperature,25,green,25,80,43,437.50,209.00,0.810,2.0,8.975,0.104,4.961,113,304,false,true,marker_partially_hidden;sd_one_sided
S3,2,temperature,25,green,25,80,44,446.00,208.00,1.000,1.0,9.027,0.052,5.196,108,307,true,true,
S3,2,temperature,25,green,25,80,45,454.84,207.84,0.905,1.0,9.035,0.052,5.379,105,227,true,false,sd_one_sided
S3,2,temperature,25,green,25,80,46,463.00,206.00,1.000,1.0,9.132,0.052,5.431,102,311,true,false,sd_one_sided
S3,2,temperature,25,green,25,80,47,471.84,206.84,0.905,1.0,9.088,0.052,5.536,101,313,true,true,
S3,2,temperature,25,green,25,80,48,479.95,210.10,0.952,1.0,8.917,0.052,5.771,100,321,true,true,
S3,2,temperature,25,green,25,80,49,488.16,212.16,0.905,1.0,8.810,0.052,6.084,96,329,true,true,
S3,2,temperature,25,green,25,80,50,497.00,210.00,1.000,1.0,8.923,0.052,6.163,92,328,false,true,sd_one_sided
S3,2,temperature,25,green,25,80,51,505.84,213.84,0.905,1.0,8.722,0.052,6.398,91,336,true,true,
S3,2,temperature,25,green,25,80,52,514.16,213.84,0.905,1.0,8.722,0.052,6.424,89,337,false,true,sd_one_sided
S3,2,temperature,25,green,25,80,53,522.89,212.28,0.857,1.0,8.804,0.052,,84,338,false,false,sd_unavailable
S3,2,temperature,25,green,25,80,54,531.11,212.28,0.857,1.0,8.804,0.052,6.685,84,337,true,false,sd_one_sided
S3,2,temperature,25,green,25,80,55,539.89,212.28,0.857,1.0,8.804,0.052,6.972,79,346,true,true,
S3,2,temperature,25,green,25,80,56,548.28,213.89,0.857,1.0,8.720,0.052,7.024,79,348,true,true,
S3,2,temperature,25,green,25,80,57,556.95,214.10,0.952,1.0,8.709,0.052,7.233,76,353,true,true,
S3,2,temperature,25,green,25,80,58,565.95,208.90,0.952,1.0,8.980,0.052,7.207,71,211,true,false,sd_one_sided
S3,2,temperature,25,green,25,80,59,574.00,209.00,1.000,1.0,8.975,0.052,7.259,70,348,true,true,
S3,2,temperature,25,green,25,80,60,582.16,209.84,0.905,1.0,8.931,0.052,7.468,67,352,true,false,sd_one_sided
S3,2,temperature,25,green,25,80,61,590.95,207.90,0.952,1.0,9.032,0.052,7.468,65,351,true,true,
S3,2,temperature,25,green,25,80,62,599.16,206.84,0.905,1.0,9.088,0.052,,61,352,false,false,sd_unavailable
S3,3,humidity,80,light_blue,15,80,1,75.50,363.00,0.429,2.0,0.932,0.104,,361,364,false,false,marker_partially_hidden;sd_below_marker_radius
S3,3,humidity,80,light_blue,15,80,4,101.50,362.00,0.429,2.0,0.985,0.104,,360,362,false,false,marker_partially_hidden;sd_below_marker_radius
S3,3,humidity,80,light_blue,15,80,6,119.00,362.00,0.476,2.0,0.985,0.104,,362,364,false,false,marker_partially_hidden;sd_below_marker_radius
S3,3,humidity,80,light_blue,15,80,7,128.00,361.00,0.762,2.0,1.037,0.104,,360,363,false,false,marker_partially_hidden;sd_below_marker_radius
S3,3,humidity,80,light_blue,15,80,8,136.00,360.50,0.810,2.0,1.063,0.104,,359,363,false,false,marker_partially_hidden;sd_below_marker_radius
S3,3,humidity,80,light_blue,15,80,9,145.00,360.00,0.810,2.0,1.089,0.104,,359,362,false,false,marker_partially_hidden;sd_below_marker_radius
S3,3,humidity,80,light_blue,15,80,10,153.00,357.00,0.524,2.0,1.246,0.104,0.209,353,362,true,false,marker_partially_hidden;sd_one_sided
S3,3,humidity,80,light_blue,15,80,11,162.00,356.50,0.714,2.0,1.272,0.104,0.261,350,361,false,true,marker_partially_hidden;sd_one_sided
S3,3,humidity,80,light_blue,15,80,12,170.00,355.00,0.714,2.0,1.350,0.104,0.261,348,360,false,true,marker_partially_hidden;sd_one_sided
S3,3,humidity,80,light_blue,15,80,13,179.00,353.00,0.810,2.0,1.455,0.104,0.313,346,359,false,true,marker_partially_hidden;sd_one_sided
S3,3,humidity,80,light_blue,15,80,14,187.84,350.84,0.905,1.0,1.567,0.052,0.366,343,358,false,true,sd_one_sided
S3,3,humidity,80,light_blue,15,80,15,196.16,348.16,0.905,1.0,1.707,0.052,,340,357,false,false,sd_unavailable
S3,3,humidity,80,light_blue,15,80,16,205.00,346.21,0.905,1.0,1.809,0.052,0.470,337,355,false,true,sd_one_sided
S3,3,humidity,80,light_blue,15,80,17,213.90,344.05,0.952,1.0,1.922,0.052,0.496,335,354,true,true,
S3,3,humidity,80,light_blue,15,80,18,222.11,342.28,0.857,1.0,2.015,0.052,0.574,331,353,false,true,sd_one_sided
S3,3,humidity,80,light_blue,15,80,19,231.00,340.00,1.000,1.0,2.134,0.052,0.601,329,352,true,true,
S3,3,humidity,80,light_blue,15,80,20,239.11,339.72,0.857,1.0,2.148,0.052,0.627,327,352,false,true,sd_one_sided
S3,3,humidity,80,light_blue,15,80,21,247.00,339.00,1.000,1.0,2.186,0.052,0.627,329,351,false,true,sd_one_sided
S3,3,humidity,80,light_blue,15,80,22,256.00,337.00,1.000,1.0,2.290,0.052,0.731,328,351,false,true,sd_one_sided
S3,3,humidity,80,light_blue,15,80,23,264.79,336.00,0.905,1.0,2.342,0.052,0.731,326,350,false,true,sd_one_sided
S3,3,humidity,80,light_blue,15,80,24,273.00,334.00,1.000,1.0,2.447,0.052,0.783,322,349,false,true,sd_one_sided
S3,3,humidity,80,light_blue,15,80,25,281.84,332.16,0.905,1.0,2.543,0.052,0.836,320,348,false,true,sd_one_sided
S3,3,humidity,80,light_blue,15,80,26,290.16,330.16,0.905,1.0,2.648,0.052,0.888,317,347,false,true,sd_one_sided
S3,3,humidity,80,light_blue,15,80,27,299.00,329.00,1.000,1.0,2.708,0.052,0.836,316,345,false,true,sd_one_sided
S3,3,humidity,80,light_blue,15,80,28,307.16,327.16,0.905,1.0,2.804,0.052,0.888,313,344,false,true,sd_one_sided
S3,3,humidity,80,light_blue,15,80,29,316.11,325.72,0.857,1.0,2.879,0.052,0.888,311,343,false,true,sd_one_sided
S3,3,humidity,80,light_blue,15,80,30,324.84,324.16,0.905,1.0,2.961,0.052,0.888,310,341,false,true,sd_one_sided
S3,3,humidity,80,light_blue,15,80,31,333.11,322.28,0.857,1.0,3.059,0.052,0.940,308,340,false,true,sd_one_sided
S3,3,humidity,80,light_blue,15,80,32,342.00,321.00,1.000,1.0,3.126,0.052,0.888,307,338,false,true,sd_one_sided
S3,3,humidity,80,light_blue,15,80,33,350.00,320.00,1.000,1.0,3.178,0.052,0.888,305,337,false,true,sd_one_sided
S3,3,humidity,80,light_blue,15,80,34,358.16,318.16,0.905,1.0,3.274,0.052,0.940,304,336,false,true,sd_one_sided
S3,3,humidity,80,light_blue,15,80,35,367.00,317.00,1.000,1.0,3.335,0.052,0.888,304,334,false,true,sd_one_sided
S3,3,humidity,80,light_blue,15,80,36,375.84,315.84,0.905,1.0,3.395,0.052,,297,334,false,false,sd_unavailable
S3,3,humidity,80,light_blue,15,80,37,384.16,314.16,0.905,1.0,3.483,0.052,0.940,296,332,false,true,sd_one_sided
S3,3,humidity,80,light_blue,15,80,38,392.95,312.90,0.952,1.0,3.549,0.052,0.940,294,331,false,true,sd_one_sided
S3,3,humidity,80,light_blue,15,80,39,401.84,311.84,0.905,1.0,3.604,0.052,0.966,293,330,true,true,
S3,3,humidity,80,light_blue,15,80,40,410.00,310.00,1.000,1.0,3.700,0.052,0.992,292,329,false,true,sd_one_sided
S3,3,humidity,80,light_blue,15,80,41,418.90,309.05,0.952,1.0,3.750,0.052,0.940,291,328,true,false,sd_one_sided
S3,3,humidity,80,light_blue,15,80,42,427.16,308.84,0.905,1.0,3.761,0.052,0.888,290,326,false,true,sd_one_sided
S3,3,humidity,80,light_blue,15,80,43,435.84,307.84,0.905,1.0,3.813,0.052,0.914,290,325,true,true,
S3,3,humidity,80,light_blue,15,80,44,444.16,306.84,0.905,1.0,3.865,0.052,0.888,289,324,false,true,sd_one_sided
S3,3,humidity,80,light_blue,15,80,45,452.16,305.84,0.905,1.0,3.917,0.052,0.888,288,323,false,true,sd_one_sided
S3,3,humidity,80,light_blue,15,80,46,461.00,305.00,1.000,1.0,3.961,0.052,0.888,288,323,true,false,sd_one_sided
S3,3,humidity,80,light_blue,15,80,47,469.16,304.16,0.905,1.0,4.005,0.052,0.940,287,322,false,true,sd_one_sided
S3,3,humidity,80,light_blue,15,80,48,478.00,304.00,1.000,1.0,4.014,0.052,0.888,287,321,true,true,
S3,3,humidity,80,light_blue,15,80,49,486.72,303.11,0.857,1.0,4.060,0.052,0.888,287,320,false,true,sd_one_sided
S3,3,humidity,80,light_blue,15,80,50,495.16,302.16,0.905,1.0,4.110,0.052,0.888,286,319,false,true,sd_one_sided
S3,3,humidity,80,light_blue,15,80,51,503.90,302.05,0.952,1.0,4.115,0.052,,286,318,false,false,sd_unavailable
S3,3,humidity,80,light_blue,15,80,52,512.16,301.84,0.905,1.0,4.126,0.052,0.836,286,318,true,false,sd_one_sided
S3,3,humidity,80,light_blue,15,80,53,520.95,301.84,0.905,1.0,4.126,0.052,,285,317,false,false,sd_unavailable
S3,3,humidity,80,light_blue,15,80,54,529.72,301.89,0.857,1.0,4.124,0.052,0.783,285,317,false,true,sd_one_sided
S3,3,humidity,80,light_blue,15,80,55,538.00,301.00,1.000,1.0,4.170,0.052,,285,317,false,false,sd_unavailable
S3,3,humidity,80,light_blue,15,80,56,546.84,300.16,0.905,1.0,4.214,0.052,0.783,285,316,true,false,sd_one_sided
S3,3,humidity,80,light_blue,15,80,57,555.16,300.16,0.905,1.0,4.214,0.052,0.783,285,316,true,false,sd_one_sided
S3,3,humidity,80,light_blue,15,80,58,563.28,299.89,0.857,1.0,4.228,0.052,,285,315,false,false,sd_unavailable
S3,3,humidity,80,light_blue,15,80,59,572.00,300.00,1.000,1.0,4.222,0.052,0.783,285,315,true,false,sd_one_sided
S3,3,humidity,80,light_blue,15,80,60,580.72,299.11,0.857,1.0,4.269,0.052,,284,314,false,false,sd_unavailable
S3,3,humidity,80,light_blue,15,80,61,589.16,298.16,0.905,1.0,4.319,0.052,,284,314,false,false,sd_unavailable
S3,3,humidity,80,light_blue,15,80,62,597.90,298.95,0.952,1.0,4.277,0.052,,284,313,false,false,sd_unavailable
S3,3,humidity,80,navy,20,80,1,78.00,366.00,0.714,2.0,0.776,0.104,,366,369,false,false,marker_partially_hidden;sd_below_marker_radius
S3,3,humidity,80,navy,20,80,2,86.00,364.00,0.381,2.0,0.880,0.104,,364,366,false,false,marker_partially_hidden;sd_below_marker_radius
S3,3,humidity,80,navy,20,80,3,95.00,365.00,0.714,2.0,0.828,0.104,,365,367,false,false,marker_partially_hidden;sd_below_marker_radius
S3,3,humidity,80,navy,20,80,4,103.89,363.28,0.857,1.0,0.918,0.052,,361,366,false,false,sd_below_marker_radius
S3,3,humidity,80,navy,20,80,5,112.16,362.16,0.905,1.0,0.976,0.052,,360,364,false,false,sd_below_marker_radius
S3,3,humidity,80,navy,20,80,6,120.84,360.16,0.905,1.0,1.081,0.052,,358,362,false,false,sd_below_marker_radius
S3,3,humidity,80,navy,20,80,7,129.00,358.00,0.810,2.0,1.193,0.104,,354,360,false,false,marker_partially_hidden;sd_unavailable
S3,3,humidity,80,navy,20,80,8,138.00,357.00,1.000,1.0,1.246,0.052,,353,359,false,false,sd_unavailable
S3,3,humidity,80,navy,20,80,9,145.89,356.28,0.857,1.0,1.283,0.052,,352,358,false,false,sd_unavailable
S3,3,humidity,80,navy,20,80,10,154.72,355.89,0.857,1.0,1.304,0.052,0.209,352,360,true,true,
S3,3,humidity,80,navy,20,80,11,163.11,353.28,0.857,1.0,1.440,0.052,,348,359,false,false,sd_unavailable
S3,3,humidity,80,navy,20,80,12,171.84,351.16,0.905,1.0,1.551,0.052,0.313,345,357,true,true,
S3,3,humidity,80,navy,20,80,13,180.16,348.95,0.905,1.0,1.666,0.052,0.366,342,356,true,false,sd_one_sided
S3,3,humidity,80,navy,20,80,14,189.00,346.50,0.810,2.0,1.794,0.104,0.366,339,353,true,false,marker_partially_hidden;sd_one_sided
S3,3,humidity,80,navy,20,80,15,197.84,343.16,0.905,1.0,1.969,0.052,,335,352,false,false,sd_unavailable
S3,3,humidity,80,navy,20,80,16,206.10,341.05,0.952,1.0,2.079,0.052,0.470,332,350,true,false,sd_one_sided
S3,3,humidity,80,navy,20,80,17,214.84,338.16,0.905,1.0,2.230,0.052,0.496,329,348,true,true,
S3,3,humidity,80,navy,20,80,18,223.21,335.00,0.905,1.0,2.395,0.052,0.522,325,340,true,false,sd_one_sided
S3,3,humidity,80,navy,20,80,19,232.00,333.00,1.000,1.0,2.499,0.052,0.574,322,344,true,true,
S3,3,humidity,80,navy,20,80,20,240.72,330.11,0.857,1.0,2.650,0.052,,318,342,false,false,sd_unavailable
S3,3,humidity,80,navy,20,80,21,249.00,327.21,0.905,1.0,2.801,0.052,0.627,315,336,true,false,sd_one_sided
S3,3,humidity,80,navy,20,80,22,257.11,325.72,0.857,1.0,2.879,0.052,0.731,312,334,true,false,sd_one_sided
S3,3,humidity,80,navy,20,80,23,265.84,322.84,0.905,1.0,3.030,0.052,0.731,309,333,true,false,sd_one_sided
S3,3,humidity,80,navy,20,80,24,274.16,319.16,0.905,1.0,3.222,0.052,,305,331,false,false,sd_unavailable
S3,3,humidity,80,navy,20,80,25,282.84,316.84,0.905,1.0,3.343,0.052,0.783,302,330,true,false,sd_one_sided
S3,3,humidity,80,navy,20,80,26,291.72,314.11,0.857,1.0,3.486,0.052,0.783,299,328,true,false,sd_one_sided
S3,3,humidity,80,navy,20,80,27,300.05,312.84,0.905,1.0,3.552,0.052,0.888,296,326,true,false,sd_one_sided
S3,3,humidity,80,navy,20,80,28,308.84,310.16,0.905,1.0,3.692,0.052,,293,325,false,false,sd_unavailable
S3,3,humidity,80,navy,20,80,29,317.11,308.28,0.857,1.0,3.790,0.052,,290,323,false,false,sd_unavailable
S3,3,humidity,80,navy,20,80,30,325.95,306.90,0.952,1.0,3.862,0.052,0.992,288,322,true,false,sd_one_sided
S3,3,humidity,80,navy,20,80,31,334.28,305.11,0.857,1.0,3.956,0.052,,285,325,false,false,sd_unavailable
S3,3,humidity,80,navy,20,80,32,343.00,304.00,1.000,1.0,4.014,0.052,1.097,283,325,true,false,sd_one_sided
S3,3,humidity,80,navy,20,80,33,351.84,302.84,0.905,1.0,4.074,0.052,,281,324,false,false,sd_unavailable
S3,3,humidity,80,navy,20,80,34,359.84,301.84,0.905,1.0,4.126,0.052,1.149,280,324,true,false,sd_one_sided
S3,3,humidity,80,navy,20,80,35,368.21,301.00,0.905,1.0,4.170,0.052,,278,323,false,false,sd_unavailable
S3,3,humidity,80,navy,20,80,36,376.95,299.90,0.952,1.0,4.228,0.052,,277,323,false,false,sd_unavailable
S3,3,humidity,80,navy,20,80,37,385.28,298.89,0.857,1.0,4.281,0.052,,275,323,false,false,sd_unavailable
S3,3,humidity,80,navy,20,80,38,394.00,298.00,1.000,1.0,4.327,0.052,1.253,274,322,false,true,sd_one_sided
S3,3,humidity,80,navy,20,80,39,402.84,297.84,0.905,1.0,4.335,0.052,,273,322,false,false,sd_unavailable
S3,3,humidity,80,navy,20,80,40,411.10,296.95,0.952,1.0,4.382,0.052,1.253,272,321,false,true,sd_one_sided
S3,3,humidity,80,navy,20,80,41,419.84,296.16,0.905,1.0,4.423,0.052,1.306,271,321,false,true,sd_one_sided
S3,3,humidity,80,navy,20,80,42,428.28,295.89,0.857,1.0,4.437,0.052,,271,321,false,false,sd_unavailable
S3,3,humidity,80,navy,20,80,43,437.00,295.00,1.000,1.0,4.484,0.052,1.306,271,320,false,true,sd_one_sided
S3,3,humidity,80,navy,20,80,44,445.72,295.11,0.857,1.0,4.478,0.052,,293,320,false,false,sd_unavailable
S3,3,humidity,80,navy,20,80,45,454.11,294.72,0.857,1.0,4.498,0.052,1.306,271,320,false,true,sd_one_sided
S3,3,humidity,80,navy,20,80,46,462.90,294.05,0.952,1.0,4.533,0.052,1.306,272,319,false,true,sd_one_sided
S3,3,humidity,80,navy,20,80,47,470.84,293.16,0.905,1.0,4.580,0.052,,269,319,false,false,sd_unavailable
S3,3,humidity,80,navy,20,80,48,479.16,293.84,0.905,1.0,4.544,0.052,,268,319,false,false,sd_unavailable
S3,3,humidity,80,navy,20,80,49,488.00,293.00,1.000,1.0,4.588,0.052,,271,318,false,false,sd_unavailable
S3,3,humidity,80,navy,20,80,50,496.50,292.50,0.810,2.0,4.614,0.104,,290,318,false,false,marker_partially_hidden;sd_unavailable
S3,3,humidity,80,navy,20,80,51,505.10,292.05,0.952,1.0,4.638,0.052,,267,318,false,false,sd_unavailable
S3,3,humidity,80,navy,20,80,52,513.84,292.16,0.905,1.0,4.632,0.052,,266,318,false,false,sd_unavailable
S3,3,humidity,80,navy,20,80,53,522.16,291.84,0.905,1.0,4.649,0.052,,266,318,false,false,sd_unavailable
S3,3,humidity,80,navy,20,80,54,530.84,291.84,0.905,1.0,4.649,0.052,,265,318,false,false,sd_unavailable
S3,3,humidity,80,navy,20,80,55,539.50,292.00,0.810,2.0,4.640,0.104,1.410,265,319,true,false,marker_partially_hidden;sd_one_sided
S3,3,humidity,80,navy,20,80,56,548.00,291.00,1.000,1.0,4.693,0.052,,264,318,false,false,sd_unavailable
S3,3,humidity,80,navy,20,80,57,556.72,291.11,0.857,1.0,4.687,0.052,1.410,264,318,true,true,
S3,3,humidity,80,navy,20,80,58,565.16,291.84,0.905,1.0,4.649,0.052,,264,319,false,false,sd_unavailable
S3,3,humidity,80,navy,20,80,59,573.21,291.00,0.905,1.0,4.693,0.052,,264,318,false,false,sd_unavailable
S3,3,humidity,80,navy,20,80,60,582.00,291.00,1.000,1.0,4.693,0.052,,263,319,false,false,sd_unavailable
S3,3,humidity,80,navy,20,80,61,590.50,290.50,0.810,2.0,4.719,0.104,,263,318,false,false,marker_partially_hidden;sd_unavailable
S3,3,humidity,80,navy,20,80,62,599.00,291.00,1.000,1.0,4.693,0.052,,263,319,false,false,sd_unavailable
S3,3,humidity,80,orange,25,80,2,87.33,361.67,0.476,2.0,1.002,0.104,,360,362,false,false,marker_partially_hidden;sd_below_marker_radius
S3,3,humidity,80,orange,25,80,3,96.00,363.00,0.571,2.0,0.932,0.104,,363,364,false,false,marker_partially_hidden;sd_below_marker_radius
S3,3,humidity,80,orange,25,80,4,104.00,359.00,0.571,2.0,1.141,0.104,0.313,353,360,true,false,marker_partially_hidden;sd_one_sided
S3,3,humidity,80,orange,25,80,5,113.00,356.00,1.000,1.0,1.298,0.052,,354,359,false,false,sd_below_marker_radius
S3,3,humidity,80,orange,25,80,6,122.00,353.00,1.000,1.0,1.455,0.052,,350,358,false,false,sd_unavailable
S3,3,humidity,80,orange,25,80,7,130.95,349.10,0.952,1.0,1.658,0.052,,344,355,false,false,sd_unavailable
S3,3,humidity,80,orange,25,80,8,139.00,346.00,1.000,1.0,1.820,0.052,,337,354,false,false,sd_unavailable
S3,3,humidity,80,orange,25,80,9,148.00,341.00,1.000,1.0,2.081,0.052,0.679,332,354,false,true,sd_one_sided
S3,3,humidity,80,orange,25,80,10,156.00,335.00,1.000,1.0,2.395,0.052,0.731,320,349,false,true,sd_one_sided
S3,3,humidity,80,orange,25,80,11,164.16,328.16,0.905,1.0,2.752,0.052,,312,345,false,false,sd_unavailable
S3,3,humidity,80,orange,25,80,12,173.00,322.00,1.000,1.0,3.074,0.052,0.836,305,338,false,true,sd_one_sided
S3,3,humidity,80,orange,25,80,13,181.84,314.16,0.905,1.0,3.483,0.052,0.888,298,331,false,true,sd_one_sided
S3,3,humidity,80,orange,25,80,14,190.05,307.90,0.952,1.0,3.810,0.052,0.836,291,324,false,true,sd_one_sided
S3,3,humidity,80,orange,25,80,15,198.95,300.10,0.952,1.0,4.217,0.052,0.888,284,317,false,true,sd_one_sided
S3,3,humidity,80,orange,25,80,16,207.00,294.00,0.810,2.0,4.536,0.104,0.862,277,310,true,true,marker_partially_hidden
S3,3,humidity,80,orange,25,80,17,215.33,286.33,0.381,2.0,4.936,0.104,,269,302,false,false,marker_partially_hidden;sd_unavailable
S3,3,humidity,80,orange,25,80,18,224.16,278.16,0.905,1.0,5.363,0.052,0.836,263,295,true,true,
S3,3,humidity,80,orange,25,80,19,233.00,271.00,1.000,1.0,5.737,0.052,0.783,256,287,true,false,sd_one_sided
S3,3,humidity,80,orange,25,80,20,242.00,266.00,1.000,1.0,5.998,0.052,0.836,250,282,true,false,sd_one_sided
S3,3,humidity,80,orange,25,80,21,250.16,258.16,0.905,1.0,6.408,0.052,0.783,243,272,true,false,sd_one_sided
S3,3,humidity,80,orange,25,80,22,259.00,253.00,1.000,1.0,6.677,0.052,0.836,237,269,true,false,sd_one_sided
S3,3,humidity,80,orange,25,80,23,267.00,249.00,1.000,1.0,6.886,0.052,0.940,231,268,true,false,sd_one_sided
S3,3,humidity,80,orange,25,80,24,275.84,244.16,0.905,1.0,7.139,0.052,0.888,227,263,true,false,sd_one_sided
S3,3,humidity,80,orange,25,80,25,284.05,240.10,0.952,1.0,7.351,0.052,1.149,218,262,true,true,
S3,3,humidity,80,orange,25,80,26,292.95,237.90,0.952,1.0,7.466,0.052,1.071,217,258,true,true,
S3,3,humidity,80,orange,25,80,27,301.05,234.90,0.952,1.0,7.622,0.052,1.410,208,262,true,false,sd_one_sided
S3,3,humidity,80,orange,25,80,28,310.00,231.00,1.000,1.0,7.826,0.052,1.567,201,260,true,false,sd_one_sided
S3,3,humidity,80,orange,25,80,29,318.90,228.05,0.952,1.0,7.980,0.052,1.723,195,261,false,true,sd_one_sided
S3,3,humidity,80,orange,25,80,30,327.00,227.00,1.000,1.0,8.035,0.052,1.932,190,265,true,false,sd_one_sided
S3,3,humidity,80,orange,25,80,31,336.00,226.00,1.000,1.0,8.087,0.052,2.141,183,267,false,true,sd_one_sided
S3,3,humidity,80,orange,25,80,32,344.00,223.00,1.000,1.0,8.244,0.052,2.455,176,268,true,false,sd_one_sided
S3,3,humidity,80,orange,25,80,33,353.00,222.00,1.000,1.0,8.296,0.052,2.716,170,275,true,false,sd_one_sided
S3,3,humidity,80,orange,25,80,34,361.84,220.16,0.905,1.0,8.392,0.052,3.055,162,279,true,true,
S3,3,humidity,80,orange,25,80,35,369.84,217.84,0.905,1.0,8.513,0.052,3.238,156,279,true,false,sd_one_sided
S3,3,humidity,80,orange,25,80,36,378.00,218.00,1.000,1.0,8.505,0.052,3.447,152,284,true,false,sd_one_sided
S3,3,humidity,80,orange,25,80,37,387.00,216.00,1.000,1.0,8.609,0.052,3.708,145,287,true,false,sd_one_sided
S3,3,humidity,80,orange,25,80,38,395.00,213.00,1.000,1.0,8.766,0.052,,136,289,false,false,sd_unavailable
S3,3,humidity,80,orange,25,80,39,404.00,212.00,1.000,1.0,8.818,0.052,4.230,131,293,true,false,sd_one_sided
S3,3,humidity,80,orange,25,80,40,412.16,209.84,0.905,1.0,8.931,0.052,,125,294,false,false,sd_unavailable
S3,3,humidity,80,orange,25,80,41,421.00,208.00,1.000,1.0,9.027,0.052,4.700,118,294,true,false,sd_one_sided
S3,3,humidity,80,orange,25,80,42,430.00,209.00,1.000,1.0,8.975,0.052,4.909,115,303,true,false,sd_one_sided
S3,3,humidity,80,orange,25,80,43,438.00,209.00,1.000,1.0,8.975,0.052,5.014,113,305,true,false,sd_one_sided
S3,3,humidity,80,orange,25,80,44,447.00,208.00,1.000,1.0,9.027,0.052,5.222,108,307,true,false,sd_one_sided
S3,3,humidity,80,orange,25,80,45,455.00,208.00,1.000,1.0,9.027,0.052,5.353,105,310,true,true,
S3,3,humidity,80,orange,25,80,46,464.00,206.00,1.000,1.0,9.132,0.052,5.431,102,311,true,false,sd_one_sided
S3,3,humidity,80,orange,25,80,47,472.95,206.90,0.952,1.0,9.085,0.052,5.536,101,313,true,true,
S3,3,humidity,80,orange,25,80,48,481.00,210.00,1.000,1.0,8.923,0.052,5.771,100,321,true,true,
S3,3,humidity,80,orange,25,80,49,489.05,212.10,0.952,1.0,8.813,0.052,6.110,95,329,false,true,sd_one_sided
S3,3,humidity,80,orange,25,80,50,498.00,210.00,1.000,1.0,8.923,0.052,6.189,92,329,true,true,
S3,3,humidity,80,orange,25,80,51,506.16,213.84,0.905,1.0,8.722,0.052,6.424,91,337,true,false,sd_one_sided
S3,3,humidity,80,orange,25,80,52,515.00,214.00,1.000,1.0,8.714,0.052,6.502,89,338,true,true,
S3,3,humidity,80,orange,25,80,53,523.84,212.16,0.905,1.0,8.810,0.052,6.711,84,341,true,true,
S3,3,humidity,80,orange,25,80,54,532.05,212.10,0.952,1.0,8.813,0.052,6.789,83,342,false,true,sd_one_sided
S3,3,humidity,80,orange,25,80,55,540.95,212.10,0.952,1.0,8.813,0.052,6.946,79,347,true,false,sd_one_sided
S3,3,humidity,80,orange,25,80,56,549.05,213.90,0.952,1.0,8.719,0.052,7.024,79,348,true,true,
S3,3,humidity,80,orange,25,80,57,558.00,214.00,1.000,1.0,8.714,0.052,7.259,75,353,true,true,
S3,3,humidity,80,orange,25,80,58,567.00,209.00,1.000,1.0,8.975,0.052,7.207,71,347,true,true,
S3,3,humidity,80,orange,25,80,59,575.00,209.00,1.000,1.0,8.975,0.052,7.259,70,348,true,true,
S3,3,humidity,80,orange,25,80,60,583.05,209.90,0.952,1.0,8.928,0.052,7.442,67,352,true,true,
S3,3,humidity,80,orange,25,80,61,592.00,208.00,1.000,1.0,9.027,0.052,7.468,65,351,true,true,
S3,3,humidity,80,orange,25,80,62,600.05,206.90,0.952,1.0,9.085,0.052,7.599,61,352,true,true,
S3,3,humidity,80,green,30,80,1,80.50,362.50,0.810,2.0,0.958,0.104,,359,365,false,false,marker_partially_hidden;sd_below_marker_radius
S3,3,humidity,80,green,30,80,2,89.00,364.00,1.000,1.0,0.880,0.052,,362,367,false,false,sd_below_marker_radius
S3,3,humidity,80,green,30,80,3,97.84,360.16,0.905,1.0,1.081,0.052,,358,362,false,false,sd_below_marker_radius
S3,3,humidity,80,green,30,80,4,106.05,356.10,0.952,1.0,1.293,0.052,,354,358,false,false,sd_below_marker_radius
S3,3,humidity,80,green,30,80,5,115.00,351.50,0.810,2.0,1.533,0.104,,349,353,false,false,marker_partially_hidden;sd_below_marker_radius
S3,3,humidity,80,green,30,80,6,123.00,347.00,1.000,1.0,1.768,0.052,,344,349,false,false,sd_below_marker_radius
S3,3,humidity,80,green,30,80,7,132.00,340.00,1.000,1.0,2.134,0.052,,338,343,false,false,sd_below_marker_radius
S3,3,humidity,80,green,30,80,8,140.16,334.16,0.905,1.0,2.439,0.052,,331,338,false,false,sd_unavailable
S3,3,humidity,80,green,30,80,9,149.00,329.00,1.000,1.0,2.708,0.052,0.261,324,334,true,false,sd_one_sided
S3,3,humidity,80,green,30,80,10,157.84,323.84,0.905,1.0,2.977,0.052,0.313,318,330,true,false,sd_one_sided
S3,3,humidity,80,green,30,80,11,165.84,317.84,0.905,1.0,3.291,0.052,0.418,310,326,true,false,sd_one_sided
S3,3,humidity,80,green,30,80,12,174.00,312.00,1.000,1.0,3.596,0.052,0.470,303,318,true,false,sd_one_sided
S3,3,humidity,80,green,30,80,13,182.89,306.28,0.857,1.0,3.895,0.052,0.574,295,317,true,false,sd_one_sided
S3,3,humidity,80,green,30,80,14,191.72,299.89,0.857,1.0,4.228,0.052,0.679,287,313,true,true,
S3,3,humidity,80,green,30,80,15,200.00,294.79,0.905,1.0,4.495,0.052,0.783,280,310,true,false,sd_one_sided
S3,3,humidity,80,green,30,80,16,208.84,290.16,0.905,1.0,4.736,0.052,0.836,274,307,true,false,sd_one_sided
S3,3,humidity,80,green,30,80,17,217.00,286.00,0.810,2.0,4.954,0.104,0.992,267,305,true,true,marker_partially_hidden
S3,3,humidity,80,green,30,80,18,225.89,282.72,0.857,1.0,5.125,0.052,1.071,262,303,true,true,
S3,3,humidity,80,green,30,80,19,234.16,279.84,0.905,1.0,5.275,0.052,1.097,258,301,false,true,sd_one_sided
S3,3,humidity,80,green,30,80,20,243.00,276.79,0.905,1.0,5.435,0.052,1.175,254,299,true,true,
S3,3,humidity,80,green,30,80,21,251.84,274.84,0.905,1.0,5.536,0.052,1.201,251,298,false,true,sd_one_sided
S3,3,humidity,80,green,30,80,22,260.11,273.72,0.857,1.0,5.595,0.052,1.201,250,297,false,true,sd_one_sided
S3,3,humidity,80,green,30,80,23,268.84,272.16,0.905,1.0,5.677,0.052,,252,297,false,false,sd_unavailable
S3,3,humidity,80,green,30,80,24,276.84,271.16,0.905,1.0,5.729,0.052,1.306,247,296,false,true,sd_one_sided
S3,3,humidity,80,green,30,80,25,285.16,271.84,0.905,1.0,5.693,0.052,1.227,248,295,true,true,
S3,3,humidity,80,green,30,80,26,294.00,271.21,0.905,1.0,5.726,0.052,1.253,247,295,false,true,sd_one_sided
S3,3,humidity,80,green,30,80,27,302.84,270.84,0.905,1.0,5.745,0.052,,246,295,false,false,sd_unavailable
S3,3,humidity,80,green,30,80,28,311.16,270.84,0.905,1.0,5.745,0.052,1.253,246,295,false,true,sd_one_sided
S3,3,humidity,80,green,30,80,29,319.95,270.10,0.952,1.0,5.784,0.052,1.253,246,294,false,true,sd_one_sided
S3,3,humidity,80,green,30,80,30,328.16,270.16,0.905,1.0,5.781,0.052,1.253,246,294,true,true,
S3,3,humidity,80,green,30,80,31,337.00,270.00,1.000,1.0,5.789,0.052,1.253,246,295,true,false,sd_one_sided
S3,3,humidity,80,green,30,80,32,345.72,270.11,0.857,1.0,5.783,0.052,1.253,246,294,true,true,
S3,3,humidity,80,green,30,80,33,354.00,269.79,0.905,1.0,5.800,0.052,,245,295,false,false,sd_unavailable
S3,3,humidity,80,green,30,80,34,362.84,269.84,0.905,1.0,5.797,0.052,1.253,245,294,false,true,sd_one_sided
S3,3,humidity,80,green,30,80,35,371.11,269.72,0.857,1.0,5.804,0.052,1.253,245,294,false,true,sd_one_sided
S3,3,humidity,80,green,30,80,36,379.16,269.84,0.905,1.0,5.797,0.052,1.279,245,294,true,true,
S3,3,humidity,80,green,30,80,37,387.89,269.72,0.857,1.0,5.804,0.052,1.253,245,294,false,true,sd_one_sided
S3,3,humidity,80,green,30,80,38,396.16,269.84,0.905,1.0,5.797,0.052,1.279,245,294,true,true,
S3,3,humidity,80,green,30,80,39,405.00,269.00,1.000,1.0,5.841,0.052,,245,294,false,false,sd_unavailable
S3,3,humidity,80,green,30,80,40,413.84,269.84,0.905,1.0,5.797,0.052,1.306,245,294,true,false,sd_one_sided
S3,3,humidity,80,green,30,80,41,422.00,269.00,1.000,1.0,5.841,0.052,,245,293,false,false,sd_unavailable
S3,3,humidity,80,green,30,80,42,431.00,269.00,1.000,1.0,5.841,0.052,1.253,245,293,true,false,sd_one_sided
S3,3,humidity,80,green,30,80,43,439.84,269.84,0.905,1.0,5.797,0.052,1.201,245,293,false,true,sd_one_sided
S3,3,humidity,80,green,30,80,44,448.00,269.00,1.000,1.0,5.841,0.052,1.253,245,293,false,true,sd_one_sided
S3,3,humidity,80,green,30,80,45,456.84,269.84,0.905,1.0,5.797,0.052,,245,293,false,false,sd_unavailable
S3,3,humidity,80,green,30,80,46,465.00,269.00,1.000,1.0,5.841,0.052,,245,292,false,false,sd_unavailable
S3,3,humidity,80,green,30,80,47,473.84,269.84,0.905,1.0,5.797,0.052,1.253,246,293,true,false,sd_one_sided
S3,3,humidity,80,green,30,80,48,482.16,269.84,0.905,1.0,5.797,0.052,,247,293,false,false,sd_unavailable
S3,3,humidity,80,green,30,80,49,490.21,269.00,0.905,1.0,5.841,0.052,1.253,245,271,true,false,sd_one_sided
S3,3,humidity,80,green,30,80,50,499.00,269.00,1.000,1.0,5.841,0.052,,245,291,false,false,sd_unavailable
S3,3,humidity,80,green,30,80,51,507.79,269.00,0.905,1.0,5.841,0.052,,245,293,false,false,sd_unavailable
S3,3,humidity,80,green,30,80,52,516.16,269.84,0.905,1.0,5.797,0.052,,246,291,false,false,sd_unavailable
S3,3,humidity,80,green,30,80,53,525.00,269.00,1.000,1.0,5.841,0.052,,245,293,false,false,sd_unavailable
S3,3,humidity,80,green,30,80,54,533.50,269.00,0.810,2.0,5.841,0.104,,245,293,false,false,marker_partially_hidden;sd_unavailable
S3,3,humidity,80,green,30,80,55,542.00,269.00,1.000,1.0,5.841,0.052,,245,291,false,false,sd_unavailable
S3,3,humidity,80,green,30,80,56,550.79,269.00,0.905,1.0,5.841,0.052,1.227,246,293,true,true,
S3,3,humidity,80,green,30,80,57,559.00,269.79,0.905,1.0,5.800,0.052,,246,289,false,false,sd_unavailable
S3,3,humidity,80,green,30,80,58,568.00,269.00,1.000,1.0,5.841,0.052,1.253,245,293,true,false,sd_one_sided
S3,3,humidity,80,green,30,80,59,576.11,269.00,0.905,1.0,5.841,0.052,,245,293,false,false,sd_unavailable
S3,3,humidity,80,green,30,80,60,585.00,269.00,1.000,1.0,5.841,0.052,1.253,245,293,true,false,sd_one_sided
S3,3,humidity,80,green,30,80,61,593.00,269.00,1.000,1.0,5.841,0.052,,245,292,false,false,sd_unavailable
S3,3,humidity,80,green,30,80,62,601.21,269.00,0.905,1.0,5.841,0.052,,267,271,false,false,sd_below_marker_radius
S3,4,humidity,65,light_blue,15,65,1,80.50,366.00,0.714,2.0,0.825,0.104,,364,373,false,false,marker_partially_hidden;sd_unavailable
S3,4,humidity,65,light_blue,15,65,2,89.22,366.06,0.857,1.0,0.823,0.052,0.312,364,372,false,true,sd_one_sided
S3,4,humidity,65,light_blue,15,65,3,97.50,366.00,0.810,2.0,0.825,0.104,0.208,362,372,true,false,marker_partially_hidden;sd_one_sided
S3,4,humidity,65,light_blue,15,65,4,106.00,365.00,0.810,2.0,0.877,0.104,,362,368,false,false,marker_partially_hidden;sd_below_marker_radius
S3,4,humidity,65,light_blue,15,65,5,115.00,363.00,0.810,2.0,0.982,0.104,,360,366,false,false,marker_partially_hidden;sd_below_marker_radius
S3,4,humidity,65,light_blue,15,65,6,123.50,362.00,0.810,2.0,1.034,0.104,,360,365,false,false,marker_partially_hidden;sd_below_marker_radius
S3,4,humidity,65,light_blue,15,65,7,131.90,360.95,0.952,1.0,1.088,0.052,0.208,357,364,true,false,sd_one_sided
S3,4,humidity,65,light_blue,15,65,8,140.84,358.16,0.905,1.0,1.233,0.052,,355,363,false,false,sd_unavailable
S3,4,humidity,65,light_blue,15,65,9,149.33,356.33,0.762,2.0,1.328,0.104,0.208,352,362,true,false,marker_partially_hidden;sd_one_sided
S3,4,humidity,65,light_blue,15,65,10,157.33,354.00,0.857,1.0,1.450,0.052,0.260,349,359,false,true,sd_one_sided
S3,4,humidity,65,light_blue,15,65,11,165.72,351.11,0.857,1.0,1.600,0.052,0.312,347,357,false,true,sd_one_sided
S3,4,humidity,65,light_blue,15,65,12,174.50,349.00,0.762,2.0,1.710,0.104,0.312,343,357,true,false,marker_partially_hidden;sd_one_sided
S3,4,humidity,65,light_blue,15,65,13,183.00,346.00,1.000,1.0,1.866,0.052,0.208,342,351,true,false,sd_one_sided
S3,4,humidity,65,light_blue,15,65,14,191.16,342.84,0.905,1.0,2.030,0.052,0.416,338,351,false,true,sd_one_sided
S3,4,humidity,65,light_blue,15,65,15,200.00,340.00,1.000,1.0,2.178,0.052,0.390,334,349,true,true,sd_asymmetric_bar
S3,4,humidity,65,light_blue,15,65,16,208.84,337.05,0.905,1.0,2.331,0.052,,328,345,false,false,sd_unavailable
S3,4,humidity,65,light_blue,15,65,17,217.28,334.11,0.857,1.0,2.484,0.052,0.390,328,343,true,true,sd_asymmetric_bar
S3,4,humidity,65,light_blue,15,65,18,225.84,330.84,0.905,1.0,2.654,0.052,,321,341,false,false,sd_unavailable
S3,4,humidity,65,light_blue,15,65,19,234.94,327.78,0.857,1.0,2.814,0.052,,315,336,false,false,sd_unavailable
S3,4,humidity,65,light_blue,15,65,20,243.00,324.00,1.000,1.0,3.010,0.052,,321,334,false,false,sd_unavailable
S3,4,humidity,65,light_blue,15,65,21,251.84,320.16,0.905,1.0,3.210,0.052,0.728,317,334,false,true,sd_one_sided
S3,4,humidity,65,light_blue,15,65,22,260.67,317.33,0.762,2.0,3.357,0.104,,314,327,false,false,marker_partially_hidden;sd_unavailable
S3,4,humidity,65,light_blue,15,65,23,269.33,313.00,0.857,1.0,3.582,0.052,,300,321,false,false,sd_unavailable
S3,4,humidity,65,light_blue,15,65,24,276.72,309.89,0.857,1.0,3.744,0.052,,306,319,false,false,sd_unavailable
S3,4,humidity,65,light_blue,15,65,25,285.16,305.84,0.905,1.0,3.955,0.052,,303,322,false,false,sd_unavailable
S3,4,humidity,65,light_blue,15,65,26,294.00,302.33,0.857,1.0,4.137,0.052,,286,320,false,false,sd_unavailable
S3,4,humidity,65,light_blue,15,65,27,302.72,298.89,0.857,1.0,4.316,0.052,,288,318,false,false,sd_unavailable
S3,4,humidity,65,light_blue,15,65,28,311.50,295.00,0.810,2.0,4.519,0.104,,287,304,false,false,marker_partially_hidden;sd_unavailable
S3,4,humidity,65,light_blue,15,65,29,320.00,291.00,0.762,2.0,4.727,0.104,,272,310,false,false,marker_partially_hidden;sd_unavailable
S3,4,humidity,65,light_blue,15,65,30,329.00,287.00,0.762,2.0,4.935,0.104,,266,304,false,false,marker_partially_hidden;sd_unavailable
S3,4,humidity,65,light_blue,15,65,31,337.16,283.84,0.905,1.0,5.099,0.052,,272,303,false,false,sd_unavailable
S3,4,humidity,65,light_blue,15,65,32,346.00,280.00,0.762,2.0,5.299,0.104,1.196,257,287,true,false,marker_partially_hidden;sd_one_sided
S3,4,humidity,65,light_blue,15,65,33,354.50,277.00,0.667,2.0,5.455,0.104,,274,291,false,false,marker_partially_hidden;sd_unavailable
S3,4,humidity,65,light_blue,15,65,34,363.50,273.00,0.571,2.0,5.663,0.104,,270,275,false,false,marker_partially_hidden;sd_below_marker_radius
S3,4,humidity,65,light_blue,15,65,35,371.50,269.00,0.810,2.0,5.871,0.104,,266,280,false,false,marker_partially_hidden;sd_unavailable
S3,4,humidity,65,light_blue,15,65,36,379.33,265.00,0.857,1.0,6.079,0.052,,263,268,false,false,sd_below_marker_radius
S3,4,humidity,65,light_blue,15,65,37,388.22,262.06,0.857,1.0,6.232,0.052,,239,287,false,false,sd_unavailable
S3,4,humidity,65,light_blue,15,65,38,396.95,259.10,0.952,1.0,6.386,0.052,,238,267,false,false,sd_unavailable
S3,4,humidity,65,light_blue,15,65,39,405.50,255.50,0.810,2.0,6.573,0.104,,233,260,false,false,marker_partially_hidden;sd_unavailable
S3,4,humidity,65,light_blue,15,65,40,413.79,253.00,0.905,1.0,6.703,0.052,,227,279,false,false,sd_unavailable
S3,4,humidity,65,light_blue,15,65,41,422.67,249.67,0.619,2.0,6.877,0.104,,231,257,false,false,marker_partially_hidden;sd_unavailable
S3,4,humidity,65,light_blue,15,65,42,431.00,247.50,0.667,2.0,6.989,0.104,,224,265,false,false,marker_partially_hidden;sd_unavailable
S3,4,humidity,65,light_blue,15,65,43,439.33,244.00,0.857,1.0,7.172,0.052,,217,265,false,false,sd_unavailable
S3,4,humidity,65,light_blue,15,65,44,448.00,242.50,0.810,2.0,7.250,0.104,,217,265,false,false,marker_partially_hidden;sd_unavailable
S3,4,humidity,65,light_blue,15,65,45,457.00,240.00,0.810,2.0,7.380,0.104,,212,265,false,false,marker_partially_hidden;sd_unavailable
S3,4,humidity,65,light_blue,15,65,46,465.17,237.89,0.857,1.0,7.489,0.052,1.404,234,265,false,true,sd_one_sided
S3,4,humidity,65,light_blue,15,65,47,473.95,236.10,0.952,1.0,7.582,0.052,,208,260,false,false,sd_unavailable
S3,4,humidity,65,light_blue,15,65,48,482.72,236.11,0.857,1.0,7.582,0.052,,233,264,false,false,sd_unavailable
S3,4,humidity,65,light_blue,15,65,49,490.00,235.00,0.810,2.0,7.640,0.104,1.404,208,239,true,false,marker_partially_hidden;sd_one_sided
S3,4,humidity,65,light_blue,15,65,50,499.00,233.00,1.000,1.0,7.744,0.052,1.508,204,237,true,false,sd_one_sided
S3,4,humidity,65,light_blue,15,65,51,507.79,231.00,0.905,1.0,7.848,0.052,,203,255,false,false,sd_unavailable
S3,4,humidity,65,light_blue,15,65,52,516.05,229.90,0.952,1.0,7.905,0.052,,201,239,false,false,sd_unavailable
S3,4,humidity,65,light_blue,15,65,53,525.05,230.16,0.905,1.0,7.892,0.052,,201,235,false,false,sd_unavailable
S3,4,humidity,65,light_blue,15,65,54,533.00,229.00,1.000,1.0,7.952,0.052,,200,232,false,false,sd_unavailable
S3,4,humidity,65,light_blue,15,65,55,542.16,229.16,0.905,1.0,7.944,0.052,,200,258,false,false,sd_unavailable
S3,4,humidity,65,light_blue,15,65,56,550.05,227.10,0.952,1.0,8.051,0.052,,195,255,false,false,sd_unavailable
S3,4,humidity,65,light_blue,15,65,57,559.00,227.00,1.000,1.0,8.056,0.052,,196,258,false,false,sd_unavailable
S3,4,humidity,65,light_blue,15,65,58,567.90,227.05,0.952,1.0,8.053,0.052,,199,236,false,false,sd_unavailable
S3,4,humidity,65,light_blue,15,65,59,576.16,226.16,0.905,1.0,8.100,0.052,,196,230,false,false,sd_unavailable
S3,4,humidity,65,light_blue,15,65,60,585.00,227.00,1.000,1.0,8.056,0.052,,196,258,false,false,sd_unavailable
S3,4,humidity,65,light_blue,15,65,61,593.16,226.16,0.905,1.0,8.100,0.052,,195,258,false,false,sd_unavailable
S3,4,humidity,65,light_blue,15,65,62,601.79,226.00,0.905,1.0,8.108,0.052,,195,232,false,false,sd_unavailable
S3,4,humidity,65,navy,20,65,1,76.72,311.11,0.857,1.0,3.681,0.052,2.185,292,353,false,true,sd_one_sided
S3,4,humidity,65,navy,20,65,2,85.00,312.00,1.000,1.0,3.634,0.052,,308,359,false,false,sd_unavailable
S3,4,humidity,65,navy,20,65,3,93.90,310.95,0.952,1.0,3.689,0.052,,308,315,false,false,sd_unavailable
S3,4,humidity,65,navy,20,65,4,102.50,310.00,0.810,2.0,3.738,0.104,,253,324,false,false,marker_partially_hidden;sd_unavailable
S3,4,humidity,65,navy,20,65,5,111.16,306.84,0.905,1.0,3.903,0.052,,256,342,false,false,sd_unavailable
S3,4,humidity,65,navy,20,65,6,119.84,304.84,0.905,1.0,4.007,0.052,,298,310,false,false,sd_unavailable
S3,4,humidity,65,navy,20,65,7,128.00,303.00,0.810,2.0,4.103,0.104,2.601,256,353,false,true,marker_partially_hidden;sd_one_sided
S3,4,humidity,65,navy,20,65,8,136.16,302.16,0.905,1.0,4.146,0.052,,297,328,false,false,sd_unavailable
S3,4,humidity,65,navy,20,65,9,144.89,296.28,0.857,1.0,4.452,0.052,,252,314,false,false,sd_unavailable
S3,4,humidity,65,navy,20,65,10,153.11,293.28,0.857,1.0,4.608,0.052,,287,334,false,false,sd_unavailable
S3,4,humidity,65,navy,20,65,11,162.00,290.50,0.810,2.0,4.753,0.104,,280,312,false,false,marker_partially_hidden;sd_unavailable
S3,4,humidity,65,navy,20,65,12,170.50,289.00,0.667,2.0,4.831,0.104,,287,303,false,false,marker_partially_hidden;sd_unavailable
S3,4,humidity,65,navy,20,65,13,179.00,285.79,0.905,1.0,4.998,0.052,,272,291,false,false,sd_unavailable
S3,4,humidity,65,navy,20,65,14,187.89,281.28,0.857,1.0,5.232,0.052,0.208,271,285,false,true,sd_one_sided
S3,4,humidity,65,navy,20,65,15,196.06,278.11,0.857,1.0,5.397,0.052,,272,281,false,false,sd_unavailable
S3,4,humidity,65,navy,20,65,16,205.00,275.50,0.810,2.0,5.533,0.104,,271,280,false,false,marker_partially_hidden;sd_unavailable
S3,4,humidity,65,navy,20,65,17,214.00,274.00,0.810,2.0,5.611,0.104,,272,278,false,false,marker_partially_hidden;sd_unavailable
S3,4,humidity,65,navy,20,65,18,222.00,268.50,0.810,2.0,5.897,0.104,,255,283,false,false,marker_partially_hidden;sd_unavailable
S3,4,humidity,65,navy,20,65,19,230.84,264.84,0.905,1.0,6.087,0.052,,253,271,false,false,sd_unavailable
S3,4,humidity,65,navy,20,65,20,239.11,262.28,0.857,1.0,6.221,0.052,,253,272,false,false,sd_unavailable
S3,4,humidity,65,navy,20,65,21,247.16,258.84,0.905,1.0,6.400,0.052,,255,267,false,false,sd_unavailable
S3,4,humidity,65,navy,20,65,22,255.89,256.72,0.857,1.0,6.510,0.052,,248,265,false,false,sd_unavailable
S3,4,humidity,65,navy,20,65,23,265.00,254.00,0.762,2.0,6.651,0.104,,246,263,false,false,marker_partially_hidden;sd_unavailable
S3,4,humidity,65,navy,20,65,24,273.00,253.00,0.810,2.0,6.703,0.104,,247,262,false,false,marker_partially_hidden;sd_unavailable
S3,4,humidity,65,navy,20,65,25,281.89,248.28,0.857,1.0,6.949,0.052,,240,263,false,false,sd_unavailable
S3,4,humidity,65,navy,20,65,26,290.16,246.16,0.905,1.0,7.059,0.052,,241,263,false,false,sd_unavailable
S3,4,humidity,65,navy,20,65,27,298.89,243.28,0.857,1.0,7.209,0.052,,239,263,false,false,sd_unavailable
S3,4,humidity,65,navy,20,65,28,307.00,243.00,0.810,2.0,7.224,0.104,,239,262,false,false,marker_partially_hidden;sd_unavailable
S3,4,humidity,65,navy,20,65,29,316.10,238.05,0.952,1.0,7.481,0.052,,234,260,false,false,sd_unavailable
S3,4,humidity,65,navy,20,65,30,325.00,237.50,0.810,2.0,7.510,0.104,,231,240,false,false,marker_partially_hidden;sd_unavailable
S3,4,humidity,65,navy,20,65,31,333.50,236.00,0.714,2.0,7.588,0.104,,233,239,false,false,marker_partially_hidden;sd_below_marker_radius
S3,4,humidity,65,navy,20,65,32,341.89,234.72,0.857,1.0,7.654,0.052,,229,239,false,false,sd_unavailable
S3,4,humidity,65,navy,20,65,33,350.00,233.00,0.810,2.0,7.744,0.104,,202,251,false,false,marker_partially_hidden;sd_unavailable
S3,4,humidity,65,navy,20,65,34,358.28,231.89,0.857,1.0,7.802,0.052,,225,260,false,false,sd_unavailable
S3,4,humidity,65,navy,20,65,35,367.00,230.00,1.000,1.0,7.900,0.052,,208,262,false,false,sd_unavailable
S3,4,humidity,65,navy,20,65,36,376.00,232.00,0.810,2.0,7.796,0.104,,224,257,false,false,marker_partially_hidden;sd_unavailable
S3,4,humidity,65,navy,20,65,37,384.11,229.28,0.857,1.0,7.937,0.052,,194,250,false,false,sd_unavailable
S3,4,humidity,65,navy,20,65,38,392.89,228.28,0.857,1.0,7.989,0.052,1.821,193,233,true,false,sd_one_sided
S3,4,humidity,65,navy,20,65,39,401.28,228.89,0.857,1.0,7.958,0.052,,192,234,false,false,sd_unavailable
S3,4,humidity,65,navy,20,65,40,410.00,229.50,0.810,2.0,7.926,0.104,,192,233,false,false,marker_partially_hidden;sd_unavailable
S3,4,humidity,65,navy,20,65,41,418.72,228.89,0.857,1.0,7.958,0.052,,224,243,false,false,sd_unavailable
S3,4,humidity,65,navy,20,65,42,427.00,227.00,0.810,2.0,8.056,0.104,,223,264,false,false,marker_partially_hidden;sd_unavailable
S3,4,humidity,65,navy,20,65,43,435.84,228.16,0.905,1.0,7.996,0.052,,218,247,false,false,sd_unavailable
S3,4,humidity,65,navy,20,65,44,444.11,227.72,0.857,1.0,8.018,0.052,,221,254,false,false,sd_unavailable
S3,4,humidity,65,navy,20,65,45,452.28,228.11,0.857,1.0,7.998,0.052,,207,241,false,false,sd_unavailable
S3,4,humidity,65,navy,20,65,46,460.95,228.90,0.952,1.0,7.957,0.052,,208,243,false,false,sd_unavailable
S3,4,humidity,65,navy,20,65,47,470.00,227.00,0.810,2.0,8.056,0.104,,224,240,false,false,marker_partially_hidden;sd_unavailable
S3,4,humidity,65,navy,20,65,48,478.11,227.72,0.857,1.0,8.018,0.052,,189,265,false,false,sd_unavailable
S3,4,humidity,65,navy,20,65,49,486.84,226.16,0.905,1.0,8.100,0.052,,207,261,false,false,sd_unavailable
S3,4,humidity,65,navy,20,65,50,495.11,226.28,0.857,1.0,8.093,0.052,,208,265,false,false,sd_unavailable
S3,4,humidity,65,navy,20,65,51,504.11,226.72,0.857,1.0,8.070,0.052,1.717,203,260,false,true,sd_one_sided
S3,4,humidity,65,navy,20,65,52,512.50,227.00,0.810,2.0,8.056,0.104,,205,255,false,false,marker_partially_hidden;sd_unavailable
S3,4,humidity,65,navy,20,65,53,521.05,227.05,0.905,1.0,8.053,0.052,,200,259,false,false,sd_unavailable
S3,4,humidity,65,navy,20,65,54,529.50,227.00,0.714,2.0,8.056,0.104,,223,234,false,false,marker_partially_hidden;sd_unavailable
S3,4,humidity,65,navy,20,65,55,538.72,226.17,0.857,1.0,8.099,0.052,,223,234,false,false,sd_unavailable
S3,4,humidity,65,navy,20,65,56,546.00,226.00,0.524,2.0,8.108,0.104,,193,263,false,false,marker_partially_hidden;sd_unavailable
S3,4,humidity,65,navy,20,65,57,556.00,225.00,0.762,2.0,8.160,0.104,,192,226,false,false,marker_partially_hidden;sd_unavailable
S3,4,humidity,65,navy,20,65,58,563.28,225.83,0.857,1.0,8.117,0.052,,223,233,false,false,sd_unavailable
S3,4,humidity,65,navy,20,65,59,571.90,224.95,0.952,1.0,8.162,0.052,,213,236,false,false,sd_unavailable
S3,4,humidity,65,navy,20,65,60,580.00,225.00,0.714,2.0,8.160,0.104,,193,265,false,false,marker_partially_hidden;sd_unavailable
S3,4,humidity,65,navy,20,65,61,589.00,226.00,0.667,2.0,8.108,0.104,,192,264,false,false,marker_partially_hidden;sd_unavailable
S3,4,humidity,65,navy,20,65,62,598.00,226.00,0.762,2.0,8.108,0.104,,192,256,false,false,marker_partially_hidden;sd_unavailable
S3,4,humidity,65,orange,25,65,1,78.00,336.00,1.000,1.0,2.386,0.052,1.899,300,373,true,true,
S3,4,humidity,65,orange,25,65,2,86.00,334.00,1.000,1.0,2.490,0.052,2.029,296,373,false,true,sd_one_sided
S3,4,humidity,65,orange,25,65,3,95.00,332.00,1.000,1.0,2.594,0.052,1.977,294,372,true,false,sd_one_sided
S3,4,humidity,65,orange,25,65,4,104.00,331.00,1.000,1.0,2.646,0.052,1.508,304,362,true,true,sd_asymmetric_bar
S3,4,humidity,65,orange,25,65,5,112.00,332.00,1.000,1.0,2.594,0.052,,292,365,false,false,sd_unavailable
S3,4,humidity,65,orange,25,65,6,121.00,335.00,1.000,1.0,2.438,0.052,,310,367,false,false,sd_unavailable
S3,4,humidity,65,orange,25,65,7,130.00,329.00,1.000,1.0,2.750,0.052,1.977,292,367,false,true,sd_one_sided
S3,4,humidity,65,orange,25,65,8,137.00,333.00,0.571,2.0,2.542,0.104,,310,362,false,false,marker_partially_hidden;sd_unavailable
S3,4,humidity,65,orange,25,65,9,145.50,324.00,0.810,2.0,3.010,0.104,1.040,304,363,true,false,marker_partially_hidden;sd_one_sided
S3,4,humidity,65,orange,25,65,10,155.00,328.00,1.000,1.0,2.802,0.052,1.248,301,352,false,true,sd_one_sided
S3,4,humidity,65,orange,25,65,11,163.00,322.00,1.000,1.0,3.114,0.052,,312,348,false,false,sd_unavailable
S3,4,humidity,65,orange,25,65,12,172.00,319.00,1.000,1.0,3.270,0.052,0.364,291,326,false,true,sd_one_sided
S3,4,humidity,65,orange,25,65,13,180.00,316.00,1.000,1.0,3.426,0.052,,289,342,false,false,sd_unavailable
S3,4,humidity,65,orange,25,65,14,189.00,312.00,1.000,1.0,3.634,0.052,1.300,287,337,false,true,sd_one_sided
S3,4,humidity,65,orange,25,65,15,198.00,311.00,1.000,1.0,3.686,0.052,0.988,293,331,true,true,
S3,4,humidity,65,orange,25,65,16,205.72,307.11,0.857,1.0,3.889,0.052,1.092,285,328,false,true,sd_one_sided
S3,4,humidity,65,orange,25,65,17,215.00,305.50,0.714,2.0,3.973,0.104,,287,320,false,false,marker_partially_hidden;sd_unavailable
S3,4,humidity,65,orange,25,65,18,223.00,305.00,0.667,2.0,3.999,0.104,,302,315,false,false,marker_partially_hidden;sd_unavailable
S3,4,humidity,65,orange,25,65,19,231.00,303.00,0.714,2.0,4.103,0.104,0.572,292,307,true,false,marker_partially_hidden;sd_one_sided
S3,4,humidity,65,orange,25,65,20,240.28,295.17,0.857,1.0,4.510,0.052,,287,306,false,false,sd_unavailable
S3,4,humidity,65,orange,25,65,21,249.00,294.00,1.000,1.0,4.571,0.052,,284,304,false,false,sd_unavailable
S3,4,humidity,65,orange,25,65,22,257.00,291.00,1.000,1.0,4.727,0.052,,280,301,false,false,sd_unavailable
S3,4,humidity,65,orange,25,65,23,266.00,290.00,1.000,1.0,4.779,0.052,0.520,280,293,true,false,sd_one_sided
S3,4,humidity,65,orange,25,65,24,274.00,288.00,1.000,1.0,4.883,0.052,,274,300,false,false,sd_unavailable
S3,4,humidity,65,orange,25,65,25,283.00,286.00,1.000,1.0,4.987,0.052,,274,292,false,false,sd_unavailable
S3,4,humidity,65,orange,25,65,26,291.90,282.05,0.952,1.0,5.192,0.052,,272,290,false,false,sd_unavailable
S3,4,humidity,65,orange,25,65,27,300.00,284.00,1.000,1.0,5.091,0.052,0.676,271,289,true,false,sd_one_sided
S3,4,humidity,65,orange,25,65,28,309.00,280.00,1.000,1.0,5.299,0.052,,263,288,false,false,sd_unavailable
S3,4,humidity,65,orange,25,65,29,317.10,280.05,0.952,1.0,5.296,0.052,,261,288,false,false,sd_unavailable
S3,4,humidity,65,orange,25,65,30,326.00,278.00,1.000,1.0,5.403,0.052,,272,287,false,false,sd_unavailable
S3,4,humidity,65,orange,25,65,31,334.00,277.00,1.000,1.0,5.455,0.052,,255,292,false,false,sd_unavailable
S3,4,humidity,65,orange,25,65,32,342.95,275.90,0.952,1.0,5.512,0.052,,255,302,false,false,sd_unavailable
S3,4,humidity,65,orange,25,65,33,351.00,273.89,0.905,1.0,5.617,0.052,1.092,253,291,true,false,sd_one_sided
S3,4,humidity,65,orange,25,65,34,359.67,274.00,0.857,1.0,5.611,0.052,0.676,249,287,false,true,sd_one_sided
S3,4,humidity,65,orange,25,65,35,368.00,273.00,1.000,1.0,5.663,0.052,,267,292,false,false,sd_unavailable
S3,4,humidity,65,orange,25,65,36,377.00,272.00,1.000,1.0,5.715,0.052,1.248,248,291,true,false,sd_one_sided
S3,4,humidity,65,orange,25,65,37,385.90,272.95,0.952,1.0,5.666,0.052,0.936,247,291,false,true,sd_one_sided
S3,4,humidity,65,orange,25,65,38,394.00,270.00,1.000,1.0,5.819,0.052,1.092,245,291,false,true,sd_one_sided
S3,4,humidity,65,orange,25,65,39,403.00,271.00,1.000,1.0,5.767,0.052,,241,289,false,false,sd_unavailable
S3,4,humidity,65,orange,25,65,40,411.00,272.00,1.000,1.0,5.715,0.052,,263,291,false,false,sd_unavailable
S3,4,humidity,65,orange,25,65,41,420.00,272.00,1.000,1.0,5.715,0.052,0.780,243,287,false,true,sd_one_sided
S3,4,humidity,65,orange,25,65,42,428.00,270.00,1.000,1.0,5.819,0.052,,241,276,false,false,sd_unavailable
S3,4,humidity,65,orange,25,65,43,437.00,270.00,1.000,1.0,5.819,0.052,,249,293,false,false,sd_unavailable
S3,4,humidity,65,orange,25,65,44,446.00,269.00,1.000,1.0,5.871,0.052,0.728,248,276,true,true,sd_asymmetric_bar
S3,4,humidity,65,orange,25,65,45,454.00,268.00,1.000,1.0,5.923,0.052,1.300,242,293,false,true,sd_one_sided
S3,4,humidity,65,orange,25,65,46,463.00,270.00,1.000,1.0,5.819,0.052,1.196,255,293,false,true,sd_one_sided
S3,4,humidity,65,orange,25,65,47,471.00,269.00,1.000,1.0,5.871,0.052,1.196,266,292,false,true,sd_one_sided
S3,4,humidity,65,orange,25,65,48,479.00,269.00,1.000,1.0,5.871,0.052,,266,291,false,false,sd_unavailable
S3,4,humidity,65,orange,25,65,49,488.00,270.00,1.000,1.0,5.819,0.052,1.144,240,292,false,true,sd_one_sided
S3,4,humidity,65,orange,25,65,50,496.00,269.00,1.000,1.0,5.871,0.052,,240,294,false,false,sd_unavailable
S3,4,humidity,65,orange,25,65,51,506.00,269.00,1.000,1.0,5.871,0.052,1.508,240,272,true,false,sd_one_sided
S3,4,humidity,65,orange,25,65,52,514.00,269.00,1.000,1.0,5.871,0.052,,238,293,false,false,sd_unavailable
S3,4,humidity,65,orange,25,65,53,522.00,267.00,1.000,1.0,5.975,0.052,,237,302,false,false,sd_unavailable
S3,4,humidity,65,orange,25,65,54,531.00,268.00,1.000,1.0,5.923,0.052,0.416,260,291,true,false,sd_one_sided
S3,4,humidity,65,orange,25,65,55,540.00,269.00,1.000,1.0,5.871,0.052,,240,272,false,false,sd_unavailable
S3,4,humidity,65,orange,25,65,56,548.00,268.00,1.000,1.0,5.923,0.052,,237,293,false,false,sd_unavailable
S3,4,humidity,65,orange,25,65,57,556.00,269.00,1.000,1.0,5.871,0.052,,232,303,false,false,sd_unavailable
S3,4,humidity,65,orange,25,65,58,565.00,267.00,1.000,1.0,5.975,0.052,1.508,238,294,true,false,sd_one_sided
S3,4,humidity,65,orange,25,65,59,573.00,267.00,1.000,1.0,5.975,0.052,1.508,238,295,true,false,sd_one_sided
S3,4,humidity,65,orange,25,65,60,582.00,268.00,1.000,1.0,5.923,0.052,1.300,265,293,false,true,sd_one_sided
S3,4,humidity,65,orange,25,65,61,591.00,269.00,1.000,1.0,5.871,0.052,,237,294,false,false,sd_unavailable
S3,4,humidity,65,orange,25,65,62,599.00,266.00,1.000,1.0,6.027,0.052,0.208,262,293,true,false,sd_one_sided
S3,4,humidity,65,green,30,65,1,78.72,361.89,0.857,1.0,1.039,0.052,,359,364,false,false,sd_below_marker_radius
S3,4,humidity,65,green,30,65,2,87.79,360.00,0.905,1.0,1.138,0.052,0.208,356,363,true,false,sd_one_sided
S3,4,humidity,65,green,30,65,3,95.95,353.84,0.905,1.0,1.458,0.052,,351,356,false,false,sd_below_marker_radius
S3,4,humidity,65,green,30,65,4,105.00,349.00,1.000,1.0,1.710,0.052,,342,352,false,false,sd_unavailable
S3,4,humidity,65,green,30,65,5,113.33,345.00,0.857,1.0,1.918,0.052,,342,348,false,false,sd_below_marker_radius
S3,4,humidity,65,green,30,65,6,121.95,341.05,0.905,1.0,2.123,0.052,,339,345,false,false,sd_unavailable
S3,4,humidity,65,green,30,65,7,130.00,336.00,1.000,1.0,2.386,0.052,0.208,334,340,false,true,sd_one_sided
S3,4,humidity,65,green,30,65,8,139.50,331.50,0.714,2.0,2.620,0.104,,320,336,false,false,marker_partially_hidden;sd_unavailable
S3,4,humidity,65,green,30,65,9,148.00,326.00,0.667,2.0,2.906,0.104,0.260,319,331,false,true,marker_partially_hidden;sd_one_sided
S3,4,humidity,65,green,30,65,10,155.89,321.17,0.857,1.0,3.158,0.052,,319,325,false,false,sd_unavailable
S3,4,humidity,65,green,30,65,11,164.11,316.00,0.905,1.0,3.426,0.052,,313,333,false,false,sd_unavailable
S3,4,humidity,65,green,30,65,12,172.95,313.84,0.905,1.0,3.539,0.052,,311,316,false,false,sd_below_marker_radius
S3,4,humidity,65,green,30,65,13,181.00,310.00,1.000,1.0,3.738,0.052,,307,313,false,false,sd_below_marker_radius
S3,4,humidity,65,green,30,65,14,189.95,307.10,0.952,1.0,3.889,0.052,,294,319,false,false,sd_unavailable
S3,4,humidity,65,green,30,65,15,198.94,305.72,0.857,1.0,3.961,0.052,,303,307,false,false,sd_below_marker_radius
S3,4,humidity,65,green,30,65,16,207.00,303.00,0.810,2.0,4.103,0.104,0.728,281,317,false,true,marker_partially_hidden;sd_one_sided
S3,4,humidity,65,green,30,65,17,216.00,301.50,0.714,2.0,4.181,0.104,,282,326,false,false,marker_partially_hidden;sd_unavailable
S3,4,humidity,65,green,30,65,18,225.00,301.00,0.762,2.0,4.207,0.104,,275,335,false,false,marker_partially_hidden;sd_unavailable
S3,4,humidity,65,green,30,65,19,233.11,298.94,0.857,1.0,4.314,0.052,,277,325,false,false,sd_unavailable
S3,4,humidity,65,green,30,65,20,242.00,299.00,0.762,2.0,4.311,0.104,0.832,284,315,false,true,marker_partially_hidden;sd_one_sided
S3,4,humidity,65,green,30,65,21,250.00,299.00,0.810,2.0,4.311,0.104,0.832,269,315,false,true,marker_partially_hidden;sd_one_sided
S3,4,humidity,65,green,30,65,22,258.95,297.10,0.952,1.0,4.409,0.052,,271,323,false,false,sd_unavailable
S3,4,humidity,65,green,30,65,23,267.00,297.00,1.000,1.0,4.415,0.052,,268,311,false,false,sd_unavailable
S3,4,humidity,65,green,30,65,24,275.28,296.89,0.857,1.0,4.420,0.052,,272,299,false,false,sd_unavailable
S3,4,humidity,65,green,30,65,25,284.00,296.00,1.000,1.0,4.467,0.052,,271,318,false,false,sd_unavailable
S3,4,humidity,65,green,30,65,26,292.84,296.16,0.905,1.0,4.458,0.052,,292,320,false,false,sd_unavailable
S3,4,humidity,65,green,30,65,27,301.00,294.00,0.667,2.0,4.571,0.104,,274,319,false,false,marker_partially_hidden;sd_unavailable
S3,4,humidity,65,green,30,65,29,318.28,296.11,0.857,1.0,4.461,0.052,,262,328,false,false,sd_unavailable
S3,4,humidity,65,green,30,65,30,327.10,295.95,0.952,1.0,4.469,0.052,,256,319,false,false,sd_unavailable
S3,4,humidity,65,green,30,65,31,335.84,295.84,0.905,1.0,4.475,0.052,,269,300,false,false,sd_unavailable
S3,4,humidity,65,green,30,65,32,344.00,295.00,1.000,1.0,4.519,0.052,,263,320,false,false,sd_unavailable
S3,4,humidity,65,green,30,65,33,352.79,295.00,0.905,1.0,4.519,0.052,,262,327,false,false,sd_unavailable
S3,4,humidity,65,green,30,65,34,361.10,295.05,0.952,1.0,4.516,0.052,,288,328,false,false,sd_unavailable
S3,4,humidity,65,green,30,65,35,369.67,295.00,0.857,1.0,4.519,0.052,,286,323,false,false,sd_unavailable
S3,4,humidity,65,green,30,65,36,378.10,295.05,0.952,1.0,4.516,0.052,,262,321,false,false,sd_unavailable
S3,4,humidity,65,green,30,65,37,386.84,295.84,0.905,1.0,4.475,0.052,,268,304,false,false,sd_unavailable
S3,4,humidity,65,green,30,65,38,395.28,295.89,0.857,1.0,4.472,0.052,,265,304,false,false,sd_unavailable
S3,4,humidity,65,green,30,65,39,403.84,295.84,0.905,1.0,4.475,0.052,,262,304,false,false,sd_unavailable
S3,4,humidity,65,green,30,65,40,412.10,295.95,0.952,1.0,4.469,0.052,,256,303,false,false,sd_unavailable
S3,4,humidity,65,green,30,65,41,420.90,295.95,0.952,1.0,4.469,0.052,,266,328,false,false,sd_unavailable
S3,4,humidity,65,green,30,65,42,429.72,296.11,0.857,1.0,4.461,0.052,,265,327,false,false,sd_unavailable
S3,4,humidity,65,green,30,65,43,438.16,296.16,0.905,1.0,4.458,0.052,,265,327,false,false,sd_unavailable
S3,4,humidity,65,green,30,65,44,446.84,296.16,0.905,1.0,4.458,0.052,,292,327,false,false,sd_unavailable
S3,4,humidity,65,green,30,65,45,455.00,297.00,0.810,2.0,4.415,0.104,,294,327,false,false,marker_partially_hidden;sd_unavailable
S3,4,humidity,65,green,30,65,46,464.00,297.00,1.000,1.0,4.415,0.052,,273,320,false,false,sd_unavailable
S3,4,humidity,65,green,30,65,47,472.28,296.89,0.857,1.0,4.420,0.052,,273,303,false,false,sd_unavailable
S3,4,humidity,65,green,30,65,48,480.67,297.33,0.810,2.0,4.397,0.104,,291,327,false,false,marker_partially_hidden;sd_unavailable
S3,4,humidity,65,green,30,65,49,489.16,297.84,0.905,1.0,4.371,0.052,0.208,294,327,true,false,sd_one_sided
S3,4,humidity,65,green,30,65,50,497.84,297.16,0.905,1.0,4.406,0.052,,273,323,false,false,sd_unavailable
S3,4,humidity,65,green,30,65,51,506.16,297.84,0.905,1.0,4.371,0.052,0.208,294,320,true,false,sd_one_sided
S3,4,humidity,65,green,30,65,52,514.95,297.10,0.952,1.0,4.409,0.052,,294,304,false,false,sd_unavailable
S3,4,humidity,65,green,30,65,53,523.50,297.50,0.810,2.0,4.389,0.104,,271,302,false,false,marker_partially_hidden;sd_unavailable
S3,4,humidity,65,green,30,65,54,531.84,297.16,0.905,1.0,4.406,0.052,,288,304,false,false,sd_unavailable
S3,4,humidity,65,green,30,65,55,540.84,297.84,0.905,1.0,4.371,0.052,,273,304,false,false,sd_unavailable
S3,4,humidity,65,green,30,65,56,549.17,297.11,0.857,1.0,4.409,0.052,,295,327,false,false,sd_unavailable
S3,4,humidity,65,green,30,65,57,557.84,297.84,0.905,1.0,4.371,0.052,,293,327,false,false,sd_unavailable
S3,4,humidity,65,green,30,65,58,566.33,298.00,0.857,1.0,4.363,0.052,,272,327,false,false,sd_unavailable
S3,4,humidity,65,green,30,65,59,575.10,297.95,0.952,1.0,4.365,0.052,,293,327,false,false,sd_unavailable
S3,4,humidity,65,green,30,65,60,583.10,298.05,0.952,1.0,4.360,0.052,,295,304,false,false,sd_unavailable
S3,4,humidity,65,green,30,65,61,591.72,298.17,0.857,1.0,4.354,0.052,,273,323,false,false,sd_unavailable
S3,4,humidity,65,green,30,65,62,600.10,299.05,0.952,1.0,4.308,0.052,,273,304,false,false,sd_unavailable
S3,5,humidity,70,light_blue,15,70,1,76.84,350.16,0.905,1.0,1.603,0.052,1.253,326,376,true,false,sd_one_sided
S3,5,humidity,70,light_blue,15,70,2,84.33,363.33,0.524,2.0,0.915,0.104,,362,365,false,false,marker_partially_hidden;sd_below_marker_radius
S3,5,humidity,70,light_blue,15,70,3,92.80,363.40,0.381,2.0,0.911,0.104,,362,366,false,false,marker_partially_hidden;sd_below_marker_radius
S3,5,humidity,70,light_blue,15,70,4,102.16,363.84,0.905,1.0,0.888,0.052,,361,366,false,false,sd_below_marker_radius
S3,5,humidity,70,light_blue,15,70,5,111.00,365.00,1.000,1.0,0.828,0.052,,361,368,false,false,sd_unavailable
S3,5,humidity,70,light_blue,15,70,6,119.90,363.95,0.952,1.0,0.883,0.052,,361,367,false,false,sd_below_marker_radius
S3,5,humidity,70,light_blue,15,70,7,128.10,363.05,0.952,1.0,0.930,0.052,,361,366,false,false,sd_below_marker_radius
S3,5,humidity,70,light_blue,15,70,8,136.00,363.00,1.000,1.0,0.932,0.052,,360,366,false,false,sd_below_marker_radius
S3,5,humidity,70,light_blue,15,70,9,145.00,363.00,1.000,1.0,0.932,0.052,,360,366,false,false,sd_below_marker_radius
S3,5,humidity,70,light_blue,15,70,10,153.16,362.16,0.905,1.0,0.976,0.052,,360,365,false,false,sd_below_marker_radius
S3,5,humidity,70,light_blue,15,70,11,162.00,362.00,1.000,1.0,0.985,0.052,,360,365,false,false,sd_below_marker_radius
S3,5,humidity,70,light_blue,15,70,12,170.16,361.84,0.905,1.0,0.993,0.052,,359,364,false,false,sd_below_marker_radius
S3,5,humidity,70,light_blue,15,70,13,179.00,361.00,1.000,1.0,1.037,0.052,,358,363,false,false,sd_below_marker_radius
S3,5,humidity,70,light_blue,15,70,14,187.89,360.28,0.857,1.0,1.074,0.052,,358,363,false,false,sd_below_marker_radius
S3,5,humidity,70,light_blue,15,70,15,196.11,360.28,0.857,1.0,1.074,0.052,,358,363,false,false,sd_below_marker_radius
S3,5,humidity,70,light_blue,15,70,16,205.00,359.00,1.000,1.0,1.141,0.052,,357,362,false,false,sd_below_marker_radius
S3,5,humidity,70,light_blue,15,70,17,213.84,358.84,0.905,1.0,1.149,0.052,,356,361,false,false,sd_below_marker_radius
S3,5,humidity,70,light_blue,15,70,18,222.11,357.72,0.857,1.0,1.208,0.052,,355,360,false,false,sd_below_marker_radius
S3,5,humidity,70,light_blue,15,70,19,231.00,357.00,1.000,1.0,1.246,0.052,,354,359,false,false,sd_below_marker_radius
S3,5,humidity,70,light_blue,15,70,20,239.16,355.84,0.905,1.0,1.306,0.052,,353,358,false,false,sd_below_marker_radius
S3,5,humidity,70,light_blue,15,70,21,247.16,354.84,0.905,1.0,1.358,0.052,,352,357,false,false,sd_below_marker_radius
S3,5,humidity,70,light_blue,15,70,22,256.00,354.00,1.000,1.0,1.402,0.052,,352,356,false,false,sd_below_marker_radius
S3,5,humidity,70,light_blue,15,70,23,264.28,352.89,0.857,1.0,1.460,0.052,,350,355,false,false,sd_below_marker_radius
S3,5,humidity,70,light_blue,15,70,24,273.00,352.00,1.000,1.0,1.507,0.052,,349,354,false,false,sd_below_marker_radius
S3,5,humidity,70,light_blue,15,70,25,281.84,350.84,0.905,1.0,1.567,0.052,,348,353,false,false,sd_below_marker_radius
S3,5,humidity,70,light_blue,15,70,26,290.10,349.05,0.952,1.0,1.661,0.052,,347,353,false,false,sd_unavailable
S3,5,humidity,70,light_blue,15,70,27,299.00,348.00,1.000,1.0,1.716,0.052,0.209,346,352,false,true,sd_one_sided
S3,5,humidity,70,light_blue,15,70,28,307.72,347.83,0.857,1.0,1.724,0.052,0.209,344,351,true,false,sd_one_sided
S3,5,humidity,70,light_blue,15,70,29,316.00,346.00,1.000,1.0,1.820,0.052,0.209,343,350,false,true,sd_one_sided
S3,5,humidity,70,light_blue,15,70,30,324.84,344.84,0.905,1.0,1.881,0.052,,343,350,false,false,sd_unavailable
S3,5,humidity,70,light_blue,15,70,31,333.00,344.00,0.762,2.0,1.925,0.104,0.261,343,349,false,true,marker_partially_hidden;sd_one_sided
S3,5,humidity,70,light_blue,15,70,32,342.00,342.00,0.476,2.0,2.029,0.104,0.313,336,348,true,false,marker_partially_hidden;sd_one_sided
S3,5,humidity,70,light_blue,15,70,34,357.67,338.33,0.381,2.0,2.220,0.104,0.470,331,347,false,true,marker_partially_hidden;sd_one_sided
S3,5,humidity,70,light_blue,15,70,35,367.00,336.50,0.667,2.0,2.316,0.104,0.366,329,346,true,false,marker_partially_hidden;sd_one_sided
S3,5,humidity,70,light_blue,15,70,36,376.00,336.00,0.810,2.0,2.342,0.104,0.522,326,346,true,true,marker_partially_hidden
S3,5,humidity,70,light_blue,15,70,37,383.95,334.90,0.952,1.0,2.400,0.052,0.574,324,345,true,false,sd_one_sided
S3,5,humidity,70,light_blue,15,70,38,392.95,332.90,0.952,1.0,2.504,0.052,0.574,322,344,true,false,sd_one_sided
S3,5,humidity,70,light_blue,15,70,39,401.16,331.84,0.905,1.0,2.559,0.052,0.627,320,343,true,false,sd_one_sided
S3,5,humidity,70,light_blue,15,70,40,409.89,329.72,0.857,1.0,2.670,0.052,0.627,318,337,true,false,sd_one_sided
S3,5,humidity,70,light_blue,15,70,41,418.84,328.16,0.905,1.0,2.752,0.052,0.679,315,333,true,false,sd_one_sided
S3,5,humidity,70,light_blue,15,70,42,427.16,326.84,0.905,1.0,2.821,0.052,0.731,313,337,true,false,sd_one_sided
S3,5,humidity,70,light_blue,15,70,43,435.95,325.90,0.952,1.0,2.870,0.052,0.783,311,334,true,false,sd_one_sided
S3,5,humidity,70,light_blue,15,70,44,444.16,324.84,0.905,1.0,2.925,0.052,0.783,310,337,true,false,sd_one_sided
S3,5,humidity,70,light_blue,15,70,45,452.16,323.16,0.905,1.0,3.013,0.052,0.783,308,338,true,false,sd_one_sided
S3,5,humidity,70,light_blue,15,70,46,461.00,322.79,0.905,1.0,3.032,0.052,,306,338,false,false,sd_unavailable
S3,5,humidity,70,light_blue,15,70,47,469.72,320.89,0.857,1.0,3.132,0.052,,304,337,false,false,sd_unavailable
S3,5,humidity,70,light_blue,15,70,48,478.05,319.90,0.952,1.0,3.183,0.052,,301,337,false,false,sd_unavailable
S3,5,humidity,70,light_blue,15,70,49,486.89,318.28,0.857,1.0,3.268,0.052,,299,337,false,false,sd_unavailable
S3,5,humidity,70,light_blue,15,70,50,495.16,317.84,0.905,1.0,3.291,0.052,,298,336,false,false,sd_unavailable
S3,5,humidity,70,light_blue,15,70,51,504.00,315.79,0.905,1.0,3.398,0.052,0.992,297,334,true,false,sd_one_sided
S3,5,humidity,70,light_blue,15,70,52,512.79,315.00,0.905,1.0,3.439,0.052,1.018,295,334,true,true,
S3,5,humidity,70,light_blue,15,70,53,521.11,314.28,0.857,1.0,3.477,0.052,1.018,295,334,true,true,
S3,5,humidity,70,light_blue,15,70,54,529.84,313.16,0.905,1.0,3.535,0.052,1.097,292,334,false,true,sd_one_sided
S3,5,humidity,70,light_blue,15,70,55,538.16,313.16,0.905,1.0,3.535,0.052,1.097,292,334,true,true,
S3,5,humidity,70,light_blue,15,70,56,547.00,312.00,1.000,1.0,3.596,0.052,1.097,291,333,true,true,
S3,5,humidity,70,light_blue,15,70,57,555.84,311.84,0.905,1.0,3.604,0.052,1.123,290,333,true,true,
S3,5,humidity,70,light_blue,15,70,58,563.16,310.16,0.905,1.0,3.692,0.052,1.201,287,333,false,true,sd_one_sided
S3,5,humidity,70,light_blue,15,70,59,572.00,311.00,1.000,1.0,3.648,0.052,1.201,288,334,true,false,sd_one_sided
S3,5,humidity,70,light_blue,15,70,60,580.84,309.84,0.905,1.0,3.708,0.052,,287,332,false,false,sd_unavailable
S3,5,humidity,70,light_blue,15,70,61,589.00,309.21,0.905,1.0,3.741,0.052,1.175,287,332,true,true,
S3,5,humidity,70,light_blue,15,70,62,598.00,310.00,1.000,1.0,3.700,0.052,1.149,288,332,true,false,sd_one_sided
S3,5,humidity,70,navy,20,70,1,80.00,362.00,0.810,2.0,0.985,0.104,,360,364,false,false,marker_partially_hidden;sd_below_marker_radius
S3,5,humidity,70,navy,20,70,2,88.95,362.16,0.905,1.0,0.976,0.052,,359,364,false,false,sd_below_marker_radius
S3,5,humidity,70,navy,20,70,3,97.72,362.11,0.857,1.0,0.979,0.052,,359,364,false,false,sd_below_marker_radius
S3,5,humidity,70,navy,20,70,4,106.10,361.95,0.952,1.0,0.987,0.052,,360,364,false,false,sd_below_marker_radius
S3,5,humidity,70,navy,20,70,5,114.83,361.11,0.857,1.0,1.031,0.052,,359,363,false,false,sd_below_marker_radius
S3,5,humidity,70,navy,20,70,6,123.00,359.00,0.810,2.0,1.141,0.104,,358,362,false,false,marker_partially_hidden;sd_below_marker_radius
S3,5,humidity,70,navy,20,70,7,131.89,357.72,0.857,1.0,1.208,0.052,,356,362,false,false,sd_unavailable
S3,5,humidity,70,navy,20,70,8,140.28,356.11,0.857,1.0,1.292,0.052,0.209,354,360,false,true,sd_one_sided
S3,5,humidity,70,navy,20,70,9,149.11,354.72,0.857,1.0,1.365,0.052,0.209,351,359,false,true,sd_one_sided
S3,5,humidity,70,navy,20,70,10,157.72,352.89,0.857,1.0,1.460,0.052,0.313,347,359,false,true,sd_one_sided
S3,5,humidity,70,navy,20,70,11,165.72,351.11,0.857,1.0,1.553,0.052,,344,359,false,false,sd_unavailable
S3,5,humidity,70,navy,20,70,12,174.16,348.16,0.905,1.0,1.707,0.052,,342,358,false,false,sd_unavailable
S3,5,humidity,70,navy,20,70,13,182.95,345.90,0.952,1.0,1.825,0.052,,338,357,false,false,sd_unavailable
S3,5,humidity,70,navy,20,70,14,191.50,342.00,0.810,2.0,2.029,0.104,0.679,334,355,false,true,marker_partially_hidden;sd_one_sided
S3,5,humidity,70,navy,20,70,15,200.05,338.90,0.952,1.0,2.191,0.052,0.679,325,352,false,true,sd_one_sided
S3,5,humidity,70,navy,20,70,16,208.72,334.89,0.857,1.0,2.400,0.052,0.783,319,350,false,true,sd_one_sided
S3,5,humidity,70,navy,20,70,17,217.16,330.16,0.905,1.0,2.647,0.052,,314,346,false,false,sd_unavailable
S3,5,humidity,70,navy,20,70,18,225.84,327.16,0.905,1.0,2.804,0.052,,310,344,false,false,sd_unavailable
S3,5,humidity,70,navy,20,70,19,234.28,323.89,0.857,1.0,2.975,0.052,,306,338,false,false,sd_unavailable
S3,5,humidity,70,navy,20,70,20,243.00,319.50,0.810,2.0,3.204,0.104,,299,339,false,false,marker_partially_hidden;sd_unavailable
S3,5,humidity,70,navy,20,70,21,251.72,316.89,0.857,1.0,3.340,0.052,,295,338,false,false,sd_unavailable
S3,5,humidity,70,navy,20,70,22,260.00,313.50,0.810,2.0,3.517,0.104,1.175,291,336,true,true,marker_partially_hidden
S3,5,humidity,70,navy,20,70,23,268.84,309.84,0.905,1.0,3.708,0.052,,284,335,false,false,sd_unavailable
S3,5,humidity,70,navy,20,70,24,276.89,306.72,0.857,1.0,3.871,0.052,1.410,280,334,true,false,sd_one_sided
S3,5,humidity,70,navy,20,70,25,285.28,303.89,0.857,1.0,4.019,0.052,,301,306,false,false,sd_below_marker_radius
S3,5,humidity,70,navy,20,70,26,293.89,301.72,0.857,1.0,4.132,0.052,1.567,272,331,true,false,sd_one_sided
S3,5,humidity,70,navy,20,70,27,302.72,295.89,0.857,1.0,4.437,0.052,1.828,261,331,true,false,sd_one_sided
S3,5,humidity,70,navy,20,70,28,311.00,294.00,1.000,1.0,4.536,0.052,1.828,259,329,true,false,sd_one_sided
S3,5,humidity,70,navy,20,70,29,319.84,291.16,0.905,1.0,4.684,0.052,1.932,254,329,true,false,sd_one_sided
S3,5,humidity,70,navy,20,70,30,328.16,287.84,0.905,1.0,4.857,0.052,,248,327,false,false,sd_unavailable
S3,5,humidity,70,navy,20,70,31,336.89,284.72,0.857,1.0,5.020,0.052,2.298,241,329,true,false,sd_one_sided
S3,5,humidity,70,navy,20,70,32,346.00,283.00,0.810,2.0,5.110,0.104,,238,327,false,false,marker_partially_hidden;sd_unavailable
S3,5,humidity,70,navy,20,70,33,354.11,279.72,0.857,1.0,5.281,0.052,2.507,232,327,true,false,sd_one_sided
S3,5,humidity,70,navy,20,70,34,362.72,276.11,0.857,1.0,5.470,0.052,,224,328,false,false,sd_unavailable
S3,5,humidity,70,navy,20,70,35,371.28,274.89,0.857,1.0,5.534,0.052,2.872,220,329,true,false,sd_one_sided
S3,5,humidity,70,navy,20,70,36,379.28,271.89,0.857,1.0,5.690,0.052,,217,277,false,false,sd_unavailable
S3,5,humidity,70,navy,20,70,37,387.89,270.72,0.857,1.0,5.751,0.052,2.977,214,327,true,false,sd_one_sided
S3,5,humidity,70,navy,20,70,38,396.72,267.89,0.857,1.0,5.899,0.052,,208,328,false,false,sd_unavailable
S3,5,humidity,70,navy,20,70,39,405.11,266.72,0.857,1.0,5.960,0.052,3.133,207,327,true,false,sd_one_sided
S3,5,humidity,70,navy,20,70,40,413.72,264.89,0.857,1.0,6.056,0.052,3.238,203,327,true,true,
S3,5,humidity,70,navy,20,70,41,422.16,263.16,0.905,1.0,6.146,0.052,3.290,200,326,true,false,sd_one_sided
S3,5,humidity,70,navy,20,70,42,430.89,261.28,0.857,1.0,6.245,0.052,3.395,196,327,true,false,sd_one_sided
S3,5,humidity,70,navy,20,70,43,439.00,259.00,0.810,2.0,6.364,0.104,,191,327,false,false,marker_partially_hidden;sd_unavailable
S3,5,humidity,70,navy,20,70,44,448.00,258.00,1.000,1.0,6.416,0.052,3.682,187,328,true,true,
S3,5,humidity,70,navy,20,70,45,456.84,256.84,0.905,1.0,6.476,0.052,,186,327,false,false,sd_unavailable
S3,5,humidity,70,navy,20,70,46,465.16,253.84,0.905,1.0,6.633,0.052,3.917,179,329,true,false,sd_one_sided
S3,5,humidity,70,navy,20,70,47,473.89,252.72,0.857,1.0,6.691,0.052,,175,330,false,false,sd_unavailable
S3,5,humidity,70,navy,20,70,48,482.00,251.00,0.810,2.0,6.781,0.104,4.073,173,329,true,false,marker_partially_hidden;sd_one_sided
S3,5,humidity,70,navy,20,70,49,490.28,250.11,0.857,1.0,6.828,0.052,4.073,172,328,true,true,
S3,5,humidity,70,navy,20,70,50,499.05,249.90,0.952,1.0,6.839,0.052,,170,328,false,false,sd_unavailable
S3,5,humidity,70,navy,20,70,51,507.89,248.28,0.857,1.0,6.924,0.052,4.178,168,329,true,false,sd_one_sided
S3,5,humidity,70,navy,20,70,52,516.11,247.72,0.857,1.0,6.953,0.052,,166,329,false,false,sd_unavailable
S3,5,humidity,70,navy,20,70,53,524.89,247.72,0.857,1.0,6.953,0.052,4.178,166,328,false,true,sd_one_sided
S3,5,humidity,70,navy,20,70,54,533.28,245.89,0.857,1.0,7.048,0.052,,162,329,false,false,sd_unavailable
S3,5,humidity,70,navy,20,70,55,542.00,247.00,1.000,1.0,6.990,0.052,4.282,165,329,true,true,
S3,5,humidity,70,navy,20,70,56,550.72,245.89,0.857,1.0,7.048,0.052,4.335,163,329,true,false,sd_one_sided
S3,5,humidity,70,navy,20,70,57,559.16,245.16,0.905,1.0,7.087,0.052,4.387,161,329,true,true,
S3,5,humidity,70,navy,20,70,58,568.00,244.00,1.000,1.0,7.147,0.052,4.387,159,328,false,true,sd_one_sided
S3,5,humidity,70,navy,20,70,59,576.00,244.00,0.810,2.0,7.147,0.104,4.439,159,329,true,false,marker_partially_hidden;sd_one_sided
S3,5,humidity,70,navy,20,70,60,584.95,242.90,0.952,1.0,7.204,0.052,,157,328,false,false,sd_unavailable
S3,5,humidity,70,navy,20,70,61,593.05,242.10,0.952,1.0,7.246,0.052,4.491,156,328,true,false,sd_one_sided
S3,5,humidity,70,navy,20,70,62,601.72,242.11,0.857,1.0,7.246,0.052,4.596,154,330,true,true,
S3,5,humidity,70,orange,25,70,1,77.50,360.00,0.762,2.0,1.089,0.104,,357,361,false,false,marker_partially_hidden;sd_below_marker_radius
S3,5,humidity,70,orange,25,70,2,86.00,360.00,0.810,2.0,1.089,0.104,,357,362,false,false,marker_partially_hidden;sd_below_marker_radius
S3,5,humidity,70,orange,25,70,3,95.00,359.50,0.762,2.0,1.115,0.104,,357,361,false,false,marker_partially_hidden;sd_below_marker_radius
S3,5,humidity,70,orange,25,70,4,102.50,358.00,0.429,2.0,1.193,0.104,,356,360,false,false,marker_partially_hidden;sd_below_marker_radius
S3,5,humidity,70,orange,25,70,5,112.00,356.00,0.619,2.0,1.298,0.104,,354,356,false,false,marker_partially_hidden;sd_below_marker_radius
S3,5,humidity,70,orange,25,70,6,120.00,355.00,0.381,2.0,1.350,0.104,,353,358,false,false,marker_partially_hidden;sd_below_marker_radius
S3,5,humidity,70,orange,25,70,7,129.00,353.00,0.476,2.0,1.455,0.104,,350,353,false,false,marker_partially_hidden;sd_below_marker_radius
S3,5,humidity,70,orange,25,70,8,137.50,351.00,0.381,2.0,1.559,0.104,,349,354,false,false,marker_partially_hidden;sd_below_marker_radius
S3,5,humidity,70,orange,25,70,9,146.00,350.00,0.619,2.0,1.611,0.104,,350,352,false,false,marker_partially_hidden;sd_below_marker_radius
S3,5,humidity,70,orange,25,70,10,154.00,348.00,0.714,2.0,1.716,0.104,,347,351,false,false,marker_partially_hidden;sd_below_marker_radius
S3,5,humidity,70,orange,25,70,11,163.00,347.00,1.000,1.0,1.768,0.052,,344,349,false,false,sd_below_marker_radius
S3,5,humidity,70,orange,25,70,12,171.84,344.84,0.905,1.0,1.881,0.052,0.209,341,350,true,false,sd_one_sided
S3,5,humidity,70,orange,25,70,13,180.00,343.00,0.810,2.0,1.977,0.104,0.261,339,349,true,true,marker_partially_hidden
S3,5,humidity,70,orange,25,70,14,189.00,343.00,0.667,2.0,1.977,0.104,,338,348,false,false,marker_partially_hidden;sd_unavailable
S3,5,humidity,70,orange,25,70,15,197.84,342.84,0.905,1.0,1.985,0.052,0.287,337,348,true,true,
S3,5,humidity,70,orange,25,70,16,206.00,342.00,1.000,1.0,2.029,0.052,0.261,337,347,true,false,sd_one_sided
S3,5,humidity,70,orange,25,70,17,215.00,341.00,1.000,1.0,2.081,0.052,,336,347,false,false,sd_unavailable
S3,5,humidity,70,orange,25,70,18,223.00,341.00,1.000,1.0,2.081,0.052,0.261,336,346,true,true,
S3,5,humidity,70,orange,25,70,19,232.00,341.00,1.000,1.0,2.081,0.052,0.261,335,346,false,true,sd_one_sided
S3,5,humidity,70,orange,25,70,20,240.16,340.16,0.905,1.0,2.125,0.052,0.287,335,346,true,true,
S3,5,humidity,70,orange,25,70,21,249.00,341.00,1.000,1.0,2.081,0.052,0.261,335,346,false,true,sd_one_sided
S3,5,humidity,70,orange,25,70,22,257.00,341.00,1.000,1.0,2.081,0.052,0.287,335,346,true,true,
S3,5,humidity,70,orange,25,70,23,266.00,340.00,1.000,1.0,2.133,0.052,0.287,335,346,true,true,
S3,5,humidity,70,orange,25,70,24,274.00,340.00,1.000,1.0,2.133,0.052,0.287,335,346,true,true,
S3,5,humidity,70,orange,25,70,25,283.00,340.00,1.000,1.0,2.133,0.052,0.287,335,346,true,true,
S3,5,humidity,70,orange,25,70,26,292.00,340.00,1.000,1.0,2.133,0.052,0.287,335,346,true,true,
S3,5,humidity,70,orange,25,70,27,300.00,340.00,1.000,1.0,2.133,0.052,0.287,334,345,true,true,
S3,5,humidity,70,orange,25,70,28,309.00,340.00,1.000,1.0,2.133,0.052,0.313,334,345,true,false,sd_one_sided
S3,5,humidity,70,orange,25,70,29,317.00,340.00,1.000,1.0,2.133,0.052,0.313,334,343,true,false,sd_one_sided
S3,5,humidity,70,orange,25,70,30,326.00,340.00,1.000,1.0,2.133,0.052,0.313,334,342,true,false,sd_one_sided
S3,5,humidity,70,orange,25,70,31,335.00,340.00,1.000,1.0,2.133,0.052,0.313,334,346,true,false,sd_one_sided
S3,5,humidity,70,orange,25,70,32,343.00,340.00,1.000,1.0,2.133,0.052,0.313,334,346,true,false,sd_one_sided
S3,5,humidity,70,orange,25,70,33,352.00,340.00,1.000,1.0,2.133,0.052,0.313,334,346,false,true,sd_one_sided
S3,5,humidity,70,orange,25,70,34,360.00,340.00,1.000,1.0,2.133,0.052,,334,346,false,false,sd_unavailable
S3,5,humidity,70,orange,25,70,35,368.00,340.00,1.000,1.0,2.133,0.052,0.313,334,346,false,true,sd_one_sided
S3,5,humidity,70,orange,25,70,36,377.00,340.00,1.000,1.0,2.133,0.052,0.261,338,345,false,true,sd_one_sided
S3,5,humidity,70,orange,25,70,37,386.00,340.00,1.000,1.0,2.133,0.052,0.313,337,346,false,true,sd_one_sided
S3,5,humidity,70,orange,25,70,38,394.00,340.00,1.000,1.0,2.133,0.052,0.313,336,346,false,true,sd_one_sided
S3,5,humidity,70,orange,25,70,39,403.00,340.00,1.000,1.0,2.133,0.052,0.287,335,346,true,true,
S3,5,humidity,70,orange,25,70,40,411.00,340.00,1.000,1.0,2.133,0.052,0.261,335,345,true,true,
S3,5,humidity,70,orange,25,70,41,420.00,340.00,1.000,1.0,2.133,0.052,0.313,334,346,false,true,sd_one_sided
S3,5,humidity,70,orange,25,70,42,428.00,340.00,1.000,1.0,2.133,0.052,0.313,334,346,false,true,sd_one_sided
S3,5,humidity,70,orange,25,70,43,437.00,340.00,1.000,1.0,2.133,0.052,0.261,335,345,true,true,
S3,5,humidity,70,orange,25,70,44,446.00,340.00,1.000,1.0,2.133,0.052,0.261,335,346,true,false,sd_one_sided
S3,5,humidity,70,orange,25,70,45,454.00,340.00,1.000,1.0,2.133,0.052,0.313,334,346,false,true,sd_one_sided
S3,5,humidity,70,orange,25,70,46,463.00,340.00,1.000,1.0,2.133,0.052,0.313,334,346,false,true,sd_one_sided
S3,5,humidity,70,orange,25,70,47,471.00,340.00,1.000,1.0,2.133,0.052,0.313,334,346,false,true,sd_one_sided
S3,5,humidity,70,orange,25,70,48,479.00,340.00,1.000,1.0,2.133,0.052,0.261,335,346,true,false,sd_one_sided
S3,5,humidity,70,orange,25,70,49,488.00,340.00,1.000,1.0,2.133,0.052,0.313,334,346,false,true,sd_one_sided
S3,5,humidity,70,orange,25,70,50,497.00,340.00,1.000,1.0,2.133,0.052,0.313,334,346,false,true,sd_one_sided
S3,5,humidity,70,orange,25,70,51,505.00,340.00,1.000,1.0,2.133,0.052,0.287,335,346,true,true,
S3,5,humidity,70,orange,25,70,52,514.00,340.00,1.000,1.0,2.133,0.052,0.313,334,346,false,true,sd_one_sided
S3,5,humidity,70,orange,25,70,53,522.00,340.00,1.000,1.0,2.133,0.052,0.287,335,346,true,true,
S3,5,humidity,70,orange,25,70,54,531.00,340.00,1.000,1.0,2.133,0.052,0.287,335,346,true,true,
S3,5,humidity,70,orange,25,70,55,540.00,340.00,1.000,1.0,2.133,0.052,0.287,335,346,true,true,
S3,5,humidity,70,orange,25,70,56,548.00,340.00,1.000,1.0,2.133,0.052,0.287,335,346,true,true,
S3,5,humidity,70,orange,25,70,57,557.00,340.00,1.000,1.0,2.133,0.052,0.261,335,346,true,false,sd_one_sided
S3,5,humidity,70,orange,25,70,58,565.00,340.00,1.000,1.0,2.133,0.052,0.261,335,345,true,true,
S3,5,humidity,70,orange,25,70,59,573.00,340.00,1.000,1.0,2.133,0.052,0.313,334,346,true,true,
S3,5,humidity,70,orange,25,70,60,582.00,340.00,1.000,1.0,2.133,0.052,0.313,334,346,true,true,
S3,5,humidity,70,orange,25,70,61,590.00,340.00,1.000,1.0,2.133,0.052,0.261,335,345,true,true,
S3,5,humidity,70,orange,25,70,62,599.00,340.00,1.000,1.0,2.133,0.052,0.313,334,346,true,true,
S3,5,humidity,70,green,30,70,1,79.00,366.00,0.810,2.0,0.776,0.104,,365,368,false,false,marker_partially_hidden;sd_below_marker_radius
S3,5,humidity,70,green,30,70,2,88.00,366.00,0.810,2.0,0.776,0.104,,365,368,false,false,marker_partially_hidden;sd_below_marker_radius
S3,5,humidity,70,green,30,70,3,96.00,365.00,0.571,2.0,0.828,0.104,,364,367,false,false,marker_partially_hidden;sd_below_marker_radius
S3,5,humidity,70,green,30,70,4,105.00,358.50,0.571,2.0,1.167,0.104,,356,359,false,false,marker_partially_hidden;sd_below_marker_radius
S3,5,humidity,70,green,30,70,5,114.00,358.00,0.619,2.0,1.193,0.104,,357,358,false,false,marker_partially_hidden;sd_below_marker_radius
S3,5,humidity,70,green,30,70,6,122.00,355.00,0.762,2.0,1.350,0.104,,352,357,false,false,marker_partially_hidden;sd_below_marker_radius
S3,5,humidity,70,green,30,70,7,130.89,353.28,0.857,1.0,1.440,0.052,0.261,348,355,true,false,sd_one_sided
S3,5,humidity,70,green,30,70,8,139.00,351.00,0.810,2.0,1.559,0.104,0.313,345,354,true,false,marker_partially_hidden;sd_one_sided
S3,5,humidity,70,green,30,70,9,147.95,348.10,0.952,1.0,1.710,0.052,0.444,340,357,true,true,
S3,5,humidity,70,green,30,70,10,155.84,345.16,0.905,1.0,1.864,0.052,0.522,335,356,true,false,sd_one_sided
S3,5,humidity,70,green,30,70,11,164.16,341.84,0.905,1.0,2.037,0.052,0.679,329,355,true,false,sd_one_sided
S3,5,humidity,70,green,30,70,12,173.05,338.10,0.952,1.0,2.233,0.052,0.836,322,354,true,true,
S3,5,humidity,70,green,30,70,13,181.84,334.84,0.905,1.0,2.403,0.052,,317,352,false,false,sd_unavailable
S3,5,humidity,70,green,30,70,14,190.16,331.16,0.905,1.0,2.595,0.052,,312,351,false,false,sd_unavailable
S3,5,humidity,70,green,30,70,15,199.00,328.00,1.000,1.0,2.760,0.052,1.149,306,349,true,false,sd_one_sided
S3,5,humidity,70,green,30,70,16,207.16,323.84,0.905,1.0,2.977,0.052,1.253,300,348,true,true,
S3,5,humidity,70,green,30,70,17,215.89,321.28,0.857,1.0,3.111,0.052,,296,346,false,false,sd_unavailable
S3,5,humidity,70,green,30,70,18,224.84,318.16,0.905,1.0,3.274,0.052,1.306,293,345,true,false,sd_one_sided
S3,5,humidity,70,green,30,70,19,233.16,316.84,0.905,1.0,3.343,0.052,1.410,290,338,true,false,sd_one_sided
S3,5,humidity,70,green,30,70,20,241.84,314.16,0.905,1.0,3.483,0.052,1.358,288,338,true,false,sd_one_sided
S3,5,humidity,70,green,30,70,21,250.11,312.28,0.857,1.0,3.581,0.052,1.358,286,337,true,false,sd_one_sided
S3,5,humidity,70,green,30,70,22,258.67,310.33,0.619,2.0,3.683,0.104,1.306,285,338,true,false,marker_partially_hidden;sd_one_sided
S3,5,humidity,70,green,30,70,23,267.00,309.00,0.524,2.0,3.752,0.104,1.410,282,337,true,false,marker_partially_hidden;sd_one_sided
S3,5,humidity,70,green,30,70,24,275.00,309.50,0.524,2.0,3.726,0.104,,282,334,false,false,marker_partially_hidden;sd_unavailable
S3,5,humidity,70,green,30,70,25,284.11,307.94,0.857,1.0,3.808,0.052,1.384,281,334,true,true,
S3,5,humidity,70,green,30,70,26,292.90,306.95,0.952,1.0,3.859,0.052,,280,334,false,false,sd_unavailable
S3,5,humidity,70,green,30,70,27,301.16,306.16,0.905,1.0,3.901,0.052,1.410,279,333,false,true,sd_one_sided
S3,5,humidity,70,green,30,70,28,310.00,305.79,0.905,1.0,3.920,0.052,,279,333,false,false,sd_unavailable
S3,5,humidity,70,green,30,70,29,318.28,305.11,0.857,1.0,3.955,0.052,1.384,279,332,true,true,
S3,5,humidity,70,green,30,70,30,327.00,305.00,1.000,1.0,3.961,0.052,1.410,278,332,false,true,sd_one_sided
S3,5,humidity,70,green,30,70,31,336.00,305.00,1.000,1.0,3.961,0.052,,278,332,false,false,sd_unavailable
S3,5,humidity,70,green,30,70,32,344.16,305.16,0.905,1.0,3.953,0.052,1.410,278,332,false,true,sd_one_sided
S3,5,humidity,70,green,30,70,33,353.00,305.00,1.000,1.0,3.961,0.052,1.410,282,332,false,true,sd_one_sided
S3,5,humidity,70,green,30,70,34,361.84,304.16,0.905,1.0,4.005,0.052,,302,307,false,false,sd_below_marker_radius
S3,5,humidity,70,green,30,70,35,369.84,304.84,0.905,1.0,3.970,0.052,,278,332,false,false,sd_unavailable
S3,5,humidity,70,green,30,70,36,378.16,304.84,0.905,1.0,3.970,0.052,1.410,278,332,true,false,sd_one_sided
S3,5,humidity,70,green,30,70,37,386.84,305.16,0.905,1.0,3.953,0.052,1.410,278,332,false,true,sd_one_sided
S3,5,humidity,70,green,30,70,38,395.16,304.84,0.905,1.0,3.970,0.052,1.384,278,331,true,true,
S3,5,humidity,70,green,30,70,39,403.89,304.28,0.857,1.0,3.999,0.052,,277,331,false,false,sd_unavailable
S3,5,humidity,70,green,30,70,40,412.16,304.16,0.905,1.0,4.005,0.052,1.358,278,332,true,false,sd_one_sided
S3,5,humidity,70,green,30,70,41,421.11,304.72,0.857,1.0,3.976,0.052,1.410,277,332,false,true,sd_one_sided
S3,5,humidity,70,green,30,70,42,429.84,304.16,0.905,1.0,4.005,0.052,,277,332,false,false,sd_unavailable
S3,5,humidity,70,green,30,70,43,438.11,304.28,0.857,1.0,3.999,0.052,1.410,278,332,true,true,
S3,5,humidity,70,green,30,70,44,447.00,304.00,1.000,1.0,4.014,0.052,,277,332,false,false,sd_unavailable
S3,5,humidity,70,green,30,70,45,455.28,305.11,0.857,1.0,3.955,0.052,1.410,278,332,false,true,sd_one_sided
S3,5,humidity,70,green,30,70,46,464.00,305.00,1.000,1.0,3.961,0.052,1.410,279,332,false,true,sd_one_sided
S3,5,humidity,70,green,30,70,47,472.84,305.84,0.905,1.0,3.917,0.052,,303,308,false,false,sd_below_marker_radius
S3,5,humidity,70,green,30,70,48,480.84,305.16,0.905,1.0,3.953,0.052,1.410,279,332,false,true,sd_one_sided
S3,5,humidity,70,green,30,70,49,489.05,305.90,0.952,1.0,3.914,0.052,1.384,279,332,true,true,
S3,5,humidity,70,green,30,70,50,498.00,305.00,1.000,1.0,3.961,0.052,1.410,279,332,false,true,sd_one_sided
S3,5,humidity,70,green,30,70,51,506.05,305.10,0.952,1.0,3.956,0.052,1.410,278,332,false,true,sd_one_sided
S3,5,humidity,70,green,30,70,52,515.00,304.79,0.905,1.0,3.972,0.052,1.410,278,332,true,true,
S3,5,humidity,70,green,30,70,53,523.84,305.16,0.905,1.0,3.953,0.052,1.384,279,332,true,true,
S3,5,humidity,70,green,30,70,54,532.05,305.90,0.952,1.0,3.914,0.052,1.384,279,332,true,true,
S3,5,humidity,70,green,30,70,55,540.84,305.84,0.905,1.0,3.917,0.052,1.358,279,332,false,true,sd_one_sided
S3,5,humidity,70,green,30,70,56,549.16,305.84,0.905,1.0,3.917,0.052,1.384,279,332,true,true,
S3,5,humidity,70,green,30,70,57,558.00,305.00,1.000,1.0,3.961,0.052,1.410,279,332,false,true,sd_one_sided
S3,5,humidity,70,green,30,70,58,566.16,305.84,0.905,1.0,3.917,0.052,1.384,279,332,true,true,
S3,5,humidity,70,green,30,70,59,575.00,305.00,1.000,1.0,3.961,0.052,1.410,278,332,false,true,sd_one_sided
S3,5,humidity,70,green,30,70,60,583.00,305.00,1.000,1.0,3.961,0.052,1.410,278,332,false,true,sd_one_sided
S3,5,humidity,70,green,30,70,61,592.00,305.00,1.000,1.0,3.961,0.052,1.410,278,332,false,true,sd_one_sided
S3,5,humidity,70,green,30,70,62,600.05,305.10,0.952,1.0,3.956,0.052,1.384,279,332,true,true,
S3,6,humidity,75,light_blue,15,75,1,76.00,366.00,0.476,2.0,0.776,0.104,,365,369,false,false,marker_partially_hidden;sd_below_marker_radius
S3,6,humidity,75,light_blue,15,75,2,85.00,366.00,0.714,2.0,0.776,0.104,,365,368,false,false,marker_partially_hidden;sd_below_marker_radius
S3,6,humidity,75,light_blue,15,75,3,94.00,364.00,0.524,2.0,0.880,0.104,0.209,364,368,false,true,marker_partially_hidden;sd_one_sided
S3,6,humidity,75,light_blue,15,75,7,128.00,354.00,0.714,2.0,1.402,0.104,,352,355,false,false,marker_partially_hidden;sd_below_marker_radius
S3,6,humidity,75,light_blue,15,75,8,136.00,351.50,0.810,2.0,1.533,0.104,,349,353,false,false,marker_partially_hidden;sd_below_marker_radius
S3,6,humidity,75,light_blue,15,75,9,144.95,349.10,0.952,1.0,1.658,0.052,,347,351,false,false,sd_below_marker_radius
S3,6,humidity,75,light_blue,15,75,10,153.11,347.72,0.857,1.0,1.730,0.052,,345,350,false,false,sd_below_marker_radius
S3,6,humidity,75,light_blue,15,75,11,161.95,345.79,0.905,1.0,1.831,0.052,,343,347,false,false,sd_below_marker_radius
S3,6,humidity,75,light_blue,15,75,12,170.00,342.00,0.714,2.0,2.029,0.104,,340,343,false,false,marker_partially_hidden;sd_below_marker_radius
S3,6,humidity,75,light_blue,15,75,13,179.00,339.00,0.619,2.0,2.186,0.104,,337,339,false,false,marker_partially_hidden;sd_below_marker_radius
S3,6,humidity,75,light_blue,15,75,14,187.00,336.00,0.381,2.0,2.342,0.104,,334,341,false,false,marker_partially_hidden;sd_unavailable
S3,6,humidity,75,light_blue,15,75,15,195.67,335.67,0.476,2.0,2.360,0.104,,331,338,false,false,marker_partially_hidden;sd_unavailable
S3,6,humidity,75,light_blue,15,75,16,205.00,332.50,0.714,2.0,2.525,0.104,,332,336,false,false,marker_partially_hidden;sd_unavailable
S3,6,humidity,75,light_blue,15,75,17,213.50,330.00,0.810,2.0,2.656,0.104,,328,333,false,false,marker_partially_hidden;sd_below_marker_radius
S3,6,humidity,75,light_blue,15,75,18,221.50,326.00,0.524,2.0,2.865,0.104,,324,331,false,false,marker_partially_hidden;sd_unavailable
S3,6,humidity,75,light_blue,15,75,19,230.67,322.33,0.762,2.0,3.056,0.104,,321,324,false,false,marker_partially_hidden;sd_below_marker_radius
S3,6,humidity,75,light_blue,15,75,20,239.00,319.00,1.000,1.0,3.230,0.052,,317,324,false,false,sd_unavailable
S3,6,humidity,75,light_blue,15,75,21,247.16,315.84,0.905,1.0,3.395,0.052,,311,322,false,false,sd_unavailable
S3,6,humidity,75,light_blue,15,75,22,256.00,313.00,1.000,1.0,3.543,0.052,0.366,309,320,false,true,sd_one_sided
S3,6,humidity,75,light_blue,15,75,23,264.28,309.11,0.857,1.0,3.747,0.052,0.418,304,317,false,true,sd_one_sided
S3,6,humidity,75,light_blue,15,75,24,273.00,306.00,1.000,1.0,3.909,0.052,,301,315,false,false,sd_unavailable
S3,6,humidity,75,light_blue,15,75,25,281.84,303.16,0.905,1.0,4.057,0.052,0.470,296,312,false,true,sd_one_sided
S3,6,humidity,75,light_blue,15,75,26,290.00,300.00,1.000,1.0,4.222,0.052,0.522,293,310,false,true,sd_one_sided
S3,6,humidity,75,light_blue,15,75,27,299.00,297.79,0.905,1.0,4.338,0.052,0.470,289,307,false,true,sd_one_sided
S3,6,humidity,75,light_blue,15,75,28,307.84,294.16,0.905,1.0,4.527,0.052,0.496,285,304,true,true,
S3,6,humidity,75,light_blue,15,75,29,316.00,292.00,1.000,1.0,4.640,0.052,0.627,281,304,false,true,sd_one_sided
S3,6,humidity,75,light_blue,15,75,30,324.90,291.05,0.952,1.0,4.690,0.052,,278,304,false,false,sd_unavailable
S3,6,humidity,75,light_blue,15,75,31,333.05,288.90,0.952,1.0,4.802,0.052,0.731,275,303,false,true,sd_one_sided
S3,6,humidity,75,light_blue,15,75,32,342.00,287.00,1.000,1.0,4.901,0.052,,272,303,false,false,sd_unavailable
S3,6,humidity,75,light_blue,15,75,33,350.00,286.00,1.000,1.0,4.954,0.052,0.731,271,300,false,true,sd_one_sided
S3,6,humidity,75,light_blue,15,75,34,358.16,285.84,0.905,1.0,4.962,0.052,,269,302,false,false,sd_unavailable
S3,6,humidity,75,light_blue,15,75,35,367.00,284.00,1.000,1.0,5.058,0.052,0.836,268,300,false,true,sd_one_sided
S3,6,humidity,75,light_blue,15,75,36,375.84,283.84,0.905,1.0,5.066,0.052,0.836,268,300,true,true,
S3,6,humidity,75,light_blue,15,75,37,384.16,282.16,0.905,1.0,5.154,0.052,0.809,267,298,true,true,
S3,6,humidity,75,light_blue,15,75,38,392.84,282.16,0.905,1.0,5.154,0.052,0.836,266,298,false,true,sd_one_sided
S3,6,humidity,75,light_blue,15,75,39,401.16,281.84,0.905,1.0,5.171,0.052,0.836,266,298,true,false,sd_one_sided
S3,6,humidity,75,light_blue,15,75,40,410.05,280.90,0.952,1.0,5.220,0.052,0.836,264,297,false,true,sd_one_sided
S3,6,humidity,75,light_blue,15,75,41,418.90,280.05,0.952,1.0,5.264,0.052,0.836,264,296,true,true,
S3,6,humidity,75,light_blue,15,75,42,427.11,279.72,0.857,1.0,5.281,0.052,0.836,263,296,false,true,sd_one_sided
S3,6,humidity,75,light_blue,15,75,43,436.00,279.00,1.000,1.0,5.319,0.052,0.836,263,295,true,true,
S3,6,humidity,75,light_blue,15,75,44,444.16,278.16,0.905,1.0,5.363,0.052,0.888,261,295,false,true,sd_one_sided
S3,6,humidity,75,light_blue,15,75,45,452.16,277.84,0.905,1.0,5.380,0.052,0.888,260,295,false,true,sd_one_sided
S3,6,humidity,75,light_blue,15,75,46,461.05,276.90,0.952,1.0,5.429,0.052,0.888,259,294,false,true,sd_one_sided
S3,6,humidity,75,light_blue,15,75,47,469.84,276.84,0.905,1.0,5.432,0.052,0.888,258,294,false,true,sd_one_sided
S3,6,humidity,75,light_blue,15,75,48,478.00,276.00,1.000,1.0,5.476,0.052,0.940,258,294,true,true,
S3,6,humidity,75,light_blue,15,75,49,487.00,276.00,1.000,1.0,5.476,0.052,0.992,257,295,false,true,sd_one_sided
S3,6,humidity,75,light_blue,15,75,50,495.16,275.84,0.905,1.0,5.484,0.052,0.966,257,294,true,true,
S3,6,humidity,75,light_blue,15,75,51,504.05,275.10,0.952,1.0,5.523,0.052,0.992,257,294,false,true,sd_one_sided
S3,6,humidity,75,light_blue,15,75,52,512.90,274.95,0.952,1.0,5.531,0.052,0.992,256,294,false,true,sd_one_sided
S3,6,humidity,75,light_blue,15,75,53,521.16,275.16,0.905,1.0,5.520,0.052,1.044,256,295,false,true,sd_one_sided
S3,6,humidity,75,light_blue,15,75,54,530.00,275.00,1.000,1.0,5.528,0.052,0.966,256,293,true,true,
S3,6,humidity,75,light_blue,15,75,55,538.16,274.16,0.905,1.0,5.572,0.052,0.992,256,293,false,true,sd_one_sided
S3,6,humidity,75,light_blue,15,75,56,547.00,275.00,1.000,1.0,5.528,0.052,0.940,256,293,false,true,sd_one_sided
S3,6,humidity,75,light_blue,15,75,57,555.72,274.89,0.857,1.0,5.534,0.052,0.992,273,294,false,true,sd_one_sided
S3,6,humidity,75,light_blue,15,75,58,563.84,273.84,0.905,1.0,5.588,0.052,,255,293,false,false,sd_unavailable
S3,6,humidity,75,light_blue,15,75,59,572.05,273.90,0.952,1.0,5.585,0.052,0.992,255,293,true,true,
S3,6,humidity,75,light_blue,15,75,60,580.84,273.84,0.905,1.0,5.588,0.052,,255,293,false,false,sd_unavailable
S3,6,humidity,75,light_blue,15,75,61,589.16,274.16,0.905,1.0,5.572,0.052,,254,294,false,false,sd_unavailable
S3,6,humidity,75,light_blue,15,75,62,598.00,272.79,0.905,1.0,5.643,0.052,1.044,252,293,false,true,sd_one_sided
S3,6,humidity,75,navy,20,75,1,77.00,362.50,0.381,2.0,0.958,0.104,,360,364,false,false,marker_partially_hidden;sd_below_marker_radius
S3,6,humidity,75,navy,20,75,3,94.50,362.00,0.524,2.0,0.984,0.104,0.261,360,367,false,true,marker_partially_hidden;sd_one_sided
S3,6,humidity,75,navy,20,75,4,103.50,361.00,0.476,2.0,1.037,0.104,,357,366,false,false,marker_partially_hidden;sd_unavailable
S3,6,humidity,75,navy,20,75,5,112.16,359.84,0.905,1.0,1.097,0.052,0.209,355,364,false,true,sd_one_sided
S3,6,humidity,75,navy,20,75,6,120.84,358.16,0.905,1.0,1.185,0.052,0.209,354,362,true,true,
S3,6,humidity,75,navy,20,75,7,129.22,356.94,0.857,1.0,1.249,0.052,0.261,355,362,false,true,sd_one_sided
S3,6,humidity,75,navy,20,75,8,138.00,355.21,0.905,1.0,1.339,0.052,0.313,349,361,true,true,
S3,6,humidity,75,navy,20,75,9,146.00,353.50,0.810,2.0,1.428,0.104,0.313,347,360,false,true,marker_partially_hidden;sd_one_sided
S3,6,humidity,75,navy,20,75,10,154.72,352.11,0.857,1.0,1.501,0.052,0.366,345,360,true,false,sd_one_sided
S3,6,humidity,75,navy,20,75,11,163.00,349.50,0.810,2.0,1.637,0.104,0.418,341,357,true,true,marker_partially_hidden
S3,6,humidity,75,navy,20,75,12,171.89,345.28,0.857,1.0,1.858,0.052,0.470,337,354,false,true,sd_one_sided
S3,6,humidity,75,navy,20,75,13,180.28,341.89,0.857,1.0,2.035,0.052,,332,352,false,false,sd_unavailable
S3,6,humidity,75,navy,20,75,14,189.00,337.79,0.905,1.0,2.249,0.052,0.522,331,348,false,true,sd_one_sided
S3,6,humidity,75,navy,20,75,15,198.00,333.50,0.810,2.0,2.473,0.104,0.574,322,345,false,true,marker_partially_hidden;sd_one_sided
S3,6,humidity,75,navy,20,75,16,206.00,330.00,0.714,2.0,2.656,0.104,0.627,317,342,false,true,marker_partially_hidden;sd_one_sided
S3,6,humidity,75,navy,20,75,18,223.00,321.50,0.667,2.0,3.100,0.104,0.679,309,335,true,false,marker_partially_hidden;sd_one_sided
S3,6,humidity,75,navy,20,75,19,232.00,318.00,1.000,1.0,3.282,0.052,0.679,305,331,true,false,sd_one_sided
S3,6,humidity,75,navy,20,75,20,240.28,314.11,0.857,1.0,3.485,0.052,0.679,301,328,true,false,sd_one_sided
S3,6,humidity,75,navy,20,75,21,248.95,308.90,0.952,1.0,3.758,0.052,0.731,295,322,true,false,sd_one_sided
S3,6,humidity,75,navy,20,75,22,257.10,305.95,0.952,1.0,3.912,0.052,0.783,291,321,true,false,sd_one_sided
S3,6,humidity,75,navy,20,75,23,265.95,301.10,0.952,1.0,4.165,0.052,0.731,287,315,true,false,sd_one_sided
S3,6,humidity,75,navy,20,75,24,274.28,298.11,0.857,1.0,4.321,0.052,,281,315,false,false,sd_unavailable
S3,6,humidity,75,navy,20,75,25,283.00,293.00,1.000,1.0,4.588,0.052,0.783,278,309,true,false,sd_one_sided
S3,6,humidity,75,navy,20,75,26,291.50,291.00,0.810,2.0,4.692,0.104,,276,308,false,false,marker_partially_hidden;sd_unavailable
S3,6,humidity,75,navy,20,75,27,300.00,286.00,1.000,1.0,4.954,0.052,1.044,266,306,true,true,
S3,6,humidity,75,navy,20,75,28,308.84,281.84,0.905,1.0,5.171,0.052,,261,302,false,false,sd_unavailable
S3,6,humidity,75,navy,20,75,29,317.11,278.28,0.857,1.0,5.357,0.052,1.149,256,300,true,true,
S3,6,humidity,75,navy,20,75,30,326.00,274.00,0.667,2.0,5.580,0.104,,251,297,false,false,marker_partially_hidden;sd_unavailable
S3,6,humidity,75,navy,20,75,31,334.50,270.00,0.714,2.0,5.789,0.104,,246,294,false,false,marker_partially_hidden;sd_unavailable
S3,6,humidity,75,navy,20,75,32,343.00,267.00,0.762,2.0,5.946,0.104,1.462,239,295,false,true,marker_partially_hidden;sd_one_sided
S3,6,humidity,75,navy,20,75,33,352.00,264.00,0.619,2.0,6.102,0.104,,234,293,false,false,marker_partially_hidden;sd_unavailable
S3,6,humidity,75,navy,20,75,34,359.89,258.28,0.857,1.0,6.401,0.052,1.697,226,291,true,true,
S3,6,humidity,75,navy,20,75,35,368.28,255.11,0.857,1.0,6.567,0.052,1.828,220,290,true,true,
S3,6,humidity,75,navy,20,75,36,376.95,252.10,0.952,1.0,6.724,0.052,1.985,214,291,true,false,sd_one_sided
S3,6,humidity,75,navy,20,75,37,385.28,248.89,0.857,1.0,6.892,0.052,2.089,208,289,false,true,sd_one_sided
S3,6,humidity,75,navy,20,75,38,394.00,244.00,1.000,1.0,7.147,0.052,2.089,204,280,true,false,sd_one_sided
S3,6,humidity,75,navy,20,75,39,403.00,244.00,0.810,2.0,7.147,0.104,2.455,197,291,true,false,marker_partially_hidden;sd_one_sided
S3,6,humidity,75,navy,20,75,40,411.16,238.84,0.905,1.0,7.416,0.052,2.402,193,285,true,false,sd_one_sided
S3,6,humidity,75,navy,20,75,41,420.00,237.00,1.000,1.0,7.513,0.052,2.559,188,286,false,true,sd_one_sided
S3,6,humidity,75,navy,20,75,42,428.00,233.50,0.810,2.0,7.695,0.104,2.716,182,285,true,false,marker_partially_hidden;sd_one_sided
S3,6,humidity,75,navy,20,75,43,437.00,233.50,0.810,2.0,7.695,0.104,2.872,178,288,true,true,marker_partially_hidden
S3,6,humidity,75,navy,20,75,44,445.72,228.89,0.857,1.0,7.936,0.052,2.872,174,284,true,false,sd_one_sided
S3,6,humidity,75,navy,20,75,45,454.16,227.16,0.905,1.0,8.027,0.052,3.133,167,287,true,false,sd_one_sided
S3,6,humidity,75,navy,20,75,46,462.84,225.16,0.905,1.0,8.131,0.052,,163,288,false,false,sd_unavailable
S3,6,humidity,75,navy,20,75,47,470.95,221.10,0.952,1.0,8.343,0.052,3.264,159,284,true,true,
S3,6,humidity,75,navy,20,75,48,479.28,221.89,0.857,1.0,8.302,0.052,,155,289,false,false,sd_unavailable
S3,6,humidity,75,navy,20,75,49,488.11,216.28,0.857,1.0,8.595,0.052,3.499,149,284,true,false,sd_one_sided
S3,6,humidity,75,navy,20,75,50,496.72,214.89,0.857,1.0,8.667,0.052,,145,285,false,false,sd_unavailable
S3,6,humidity,75,navy,20,75,51,505.16,214.16,0.905,1.0,8.705,0.052,3.760,142,287,true,false,sd_one_sided
S3,6,humidity,75,navy,20,75,52,513.89,213.72,0.857,1.0,8.728,0.052,3.865,138,288,false,true,sd_one_sided
S3,6,humidity,75,navy,20,75,53,522.00,209.00,0.810,2.0,8.975,0.104,3.838,135,282,true,true,marker_partially_hidden
S3,6,humidity,75,navy,20,75,54,531.00,208.50,0.810,2.0,9.001,0.104,4.047,131,286,true,true,marker_partially_hidden
S3,6,humidity,75,navy,20,75,55,539.83,205.72,0.857,1.0,9.146,0.052,4.126,126,285,false,true,sd_one_sided
S3,6,humidity,75,navy,20,75,56,548.11,204.28,0.857,1.0,9.221,0.052,4.256,123,286,true,true,
S3,6,humidity,75,navy,20,75,57,556.84,203.16,0.905,1.0,9.280,0.052,4.361,120,287,true,true,
S3,6,humidity,75,navy,20,75,58,565.28,200.89,0.857,1.0,9.398,0.052,4.387,117,285,true,true,
S3,6,humidity,75,navy,20,75,59,573.16,198.84,0.905,1.0,9.505,0.052,4.544,112,286,true,false,sd_one_sided
S3,6,humidity,75,navy,20,75,60,581.89,197.28,0.857,1.0,9.587,0.052,4.700,107,288,true,false,sd_one_sided
S3,6,humidity,75,navy,20,75,61,590.72,196.89,0.857,1.0,9.607,0.052,4.831,104,289,true,true,
S3,6,humidity,75,navy,20,75,62,599.00,195.00,1.000,1.0,9.706,0.052,4.857,102,289,true,false,sd_one_sided
S3,6,humidity,75,orange,25,75,1,80.16,362.84,0.905,1.0,0.941,0.052,,360,365,false,false,sd_below_marker_radius
S3,6,humidity,75,orange,25,75,2,89.00,362.00,1.000,1.0,0.984,0.052,,360,364,false,false,sd_below_marker_radius
S3,6,humidity,75,orange,25,75,3,97.90,362.05,0.952,1.0,0.982,0.052,,360,365,false,false,sd_below_marker_radius
S3,6,humidity,75,orange,25,75,4,106.00,360.00,1.000,1.0,1.089,0.052,,357,362,false,false,sd_below_marker_radius
S3,6,humidity,75,orange,25,75,5,114.90,355.95,0.952,1.0,1.300,0.052,,353,358,false,false,sd_below_marker_radius
S3,6,humidity,75,orange,25,75,6,123.00,352.00,1.000,1.0,1.507,0.052,,350,355,false,false,sd_below_marker_radius
S3,6,humidity,75,orange,25,75,7,132.00,348.00,1.000,1.0,1.716,0.052,,346,351,false,false,sd_below_marker_radius
S3,6,humidity,75,orange,25,75,8,140.05,344.10,0.952,1.0,1.919,0.052,,342,347,false,false,sd_below_marker_radius
S3,6,humidity,75,orange,25,75,9,149.00,340.00,1.000,1.0,2.133,0.052,,338,343,false,false,sd_below_marker_radius
S3,6,humidity,75,orange,25,75,10,157.95,336.90,0.952,1.0,2.295,0.052,,334,339,false,false,sd_below_marker_radius
S3,6,humidity,75,orange,25,75,11,165.84,332.16,0.905,1.0,2.543,0.052,,329,337,false,false,sd_unavailable
S3,6,humidity,75,orange,25,75,12,174.05,327.90,0.952,1.0,2.765,0.052,0.209,324,330,true,false,sd_one_sided
S3,6,humidity,75,orange,25,75,13,183.00,323.00,1.000,1.0,3.021,0.052,0.313,317,327,true,false,sd_one_sided
S3,6,humidity,75,orange,25,75,14,191.00,318.00,1.000,1.0,3.282,0.052,0.366,311,325,true,true,
S3,6,humidity,75,orange,25,75,15,200.00,313.00,1.000,1.0,3.543,0.052,0.470,304,322,true,false,sd_one_sided
S3,6,humidity,75,orange,25,75,16,208.95,308.90,0.952,1.0,3.758,0.052,0.522,298,318,true,true,
S3,6,humidity,75,orange,25,75,17,217.00,304.00,1.000,1.0,4.013,0.052,0.627,292,316,true,false,sd_one_sided
S3,6,humidity,75,orange,25,75,18,225.95,297.90,0.952,1.0,4.332,0.052,0.862,281,314,true,true,
S3,6,humidity,75,orange,25,75,19,234.00,293.00,1.000,1.0,4.588,0.052,0.966,274,311,true,true,
S3,6,humidity,75,orange,25,75,20,243.00,289.00,1.000,1.0,4.797,0.052,1.018,270,309,true,true,
S3,6,humidity,75,orange,25,75,21,251.84,286.16,0.905,1.0,4.945,0.052,0.940,268,306,true,false,sd_one_sided
S3,6,humidity,75,orange,25,75,22,260.00,281.00,1.000,1.0,5.215,0.052,1.358,255,307,true,false,sd_one_sided
S3,6,humidity,75,orange,25,75,23,269.00,278.00,1.000,1.0,5.371,0.052,1.488,250,307,true,true,
S3,6,humidity,75,orange,25,75,24,277.00,278.00,1.000,1.0,5.371,0.052,1.436,251,306,true,true,
S3,6,humidity,75,orange,25,75,25,285.00,275.00,1.000,1.0,5.528,0.052,1.645,243,306,true,true,
S3,6,humidity,75,orange,25,75,26,294.00,273.00,1.000,1.0,5.632,0.052,1.488,245,302,true,true,
S3,6,humidity,75,orange,25,75,27,303.00,273.00,1.000,1.0,5.632,0.052,1.619,242,304,true,true,
S3,6,humidity,75,orange,25,75,28,311.05,272.10,0.952,1.0,5.679,0.052,1.619,241,303,true,true,
S3,6,humidity,75,orange,25,75,29,320.00,271.00,1.000,1.0,5.737,0.052,1.776,237,305,true,true,
S3,6,humidity,75,orange,25,75,30,328.16,271.84,0.905,1.0,5.693,0.052,1.619,241,303,true,true,
S3,6,humidity,75,orange,25,75,31,337.00,273.00,1.000,1.0,5.632,0.052,1.358,247,299,false,true,sd_one_sided
S3,6,humidity,75,orange,25,75,32,346.00,270.00,1.000,1.0,5.789,0.052,1.645,239,302,true,true,
S3,6,humidity,75,orange,25,75,33,354.00,266.00,1.000,1.0,5.998,0.052,2.063,226,305,true,true,
S3,6,humidity,75,orange,25,75,34,363.00,265.00,1.000,1.0,6.050,0.052,2.141,224,306,true,false,sd_one_sided
S3,6,humidity,75,orange,25,75,35,371.05,261.10,0.952,1.0,6.254,0.052,2.037,222,302,true,false,sd_one_sided
S3,6,humidity,75,orange,25,75,36,379.00,267.00,1.000,1.0,5.946,0.052,1.697,235,300,true,true,
S3,6,humidity,75,orange,25,75,37,388.00,266.00,1.000,1.0,5.998,0.052,1.776,232,300,true,true,
S3,6,humidity,75,orange,25,75,38,396.90,267.05,0.952,1.0,5.943,0.052,1.697,235,300,true,true,
S3,6,humidity,75,orange,25,75,39,405.00,261.00,1.000,1.0,6.259,0.052,2.167,220,303,true,true,
S3,6,humidity,75,orange,25,75,40,413.95,262.90,0.952,1.0,6.160,0.052,2.089,223,303,true,true,
S3,6,humidity,75,orange,25,75,41,422.16,261.84,0.905,1.0,6.215,0.052,2.167,220,303,true,true,
S3,6,humidity,75,orange,25,75,42,431.00,256.00,1.000,1.0,6.520,0.052,2.507,208,304,true,true,
S3,6,humidity,75,orange,25,75,43,439.90,256.05,0.952,1.0,6.518,0.052,2.611,206,306,true,true,
S3,6,humidity,75,orange,25,75,44,448.00,255.00,1.000,1.0,6.572,0.052,2.455,208,302,true,true,
S3,6,humidity,75,orange,25,75,45,456.95,262.90,0.952,1.0,6.160,0.052,,228,298,false,false,sd_unavailable
S3,6,humidity,75,orange,25,75,46,465.00,253.00,1.000,1.0,6.677,0.052,2.585,204,303,true,true,
S3,6,humidity,75,orange,25,75,47,474.00,257.00,1.000,1.0,6.468,0.052,2.324,212,301,true,true,
S3,6,humidity,75,orange,25,75,48,482.00,252.00,1.000,1.0,6.729,0.052,2.585,203,302,true,true,
S3,6,humidity,75,orange,25,75,49,490.00,249.00,1.000,1.0,6.886,0.052,2.925,193,306,true,false,sd_one_sided
S3,6,humidity,75,orange,25,75,50,499.00,252.00,1.000,1.0,6.729,0.052,2.663,201,303,true,true,
S3,6,humidity,75,orange,25,75,51,508.00,250.00,1.000,1.0,6.834,0.052,,196,303,false,false,sd_unavailable
S3,6,humidity,75,orange,25,75,52,516.00,250.00,1.000,1.0,6.834,0.052,2.611,200,301,true,false,sd_one_sided
S3,6,humidity,75,orange,25,75,53,525.00,249.00,1.000,1.0,6.886,0.052,2.402,203,295,true,true,
S3,6,humidity,75,orange,25,75,54,533.90,249.95,0.952,1.0,6.836,0.052,2.428,203,296,true,true,
S3,6,humidity,75,orange,25,75,55,542.00,244.00,1.000,1.0,7.147,0.052,2.977,187,301,true,true,
S3,6,humidity,75,orange,25,75,56,550.95,248.90,0.952,1.0,6.891,0.052,2.559,200,298,true,true,
S3,6,humidity,75,orange,25,75,57,559.00,247.00,1.000,1.0,6.990,0.052,2.663,196,298,false,true,sd_one_sided
S3,6,humidity,75,orange,25,75,58,568.00,253.00,1.000,1.0,6.677,0.052,2.246,210,296,false,true,sd_one_sided
S3,6,humidity,75,orange,25,75,59,576.00,247.00,1.000,1.0,6.990,0.052,2.716,195,299,true,true,
S3,6,humidity,75,orange,25,75,60,585.00,249.00,1.000,1.0,6.886,0.052,2.481,202,297,true,true,
S3,6,humidity,75,orange,25,75,61,593.00,244.00,1.000,1.0,7.147,0.052,2.768,191,297,true,true,
S3,6,humidity,75,orange,25,75,62,602.00,246.00,1.000,1.0,7.042,0.052,2.559,197,296,true,false,sd_one_sided
S3,6,humidity,75,green,30,75,1,79.00,366.50,0.714,2.0,0.749,0.104,0.209,365,370,false,true,marker_partially_hidden;sd_one_sided
S3,6,humidity,75,green,30,75,2,87.00,364.50,0.429,2.0,0.854,0.104,0.261,359,365,true,false,marker_partially_hidden;sd_one_sided
S3,6,humidity,75,green,30,75,3,96.00,358.00,0.905,1.0,1.193,0.052,0.209,354,360,true,false,sd_one_sided
S3,6,humidity,75,green,30,75,4,105.00,354.00,1.000,1.0,1.402,0.052,0.209,350,357,true,false,sd_one_sided
S3,6,humidity,75,green,30,75,5,113.50,350.00,0.810,2.0,1.611,0.104,0.209,346,352,true,false,marker_partially_hidden;sd_one_sided
S3,6,humidity,75,green,30,75,6,122.00,346.00,1.000,1.0,1.820,0.052,,342,349,false,false,sd_unavailable
S3,6,humidity,75,green,30,75,7,130.90,342.95,0.952,1.0,1.979,0.052,,340,345,false,false,sd_below_marker_radius
S3,6,humidity,75,green,30,75,8,138.95,339.90,0.952,1.0,2.139,0.052,,337,342,false,false,sd_below_marker_radius
S3,6,humidity,75,green,30,75,9,148.00,336.50,0.714,2.0,2.316,0.104,,333,337,false,false,marker_partially_hidden;sd_below_marker_radius
S3,6,humidity,75,green,30,75,10,155.00,335.00,0.524,2.0,2.395,0.104,0.366,333,342,false,true,marker_partially_hidden;sd_one_sided
S3,6,humidity,75,green,30,75,12,173.00,331.50,0.714,2.0,2.577,0.104,,322,340,false,false,marker_partially_hidden;sd_unavailable
S3,6,humidity,75,green,30,75,13,181.84,329.84,0.905,1.0,2.664,0.052,,319,339,false,false,sd_unavailable
S3,6,humidity,75,green,30,75,14,190.16,328.16,0.905,1.0,2.752,0.052,,321,340,false,false,sd_unavailable
S3,6,humidity,75,green,30,75,15,198.84,326.84,0.905,1.0,2.821,0.052,,316,341,false,false,sd_unavailable
S3,6,humidity,75,green,30,75,16,207.28,325.89,0.857,1.0,2.870,0.052,,311,341,false,false,sd_unavailable
S3,6,humidity,75,green,30,75,17,216.00,325.50,0.810,2.0,2.891,0.104,0.731,310,340,false,true,marker_partially_hidden;sd_one_sided
S3,6,humidity,75,green,30,75,18,224.84,325.84,0.905,1.0,2.873,0.052,0.783,311,341,false,true,sd_one_sided
S3,6,humidity,75,green,30,75,19,233.11,325.72,0.857,1.0,2.879,0.052,0.731,312,340,false,true,sd_one_sided
S3,6,humidity,75,green,30,75,20,242.00,325.00,1.000,1.0,2.917,0.052,0.783,310,340,true,true,
S3,6,humidity,75,green,30,75,21,250.16,324.84,0.905,1.0,2.925,0.052,,311,341,false,false,sd_unavailable
S3,6,humidity,75,green,30,75,22,259.00,325.00,1.000,1.0,2.917,0.052,0.783,310,341,true,false,sd_one_sided
S3,6,humidity,75,green,30,75,23,267.00,325.00,1.000,1.0,2.917,0.052,0.783,310,340,false,true,sd_one_sided
S3,6,humidity,75,green,30,75,24,275.84,324.16,0.905,1.0,2.961,0.052,0.809,309,340,true,true,
S3,6,humidity,75,green,30,75,25,284.11,325.72,0.857,1.0,2.879,0.052,0.757,311,340,true,true,
S3,6,humidity,75,green,30,75,26,292.84,324.16,0.905,1.0,2.961,0.052,0.809,309,340,true,true,
S3,6,humidity,75,green,30,75,27,301.16,324.84,0.905,1.0,2.925,0.052,0.783,309,340,false,true,sd_one_sided
S3,6,humidity,75,green,30,75,28,310.00,324.21,0.905,1.0,2.958,0.052,0.783,309,341,true,false,sd_one_sided
S3,6,humidity,75,green,30,75,29,318.28,324.11,0.857,1.0,2.963,0.052,0.809,309,340,true,true,
S3,6,humidity,75,green,30,75,30,327.00,325.00,1.000,1.0,2.917,0.052,0.809,309,340,true,true,
S3,6,humidity,75,green,30,75,31,335.84,324.16,0.905,1.0,2.961,0.052,0.809,309,340,true,true,
S3,6,humidity,75,green,30,75,32,344.16,324.16,0.905,1.0,2.961,0.052,0.809,309,340,true,true,
S3,6,humidity,75,green,30,75,33,352.95,324.10,0.952,1.0,2.964,0.052,0.836,308,340,false,true,sd_one_sided
S3,6,humidity,75,green,30,75,34,361.72,324.89,0.857,1.0,2.923,0.052,,322,327,false,false,sd_below_marker_radius
S3,6,humidity,75,green,30,75,35,369.72,324.89,0.857,1.0,2.923,0.052,,310,340,false,false,sd_unavailable
S3,6,humidity,75,green,30,75,36,378.16,324.16,0.905,1.0,2.961,0.052,0.836,308,340,true,true,
S3,6,humidity,75,green,30,75,37,386.84,324.16,0.905,1.0,2.961,0.052,0.809,309,340,true,true,
S3,6,humidity,75,green,30,75,38,395.16,324.16,0.905,1.0,2.961,0.052,0.836,308,340,false,true,sd_one_sided
S3,6,humidity,75,green,30,75,39,403.89,324.28,0.857,1.0,2.955,0.052,0.888,308,341,false,true,sd_one_sided
S3,6,humidity,75,green,30,75,40,412.28,323.89,0.857,1.0,2.975,0.052,0.809,308,339,true,true,
S3,6,humidity,75,green,30,75,41,421.05,323.90,0.952,1.0,2.974,0.052,0.836,308,340,true,true,
S3,6,humidity,75,green,30,75,42,429.84,324.16,0.905,1.0,2.961,0.052,,308,341,false,false,sd_unavailable
S3,6,humidity,75,green,30,75,43,438.16,324.16,0.905,1.0,2.961,0.052,0.836,308,340,true,true,
S3,6,humidity,75,green,30,75,44,446.95,323.90,0.952,1.0,2.974,0.052,0.836,308,340,true,true,
S3,6,humidity,75,green,30,75,45,455.72,323.89,0.857,1.0,2.975,0.052,,321,326,false,false,sd_below_marker_radius
S3,6,humidity,75,green,30,75,46,464.00,324.00,1.000,1.0,2.969,0.052,0.836,308,340,true,true,
S3,6,humidity,75,green,30,75,47,472.84,323.84,0.905,1.0,2.977,0.052,0.809,308,339,true,true,
S3,6,humidity,75,green,30,75,48,480.84,323.84,0.905,1.0,2.977,0.052,0.836,307,340,false,true,sd_one_sided
S3,6,humidity,75,green,30,75,49,489.05,323.10,0.952,1.0,3.016,0.052,0.836,307,339,false,true,sd_one_sided
S3,6,humidity,75,green,30,75,50,497.95,323.10,0.952,1.0,3.016,0.052,0.836,307,339,false,true,sd_one_sided
S3,6,humidity,75,green,30,75,51,506.16,323.16,0.905,1.0,3.013,0.052,0.836,307,339,true,true,
S3,6,humidity,75,green,30,75,52,515.00,323.00,1.000,1.0,3.021,0.052,0.836,307,339,true,true,
S3,6,humidity,75,green,30,75,53,523.84,323.16,0.905,1.0,3.013,0.052,0.836,307,339,true,true,
S3,6,humidity,75,green,30,75,54,532.00,323.00,1.000,1.0,3.021,0.052,0.836,307,339,true,true,
S3,6,humidity,75,green,30,75,55,540.89,322.28,0.857,1.0,3.059,0.052,0.836,307,339,true,true,
S3,6,humidity,75,green,30,75,56,549.16,323.16,0.905,1.0,3.013,0.052,0.836,307,339,true,true,
S3,6,humidity,75,green,30,75,57,558.00,323.00,1.000,1.0,3.021,0.052,0.836,307,339,true,true,
S3,6,humidity,75,green,30,75,58,566.84,323.16,0.905,1.0,3.013,0.052,0.836,307,339,true,true,
S3,6,humidity,75,green,30,75,59,575.11,322.28,0.857,1.0,3.059,0.052,0.836,307,339,true,true,
S3,6,humidity,75,green,30,75,60,583.00,323.00,1.000,1.0,3.021,0.052,0.836,307,339,true,true,
S3,6,humidity,75,green,30,75,61,591.95,323.10,0.952,1.0,3.016,0.052,0.836,307,339,true,true,
S3,6,humidity,75,green,30,75,62,600.16,323.16,0.905,1.0,3.013,0.052,0.836,307,339,false,true,sd_one_sided
S3,7,temperature,30,light_blue,30,65,1,76.00,362.00,0.667,2.0,0.986,0.104,,360,363,false,false,marker_partially_hidden;sd_below_marker_radius
S3,7,temperature,30,light_blue,30,65,2,84.00,359.00,0.619,2.0,1.142,0.104,,355,361,false,false,marker_partially_hidden;sd_unavailable
S3,7,temperature,30,light_blue,30,65,3,93.50,353.00,0.762,2.0,1.456,0.104,,346,355,false,false,marker_partially_hidden;sd_unavailable
S3,7,temperature,30,light_blue,30,65,4,102.00,349.00,0.905,1.0,1.664,0.052,0.261,344,360,true,false,sd_one_sided
S3,7,temperature,30,light_blue,30,65,5,110.72,344.83,0.857,1.0,1.882,0.052,,342,347,false,false,sd_below_marker_radius
S3,7,temperature,30,light_blue,30,65,6,119.00,340.00,0.810,2.0,2.134,0.104,,338,353,false,false,marker_partially_hidden;sd_unavailable
S3,7,temperature,30,light_blue,30,65,7,128.10,336.05,0.952,1.0,2.341,0.052,,332,339,false,false,sd_unavailable
S3,7,temperature,30,light_blue,30,65,8,135.79,330.95,0.905,1.0,2.607,0.052,,322,335,false,false,sd_unavailable
S3,7,temperature,30,light_blue,30,65,9,144.94,325.89,0.857,1.0,2.871,0.052,,314,328,false,false,sd_unavailable
S3,7,temperature,30,light_blue,30,65,10,153.16,320.84,0.905,1.0,3.135,0.052,,305,327,false,false,sd_unavailable
S3,7,temperature,30,light_blue,30,65,11,162.00,316.00,0.810,2.0,3.388,0.104,,300,327,false,false,marker_partially_hidden;sd_unavailable
S3,7,temperature,30,light_blue,30,65,12,170.50,314.00,0.667,2.0,3.492,0.104,,296,328,false,false,marker_partially_hidden;sd_unavailable
S3,7,temperature,30,light_blue,30,65,13,179.00,310.00,0.905,1.0,3.701,0.052,,308,321,false,false,sd_unavailable
S3,7,temperature,30,light_blue,30,65,14,187.94,307.78,0.857,1.0,3.817,0.052,0.261,303,320,true,false,sd_one_sided
S3,7,temperature,30,light_blue,30,65,15,196.10,305.95,0.952,1.0,3.912,0.052,,282,323,false,false,sd_unavailable
S3,7,temperature,30,light_blue,30,65,16,205.10,303.05,0.952,1.0,4.064,0.052,,280,310,false,false,sd_unavailable
S3,7,temperature,30,light_blue,30,65,17,213.10,302.05,0.952,1.0,4.116,0.052,,292,311,false,false,sd_unavailable
S3,7,temperature,30,light_blue,30,65,18,222.00,301.11,0.905,1.0,4.165,0.052,,273,330,false,false,sd_unavailable
S3,7,temperature,30,light_blue,30,65,19,231.00,300.00,1.000,1.0,4.223,0.052,,272,304,false,false,sd_unavailable
S3,7,temperature,30,light_blue,30,65,20,239.50,298.50,0.810,2.0,4.302,0.104,0.574,287,331,true,false,marker_partially_hidden;sd_one_sided
S3,7,temperature,30,light_blue,30,65,21,247.67,298.00,0.857,1.0,4.328,0.052,,269,303,false,false,sd_unavailable
S3,7,temperature,30,light_blue,30,65,22,255.90,297.95,0.952,1.0,4.330,0.052,1.514,269,321,true,false,sd_one_sided
S3,7,temperature,30,light_blue,30,65,23,264.67,297.00,0.857,1.0,4.380,0.052,1.514,268,319,true,false,sd_one_sided
S3,7,temperature,30,light_blue,30,65,24,273.00,297.00,1.000,1.0,4.380,0.052,,266,319,false,false,sd_unavailable
S3,7,temperature,30,light_blue,30,65,25,281.90,296.05,0.952,1.0,4.429,0.052,1.410,266,320,true,true,sd_asymmetric_bar
S3,7,temperature,30,light_blue,30,65,26,290.10,296.05,0.952,1.0,4.429,0.052,,265,320,false,false,sd_unavailable
S3,7,temperature,30,light_blue,30,65,27,299.00,296.11,0.905,1.0,4.427,0.052,,275,320,false,false,sd_unavailable
S3,7,temperature,30,light_blue,30,65,28,307.79,295.95,0.905,1.0,4.435,0.052,,274,316,false,false,sd_unavailable
S3,7,temperature,30,light_blue,30,65,29,316.00,296.00,1.000,1.0,4.432,0.052,1.619,265,300,true,false,sd_one_sided
S3,7,temperature,30,light_blue,30,65,30,324.90,295.95,0.952,1.0,4.435,0.052,,266,299,false,false,sd_unavailable
S3,7,temperature,30,light_blue,30,65,31,333.00,296.00,1.000,1.0,4.432,0.052,1.619,265,328,true,false,sd_one_sided
S3,7,temperature,30,light_blue,30,65,32,342.00,295.00,1.000,1.0,4.484,0.052,1.018,263,302,true,true,sd_asymmetric_bar
S3,7,temperature,30,light_blue,30,65,33,350.05,295.10,0.952,1.0,4.479,0.052,1.514,266,321,true,false,sd_one_sided
S3,7,temperature,30,light_blue,30,65,34,359.00,295.00,1.000,1.0,4.484,0.052,,262,320,false,false,sd_unavailable
S3,7,temperature,30,light_blue,30,65,35,367.00,295.00,1.000,1.0,4.484,0.052,,262,331,false,false,sd_unavailable
S3,7,temperature,30,light_blue,30,65,36,375.90,295.95,0.952,1.0,4.435,0.052,,263,320,false,false,sd_unavailable
S3,7,temperature,30,light_blue,30,65,37,384.00,295.00,1.000,1.0,4.484,0.052,,262,319,false,false,sd_unavailable
S3,7,temperature,30,light_blue,30,65,38,392.90,295.95,0.952,1.0,4.435,0.052,,263,308,false,false,sd_unavailable
S3,7,temperature,30,light_blue,30,65,39,401.10,295.95,0.952,1.0,4.435,0.052,,264,299,false,false,sd_unavailable
S3,7,temperature,30,light_blue,30,65,40,410.00,296.00,1.000,1.0,4.432,0.052,1.567,266,330,true,false,sd_one_sided
S3,7,temperature,30,light_blue,30,65,41,419.00,296.00,1.000,1.0,4.432,0.052,0.209,264,300,false,true,sd_one_sided
S3,7,temperature,30,light_blue,30,65,42,427.10,296.05,0.952,1.0,4.429,0.052,,272,311,false,false,sd_unavailable
S3,7,temperature,30,light_blue,30,65,43,435.90,296.05,0.952,1.0,4.429,0.052,1.619,265,319,true,false,sd_one_sided
S3,7,temperature,30,light_blue,30,65,44,444.10,296.05,0.952,1.0,4.429,0.052,,293,308,false,false,sd_unavailable
S3,7,temperature,30,light_blue,30,65,45,452.21,297.00,0.905,1.0,4.380,0.052,1.567,267,321,true,false,sd_one_sided
S3,7,temperature,30,light_blue,30,65,46,461.00,297.00,1.000,1.0,4.380,0.052,,266,327,false,false,sd_unavailable
S3,7,temperature,30,light_blue,30,65,47,469.79,297.00,0.905,1.0,4.380,0.052,,266,333,false,false,sd_unavailable
S3,7,temperature,30,light_blue,30,65,48,478.33,297.00,0.857,1.0,4.380,0.052,,268,320,false,false,sd_unavailable
S3,7,temperature,30,light_blue,30,65,49,487.00,297.00,1.000,1.0,4.380,0.052,0.261,272,302,false,true,sd_one_sided
S3,7,temperature,30,light_blue,30,65,50,495.67,298.00,0.857,1.0,4.328,0.052,,272,318,false,false,sd_unavailable
S3,7,temperature,30,light_blue,30,65,51,504.00,298.00,1.000,1.0,4.328,0.052,1.358,272,300,true,false,sd_one_sided
S3,7,temperature,30,light_blue,30,65,52,512.90,297.95,0.952,1.0,4.330,0.052,,272,301,false,false,sd_unavailable
S3,7,temperature,30,light_blue,30,65,53,521.28,297.89,0.857,1.0,4.333,0.052,,265,319,false,false,sd_unavailable
S3,7,temperature,30,light_blue,30,65,54,530.00,297.00,1.000,1.0,4.380,0.052,1.567,272,327,false,true,sd_one_sided
S3,7,temperature,30,light_blue,30,65,55,538.16,297.84,0.905,1.0,4.336,0.052,,272,327,false,false,sd_unavailable
S3,7,temperature,30,light_blue,30,65,56,547.10,297.95,0.952,1.0,4.330,0.052,,267,320,false,false,sd_unavailable
S3,7,temperature,30,light_blue,30,65,57,555.67,298.00,0.857,1.0,4.328,0.052,,272,300,false,false,sd_unavailable
S3,7,temperature,30,light_blue,30,65,58,563.21,298.00,0.905,1.0,4.328,0.052,,267,301,false,false,sd_unavailable
S3,7,temperature,30,light_blue,30,65,59,572.00,298.00,1.000,1.0,4.328,0.052,,266,301,false,false,sd_unavailable
S3,7,temperature,30,light_blue,30,65,60,581.00,299.00,1.000,1.0,4.275,0.052,,272,302,false,false,sd_unavailable
S3,7,temperature,30,light_blue,30,65,61,589.16,298.84,0.905,1.0,4.284,0.052,1.462,273,327,false,true,sd_one_sided
S3,7,temperature,30,light_blue,30,65,62,597.90,299.05,0.952,1.0,4.273,0.052,1.410,272,303,true,false,sd_one_sided
S3,7,temperature,30,navy,30,70,3,95.00,364.50,0.667,2.0,0.855,0.104,,355,367,false,false,marker_partially_hidden;sd_unavailable
S3,7,temperature,30,navy,30,70,4,103.50,361.00,0.476,2.0,1.038,0.104,,359,364,false,false,marker_partially_hidden;sd_below_marker_radius
S3,7,temperature,30,navy,30,70,5,112.00,358.00,0.810,2.0,1.194,0.104,,342,361,false,false,marker_partially_hidden;sd_unavailable
S3,7,temperature,30,navy,30,70,6,120.84,355.84,0.905,1.0,1.307,0.052,0.209,352,359,true,false,sd_one_sided
S3,7,temperature,30,navy,30,70,7,129.50,353.50,0.762,2.0,1.429,0.104,0.287,348,359,true,true,marker_partially_hidden
S3,7,temperature,30,navy,30,70,8,138.00,351.00,0.762,2.0,1.560,0.104,,346,358,false,false,marker_partially_hidden;sd_unavailable
S3,7,temperature,30,navy,30,70,9,146.06,348.22,0.857,1.0,1.705,0.052,,342,352,false,false,sd_unavailable
S3,7,temperature,30,navy,30,70,10,154.84,345.16,0.905,1.0,1.865,0.052,,343,356,false,false,sd_unavailable
S3,7,temperature,30,navy,30,70,11,163.16,341.84,0.905,1.0,2.038,0.052,,307,354,false,false,sd_unavailable
S3,7,temperature,30,navy,30,70,12,171.89,338.28,0.857,1.0,2.224,0.052,0.836,322,354,true,false,sd_one_sided
S3,7,temperature,30,navy,30,70,13,180.72,334.89,0.857,1.0,2.401,0.052,,320,352,false,false,sd_unavailable
S3,7,temperature,30,navy,30,70,14,189.00,331.00,0.667,2.0,2.604,0.104,0.888,314,350,true,false,marker_partially_hidden;sd_one_sided
S3,7,temperature,30,navy,30,70,16,205.50,323.00,0.429,2.0,3.022,0.104,,299,348,false,false,marker_partially_hidden;sd_unavailable
S3,7,temperature,30,navy,30,70,17,214.89,321.28,0.857,1.0,3.112,0.052,1.305,296,346,true,true,
S3,7,temperature,30,navy,30,70,18,223.00,318.00,0.762,2.0,3.283,0.104,,304,344,false,false,marker_partially_hidden;sd_unavailable
S3,7,temperature,30,navy,30,70,19,231.72,316.89,0.857,1.0,3.341,0.052,,290,343,false,false,sd_unavailable
S3,7,temperature,30,navy,30,70,20,240.50,314.50,0.762,2.0,3.466,0.104,,288,342,false,false,marker_partially_hidden;sd_unavailable
S3,7,temperature,30,navy,30,70,21,249.00,312.83,0.857,1.0,3.553,0.052,1.227,290,337,true,true,
S3,7,temperature,30,navy,30,70,22,257.10,310.95,0.952,1.0,3.651,0.052,1.305,285,336,false,true,sd_one_sided
S3,7,temperature,30,navy,30,70,23,265.84,309.16,0.905,1.0,3.745,0.052,1.410,283,336,false,true,sd_one_sided
S3,7,temperature,30,navy,30,70,24,274.28,308.17,0.857,1.0,3.797,0.052,1.410,280,335,false,true,sd_one_sided
S3,7,temperature,30,navy,30,70,25,283.00,307.50,0.762,2.0,3.832,0.104,,280,333,false,false,marker_partially_hidden;sd_unavailable
S3,7,temperature,30,navy,30,70,26,291.50,307.00,0.810,2.0,3.858,0.104,,292,318,false,false,marker_partially_hidden;sd_unavailable
S3,7,temperature,30,navy,30,70,27,300.00,306.00,0.762,2.0,3.910,0.104,,278,310,false,false,marker_partially_hidden;sd_unavailable
S3,7,temperature,30,navy,30,70,28,308.50,306.00,0.810,2.0,3.910,0.104,,278,333,false,false,marker_partially_hidden;sd_unavailable
S3,7,temperature,30,navy,30,70,29,317.21,305.00,0.905,1.0,3.962,0.052,,279,333,false,false,sd_unavailable
S3,7,temperature,30,navy,30,70,30,325.95,305.10,0.952,1.0,3.957,0.052,0.209,278,309,false,true,sd_one_sided
S3,7,temperature,30,navy,30,70,31,334.21,305.00,0.905,1.0,3.962,0.052,1.410,278,317,true,false,sd_one_sided
S3,7,temperature,30,navy,30,70,32,342.95,305.10,0.952,1.0,3.957,0.052,1.358,279,332,true,false,sd_one_sided
S3,7,temperature,30,navy,30,70,33,352.00,305.00,0.810,2.0,3.962,0.104,,303,320,false,false,marker_partially_hidden;sd_unavailable
S3,7,temperature,30,navy,30,70,34,360.00,305.00,0.810,2.0,3.962,0.104,,277,331,false,false,marker_partially_hidden;sd_unavailable
S3,7,temperature,30,navy,30,70,35,368.11,304.72,0.857,1.0,3.977,0.052,,273,316,false,false,sd_unavailable
S3,7,temperature,30,navy,30,70,36,376.94,304.78,0.857,1.0,3.974,0.052,0.261,300,330,true,false,sd_one_sided
S3,7,temperature,30,navy,30,70,37,385.28,304.89,0.857,1.0,3.968,0.052,,280,329,false,false,sd_unavailable
S3,7,temperature,30,navy,30,70,38,393.84,304.16,0.905,1.0,4.006,0.052,,277,309,false,false,sd_unavailable
S3,7,temperature,30,navy,30,70,39,402.84,304.16,0.905,1.0,4.006,0.052,,288,319,false,false,sd_unavailable
S3,7,temperature,30,navy,30,70,40,411.11,304.72,0.857,1.0,3.977,0.052,2.089,265,332,true,false,sd_one_sided
S3,7,temperature,30,navy,30,70,41,419.84,304.16,0.905,1.0,4.006,0.052,,277,309,false,false,sd_unavailable
S3,7,temperature,30,navy,30,70,42,428.05,304.16,0.905,1.0,4.006,0.052,,278,331,false,false,sd_unavailable
S3,7,temperature,30,navy,30,70,43,436.94,304.78,0.857,1.0,3.974,0.052,1.462,277,332,true,false,sd_one_sided
S3,7,temperature,30,navy,30,70,44,445.72,304.11,0.857,1.0,4.009,0.052,0.209,301,308,false,true,sd_one_sided
S3,7,temperature,30,navy,30,70,45,454.00,305.00,1.000,1.0,3.962,0.052,,279,308,false,false,sd_unavailable
S3,7,temperature,30,navy,30,70,46,462.84,305.16,0.905,1.0,3.954,0.052,,288,308,false,false,sd_unavailable
S3,7,temperature,30,navy,30,70,47,470.90,305.95,0.952,1.0,3.912,0.052,1.410,279,332,true,false,sd_one_sided
S3,7,temperature,30,navy,30,70,48,479.28,305.11,0.857,1.0,3.956,0.052,,287,332,false,false,sd_unavailable
S3,7,temperature,30,navy,30,70,49,488.00,305.50,0.810,2.0,3.936,0.104,1.462,278,334,false,true,marker_partially_hidden;sd_one_sided
S3,7,temperature,30,navy,30,70,50,496.84,305.16,0.905,1.0,3.954,0.052,1.410,280,332,false,true,sd_one_sided
S3,7,temperature,30,navy,30,70,51,505.10,305.05,0.952,1.0,3.959,0.052,1.462,277,332,true,false,sd_one_sided
S3,7,temperature,30,navy,30,70,52,513.84,304.16,0.905,1.0,4.006,0.052,,277,307,false,false,sd_unavailable
S3,7,temperature,30,navy,30,70,53,522.21,305.00,0.905,1.0,3.962,0.052,,284,319,false,false,sd_unavailable
S3,7,temperature,30,navy,30,70,54,531.10,305.95,0.952,1.0,3.912,0.052,,289,312,false,false,sd_unavailable
S3,7,temperature,30,navy,30,70,55,539.33,306.00,0.857,1.0,3.910,0.052,,278,332,false,false,sd_unavailable
S3,7,temperature,30,navy,30,70,56,548.00,305.89,0.905,1.0,3.915,0.052,,279,333,false,false,sd_unavailable
S3,7,temperature,30,navy,30,70,57,556.84,305.16,0.905,1.0,3.954,0.052,,284,333,false,false,sd_unavailable
S3,7,temperature,30,navy,30,70,58,565.16,305.84,0.905,1.0,3.918,0.052,1.410,279,332,true,false,sd_one_sided
S3,7,temperature,30,navy,30,70,59,573.28,305.11,0.857,1.0,3.956,0.052,,273,309,false,false,sd_unavailable
S3,7,temperature,30,navy,30,70,60,581.95,305.10,0.952,1.0,3.957,0.052,,278,319,false,false,sd_unavailable
S3,7,temperature,30,navy,30,70,61,590.72,305.11,0.857,1.0,3.956,0.052,,278,319,false,false,sd_unavailable
S3,7,temperature,30,navy,30,70,62,599.05,305.10,0.952,1.0,3.957,0.052,0.679,292,327,true,false,sd_one_sided
S3,7,temperature,30,orange,30,75,1,78.84,366.16,0.905,1.0,0.768,0.052,0.261,364,371,false,true,sd_one_sided
S3,7,temperature,30,orange,30,75,3,96.00,357.00,0.810,2.0,1.247,0.104,,355,359,false,false,marker_partially_hidden;sd_below_marker_radius
S3,7,temperature,30,orange,30,75,4,104.00,353.50,0.810,2.0,1.429,0.104,,352,355,false,false,marker_partially_hidden;sd_below_marker_radius
S3,7,temperature,30,orange,30,75,5,113.00,349.00,0.667,2.0,1.664,0.104,,347,350,false,false,marker_partially_hidden;sd_below_marker_radius
S3,7,temperature,30,orange,30,75,6,121.00,345.00,0.667,2.0,1.873,0.104,,343,347,false,false,marker_partially_hidden;sd_below_marker_radius
S3,7,temperature,30,orange,30,75,7,129.95,343.10,0.952,1.0,1.973,0.052,,341,346,false,false,sd_below_marker_radius
S3,7,temperature,30,orange,30,75,8,139.00,340.00,1.000,1.0,2.134,0.052,0.209,337,344,false,true,sd_one_sided
S3,7,temperature,30,orange,30,75,9,148.00,338.00,1.000,1.0,2.239,0.052,0.235,333,342,true,true,
S3,7,temperature,30,orange,30,75,10,156.00,336.00,1.000,1.0,2.343,0.052,0.313,330,342,true,true,
S3,7,temperature,30,orange,30,75,11,164.00,333.00,1.000,1.0,2.500,0.052,,325,336,false,false,sd_unavailable
S3,7,temperature,30,orange,30,75,12,173.00,332.00,1.000,1.0,2.552,0.052,,321,334,false,false,sd_unavailable
S3,7,temperature,30,orange,30,75,13,182.00,330.00,1.000,1.0,2.657,0.052,0.627,318,341,true,false,sd_one_sided
S3,7,temperature,30,orange,30,75,14,190.10,327.05,0.952,1.0,2.811,0.052,,315,343,false,false,sd_unavailable
S3,7,temperature,30,orange,30,75,15,198.84,326.16,0.905,1.0,2.857,0.052,,311,341,false,false,sd_unavailable
S3,7,temperature,30,orange,30,75,16,208.00,326.00,1.000,1.0,2.865,0.052,,310,337,false,false,sd_unavailable
S3,7,temperature,30,orange,30,75,17,216.00,326.00,1.000,1.0,2.865,0.052,,309,338,false,false,sd_unavailable
S3,7,temperature,30,orange,30,75,18,224.00,326.00,1.000,1.0,2.865,0.052,,309,344,false,false,sd_unavailable
S3,7,temperature,30,orange,30,75,19,233.00,326.00,1.000,1.0,2.865,0.052,,310,342,false,false,sd_unavailable
S3,7,temperature,30,orange,30,75,20,241.90,324.05,0.952,1.0,2.967,0.052,,309,335,false,false,sd_unavailable
S3,7,temperature,30,orange,30,75,21,250.00,325.00,1.000,1.0,2.918,0.052,,318,335,false,false,sd_unavailable
S3,7,temperature,30,orange,30,75,22,259.00,324.00,1.000,1.0,2.970,0.052,,314,341,false,false,sd_unavailable
S3,7,temperature,30,orange,30,75,23,267.00,324.00,1.000,1.0,2.970,0.052,,322,340,false,false,sd_unavailable
S3,7,temperature,30,orange,30,75,24,276.00,324.00,1.000,1.0,2.970,0.052,0.836,313,340,false,true,sd_one_sided
S3,7,temperature,30,orange,30,75,25,284.00,326.00,1.000,1.0,2.865,0.052,0.731,312,340,true,true,
S3,7,temperature,30,orange,30,75,26,293.00,324.00,1.000,1.0,2.970,0.052,,315,341,false,false,sd_unavailable
S3,7,temperature,30,orange,30,75,27,301.10,324.95,0.952,1.0,2.920,0.052,,311,341,false,false,sd_unavailable
S3,7,temperature,30,orange,30,75,28,310.00,324.00,1.000,1.0,2.970,0.052,0.888,308,341,false,true,sd_one_sided
S3,7,temperature,30,orange,30,75,29,319.00,324.00,1.000,1.0,2.970,0.052,,308,341,false,false,sd_unavailable
S3,7,temperature,30,orange,30,75,30,327.00,324.00,1.000,1.0,2.970,0.052,0.888,309,341,false,true,sd_one_sided
S3,7,temperature,30,orange,30,75,31,336.00,324.00,1.000,1.0,2.970,0.052,,299,340,false,false,sd_unavailable
S3,7,temperature,30,orange,30,75,32,344.00,324.00,1.000,1.0,2.970,0.052,0.836,309,341,true,true,
S3,7,temperature,30,orange,30,75,33,353.00,324.00,1.000,1.0,2.970,0.052,0.783,309,341,true,false,sd_one_sided
S3,7,temperature,30,orange,30,75,34,362.00,325.00,1.000,1.0,2.918,0.052,0.627,317,341,true,true,sd_asymmetric_bar
S3,7,temperature,30,orange,30,75,35,370.00,325.00,1.000,1.0,2.918,0.052,0.783,309,340,false,true,sd_one_sided
S3,7,temperature,30,orange,30,75,36,378.00,324.00,1.000,1.0,2.970,0.052,0.731,310,341,true,false,sd_one_sided
S3,7,temperature,30,orange,30,75,37,387.00,324.00,1.000,1.0,2.970,0.052,0.809,309,340,true,true,
S3,7,temperature,30,orange,30,75,38,396.00,324.00,1.000,1.0,2.970,0.052,0.836,308,340,false,true,sd_one_sided
S3,7,temperature,30,orange,30,75,39,404.00,324.00,1.000,1.0,2.970,0.052,0.836,309,340,false,true,sd_one_sided
S3,7,temperature,30,orange,30,75,40,412.00,324.00,1.000,1.0,2.970,0.052,0.836,319,340,false,true,sd_one_sided
S3,7,temperature,30,orange,30,75,41,421.00,324.00,1.000,1.0,2.970,0.052,0.731,310,341,true,false,sd_one_sided
S3,7,temperature,30,orange,30,75,42,430.00,324.00,1.000,1.0,2.970,0.052,0.888,309,341,false,true,sd_one_sided
S3,7,temperature,30,orange,30,75,43,438.00,324.00,1.000,1.0,2.970,0.052,0.209,315,328,false,true,sd_one_sided
S3,7,temperature,30,orange,30,75,44,447.00,324.00,1.000,1.0,2.970,0.052,,309,341,false,false,sd_unavailable
S3,7,temperature,30,orange,30,75,45,455.00,323.00,1.000,1.0,3.022,0.052,0.888,308,340,false,true,sd_one_sided
S3,7,temperature,30,orange,30,75,46,464.00,324.00,1.000,1.0,2.970,0.052,,308,341,false,false,sd_unavailable
S3,7,temperature,30,orange,30,75,47,473.00,324.00,1.000,1.0,2.970,0.052,0.836,308,340,false,true,sd_one_sided
S3,7,temperature,30,orange,30,75,48,481.00,324.00,1.000,1.0,2.970,0.052,,309,327,false,false,sd_unavailable
S3,7,temperature,30,orange,30,75,49,489.00,323.00,1.000,1.0,3.022,0.052,0.627,316,340,true,true,sd_asymmetric_bar
S3,7,temperature,30,orange,30,75,50,498.00,323.00,1.000,1.0,3.022,0.052,,319,340,false,false,sd_unavailable
S3,7,temperature,30,orange,30,75,51,506.00,323.00,1.000,1.0,3.022,0.052,,320,340,false,false,sd_unavailable
S3,7,temperature,30,orange,30,75,52,515.00,324.00,1.000,1.0,2.970,0.052,0.836,307,340,false,true,sd_one_sided
S3,7,temperature,30,orange,30,75,53,524.00,323.00,1.000,1.0,3.022,0.052,0.836,307,339,false,true,sd_one_sided
S3,7,temperature,30,orange,30,75,54,532.00,323.00,1.000,1.0,3.022,0.052,,312,340,false,false,sd_unavailable
S3,7,temperature,30,orange,30,75,55,541.00,322.00,1.000,1.0,3.074,0.052,,311,340,false,false,sd_unavailable
S3,7,temperature,30,orange,30,75,56,549.00,324.00,1.000,1.0,2.970,0.052,,313,341,false,false,sd_unavailable
S3,7,temperature,30,orange,30,75,57,558.00,324.00,1.000,1.0,2.970,0.052,,310,341,false,false,sd_unavailable
S3,7,temperature,30,orange,30,75,58,566.00,323.00,1.000,1.0,3.022,0.052,0.940,313,341,false,true,sd_one_sided
S3,7,temperature,30,orange,30,75,59,575.00,323.00,1.000,1.0,3.022,0.052,,310,340,false,false,sd_unavailable
S3,7,temperature,30,orange,30,75,60,583.00,323.00,1.000,1.0,3.022,0.052,0.888,320,340,false,true,sd_one_sided
S3,7,temperature,30,orange,30,75,61,592.00,323.00,1.000,1.0,3.022,0.052,,310,340,false,false,sd_unavailable
S3,7,temperature,30,orange,30,75,62,600.00,323.00,1.000,1.0,3.022,0.052,,316,340,false,false,sd_unavailable
S3,7,temperature,30,green,30,80,1,80.22,362.06,0.857,1.0,0.983,0.052,,357,364,false,false,sd_unavailable
S3,7,temperature,30,green,30,80,2,89.00,364.00,0.810,2.0,0.881,0.104,,362,367,false,false,marker_partially_hidden;sd_below_marker_radius
S3,7,temperature,30,green,30,80,3,98.00,361.00,0.810,2.0,1.038,0.104,,359,364,false,false,marker_partially_hidden;sd_below_marker_radius
S3,7,temperature,30,green,30,80,4,106.00,356.00,0.714,2.0,1.299,0.104,,355,359,false,false,marker_partially_hidden;sd_below_marker_radius
S3,7,temperature,30,green,30,80,5,115.00,352.00,0.762,2.0,1.508,0.104,,339,354,false,false,marker_partially_hidden;sd_unavailable
S3,7,temperature,30,green,30,80,6,123.00,347.00,0.762,2.0,1.769,0.104,,346,351,false,false,marker_partially_hidden;sd_unavailable
S3,7,temperature,30,green,30,80,7,132.00,340.00,0.714,2.0,2.134,0.104,,337,341,false,false,marker_partially_hidden;sd_below_marker_radius
S3,7,temperature,30,green,30,80,8,140.16,334.05,0.905,1.0,2.445,0.052,0.209,330,336,true,false,sd_one_sided
S3,7,temperature,30,green,30,80,9,149.00,329.00,1.000,1.0,2.709,0.052,,322,332,false,false,sd_unavailable
S3,7,temperature,30,green,30,80,10,157.72,323.89,0.857,1.0,2.976,0.052,0.313,318,327,true,false,sd_one_sided
S3,7,temperature,30,green,30,80,11,165.79,318.00,0.905,1.0,3.283,0.052,,309,327,false,false,sd_unavailable
S3,7,temperature,30,green,30,80,12,174.05,312.10,0.952,1.0,3.591,0.052,,303,321,false,false,sd_unavailable
S3,7,temperature,30,green,30,80,13,182.90,306.05,0.952,1.0,3.907,0.052,,295,342,false,false,sd_unavailable
S3,7,temperature,30,green,30,80,14,192.00,300.00,0.810,2.0,4.223,0.104,,290,317,false,false,marker_partially_hidden;sd_unavailable
S3,7,temperature,30,green,30,80,15,200.16,294.84,0.905,1.0,4.493,0.052,,280,311,false,false,sd_unavailable
S3,7,temperature,30,green,30,80,16,208.50,290.50,0.810,2.0,4.719,0.104,,274,304,false,false,marker_partially_hidden;sd_unavailable
S3,7,temperature,30,green,30,80,17,217.28,285.89,0.857,1.0,4.960,0.052,,271,304,false,false,sd_unavailable
S3,7,temperature,30,green,30,80,18,225.84,282.16,0.905,1.0,5.155,0.052,1.097,262,303,false,true,sd_one_sided
S3,7,temperature,30,green,30,80,19,234.50,279.50,0.810,2.0,5.294,0.104,,271,296,false,false,marker_partially_hidden;sd_unavailable
S3,7,temperature,30,green,30,80,20,243.00,276.50,0.810,2.0,5.450,0.104,,254,299,false,false,marker_partially_hidden;sd_unavailable
S3,7,temperature,30,green,30,80,21,251.72,274.89,0.857,1.0,5.534,0.052,,256,280,false,false,sd_unavailable
S3,7,temperature,30,green,30,80,22,260.00,273.50,0.810,2.0,5.607,0.104,,255,296,false,false,marker_partially_hidden;sd_unavailable
S3,7,temperature,30,green,30,80,23,269.00,273.00,0.810,2.0,5.633,0.104,,255,295,false,false,marker_partially_hidden;sd_unavailable
S3,7,temperature,30,green,30,80,24,276.89,271.28,0.857,1.0,5.723,0.052,,247,299,false,false,sd_unavailable
S3,7,temperature,30,green,30,80,25,286.00,271.00,0.762,2.0,5.738,0.104,1.044,248,291,false,true,marker_partially_hidden;sd_one_sided
S3,7,temperature,30,green,30,80,26,294.06,271.22,0.857,1.0,5.726,0.052,1.253,247,294,true,false,sd_one_sided
S3,7,temperature,30,green,30,80,27,302.72,270.89,0.857,1.0,5.743,0.052,,246,295,false,false,sd_unavailable
S3,7,temperature,30,green,30,80,28,311.00,270.50,0.762,2.0,5.764,0.104,,260,287,false,false,marker_partially_hidden;sd_unavailable
S3,7,temperature,30,green,30,80,29,319.79,270.00,0.905,1.0,5.790,0.052,,260,290,false,false,sd_unavailable
S3,7,temperature,30,green,30,80,30,328.00,270.00,0.810,2.0,5.790,0.104,,258,293,false,false,marker_partially_hidden;sd_unavailable
S3,7,temperature,30,green,30,80,31,337.00,270.11,0.905,1.0,5.784,0.052,,245,289,false,false,sd_unavailable
S3,7,temperature,30,green,30,80,32,346.00,270.00,0.810,2.0,5.790,0.104,,257,287,false,false,marker_partially_hidden;sd_unavailable
S3,7,temperature,30,green,30,80,33,354.11,269.72,0.857,1.0,5.804,0.052,,260,288,false,false,sd_unavailable
S3,7,temperature,30,green,30,80,34,362.89,269.72,0.857,1.0,5.804,0.052,,260,293,false,false,sd_unavailable
S3,7,temperature,30,green,30,80,35,371.00,269.50,0.810,2.0,5.816,0.104,,260,287,false,false,marker_partially_hidden;sd_unavailable
S3,7,temperature,30,green,30,80,36,379.28,269.89,0.857,1.0,5.796,0.052,0.209,261,274,false,true,sd_one_sided
S3,7,temperature,30,green,30,80,37,387.89,269.72,0.857,1.0,5.804,0.052,1.201,259,293,false,true,sd_one_sided
S3,7,temperature,30,green,30,80,38,396.72,269.89,0.857,1.0,5.796,0.052,,261,293,false,false,sd_unavailable
S3,7,temperature,30,green,30,80,39,405.16,269.16,0.905,1.0,5.834,0.052,,245,294,false,false,sd_unavailable
S3,7,temperature,30,green,30,80,40,414.00,270.00,0.810,2.0,5.790,0.104,,245,288,false,false,marker_partially_hidden;sd_unavailable
S3,7,temperature,30,green,30,80,41,422.10,269.05,0.952,1.0,5.839,0.052,1.149,245,291,false,true,sd_one_sided
S3,7,temperature,30,green,30,80,42,430.90,269.05,0.952,1.0,5.839,0.052,,245,290,false,false,sd_unavailable
S3,7,temperature,30,green,30,80,43,439.50,269.50,0.762,2.0,5.816,0.104,1.149,260,292,false,true,marker_partially_hidden;sd_one_sided
S3,7,temperature,30,green,30,80,44,448.00,269.11,0.905,1.0,5.837,0.052,,245,293,false,false,sd_unavailable
S3,7,temperature,30,green,30,80,45,456.84,269.84,0.905,1.0,5.798,0.052,1.253,246,294,true,false,sd_one_sided
S3,7,temperature,30,green,30,80,46,465.17,269.11,0.857,1.0,5.836,0.052,,245,291,false,false,sd_unavailable
S3,7,temperature,30,green,30,80,47,473.89,269.72,0.857,1.0,5.804,0.052,,245,291,false,false,sd_unavailable
S3,7,temperature,30,green,30,80,48,482.00,269.50,0.810,2.0,5.816,0.104,,255,288,false,false,marker_partially_hidden;sd_unavailable
S3,7,temperature,30,green,30,80,49,490.28,269.11,0.857,1.0,5.836,0.052,,260,276,false,false,sd_unavailable
S3,7,temperature,30,green,30,80,50,499.00,269.00,1.000,1.0,5.842,0.052,,262,292,false,false,sd_unavailable
S3,7,temperature,30,green,30,80,51,507.79,269.00,0.905,1.0,5.842,0.052,,262,291,false,false,sd_unavailable
S3,7,temperature,30,green,30,80,52,516.11,269.72,0.857,1.0,5.804,0.052,1.201,256,293,false,true,sd_one_sided
S3,7,temperature,30,green,30,80,53,525.05,269.10,0.952,1.0,5.837,0.052,,246,293,false,false,sd_unavailable
S3,7,temperature,30,green,30,80,54,533.50,269.00,0.762,2.0,5.842,0.104,,261,282,false,false,marker_partially_hidden;sd_unavailable
S3,7,temperature,30,green,30,80,55,542.10,268.95,0.952,1.0,5.845,0.052,,245,293,false,false,sd_unavailable
S3,7,temperature,30,green,30,80,56,551.00,269.00,1.000,1.0,5.842,0.052,1.253,260,293,false,true,sd_one_sided
S3,7,temperature,30,green,30,80,57,559.11,269.72,0.857,1.0,5.804,0.052,1.201,246,293,false,true,sd_one_sided
S3,7,temperature,30,green,30,80,58,567.72,269.11,0.857,1.0,5.836,0.052,,258,293,false,false,sd_unavailable
S3,7,temperature,30,green,30,80,59,576.21,269.00,0.905,1.0,5.842,0.052,,245,293,false,false,sd_unavailable
S3,7,temperature,30,green,30,80,60,585.10,269.05,0.952,1.0,5.839,0.052,1.253,245,293,false,true,sd_one_sided
S3,7,temperature,30,green,30,80,61,592.90,269.05,0.952,1.0,5.839,0.052,,245,292,false,false,sd_unavailable
S3,7,temperature,30,green,30,80,62,601.90,269.05,0.952,1.0,5.839,0.052,,246,293,false,false,sd_unavailable
S4,0,temperature,30,light_blue,30,65,1,103.67,385.33,0.524,2.0,56.5,13.4,,383,386,false,false,marker_partially_hidden;sd_below_marker_radius
S4,0,temperature,30,light_blue,30,65,4,130.21,385.00,0.905,1.0,58.7,6.7,46.9,382,392,false,true,sd_one_sided
S4,0,temperature,30,light_blue,30,65,5,138.00,380.50,0.810,2.0,88.9,13.4,,374,388,false,false,marker_partially_hidden;sd_unavailable
S4,0,temperature,30,light_blue,30,65,6,146.90,365.05,0.952,1.0,192.5,6.7,,359,370,false,false,sd_unavailable
S4,0,temperature,30,light_blue,30,65,7,156.00,355.50,0.810,2.0,256.5,13.4,,354,358,false,false,marker_partially_hidden;sd_below_marker_radius
S4,0,temperature,30,light_blue,30,65,8,164.16,346.84,0.905,1.0,314.6,6.7,,344,350,false,false,sd_below_marker_radius
S4,0,temperature,30,light_blue,30,65,9,172.00,342.00,0.476,2.0,347.1,13.4,,340,345,false,false,marker_partially_hidden;sd_below_marker_radius
S4,0,temperature,30,light_blue,30,65,13,206.50,333.00,0.476,2.0,407.4,13.4,26.8,323,337,false,true,marker_partially_hidden;sd_one_sided
S4,0,temperature,30,light_blue,30,65,14,215.00,328.00,0.429,2.0,441.0,13.4,73.8,319,339,false,true,marker_partially_hidden;sd_one_sided
S4,0,temperature,30,light_blue,30,65,17,241.50,320.00,0.571,2.0,494.6,13.4,,304,335,false,false,marker_partially_hidden;sd_unavailable
S4,0,temperature,30,light_blue,30,65,20,266.80,316.60,0.381,2.0,517.4,13.4,87.2,304,319,true,false,marker_partially_hidden;sd_one_sided
S4,0,temperature,30,light_blue,30,65,22,284.00,317.00,0.476,2.0,514.8,13.4,,306,331,false,false,marker_partially_hidden;sd_unavailable
S4,0,temperature,30,light_blue,30,65,23,292.50,317.50,0.381,2.0,511.4,13.4,,305,320,false,false,marker_partially_hidden;sd_unavailable
S4,0,temperature,30,light_blue,30,65,24,301.00,319.00,0.619,2.0,501.3,13.4,100.6,304,323,true,false,marker_partially_hidden;sd_one_sided
S4,0,temperature,30,light_blue,30,65,25,310.50,316.00,0.571,2.0,521.5,13.4,,303,324,false,false,marker_partially_hidden;sd_unavailable
S4,0,temperature,30,light_blue,30,65,26,319.05,315.79,0.905,1.0,522.9,6.7,,305,328,false,false,sd_unavailable
S4,0,temperature,30,light_blue,30,65,27,327.10,315.95,0.952,1.0,521.8,6.7,,304,319,false,false,sd_unavailable
S4,0,temperature,30,light_blue,30,65,28,336.00,315.00,0.714,2.0,528.2,13.4,,311,325,false,false,marker_partially_hidden;sd_unavailable
S4,0,temperature,30,light_blue,30,65,29,344.72,317.83,0.857,1.0,509.2,6.7,,316,332,false,false,sd_unavailable
S4,0,temperature,30,light_blue,30,65,30,353.50,315.00,0.810,2.0,528.2,13.4,93.9,301,328,true,false,marker_partially_hidden;sd_one_sided
S4,0,temperature,30,light_blue,30,65,31,362.28,315.17,0.857,1.0,527.1,6.7,,302,327,false,false,sd_unavailable
S4,0,temperature,30,light_blue,30,65,32,370.90,315.95,0.952,1.0,521.8,6.7,,314,319,false,false,sd_below_marker_radius
S4,0,temperature,30,light_blue,30,65,33,379.00,313.00,0.810,2.0,541.6,13.4,,309,326,false,false,marker_partially_hidden;sd_unavailable
S4,0,temperature,30,light_blue,30,65,34,387.67,315.00,0.857,1.0,528.2,6.7,26.8,311,326,true,false,sd_one_sided
S4,0,temperature,30,light_blue,30,65,35,396.00,315.00,0.810,2.0,528.2,13.4,,311,318,false,false,marker_partially_hidden;sd_unavailable
S4,0,temperature,30,light_blue,30,65,36,404.00,315.00,0.810,2.0,528.2,13.4,,312,317,false,false,marker_partially_hidden;sd_below_marker_radius
S4,0,temperature,30,light_blue,30,65,37,413.67,314.00,0.857,1.0,534.9,6.7,73.8,297,325,false,true,sd_one_sided
S4,0,temperature,30,light_blue,30,65,38,422.00,314.00,0.810,2.0,534.9,13.4,,312,317,false,false,marker_partially_hidden;sd_below_marker_radius
S4,0,temperature,30,light_blue,30,65,39,430.84,313.84,0.905,1.0,535.9,6.7,60.4,311,323,false,true,sd_one_sided
S4,0,temperature,30,light_blue,30,65,40,440.00,313.50,0.810,2.0,538.2,13.4,67.1,311,324,false,true,marker_partially_hidden;sd_one_sided
S4,0,temperature,30,light_blue,30,65,41,448.00,312.50,0.762,2.0,544.9,13.4,,311,325,false,false,marker_partially_hidden;sd_unavailable
S4,0,temperature,30,light_blue,30,65,42,456.16,313.84,0.905,1.0,535.9,6.7,,304,325,false,false,sd_unavailable
S4,0,temperature,30,light_blue,30,65,43,465.00,312.50,0.762,2.0,544.9,13.4,,304,325,false,false,marker_partially_hidden;sd_unavailable
S4,0,temperature,30,light_blue,30,65,44,474.00,314.00,0.810,2.0,534.9,13.4,,304,325,false,false,marker_partially_hidden;sd_unavailable
S4,0,temperature,30,light_blue,30,65,45,482.00,314.00,0.762,2.0,534.9,13.4,73.8,311,325,false,true,marker_partially_hidden;sd_one_sided
S4,0,temperature,30,light_blue,30,65,46,491.00,312.00,0.762,2.0,548.3,13.4,87.2,310,325,false,true,marker_partially_hidden;sd_one_sided
S4,0,temperature,30,light_blue,30,65,47,499.67,313.00,0.857,1.0,541.6,6.7,,310,328,false,false,sd_unavailable
S4,0,temperature,30,light_blue,30,65,48,507.67,313.00,0.857,1.0,541.6,6.7,,311,325,false,false,sd_unavailable
S4,0,temperature,30,light_blue,30,65,49,516.00,311.00,0.762,2.0,555.0,13.4,53.7,298,319,false,true,marker_partially_hidden;sd_one_sided
S4,0,temperature,30,light_blue,30,65,50,525.33,313.00,0.857,1.0,541.6,6.7,87.2,311,326,false,true,sd_one_sided
S4,0,temperature,30,light_blue,30,65,51,533.67,312.00,0.857,1.0,548.3,6.7,87.2,309,325,false,true,sd_one_sided
S4,0,temperature,30,light_blue,30,65,52,543.00,312.00,1.000,1.0,548.3,6.7,60.4,296,321,false,true,sd_one_sided
S4,0,temperature,30,light_blue,30,65,53,551.50,314.50,0.810,2.0,531.5,13.4,80.5,312,326,false,true,marker_partially_hidden;sd_one_sided
S4,0,temperature,30,light_blue,30,65,54,559.50,312.00,0.762,2.0,548.3,13.4,,311,324,false,false,marker_partially_hidden;sd_unavailable
S4,0,temperature,30,light_blue,30,65,55,568.50,313.00,0.571,2.0,541.6,13.4,,310,325,false,false,marker_partially_hidden;sd_unavailable
S4,0,temperature,30,light_blue,30,65,56,577.28,313.83,0.857,1.0,536.0,6.7,,311,327,false,false,sd_unavailable
S4,0,temperature,30,light_blue,30,65,57,585.33,312.67,0.667,2.0,543.8,13.4,93.9,297,325,true,true,marker_partially_hidden;sd_asymmetric_bar
S4,0,temperature,30,light_blue,30,65,58,594.72,314.17,0.857,1.0,533.8,6.7,73.8,302,325,false,true,sd_one_sided
S4,0,temperature,30,light_blue,30,65,59,603.00,315.00,0.810,2.0,528.2,13.4,,312,326,false,false,marker_partially_hidden;sd_unavailable
S4,0,temperature,30,light_blue,30,65,60,611.67,314.00,0.857,1.0,534.9,6.7,73.8,305,325,false,true,sd_one_sided
S4,0,temperature,30,light_blue,30,65,61,620.00,314.00,0.810,2.0,534.9,13.4,73.8,312,325,false,true,marker_partially_hidden;sd_one_sided
S4,0,temperature,30,light_blue,30,65,62,628.79,314.05,0.905,1.0,534.5,6.7,,311,324,false,false,sd_unavailable
S4,0,temperature,30,navy,30,70,2,114.00,378.50,0.810,2.0,102.3,13.4,,362,383,false,false,marker_partially_hidden;sd_unavailable
S4,0,temperature,30,navy,30,70,3,122.00,367.00,0.810,2.0,179.4,13.4,167.7,361,392,false,true,marker_partially_hidden;sd_one_sided
S4,0,temperature,30,navy,30,70,4,131.50,367.50,0.714,2.0,176.1,13.4,,361,370,false,false,marker_partially_hidden;sd_unavailable
S4,0,temperature,30,navy,30,70,5,139.89,357.72,0.857,1.0,241.6,6.7,,352,373,false,false,sd_unavailable
S4,0,temperature,30,navy,30,70,10,183.00,339.00,0.524,2.0,367.2,13.4,,327,341,false,false,marker_partially_hidden;sd_unavailable
S4,0,temperature,30,navy,30,70,11,190.20,334.40,0.429,2.0,398.1,13.4,,331,336,false,false,marker_partially_hidden;sd_below_marker_radius
S4,0,temperature,30,navy,30,70,12,199.84,328.84,0.905,1.0,435.3,6.7,,320,331,false,false,sd_unavailable
S4,0,temperature,30,navy,30,70,13,209.00,327.00,0.619,2.0,447.7,13.4,,324,327,false,false,marker_partially_hidden;sd_below_marker_radius
S4,0,temperature,30,navy,30,70,14,216.50,323.00,0.524,2.0,474.5,13.4,73.8,312,336,true,false,marker_partially_hidden;sd_one_sided
S4,0,temperature,30,navy,30,70,15,225.50,322.50,0.762,2.0,477.9,13.4,26.8,318,335,true,false,marker_partially_hidden;sd_one_sided
S4,0,temperature,30,navy,30,70,16,234.50,321.00,0.619,2.0,487.9,13.4,80.5,309,333,true,false,marker_partially_hidden;sd_one_sided
S4,0,temperature,30,navy,30,70,17,243.16,316.84,0.905,1.0,515.8,6.7,73.8,306,332,true,false,sd_one_sided
S4,0,temperature,30,navy,30,70,18,251.00,316.00,0.619,2.0,521.5,13.4,,307,331,false,false,marker_partially_hidden;sd_unavailable
S4,0,temperature,30,navy,30,70,19,261.33,314.33,0.429,2.0,532.6,13.4,,303,315,false,false,marker_partially_hidden;sd_unavailable
S4,0,temperature,30,navy,30,70,20,268.79,312.00,0.905,1.0,548.3,6.7,,298,316,false,false,sd_unavailable
S4,0,temperature,30,navy,30,70,22,285.33,311.67,0.571,2.0,550.5,13.4,100.6,297,326,true,false,marker_partially_hidden;sd_one_sided
S4,0,temperature,30,navy,30,70,23,294.50,311.00,0.667,2.0,555.0,13.4,,303,326,false,false,marker_partially_hidden;sd_unavailable
S4,0,temperature,30,navy,30,70,24,302.67,311.33,0.571,2.0,552.8,13.4,,307,324,false,false,marker_partially_hidden;sd_unavailable
S4,0,temperature,30,navy,30,70,25,311.00,309.00,0.476,2.0,568.4,13.4,,308,310,false,false,marker_partially_hidden;sd_below_marker_radius
S4,0,temperature,30,navy,30,70,29,345.50,305.50,0.476,2.0,591.9,13.4,,292,321,false,false,marker_partially_hidden;sd_unavailable
S4,0,temperature,30,navy,30,70,35,397.00,308.00,0.714,2.0,575.1,13.4,,306,320,false,false,marker_partially_hidden;sd_unavailable
S4,0,temperature,30,navy,30,70,36,406.00,306.50,0.429,2.0,585.2,13.4,93.9,291,319,true,true,marker_partially_hidden
S4,0,temperature,30,navy,30,70,37,414.94,307.78,0.857,1.0,576.6,6.7,93.9,291,322,false,true,sd_one_sided
S4,0,temperature,30,navy,30,70,38,423.67,310.00,0.857,1.0,561.7,6.7,,307,323,false,false,sd_unavailable
S4,0,temperature,30,navy,30,70,39,432.00,308.00,0.810,2.0,575.1,13.4,,306,323,false,false,marker_partially_hidden;sd_unavailable
S4,0,temperature,30,navy,30,70,40,441.00,306.50,0.810,2.0,585.2,13.4,100.6,290,321,false,true,marker_partially_hidden;sd_one_sided
S4,0,temperature,30,navy,30,70,41,449.00,308.00,0.810,2.0,575.1,13.4,,294,322,false,false,marker_partially_hidden;sd_unavailable
S4,0,temperature,30,navy,30,70,42,457.89,307.72,0.857,1.0,577.0,6.7,93.9,305,322,false,true,sd_one_sided
S4,0,temperature,30,navy,30,70,43,467.06,307.78,0.857,1.0,576.6,6.7,83.8,294,319,true,true,sd_asymmetric_bar
S4,0,temperature,30,navy,30,70,44,475.28,309.89,0.857,1.0,562.4,6.7,,304,323,false,false,sd_unavailable
S4,0,temperature,30,navy,30,70,45,483.50,307.00,0.762,2.0,581.8,13.4,,305,312,false,false,marker_partially_hidden;sd_unavailable
S4,0,temperature,30,navy,30,70,46,493.00,309.00,0.810,2.0,568.4,13.4,,306,312,false,false,marker_partially_hidden;sd_below_marker_radius
S4,0,temperature,30,navy,30,70,47,501.11,305.72,0.857,1.0,590.4,6.7,,291,309,false,false,sd_unavailable
S4,0,temperature,30,navy,30,70,48,509.17,308.11,0.857,1.0,574.4,6.7,,296,323,false,false,sd_unavailable
S4,0,temperature,30,navy,30,70,49,518.00,307.00,1.000,1.0,581.8,6.7,,304,321,false,false,sd_unavailable
S4,0,temperature,30,navy,30,70,50,527.00,308.00,1.000,1.0,575.1,6.7,104.0,292,323,true,true,
S4,0,temperature,30,navy,30,70,51,535.00,308.00,0.667,2.0,575.1,13.4,,293,322,false,false,marker_partially_hidden;sd_unavailable
S4,0,temperature,30,navy,30,70,52,544.21,306.00,0.905,1.0,588.5,6.7,,290,324,false,false,sd_unavailable
S4,0,temperature,30,navy,30,70,53,552.84,308.16,0.905,1.0,574.1,6.7,114.0,290,325,false,true,sd_one_sided
S4,0,temperature,30,navy,30,70,54,560.95,308.10,0.952,1.0,574.4,6.7,,292,321,false,false,sd_unavailable
S4,0,temperature,30,navy,30,70,55,569.90,307.05,0.952,1.0,581.5,6.7,,305,311,false,false,sd_unavailable
S4,0,temperature,30,navy,30,70,56,577.89,308.11,0.857,1.0,574.4,6.7,,294,322,false,false,sd_unavailable
S4,0,temperature,30,navy,30,70,57,586.90,308.05,0.952,1.0,574.8,6.7,100.6,306,323,false,true,sd_one_sided
S4,0,temperature,30,navy,30,70,58,595.90,306.95,0.952,1.0,582.2,6.7,87.2,294,311,true,false,sd_one_sided
S4,0,temperature,30,navy,30,70,59,604.10,307.95,0.952,1.0,575.5,6.7,,292,322,false,false,sd_unavailable
S4,0,temperature,30,navy,30,70,60,612.50,309.00,0.810,2.0,568.4,13.4,,296,321,false,false,marker_partially_hidden;sd_unavailable
S4,0,temperature,30,navy,30,70,61,621.50,307.00,0.810,2.0,581.8,13.4,,304,312,false,false,marker_partially_hidden;sd_unavailable
S4,0,temperature,30,navy,30,70,62,629.89,308.72,0.857,1.0,570.3,6.7,,294,321,false,false,sd_unavailable
S4,0,temperature,30,orange,30,75,2,114.50,386.00,0.429,2.0,52.0,13.4,,384,392,false,false,marker_partially_hidden;sd_unavailable
S4,0,temperature,30,orange,30,75,3,124.00,384.00,0.810,2.0,65.4,13.4,,381,392,false,false,marker_partially_hidden;sd_unavailable
S4,0,temperature,30,orange,30,75,4,133.00,377.00,1.000,1.0,112.3,6.7,,371,382,false,false,sd_unavailable
S4,0,temperature,30,orange,30,75,5,141.00,368.00,1.000,1.0,172.7,6.7,57.0,361,378,true,true,sd_asymmetric_bar
S4,0,temperature,30,orange,30,75,6,150.00,355.00,1.000,1.0,259.9,6.7,67.1,344,364,true,true,
S4,0,temperature,30,orange,30,75,7,158.00,351.00,1.000,1.0,286.7,6.7,,339,361,false,false,sd_unavailable
S4,0,temperature,30,orange,30,75,8,167.00,341.00,1.000,1.0,353.8,6.7,,338,343,false,false,sd_below_marker_radius
S4,0,temperature,30,orange,30,75,9,175.00,339.00,1.000,1.0,367.2,6.7,46.9,332,342,true,false,sd_one_sided
S4,0,temperature,30,orange,30,75,10,184.00,334.00,1.000,1.0,400.7,6.7,,331,338,false,false,sd_unavailable
S4,0,temperature,30,orange,30,75,11,193.00,337.00,1.000,1.0,380.6,6.7,26.8,332,341,false,true,sd_one_sided
S4,0,temperature,30,orange,30,75,12,201.90,334.05,0.952,1.0,400.4,6.7,33.5,331,339,false,true,sd_one_sided
S4,0,temperature,30,orange,30,75,13,210.00,330.00,1.000,1.0,427.6,6.7,,321,334,false,false,sd_unavailable
S4,0,temperature,30,orange,30,75,14,219.00,327.00,1.000,1.0,447.7,6.7,,320,334,false,false,sd_unavailable
S4,0,temperature,30,orange,30,75,15,227.00,328.00,1.000,1.0,441.0,6.7,,325,335,false,false,sd_unavailable
S4,0,temperature,30,orange,30,75,16,236.00,325.00,1.000,1.0,461.1,6.7,,322,332,false,false,sd_unavailable
S4,0,temperature,30,orange,30,75,17,244.10,324.05,0.952,1.0,467.5,6.7,,312,333,false,false,sd_unavailable
S4,0,temperature,30,orange,30,75,18,253.00,320.00,1.000,1.0,494.6,6.7,,309,330,false,false,sd_unavailable
S4,0,temperature,30,orange,30,75,19,262.00,319.00,1.000,1.0,501.3,6.7,80.5,307,327,true,false,sd_one_sided
S4,0,temperature,30,orange,30,75,20,270.00,319.00,1.000,1.0,501.3,6.7,,316,328,false,false,sd_unavailable
S4,0,temperature,30,orange,30,75,21,279.00,316.00,1.000,1.0,521.5,6.7,,304,325,false,false,sd_unavailable
S4,0,temperature,30,orange,30,75,22,287.95,315.84,0.905,1.0,522.5,6.7,,305,323,false,false,sd_unavailable
S4,0,temperature,30,orange,30,75,23,296.05,315.10,0.952,1.0,527.5,6.7,87.2,302,319,true,false,sd_one_sided
S4,0,temperature,30,orange,30,75,24,304.90,314.05,0.952,1.0,534.5,6.7,,298,324,false,false,sd_unavailable
S4,0,temperature,30,orange,30,75,25,313.90,312.95,0.952,1.0,541.9,6.7,107.3,297,321,true,false,sd_one_sided
S4,0,temperature,30,orange,30,75,26,322.00,310.00,1.000,1.0,561.7,6.7,,295,322,false,false,sd_unavailable
S4,0,temperature,30,orange,30,75,27,330.00,310.00,1.000,1.0,561.7,6.7,73.8,294,321,false,true,sd_one_sided
S4,0,temperature,30,orange,30,75,28,339.00,309.00,1.000,1.0,568.4,6.7,,288,324,false,false,sd_unavailable
S4,0,temperature,30,orange,30,75,29,347.05,309.10,0.952,1.0,567.7,6.7,46.9,299,313,true,true,sd_asymmetric_bar
S4,0,temperature,30,orange,30,75,30,356.00,308.00,1.000,1.0,575.1,6.7,80.5,290,320,false,true,sd_one_sided
S4,0,temperature,30,orange,30,75,31,365.00,307.00,1.000,1.0,581.8,6.7,107.3,288,320,true,true,sd_asymmetric_bar
S4,0,temperature,30,orange,30,75,32,373.21,305.95,0.905,1.0,588.9,6.7,,303,322,false,false,sd_unavailable
S4,0,temperature,30,orange,30,75,33,382.00,305.00,1.000,1.0,595.2,6.7,100.6,288,320,false,true,sd_one_sided
S4,0,temperature,30,orange,30,75,34,390.95,305.90,0.952,1.0,589.2,6.7,,288,323,false,false,sd_unavailable
S4,0,temperature,30,orange,30,75,35,399.05,303.90,0.952,1.0,602.6,6.7,107.3,288,321,true,false,sd_one_sided
S4,0,temperature,30,orange,30,75,36,408.05,303.90,0.952,1.0,602.6,6.7,120.7,286,306,true,false,sd_one_sided
S4,0,temperature,30,orange,30,75,37,416.00,303.00,1.000,1.0,608.7,6.7,124.1,284,321,true,true,
S4,0,temperature,30,orange,30,75,38,425.00,304.00,1.000,1.0,601.9,6.7,114.0,287,321,false,true,sd_one_sided
S4,0,temperature,30,orange,30,75,39,433.00,303.00,1.000,1.0,608.7,6.7,120.7,285,321,true,false,sd_one_sided
S4,0,temperature,30,orange,30,75,40,442.05,301.90,0.952,1.0,616.0,6.7,70.4,295,316,true,true,sd_asymmetric_bar
S4,0,temperature,30,orange,30,75,41,450.00,303.00,1.000,1.0,608.7,6.7,93.9,289,317,true,false,sd_one_sided
S4,0,temperature,30,orange,30,75,42,459.00,302.00,1.000,1.0,615.4,6.7,120.7,284,318,true,false,sd_one_sided
S4,0,temperature,30,orange,30,75,43,468.00,301.00,1.000,1.0,622.1,6.7,,284,319,false,false,sd_unavailable
S4,0,temperature,30,orange,30,75,44,476.00,301.00,1.000,1.0,622.1,6.7,,285,313,false,false,sd_unavailable
S4,0,temperature,30,orange,30,75,45,485.00,302.00,1.000,1.0,615.4,6.7,127.4,283,319,true,false,sd_one_sided
S4,0,temperature,30,orange,30,75,46,494.00,302.00,1.000,1.0,615.4,6.7,114.0,282,319,false,true,sd_one_sided
S4,0,temperature,30,orange,30,75,47,502.00,300.00,1.000,1.0,628.8,6.7,100.6,285,311,true,false,sd_one_sided
S4,0,temperature,30,orange,30,75,48,511.00,303.00,1.000,1.0,608.7,6.7,67.1,293,313,true,true,
S4,0,temperature,30,orange,30,75,49,520.00,301.00,1.000,1.0,622.1,6.7,,283,303,false,false,sd_unavailable
S4,0,temperature,30,orange,30,75,50,528.00,302.00,1.000,1.0,615.4,6.7,,284,316,false,false,sd_unavailable
S4,0,temperature,30,orange,30,75,51,536.00,301.00,1.000,1.0,622.1,6.7,107.3,285,317,true,false,sd_one_sided
S4,0,temperature,30,orange,30,75,52,545.90,301.05,0.952,1.0,621.7,6.7,114.0,284,318,true,false,sd_one_sided
S4,0,temperature,30,orange,30,75,53,554.00,302.00,1.000,1.0,615.4,6.7,127.4,283,305,true,false,sd_one_sided
S4,0,temperature,30,orange,30,75,54,562.00,302.00,1.000,1.0,615.4,6.7,,285,320,false,false,sd_unavailable
S4,0,temperature,30,orange,30,75,55,571.00,302.00,1.000,1.0,615.4,6.7,127.4,297,321,false,true,sd_one_sided
S4,0,temperature,30,orange,30,75,56,580.00,302.00,1.000,1.0,615.4,6.7,107.3,287,319,true,true,
S4,0,temperature,30,orange,30,75,57,588.00,302.00,1.000,1.0,615.4,6.7,120.7,283,319,true,true,
S4,0,temperature,30,orange,30,75,58,597.00,298.00,1.000,1.0,642.2,6.7,26.8,281,302,false,true,sd_one_sided
S4,0,temperature,30,orange,30,75,59,606.00,300.00,1.000,1.0,628.8,6.7,26.8,280,304,false,true,sd_one_sided
S4,0,temperature,30,orange,30,75,60,614.00,301.00,1.000,1.0,622.1,6.7,120.7,283,319,true,false,sd_one_sided
S4,0,temperature,30,orange,30,75,61,623.00,300.00,1.000,1.0,628.8,6.7,120.7,282,318,true,false,sd_one_sided
S4,0,temperature,30,orange,30,75,62,631.90,299.05,0.952,1.0,635.1,6.7,26.8,282,303,false,true,sd_one_sided
S4,0,temperature,30,green,30,80,1,108.10,387.95,0.952,1.0,38.9,6.7,26.8,384,392,true,false,sd_one_sided
S4,0,temperature,30,green,30,80,2,117.00,389.00,0.810,2.0,31.9,13.4,,385,392,false,false,marker_partially_hidden;sd_unavailable
S4,0,temperature,30,green,30,80,3,125.10,387.95,0.952,1.0,38.9,6.7,,386,392,false,false,sd_unavailable
S4,0,temperature,30,green,30,80,4,134.21,388.05,0.905,1.0,38.2,6.7,30.2,383,392,true,true,
S4,0,temperature,30,green,30,80,5,142.28,383.83,0.857,1.0,66.5,6.7,46.9,381,391,false,true,sd_one_sided
S4,0,temperature,30,green,30,80,6,150.89,372.28,0.857,1.0,144.0,6.7,60.4,366,384,true,true,sd_asymmetric_bar
S4,0,temperature,30,green,30,80,7,159.95,369.90,0.952,1.0,160.0,6.7,87.2,357,383,false,true,sd_one_sided
S4,0,temperature,30,green,30,80,8,168.10,363.95,0.952,1.0,199.9,6.7,60.4,350,368,true,true,sd_asymmetric_bar
S4,0,temperature,30,green,30,80,9,176.84,361.16,0.905,1.0,218.6,6.7,,348,374,false,false,sd_unavailable
S4,0,temperature,30,green,30,80,10,185.72,358.89,0.857,1.0,233.8,6.7,100.6,344,373,true,false,sd_one_sided
S4,0,temperature,30,green,30,80,11,193.89,354.28,0.857,1.0,264.7,6.7,80.5,343,366,false,true,sd_one_sided
S4,0,temperature,30,green,30,80,12,202.16,350.84,0.905,1.0,287.8,6.7,67.1,341,358,true,false,sd_one_sided
S4,0,temperature,30,green,30,80,13,211.50,348.00,0.810,2.0,306.8,13.4,50.3,337,352,true,true,marker_partially_hidden;sd_asymmetric_bar
S4,0,temperature,30,green,30,80,14,219.84,344.84,0.905,1.0,328.0,6.7,,335,355,false,false,sd_unavailable
S4,0,temperature,30,green,30,80,15,228.16,343.84,0.905,1.0,334.7,6.7,,336,351,false,false,sd_unavailable
S4,0,temperature,30,green,30,80,16,237.05,336.16,0.905,1.0,386.3,6.7,,333,343,false,false,sd_unavailable
S4,0,temperature,30,green,30,80,17,245.84,335.84,0.905,1.0,388.4,6.7,,328,348,false,false,sd_unavailable
S4,0,temperature,30,green,30,80,18,254.00,336.00,1.000,1.0,387.3,6.7,,325,349,false,false,sd_unavailable
S4,0,temperature,30,green,30,80,19,263.00,332.00,1.000,1.0,414.2,6.7,60.4,323,339,true,false,sd_one_sided
S4,0,temperature,30,green,30,80,20,271.21,331.00,0.905,1.0,420.9,6.7,33.5,329,336,false,true,sd_one_sided
S4,0,temperature,30,green,30,80,21,279.79,330.00,0.905,1.0,427.6,6.7,,321,336,false,false,sd_unavailable
S4,0,temperature,30,green,30,80,22,289.00,329.00,1.000,1.0,434.3,6.7,,323,343,false,false,sd_unavailable
S4,0,temperature,30,green,30,80,23,297.10,329.95,0.952,1.0,427.9,6.7,,325,343,false,false,sd_unavailable
S4,0,temperature,30,green,30,80,24,305.72,328.17,0.857,1.0,439.9,6.7,26.8,324,336,true,false,sd_one_sided
S4,0,temperature,30,green,30,80,25,314.67,326.67,0.810,2.0,449.9,13.4,,316,336,false,false,marker_partially_hidden;sd_unavailable
S4,0,temperature,30,green,30,80,26,323.00,328.21,0.905,1.0,439.6,6.7,,301,336,false,false,sd_unavailable
S4,0,temperature,30,green,30,80,27,331.28,327.89,0.857,1.0,441.7,6.7,,292,335,false,false,sd_unavailable
S4,0,temperature,30,green,30,80,28,340.33,327.33,0.762,2.0,445.5,13.4,67.1,317,337,false,true,marker_partially_hidden;sd_one_sided
S4,0,temperature,30,green,30,80,29,348.84,327.16,0.905,1.0,446.6,6.7,,313,339,false,false,sd_unavailable
S4,0,temperature,30,green,30,80,30,357.10,329.95,0.952,1.0,427.9,6.7,33.5,325,336,true,false,sd_one_sided
S4,0,temperature,30,green,30,80,31,366.00,329.00,1.000,1.0,434.3,6.7,93.9,315,341,true,false,sd_one_sided
S4,0,temperature,30,green,30,80,32,374.50,328.00,0.810,2.0,441.0,13.4,,289,335,false,false,marker_partially_hidden;sd_unavailable
S4,0,temperature,30,green,30,80,33,383.21,330.00,0.905,1.0,427.6,6.7,,323,336,false,false,sd_unavailable
S4,0,temperature,30,green,30,80,34,391.94,327.78,0.857,1.0,442.5,6.7,,313,341,false,false,sd_unavailable
S4,0,temperature,30,green,30,80,35,400.00,328.00,0.810,2.0,441.0,13.4,,322,336,false,false,marker_partially_hidden;sd_unavailable
S4,0,temperature,30,green,30,80,36,408.89,327.72,0.857,1.0,442.8,6.7,,314,336,false,false,sd_unavailable
S4,0,temperature,30,green,30,80,37,418.00,329.00,1.000,1.0,434.3,6.7,,311,338,false,false,sd_unavailable
S4,0,temperature,30,green,30,80,38,426.00,327.50,0.810,2.0,444.3,13.4,107.3,312,344,true,false,marker_partially_hidden;sd_one_sided
S4,0,temperature,30,green,30,80,39,435.00,329.00,1.000,1.0,434.3,6.7,73.8,318,334,true,false,sd_one_sided
S4,0,temperature,30,green,30,80,40,443.84,327.84,0.905,1.0,442.0,6.7,67.1,318,336,true,false,sd_one_sided
S4,0,temperature,30,green,30,80,41,452.00,329.00,1.000,1.0,434.3,6.7,,311,336,false,false,sd_unavailable
S4,0,temperature,30,green,30,80,42,460.50,329.00,0.810,2.0,434.3,13.4,,324,335,false,false,marker_partially_hidden;sd_unavailable
S4,0,temperature,30,green,30,80,43,469.50,326.00,0.810,2.0,454.4,13.4,46.9,315,333,false,true,marker_partially_hidden;sd_one_sided
S4,0,temperature,30,green,30,80,44,477.90,328.05,0.952,1.0,440.6,6.7,,317,339,false,false,sd_unavailable
S4,0,temperature,30,green,30,80,45,486.16,328.16,0.905,1.0,439.9,6.7,,312,336,false,false,sd_unavailable
S4,0,temperature,30,green,30,80,46,495.10,328.05,0.952,1.0,440.6,6.7,93.9,314,342,true,false,sd_one_sided
S4,0,temperature,30,green,30,80,47,503.50,327.00,0.810,2.0,447.7,13.4,73.8,316,333,true,false,marker_partially_hidden;sd_one_sided
S4,0,temperature,30,green,30,80,48,512.00,328.00,1.000,1.0,441.0,6.7,87.2,315,340,true,false,sd_one_sided
S4,0,temperature,30,green,30,80,49,520.84,329.16,0.905,1.0,433.2,6.7,100.6,314,336,true,false,sd_one_sided
S4,0,temperature,30,green,30,80,50,529.50,328.00,0.810,2.0,441.0,13.4,33.5,317,333,false,true,marker_partially_hidden;sd_one_sided
S4,0,temperature,30,green,30,80,51,538.00,330.00,1.000,1.0,427.6,6.7,93.9,314,344,false,true,sd_one_sided
S4,0,temperature,30,green,30,80,52,547.00,329.79,0.905,1.0,429.0,6.7,,318,337,false,false,sd_unavailable
S4,0,temperature,30,green,30,80,53,555.11,329.72,0.857,1.0,429.4,6.7,26.8,326,338,true,false,sd_one_sided
S4,0,temperature,30,green,30,80,54,563.72,325.89,0.857,1.0,455.1,6.7,,312,330,false,false,sd_unavailable
S4,0,temperature,30,green,30,80,55,572.72,327.89,0.857,1.0,441.7,6.7,70.4,314,335,true,true,sd_asymmetric_bar
S4,0,temperature,30,green,30,80,56,581.00,329.00,1.000,1.0,434.3,6.7,,320,336,false,false,sd_unavailable
S4,0,temperature,30,green,30,80,57,590.00,328.00,0.810,2.0,441.0,13.4,,315,335,false,false,marker_partially_hidden;sd_unavailable
S4,0,temperature,30,green,30,80,58,598.00,329.00,0.810,2.0,434.3,13.4,,290,336,false,false,marker_partially_hidden;sd_unavailable
S4,0,temperature,30,green,30,80,59,606.84,328.84,0.905,1.0,435.3,6.7,,319,336,false,false,sd_unavailable
S4,0,temperature,30,green,30,80,60,615.21,329.00,0.905,1.0,434.3,6.7,,320,337,false,false,sd_unavailable
S4,0,temperature,30,green,30,80,61,624.06,326.22,0.857,1.0,452.9,6.7,87.2,313,337,true,false,sd_one_sided
S4,0,temperature,30,green,30,80,62,632.50,327.00,0.762,2.0,447.7,13.4,80.5,315,336,true,false,marker_partially_hidden;sd_one_sided
S4,1,humidity,65,light_blue,15,65,1,108.00,385.00,1.000,1.0,58.7,6.7,,381,387,false,false,sd_unavailable
S4,1,humidity,65,light_blue,15,65,2,116.00,386.00,0.762,2.0,52.0,13.4,,384,392,false,false,marker_partially_hidden;sd_unavailable
S4,1,humidity,65,light_blue,15,65,3,124.00,386.00,0.571,2.0,52.0,13.4,,385,387,false,false,marker_partially_hidden;sd_below_marker_radius
S4,1,humidity,65,light_blue,15,65,4,134.00,386.00,1.000,1.0,52.0,6.7,26.8,381,390,false,true,sd_one_sided
S4,1,humidity,65,light_blue,15,65,5,142.16,384.05,0.905,1.0,65.0,6.7,,382,391,false,false,sd_unavailable
S4,1,humidity,65,light_blue,15,65,6,150.89,383.72,0.857,1.0,67.3,6.7,,373,389,false,false,sd_unavailable
S4,1,humidity,65,light_blue,15,65,7,159.84,383.16,0.905,1.0,71.0,6.7,,371,391,false,false,sd_unavailable
S4,1,humidity,65,light_blue,15,65,8,168.00,382.00,1.000,1.0,78.8,6.7,,368,390,false,false,sd_unavailable
S4,1,humidity,65,light_blue,15,65,9,176.33,376.00,0.857,1.0,119.0,6.7,,365,392,false,false,sd_unavailable
S4,1,humidity,65,light_blue,15,65,10,186.00,375.00,1.000,1.0,125.8,6.7,33.5,370,380,false,true,sd_one_sided
S4,1,humidity,65,light_blue,15,65,11,194.00,374.00,1.000,1.0,132.5,6.7,107.3,357,389,true,true,
S4,1,humidity,65,light_blue,15,65,12,202.84,368.84,0.905,1.0,167.1,6.7,93.9,355,383,true,false,sd_one_sided
S4,1,humidity,65,light_blue,15,65,13,211.16,362.84,0.905,1.0,207.3,6.7,87.2,350,367,true,false,sd_one_sided
S4,1,humidity,65,light_blue,15,65,14,220.00,360.00,1.000,1.0,226.4,6.7,,350,371,false,false,sd_unavailable
S4,1,humidity,65,light_blue,15,65,15,228.00,354.00,1.000,1.0,266.6,6.7,77.1,343,366,true,true,
S4,1,humidity,65,light_blue,15,65,16,237.21,350.00,0.905,1.0,293.4,6.7,93.9,338,364,false,true,sd_one_sided
S4,1,humidity,65,light_blue,15,65,17,245.95,348.90,0.952,1.0,300.8,6.7,87.2,343,362,false,true,sd_one_sided
S4,1,humidity,65,light_blue,15,65,18,254.00,345.00,1.000,1.0,327.0,6.7,87.2,339,358,false,true,sd_one_sided
S4,1,humidity,65,light_blue,15,65,19,263.10,342.05,0.952,1.0,346.7,6.7,,337,354,false,false,sd_unavailable
S4,1,humidity,65,light_blue,15,65,20,271.33,342.00,0.857,1.0,347.1,6.7,,336,352,false,false,sd_unavailable
S4,1,humidity,65,light_blue,15,65,21,280.00,340.00,0.762,2.0,360.5,13.4,67.1,331,350,false,true,marker_partially_hidden;sd_one_sided
S4,1,humidity,65,light_blue,15,65,22,288.90,337.95,0.952,1.0,374.2,6.7,87.2,324,351,false,true,sd_one_sided
S4,1,humidity,65,light_blue,15,65,23,297.33,334.00,0.857,1.0,400.7,6.7,67.1,330,344,false,true,sd_one_sided
S4,1,humidity,65,light_blue,15,65,24,305.89,332.06,0.857,1.0,413.8,6.7,,329,340,false,false,sd_unavailable
S4,1,humidity,65,light_blue,15,65,25,315.33,328.00,0.857,1.0,441.0,6.7,,324,332,false,false,sd_unavailable
S4,1,humidity,65,light_blue,15,65,26,323.67,327.00,0.857,1.0,447.7,6.7,,323,330,false,false,sd_unavailable
S4,1,humidity,65,light_blue,15,65,27,331.79,327.00,0.905,1.0,447.7,6.7,,324,337,false,false,sd_unavailable
S4,1,humidity,65,light_blue,15,65,28,341.00,324.00,0.810,2.0,467.8,13.4,,322,334,false,false,marker_partially_hidden;sd_unavailable
S4,1,humidity,65,light_blue,15,65,29,349.50,319.00,0.762,2.0,501.3,13.4,,310,326,false,false,marker_partially_hidden;sd_unavailable
S4,1,humidity,65,light_blue,15,65,30,357.50,321.00,0.810,2.0,487.9,13.4,,309,332,false,false,marker_partially_hidden;sd_unavailable
S4,1,humidity,65,light_blue,15,65,31,366.22,320.94,0.857,1.0,488.3,6.7,87.2,310,334,false,true,sd_one_sided
S4,1,humidity,65,light_blue,15,65,32,375.11,318.06,0.857,1.0,507.7,6.7,,307,326,false,false,sd_unavailable
S4,1,humidity,65,light_blue,15,65,33,383.16,316.16,0.905,1.0,520.4,6.7,33.5,314,321,false,true,sd_one_sided
S4,1,humidity,65,light_blue,15,65,34,392.00,314.00,0.714,2.0,534.9,13.4,,306,323,false,false,marker_partially_hidden;sd_unavailable
S4,1,humidity,65,light_blue,15,65,35,400.50,316.00,0.762,2.0,521.5,13.4,,306,321,false,false,marker_partially_hidden;sd_unavailable
S4,1,humidity,65,light_blue,15,65,36,408.95,311.90,0.952,1.0,549.0,6.7,,304,314,false,false,sd_unavailable
S4,1,humidity,65,light_blue,15,65,37,418.00,309.00,0.810,2.0,568.4,13.4,,293,326,false,false,marker_partially_hidden;sd_unavailable
S4,1,humidity,65,light_blue,15,65,38,426.22,308.06,0.857,1.0,574.7,6.7,,305,310,false,false,sd_below_marker_radius
S4,1,humidity,65,light_blue,15,65,39,435.00,307.00,0.714,2.0,581.8,13.4,,289,325,false,false,marker_partially_hidden;sd_unavailable
S4,1,humidity,65,light_blue,15,65,40,443.95,307.95,0.905,1.0,575.5,6.7,,292,323,false,false,sd_unavailable
S4,1,humidity,65,light_blue,15,65,41,452.17,307.06,0.857,1.0,581.5,6.7,,292,308,false,false,sd_unavailable
S4,1,humidity,65,light_blue,15,65,42,460.95,307.90,0.952,1.0,575.8,6.7,,291,318,false,false,sd_unavailable
S4,1,humidity,65,light_blue,15,65,43,469.00,307.00,1.000,1.0,581.8,6.7,,292,309,false,false,sd_unavailable
S4,1,humidity,65,light_blue,15,65,44,478.00,306.00,1.000,1.0,588.5,6.7,114.0,289,319,true,false,sd_one_sided
S4,1,humidity,65,light_blue,15,65,45,487.00,303.00,0.810,2.0,608.7,13.4,,288,319,false,false,marker_partially_hidden;sd_unavailable
S4,1,humidity,65,light_blue,15,65,46,495.10,302.05,0.952,1.0,615.0,6.7,,286,307,false,false,sd_unavailable
S4,1,humidity,65,light_blue,15,65,47,503.90,302.05,0.952,1.0,615.0,6.7,,286,307,false,false,sd_unavailable
S4,1,humidity,65,light_blue,15,65,48,512.10,301.05,0.952,1.0,621.7,6.7,,282,308,false,false,sd_unavailable
S4,1,humidity,65,light_blue,15,65,49,521.05,301.95,0.905,1.0,615.7,6.7,,283,306,false,false,sd_unavailable
S4,1,humidity,65,light_blue,15,65,50,529.50,301.00,0.810,2.0,622.1,13.4,,280,322,false,false,marker_partially_hidden;sd_unavailable
S4,1,humidity,65,light_blue,15,65,51,538.16,299.05,0.905,1.0,635.1,6.7,,295,318,false,false,sd_unavailable
S4,1,humidity,65,light_blue,15,65,52,547.33,301.00,0.857,1.0,622.1,6.7,127.4,282,317,true,false,sd_one_sided
S4,1,humidity,65,light_blue,15,65,53,555.33,294.00,0.857,1.0,669.0,6.7,26.8,272,298,false,true,sd_one_sided
S4,1,humidity,65,light_blue,15,65,54,563.90,298.95,0.952,1.0,635.8,6.7,,284,318,false,false,sd_unavailable
S4,1,humidity,65,light_blue,15,65,55,573.00,296.00,0.762,2.0,655.6,13.4,97.2,274,303,true,true,marker_partially_hidden;sd_asymmetric_bar
S4,1,humidity,65,light_blue,15,65,56,581.33,296.00,0.857,1.0,655.6,6.7,,291,318,false,false,sd_unavailable
S4,1,humidity,65,light_blue,15,65,57,589.50,295.50,0.810,2.0,659.0,13.4,,272,320,false,false,marker_partially_hidden;sd_unavailable
S4,1,humidity,65,light_blue,15,65,58,598.84,294.16,0.905,1.0,668.0,6.7,187.8,266,311,true,false,sd_one_sided
S4,1,humidity,65,light_blue,15,65,59,607.17,293.11,0.857,1.0,675.0,6.7,,262,301,false,false,sd_unavailable
S4,1,humidity,65,light_blue,15,65,60,615.28,290.89,0.857,1.0,689.9,6.7,,288,298,false,false,sd_unavailable
S4,1,humidity,65,light_blue,15,65,61,624.89,290.94,0.857,1.0,689.5,6.7,,262,300,false,false,sd_unavailable
S4,1,humidity,65,light_blue,15,65,62,633.00,292.00,0.762,2.0,682.4,13.4,,264,300,false,false,marker_partially_hidden;sd_unavailable
S4,1,humidity,65,navy,20,65,4,129.33,387.67,0.524,2.0,40.8,13.4,,386,390,false,false,marker_partially_hidden;sd_below_marker_radius
S4,1,humidity,65,navy,20,65,5,138.00,384.00,0.619,2.0,65.4,13.4,,382,389,false,false,marker_partially_hidden;sd_unavailable
S4,1,humidity,65,navy,20,65,6,147.06,377.78,0.857,1.0,107.1,6.7,60.4,374,387,false,true,sd_one_sided
S4,1,humidity,65,navy,20,65,7,156.00,366.00,1.000,1.0,186.1,6.7,,364,378,false,false,sd_unavailable
S4,1,humidity,65,navy,20,65,8,164.00,359.00,0.810,2.0,233.1,13.4,53.7,351,367,true,true,marker_partially_hidden
S4,1,humidity,65,navy,20,65,9,172.89,352.28,0.857,1.0,278.2,6.7,,345,360,false,false,sd_unavailable
S4,1,humidity,65,navy,20,65,10,181.90,347.95,0.952,1.0,307.2,6.7,,346,351,false,false,sd_below_marker_radius
S4,1,humidity,65,navy,20,65,11,190.00,343.00,0.905,1.0,340.4,6.7,,336,346,false,false,sd_unavailable
S4,1,humidity,65,navy,20,65,12,198.33,339.33,0.619,2.0,365.0,13.4,,336,347,false,false,marker_partially_hidden;sd_unavailable
S4,1,humidity,65,navy,20,65,13,207.00,336.00,0.810,2.0,387.3,13.4,,334,340,false,false,marker_partially_hidden;sd_unavailable
S4,1,humidity,65,navy,20,65,14,216.00,333.50,0.714,2.0,404.1,13.4,,331,344,false,false,marker_partially_hidden;sd_unavailable
S4,1,humidity,65,navy,20,65,15,224.00,331.00,0.619,2.0,420.9,13.4,,327,335,false,false,marker_partially_hidden;sd_unavailable
S4,1,humidity,65,navy,20,65,16,232.94,329.11,0.857,1.0,433.5,6.7,,327,332,false,false,sd_below_marker_radius
S4,1,humidity,65,navy,20,65,17,241.00,330.50,0.667,2.0,424.2,13.4,,327,334,false,false,marker_partially_hidden;sd_unavailable
S4,1,humidity,65,navy,20,65,18,250.10,326.05,0.952,1.0,454.1,6.7,,324,330,false,false,sd_unavailable
S4,1,humidity,65,navy,20,65,19,259.10,325.95,0.952,1.0,454.7,6.7,,323,330,false,false,sd_unavailable
S4,1,humidity,65,navy,20,65,20,267.33,325.67,0.762,2.0,456.6,13.4,,323,329,false,false,marker_partially_hidden;sd_below_marker_radius
S4,1,humidity,65,navy,20,65,21,276.00,324.50,0.524,2.0,464.5,13.4,,324,326,false,false,marker_partially_hidden;sd_below_marker_radius
S4,1,humidity,65,navy,20,65,22,285.00,323.50,0.714,2.0,471.2,13.4,,322,325,false,false,marker_partially_hidden;sd_below_marker_radius
S4,1,humidity,65,navy,20,65,26,318.50,322.00,0.476,2.0,481.2,13.4,,320,324,false,false,marker_partially_hidden;sd_below_marker_radius
S4,1,humidity,65,navy,20,65,36,404.50,312.00,0.714,2.0,548.3,13.4,,309,315,false,false,marker_partially_hidden;sd_below_marker_radius
S4,1,humidity,65,navy,20,65,37,413.00,311.00,0.524,2.0,555.0,13.4,,308,319,false,false,marker_partially_hidden;sd_unavailable
S4,1,humidity,65,navy,20,65,40,439.22,308.94,0.857,1.0,568.8,6.7,,307,312,false,false,sd_below_marker_radius
S4,1,humidity,65,navy,20,65,41,447.60,308.80,0.476,2.0,569.8,13.4,,305,310,false,false,marker_partially_hidden;sd_unavailable
S4,1,humidity,65,navy,20,65,42,456.50,309.00,0.667,2.0,568.4,13.4,,304,319,false,false,marker_partially_hidden;sd_unavailable
S4,1,humidity,65,navy,20,65,43,465.50,308.00,0.619,2.0,575.1,13.4,,304,310,false,false,marker_partially_hidden;sd_unavailable
S4,1,humidity,65,navy,20,65,44,473.89,308.11,0.857,1.0,574.4,6.7,26.8,304,311,true,false,sd_one_sided
S4,1,humidity,65,navy,20,65,45,482.50,308.00,0.667,2.0,575.1,13.4,,306,309,false,false,marker_partially_hidden;sd_below_marker_radius
S4,1,humidity,65,navy,20,65,46,491.00,307.00,0.619,2.0,581.8,13.4,67.1,300,317,false,true,marker_partially_hidden;sd_one_sided
S4,1,humidity,65,navy,20,65,47,499.00,305.50,0.762,2.0,591.9,13.4,,303,308,false,false,marker_partially_hidden;sd_below_marker_radius
S4,1,humidity,65,navy,20,65,48,507.89,305.17,0.857,1.0,594.1,6.7,,302,308,false,false,sd_below_marker_radius
S4,1,humidity,65,navy,20,65,49,517.00,304.00,0.810,2.0,601.9,13.4,,296,306,false,false,marker_partially_hidden;sd_unavailable
S4,1,humidity,65,navy,20,65,52,543.16,303.84,0.905,1.0,603.0,6.7,40.2,298,316,true,false,sd_one_sided
S4,1,humidity,65,navy,20,65,53,552.00,305.00,0.810,2.0,595.2,13.4,,302,306,false,false,marker_partially_hidden;sd_below_marker_radius
S4,1,humidity,65,navy,20,65,56,577.00,303.00,0.619,2.0,608.7,13.4,,293,305,false,false,marker_partially_hidden;sd_unavailable
S4,1,humidity,65,navy,20,65,57,585.17,305.17,0.381,2.0,594.1,13.4,,303,306,false,false,marker_partially_hidden;sd_below_marker_radius
S4,1,humidity,65,navy,20,65,59,603.00,302.00,0.810,2.0,615.4,13.4,,290,311,false,false,marker_partially_hidden;sd_unavailable
S4,1,humidity,65,navy,20,65,60,611.00,305.50,0.571,2.0,591.9,13.4,53.7,298,310,true,false,marker_partially_hidden;sd_one_sided
S4,1,humidity,65,navy,20,65,61,620.00,301.00,0.429,2.0,622.1,13.4,67.1,291,301,true,false,marker_partially_hidden;sd_one_sided
S4,1,humidity,65,navy,20,65,62,628.00,306.00,0.524,2.0,588.5,13.4,,298,310,false,false,marker_partially_hidden;sd_unavailable
S4,1,humidity,65,orange,25,65,1,106.00,378.00,1.000,1.0,105.6,6.7,87.2,365,380,true,false,sd_one_sided
S4,1,humidity,65,orange,25,65,2,113.67,381.67,0.810,2.0,81.0,13.4,,373,384,false,false,marker_partially_hidden;sd_unavailable
S4,1,humidity,65,orange,25,65,3,122.00,381.00,1.000,1.0,85.5,6.7,87.2,368,392,true,false,sd_one_sided
S4,1,humidity,65,orange,25,65,4,131.00,371.00,1.000,1.0,152.6,6.7,,353,377,false,false,sd_unavailable
S4,1,humidity,65,orange,25,65,5,140.00,364.00,1.000,1.0,199.5,6.7,140.8,343,375,true,false,sd_one_sided
S4,1,humidity,65,orange,25,65,6,148.00,358.00,1.000,1.0,239.8,6.7,161.0,334,374,true,false,sd_one_sided
S4,1,humidity,65,orange,25,65,7,157.00,350.00,1.000,1.0,293.4,6.7,154.3,327,374,true,false,sd_one_sided
S4,1,humidity,65,orange,25,65,8,165.00,344.00,0.381,2.0,333.7,13.4,161.0,320,344,true,false,marker_partially_hidden;sd_one_sided
S4,1,humidity,65,orange,25,65,9,174.00,329.50,0.476,2.0,430.9,13.4,234.7,314,365,false,true,marker_partially_hidden;sd_one_sided
S4,1,humidity,65,orange,25,65,10,182.00,334.00,0.619,2.0,400.7,13.4,,308,360,false,false,marker_partially_hidden;sd_unavailable
S4,1,humidity,65,orange,25,65,11,191.00,330.00,1.000,1.0,427.6,6.7,174.4,304,355,true,false,sd_one_sided
S4,1,humidity,65,orange,25,65,12,200.00,328.00,1.000,1.0,441.0,6.7,161.0,304,352,true,true,
S4,1,humidity,65,orange,25,65,13,209.00,326.00,1.000,1.0,454.4,6.7,,301,348,false,false,sd_unavailable
S4,1,humidity,65,orange,25,65,14,217.00,323.00,1.000,1.0,474.5,6.7,,303,342,false,false,sd_unavailable
S4,1,humidity,65,orange,25,65,15,226.00,320.00,1.000,1.0,494.6,6.7,134.1,300,342,true,false,sd_one_sided
S4,1,humidity,65,orange,25,65,16,235.00,320.00,1.000,1.0,494.6,6.7,,297,343,false,false,sd_unavailable
S4,1,humidity,65,orange,25,65,17,242.00,318.00,0.429,2.0,508.0,13.4,,303,319,false,false,marker_partially_hidden;sd_unavailable
S4,1,humidity,65,orange,25,65,18,252.00,309.50,0.524,2.0,565.1,13.4,110.7,304,337,true,true,marker_partially_hidden;sd_asymmetric_bar
S4,1,humidity,65,orange,25,65,19,260.50,307.50,0.476,2.0,578.5,13.4,194.5,303,337,false,true,marker_partially_hidden;sd_one_sided
S4,1,humidity,65,orange,25,65,20,268.50,321.00,0.571,2.0,487.9,13.4,140.8,300,336,true,false,marker_partially_hidden;sd_one_sided
S4,1,humidity,65,orange,25,65,21,278.00,320.00,1.000,1.0,494.6,6.7,93.9,318,334,false,true,sd_one_sided
S4,1,humidity,65,orange,25,65,22,286.00,319.67,0.857,1.0,496.9,6.7,93.9,305,333,true,true,
S4,1,humidity,65,orange,25,65,23,294.67,320.33,0.810,2.0,492.4,13.4,,304,331,false,false,marker_partially_hidden;sd_unavailable
S4,1,humidity,65,orange,25,65,24,302.95,320.10,0.952,1.0,494.0,6.7,,306,338,false,false,sd_unavailable
S4,1,humidity,65,orange,25,65,25,312.00,320.00,1.000,1.0,494.6,6.7,,317,333,false,false,sd_unavailable
S4,1,humidity,65,orange,25,65,26,320.00,318.50,0.714,2.0,504.7,13.4,80.5,306,325,true,false,marker_partially_hidden;sd_one_sided
S4,1,humidity,65,orange,25,65,27,329.00,318.00,0.524,2.0,508.0,13.4,80.5,306,324,true,false,marker_partially_hidden;sd_one_sided
S4,1,humidity,65,orange,25,65,28,338.00,320.00,1.000,1.0,494.6,6.7,100.6,303,335,false,true,sd_one_sided
S4,1,humidity,65,orange,25,65,29,345.60,321.80,0.524,2.0,482.6,13.4,87.2,303,335,false,true,marker_partially_hidden;sd_one_sided
S4,1,humidity,65,orange,25,65,30,354.00,315.00,0.667,2.0,528.2,13.4,,303,330,false,false,marker_partially_hidden;sd_unavailable
S4,1,humidity,65,orange,25,65,31,362.00,315.00,0.667,2.0,528.2,13.4,73.8,304,329,true,false,marker_partially_hidden;sd_one_sided
S4,1,humidity,65,orange,25,65,32,370.50,316.00,0.619,2.0,521.5,13.4,33.5,311,318,true,false,marker_partially_hidden;sd_one_sided
S4,1,humidity,65,orange,25,65,33,379.00,313.00,0.476,2.0,541.6,13.4,80.5,311,325,false,true,marker_partially_hidden;sd_one_sided
S4,1,humidity,65,orange,25,65,34,388.00,313.50,0.524,2.0,538.2,13.4,107.3,296,330,false,true,marker_partially_hidden;sd_one_sided
S4,1,humidity,65,orange,25,65,35,398.50,323.00,0.476,2.0,474.5,13.4,46.9,310,330,false,true,marker_partially_hidden;sd_one_sided
S4,1,humidity,65,orange,25,65,36,406.00,318.00,0.810,2.0,508.0,13.4,,303,334,false,false,marker_partially_hidden;sd_unavailable
S4,1,humidity,65,orange,25,65,37,414.78,316.22,0.857,1.0,520.0,6.7,,303,329,false,false,sd_unavailable
S4,1,humidity,65,orange,25,65,38,423.16,316.84,0.905,1.0,515.8,6.7,,303,335,false,false,sd_unavailable
S4,1,humidity,65,orange,25,65,39,431.95,317.10,0.952,1.0,514.1,6.7,,303,330,false,false,sd_unavailable
S4,1,humidity,65,orange,25,65,40,440.00,316.00,0.714,2.0,521.5,13.4,,298,331,false,false,marker_partially_hidden;sd_unavailable
S4,1,humidity,65,orange,25,65,41,448.67,315.67,0.571,2.0,523.7,13.4,,314,329,false,false,marker_partially_hidden;sd_unavailable
S4,1,humidity,65,orange,25,65,42,457.00,313.00,0.619,2.0,541.6,13.4,87.2,301,327,true,true,marker_partially_hidden
S4,1,humidity,65,orange,25,65,43,466.00,314.50,0.667,2.0,531.5,13.4,,299,330,false,false,marker_partially_hidden;sd_unavailable
S4,1,humidity,65,orange,25,65,44,474.00,315.00,0.571,2.0,528.2,13.4,,298,330,false,false,marker_partially_hidden;sd_unavailable
S4,1,humidity,65,orange,25,65,45,483.00,312.00,0.714,2.0,548.3,13.4,,299,327,false,false,marker_partially_hidden;sd_unavailable
S4,1,humidity,65,orange,25,65,47,500.00,311.50,0.619,2.0,551.6,13.4,107.3,294,328,false,true,marker_partially_hidden;sd_one_sided
S4,1,humidity,65,orange,25,65,48,510.50,322.50,0.429,2.0,477.9,13.4,46.9,307,329,false,true,marker_partially_hidden;sd_one_sided
S4,1,humidity,65,orange,25,65,49,516.67,309.67,0.381,2.0,563.9,13.4,,307,326,false,false,marker_partially_hidden;sd_unavailable
S4,1,humidity,65,orange,25,65,50,526.00,309.00,1.000,1.0,568.4,6.7,100.6,294,324,false,true,sd_one_sided
S4,1,humidity,65,orange,25,65,51,534.95,307.79,0.905,1.0,576.5,6.7,,291,309,false,false,sd_unavailable
S4,1,humidity,65,orange,25,65,52,544.00,309.00,0.667,2.0,568.4,13.4,77.1,296,319,true,true,marker_partially_hidden;sd_asymmetric_bar
S4,1,humidity,65,orange,25,65,53,552.00,310.00,1.000,1.0,561.7,6.7,,308,326,false,false,sd_unavailable
S4,1,humidity,65,orange,25,65,54,561.00,306.00,1.000,1.0,588.5,6.7,87.2,292,319,false,true,sd_one_sided
S4,1,humidity,65,orange,25,65,55,570.00,306.00,1.000,1.0,588.5,6.7,,303,310,false,false,sd_unavailable
S4,1,humidity,65,orange,25,65,56,578.00,308.00,1.000,1.0,575.1,6.7,,298,320,false,false,sd_unavailable
S4,1,humidity,65,orange,25,65,57,586.00,308.50,0.762,2.0,571.8,13.4,,292,327,false,false,marker_partially_hidden;sd_unavailable
S4,1,humidity,65,orange,25,65,58,596.00,307.00,1.000,1.0,581.8,6.7,80.5,296,319,false,true,sd_one_sided
S4,1,humidity,65,orange,25,65,59,604.00,306.00,1.000,1.0,588.5,6.7,,295,320,false,false,sd_unavailable
S4,1,humidity,65,orange,25,65,60,613.05,301.90,0.952,1.0,616.0,6.7,60.4,294,311,false,true,sd_one_sided
S4,1,humidity,65,orange,25,65,61,621.79,303.95,0.905,1.0,602.3,6.7,40.2,294,310,false,true,sd_one_sided
S4,1,humidity,65,orange,25,65,62,629.90,302.05,0.952,1.0,615.0,6.7,,288,309,false,false,sd_unavailable
S4,1,humidity,65,green,30,65,2,114.00,388.50,0.476,2.0,35.2,13.4,,385,391,false,false,marker_partially_hidden;sd_below_marker_radius
S4,1,humidity,65,green,30,65,3,123.50,389.00,0.619,2.0,31.9,13.4,,384,392,false,false,marker_partially_hidden;sd_unavailable
S4,1,humidity,65,green,30,65,5,141.00,380.00,0.762,2.0,92.2,13.4,,375,381,false,false,marker_partially_hidden;sd_unavailable
S4,1,humidity,65,green,30,65,6,149.16,365.84,0.905,1.0,187.2,6.7,,364,368,false,false,sd_below_marker_radius
S4,1,humidity,65,green,30,65,7,158.05,355.10,0.952,1.0,259.2,6.7,,353,361,false,false,sd_unavailable
S4,1,humidity,65,green,30,65,8,168.00,346.00,0.667,2.0,320.3,13.4,,342,349,false,false,marker_partially_hidden;sd_unavailable
S4,1,humidity,65,green,30,65,9,176.00,340.00,0.762,2.0,360.5,13.4,,335,349,false,false,marker_partially_hidden;sd_unavailable
S4,1,humidity,65,green,30,65,10,185.00,337.00,0.619,2.0,380.6,13.4,,332,344,false,false,marker_partially_hidden;sd_unavailable
S4,1,humidity,65,green,30,65,11,193.00,336.00,0.762,2.0,387.3,13.4,,325,341,false,false,marker_partially_hidden;sd_unavailable
S4,1,humidity,65,green,30,65,12,200.89,333.72,0.857,1.0,402.6,6.7,,332,336,false,false,sd_below_marker_radius
S4,1,humidity,65,green,30,65,13,210.00,332.00,1.000,1.0,414.2,6.7,,316,335,false,false,sd_unavailable
S4,1,humidity,65,green,30,65,14,218.05,328.21,0.905,1.0,439.6,6.7,,327,336,false,false,sd_unavailable
S4,1,humidity,65,green,30,65,15,227.06,325.00,0.857,1.0,461.1,6.7,,323,328,false,false,sd_below_marker_radius
S4,1,humidity,65,green,30,65,16,235.84,324.84,0.905,1.0,462.2,6.7,,323,338,false,false,sd_unavailable
S4,1,humidity,65,green,30,65,17,244.00,320.00,0.762,2.0,494.6,13.4,,306,335,false,false,marker_partially_hidden;sd_unavailable
S4,1,humidity,65,green,30,65,18,253.33,320.67,0.667,2.0,490.2,13.4,87.2,318,334,false,true,marker_partially_hidden;sd_one_sided
S4,1,humidity,65,green,30,65,19,261.84,318.16,0.905,1.0,507.0,6.7,,304,326,false,false,sd_unavailable
S4,1,humidity,65,green,30,65,20,270.21,317.05,0.905,1.0,514.4,6.7,,311,330,false,false,sd_unavailable
S4,1,humidity,65,green,30,65,21,278.28,315.11,0.857,1.0,527.4,6.7,93.9,312,329,false,true,sd_one_sided
S4,1,humidity,65,green,30,65,22,287.50,316.00,0.762,2.0,521.5,13.4,80.5,304,317,true,false,marker_partially_hidden;sd_one_sided
S4,1,humidity,65,green,30,65,23,296.00,316.00,0.810,2.0,521.5,13.4,87.2,304,329,false,true,marker_partially_hidden;sd_one_sided
S4,1,humidity,65,green,30,65,24,304.00,316.00,0.762,2.0,521.5,13.4,80.5,304,330,true,false,marker_partially_hidden;sd_one_sided
S4,1,humidity,65,green,30,65,25,314.00,315.00,0.810,2.0,528.2,13.4,,308,324,false,false,marker_partially_hidden;sd_unavailable
S4,1,humidity,65,green,30,65,26,321.84,315.16,0.905,1.0,527.1,6.7,,302,324,false,false,sd_unavailable
S4,1,humidity,65,green,30,65,27,330.00,315.50,0.810,2.0,524.8,13.4,87.2,303,324,true,false,marker_partially_hidden;sd_one_sided
S4,1,humidity,65,green,30,65,28,339.11,315.06,0.857,1.0,527.8,6.7,100.6,300,332,true,false,sd_one_sided
S4,1,humidity,65,green,30,65,29,346.50,317.00,0.429,2.0,514.8,13.4,,317,319,false,false,marker_partially_hidden;sd_below_marker_radius
S4,1,humidity,65,green,30,65,30,356.50,315.00,0.667,2.0,528.2,13.4,,302,330,false,false,marker_partially_hidden;sd_unavailable
S4,1,humidity,65,green,30,65,31,365.00,315.50,0.762,2.0,524.8,13.4,,304,330,false,false,marker_partially_hidden;sd_unavailable
S4,1,humidity,65,green,30,65,32,373.00,315.00,0.619,2.0,528.2,13.4,,312,317,false,false,marker_partially_hidden;sd_below_marker_radius
S4,1,humidity,65,green,30,65,33,381.50,313.00,0.524,2.0,541.6,13.4,,298,327,false,false,marker_partially_hidden;sd_unavailable
S4,1,humidity,65,green,30,65,35,399.00,315.00,0.381,2.0,528.2,13.4,,306,318,false,false,marker_partially_hidden;sd_unavailable
S4,1,humidity,65,green,30,65,36,408.00,314.50,0.429,2.0,531.5,13.4,,302,328,false,false,marker_partially_hidden;sd_unavailable
S4,1,humidity,65,green,30,65,37,417.00,313.00,0.762,2.0,541.6,13.4,,301,325,false,false,marker_partially_hidden;sd_unavailable
S4,1,humidity,65,green,30,65,38,425.00,313.00,0.810,2.0,541.6,13.4,,301,314,false,false,marker_partially_hidden;sd_unavailable
S4,1,humidity,65,green,30,65,39,434.00,313.00,0.762,2.0,541.6,13.4,,311,324,false,false,marker_partially_hidden;sd_unavailable
S4,1,humidity,65,green,30,65,40,443.00,314.00,0.714,2.0,534.9,13.4,,311,325,false,false,marker_partially_hidden;sd_unavailable
S4,1,humidity,65,green,30,65,41,451.00,312.00,0.714,2.0,548.3,13.4,,300,322,false,false,marker_partially_hidden;sd_unavailable
S4,1,humidity,65,green,30,65,42,459.50,315.00,0.810,2.0,528.2,13.4,,311,318,false,false,marker_partially_hidden;sd_unavailable
S4,1,humidity,65,green,30,65,43,469.00,312.00,0.762,2.0,548.3,13.4,,297,326,false,false,marker_partially_hidden;sd_unavailable
S4,1,humidity,65,green,30,65,44,477.00,314.00,0.810,2.0,534.9,13.4,,301,329,false,false,marker_partially_hidden;sd_unavailable
S4,1,humidity,65,green,30,65,45,485.00,314.00,0.714,2.0,534.9,13.4,,313,327,false,false,marker_partially_hidden;sd_unavailable
S4,1,humidity,65,green,30,65,46,494.10,312.05,0.952,1.0,548.0,6.7,,310,324,false,false,sd_unavailable
S4,1,humidity,65,green,30,65,47,503.00,313.00,0.667,2.0,541.6,13.4,,308,320,false,false,marker_partially_hidden;sd_unavailable
S4,1,humidity,65,green,30,65,48,511.00,313.00,0.714,2.0,541.6,13.4,,307,319,false,false,marker_partially_hidden;sd_unavailable
S4,1,humidity,65,green,30,65,49,520.00,310.00,0.810,2.0,561.7,13.4,,307,324,false,false,marker_partially_hidden;sd_unavailable
S4,1,humidity,65,green,30,65,50,528.00,314.00,0.810,2.0,534.9,13.4,,312,326,false,false,marker_partially_hidden;sd_unavailable
S4,1,humidity,65,green,30,65,51,536.05,312.21,0.905,1.0,546.9,6.7,46.9,311,319,false,true,sd_one_sided
S4,1,humidity,65,green,30,65,52,545.28,311.89,0.857,1.0,549.0,6.7,80.5,310,324,false,true,sd_one_sided
S4,1,humidity,65,green,30,65,53,554.00,314.79,0.905,1.0,529.6,6.7,87.2,302,317,true,false,sd_one_sided
S4,1,humidity,65,green,30,65,54,562.00,312.00,1.000,1.0,548.3,6.7,,289,324,false,false,sd_unavailable
S4,1,humidity,65,green,30,65,55,571.33,315.00,0.857,1.0,528.2,6.7,67.1,310,325,false,true,sd_one_sided
S4,1,humidity,65,green,30,65,56,579.84,313.84,0.905,1.0,535.9,6.7,87.2,301,327,true,true,
S4,1,humidity,65,green,30,65,57,589.00,312.00,0.762,2.0,548.3,13.4,,300,327,false,false,marker_partially_hidden;sd_unavailable
S4,1,humidity,65,green,30,65,58,597.00,314.00,1.000,1.0,534.9,6.7,,300,328,false,false,sd_unavailable
S4,1,humidity,65,green,30,65,59,605.10,314.95,0.952,1.0,528.5,6.7,53.7,313,323,false,true,sd_one_sided
S4,1,humidity,65,green,30,65,60,613.90,313.95,0.952,1.0,535.2,6.7,,305,320,false,false,sd_unavailable
S4,1,humidity,65,green,30,65,61,623.00,314.00,1.000,1.0,534.9,6.7,,310,320,false,false,sd_unavailable
S4,1,humidity,65,green,30,65,62,631.00,313.00,1.000,1.0,541.6,6.7,,293,326,false,false,sd_unavailable
S4,2,humidity,70,light_blue,15,70,1,104.00,385.50,0.810,2.0,59.6,13.4,,383,389,false,false,marker_partially_hidden;sd_below_marker_radius
S4,2,humidity,70,light_blue,15,70,2,112.95,385.90,0.952,1.0,57.0,6.7,,380,389,false,false,sd_unavailable
S4,2,humidity,70,light_blue,15,70,3,121.00,385.00,1.000,1.0,63.0,6.7,26.8,380,389,false,true,sd_one_sided
S4,2,humidity,70,light_blue,15,70,4,130.00,386.00,1.000,1.0,56.3,6.7,,382,390,false,false,sd_unavailable
S4,2,humidity,70,light_blue,15,70,5,138.90,385.95,0.952,1.0,56.6,6.7,40.1,380,392,true,false,sd_one_sided
S4,2,humidity,70,light_blue,15,70,6,147.00,385.00,1.000,1.0,63.0,6.7,33.4,380,390,false,true,sd_one_sided
S4,2,humidity,70,light_blue,15,70,7,156.00,382.00,1.000,1.0,83.1,6.7,,378,384,false,false,sd_unavailable
S4,2,humidity,70,light_blue,15,70,8,164.00,381.79,0.905,1.0,84.5,6.7,,373,392,false,false,sd_unavailable
S4,2,humidity,70,light_blue,15,70,9,173.00,377.00,1.000,1.0,116.5,6.7,26.8,373,392,true,false,sd_one_sided
S4,2,humidity,70,light_blue,15,70,10,182.00,372.21,0.905,1.0,148.5,6.7,113.7,370,389,false,true,sd_one_sided
S4,2,humidity,70,light_blue,15,70,11,190.00,370.00,0.810,2.0,163.3,13.4,120.4,352,389,true,false,marker_partially_hidden;sd_one_sided
S4,2,humidity,70,light_blue,15,70,12,198.00,366.50,0.667,2.0,186.7,13.4,,348,384,false,false,marker_partially_hidden;sd_unavailable
S4,2,humidity,70,light_blue,15,70,16,233.05,351.16,0.905,1.0,289.4,6.7,107.0,336,368,true,true,
S4,2,humidity,70,light_blue,15,70,17,241.79,348.00,0.905,1.0,310.5,6.7,100.3,333,364,true,false,sd_one_sided
S4,2,humidity,70,light_blue,15,70,18,250.05,346.90,0.952,1.0,317.8,6.7,,332,361,false,false,sd_unavailable
S4,2,humidity,70,light_blue,15,70,19,259.00,341.21,0.905,1.0,355.9,6.7,80.3,329,346,true,false,sd_one_sided
S4,2,humidity,70,light_blue,15,70,20,267.00,340.00,0.810,2.0,364.0,13.4,,337,341,false,false,marker_partially_hidden;sd_below_marker_radius
S4,2,humidity,70,light_blue,15,70,21,276.05,336.90,0.952,1.0,384.7,6.7,,332,343,false,false,sd_unavailable
S4,2,humidity,70,light_blue,15,70,22,285.00,337.00,1.000,1.0,384.1,6.7,,330,340,false,false,sd_unavailable
S4,2,humidity,70,light_blue,15,70,23,293.00,334.00,1.000,1.0,404.1,6.7,53.5,326,337,true,false,sd_one_sided
S4,2,humidity,70,light_blue,15,70,24,301.67,332.00,0.857,1.0,417.5,6.7,66.9,327,342,false,true,sd_one_sided
S4,2,humidity,70,light_blue,15,70,25,310.84,329.84,0.905,1.0,431.9,6.7,53.5,320,338,false,true,sd_one_sided
S4,2,humidity,70,light_blue,15,70,26,319.00,328.00,1.000,1.0,444.3,6.7,,319,334,false,false,sd_unavailable
S4,2,humidity,70,light_blue,15,70,27,327.84,325.84,0.905,1.0,458.7,6.7,73.6,315,336,true,false,sd_one_sided
S4,2,humidity,70,light_blue,15,70,28,336.72,324.11,0.857,1.0,470.3,6.7,73.6,317,335,false,true,sd_one_sided
S4,2,humidity,70,light_blue,15,70,29,344.95,320.10,0.952,1.0,497.1,6.7,,304,332,false,false,sd_unavailable
S4,2,humidity,70,light_blue,15,70,30,353.16,318.16,0.905,1.0,510.1,6.7,,313,331,false,false,sd_unavailable
S4,2,humidity,70,light_blue,15,70,31,362.84,317.05,0.905,1.0,517.5,6.7,80.3,309,329,false,true,sd_one_sided
S4,2,humidity,70,light_blue,15,70,32,372.00,313.00,1.000,1.0,544.6,6.7,,311,315,false,false,sd_below_marker_radius
S4,2,humidity,70,light_blue,15,70,33,379.10,310.05,0.952,1.0,564.3,6.7,100.3,298,325,false,true,sd_one_sided
S4,2,humidity,70,light_blue,15,70,34,388.00,311.00,1.000,1.0,558.0,6.7,100.3,296,326,true,true,
S4,2,humidity,70,light_blue,15,70,36,404.00,309.00,0.714,2.0,571.4,13.4,26.8,304,313,false,true,marker_partially_hidden;sd_one_sided
S4,2,humidity,70,light_blue,15,70,37,414.00,305.00,0.619,2.0,598.1,13.4,,288,322,false,false,marker_partially_hidden;sd_unavailable
S4,2,humidity,70,light_blue,15,70,38,422.78,304.06,0.857,1.0,604.4,6.7,,287,319,false,false,sd_unavailable
S4,2,humidity,70,light_blue,15,70,39,430.95,301.90,0.952,1.0,618.8,6.7,113.7,286,319,false,true,sd_one_sided
S4,2,humidity,70,light_blue,15,70,40,439.95,301.90,0.952,1.0,618.8,6.7,,287,319,false,false,sd_unavailable
S4,2,humidity,70,light_blue,15,70,41,448.00,295.89,0.905,1.0,659.0,6.7,,280,311,false,false,sd_unavailable
S4,2,humidity,70,light_blue,15,70,42,456.00,294.00,0.810,2.0,671.7,13.4,,273,312,false,false,marker_partially_hidden;sd_unavailable
S4,2,humidity,70,light_blue,15,70,43,465.50,290.00,0.810,2.0,698.4,13.4,103.7,272,303,true,true,marker_partially_hidden;sd_asymmetric_bar
S4,2,humidity,70,light_blue,15,70,44,474.00,285.00,1.000,1.0,731.9,6.7,,277,305,false,false,sd_unavailable
S4,2,humidity,70,light_blue,15,70,45,482.16,283.84,0.905,1.0,739.6,6.7,,264,303,false,false,sd_unavailable
S4,2,humidity,70,light_blue,15,70,46,491.84,281.84,0.905,1.0,753.0,6.7,,256,292,false,false,sd_unavailable
S4,2,humidity,70,light_blue,15,70,47,499.67,279.00,0.857,1.0,772.0,6.7,33.4,274,303,true,false,sd_one_sided
S4,2,humidity,70,light_blue,15,70,48,508.00,281.00,1.000,1.0,758.6,6.7,,265,302,false,false,sd_unavailable
S4,2,humidity,70,light_blue,15,70,49,516.94,278.22,0.857,1.0,777.2,6.7,,258,295,false,false,sd_unavailable
S4,2,humidity,70,light_blue,15,70,50,525.50,273.00,0.810,2.0,812.2,13.4,,252,277,false,false,marker_partially_hidden;sd_unavailable
S4,2,humidity,70,light_blue,15,70,51,534.00,274.00,1.000,1.0,805.5,6.7,120.4,256,295,true,false,sd_one_sided
S4,2,humidity,70,light_blue,15,70,52,543.21,267.00,0.905,1.0,852.3,6.7,,250,284,false,false,sd_unavailable
S4,2,humidity,70,light_blue,15,70,53,551.67,268.00,0.857,1.0,845.6,6.7,,263,290,false,false,sd_unavailable
S4,2,humidity,70,light_blue,15,70,54,559.90,265.95,0.952,1.0,859.3,6.7,,245,286,false,false,sd_unavailable
S4,2,humidity,70,light_blue,15,70,55,569.00,265.00,0.810,2.0,865.7,13.4,,245,287,false,false,marker_partially_hidden;sd_unavailable
S4,2,humidity,70,light_blue,15,70,56,577.72,261.11,0.857,1.0,891.7,6.7,160.5,238,285,false,true,sd_one_sided
S4,2,humidity,70,light_blue,15,70,57,585.84,261.16,0.905,1.0,891.4,6.7,147.2,240,283,false,true,sd_one_sided
S4,2,humidity,70,light_blue,15,70,58,594.78,254.94,0.857,1.0,932.9,6.7,,230,279,false,false,sd_unavailable
S4,2,humidity,70,light_blue,15,70,59,603.00,251.50,0.810,2.0,956.0,13.4,127.1,233,271,true,true,marker_partially_hidden
S4,2,humidity,70,light_blue,15,70,60,611.16,252.16,0.905,1.0,951.6,6.7,153.8,228,275,false,true,sd_one_sided
S4,2,humidity,70,light_blue,15,70,61,620.84,248.16,0.905,1.0,978.3,6.7,150.5,226,271,true,true,
S4,2,humidity,70,light_blue,15,70,62,628.79,247.00,0.905,1.0,986.1,6.7,160.5,223,272,true,false,sd_one_sided
S4,2,humidity,70,navy,20,70,1,108.00,380.50,0.810,2.0,93.1,13.4,26.8,376,383,true,false,marker_partially_hidden;sd_one_sided
S4,2,humidity,70,navy,20,70,2,117.50,383.00,0.619,2.0,76.4,13.4,,381,385,false,false,marker_partially_hidden;sd_below_marker_radius
S4,2,humidity,70,navy,20,70,3,124.94,379.89,0.857,1.0,97.2,6.7,26.8,376,383,true,false,sd_one_sided
S4,2,humidity,70,navy,20,70,4,134.28,360.17,0.857,1.0,229.1,6.7,,356,388,false,false,sd_unavailable
S4,2,humidity,70,navy,20,70,5,143.00,345.00,0.667,2.0,330.5,13.4,,336,367,false,false,marker_partially_hidden;sd_unavailable
S4,2,humidity,70,navy,20,70,6,150.00,331.00,0.762,2.0,424.2,13.4,,328,333,false,false,marker_partially_hidden;sd_below_marker_radius
S4,2,humidity,70,navy,20,70,7,159.89,323.28,0.857,1.0,475.8,6.7,,320,334,false,false,sd_unavailable
S4,2,humidity,70,navy,20,70,8,168.28,314.11,0.857,1.0,537.2,6.7,,310,320,false,false,sd_unavailable
S4,2,humidity,70,navy,20,70,9,177.00,314.00,0.810,2.0,537.9,13.4,,226,320,false,false,marker_partially_hidden;sd_unavailable
S4,2,humidity,70,navy,20,70,10,186.00,311.00,0.810,2.0,558.0,13.4,,225,317,false,false,marker_partially_hidden;sd_unavailable
S4,2,humidity,70,navy,20,70,11,194.00,314.00,1.000,1.0,537.9,6.7,,309,384,false,false,sd_unavailable
S4,2,humidity,70,navy,20,70,12,202.50,312.00,0.810,2.0,551.3,13.4,,241,384,false,false,marker_partially_hidden;sd_unavailable
S4,2,humidity,70,navy,20,70,13,211.28,309.11,0.857,1.0,570.6,6.7,,303,317,false,false,sd_unavailable
S4,2,humidity,70,navy,20,70,14,219.95,309.90,0.952,1.0,565.3,6.7,,303,353,false,false,sd_unavailable
S4,2,humidity,70,navy,20,70,15,228.16,309.84,0.905,1.0,565.7,6.7,,306,315,false,false,sd_unavailable
S4,2,humidity,70,navy,20,70,16,237.10,308.05,0.952,1.0,577.7,6.7,,242,312,false,false,sd_unavailable
S4,2,humidity,70,navy,20,70,17,246.00,307.00,0.762,2.0,584.7,13.4,,257,321,false,false,marker_partially_hidden;sd_unavailable
S4,2,humidity,70,navy,20,70,18,254.06,306.22,0.857,1.0,589.9,6.7,,256,312,false,false,sd_unavailable
S4,2,humidity,70,navy,20,70,19,262.83,305.72,0.857,1.0,593.3,6.7,,303,308,false,false,sd_below_marker_radius
S4,2,humidity,70,navy,20,70,20,271.50,302.00,0.619,2.0,618.2,13.4,,298,308,false,false,marker_partially_hidden;sd_unavailable
S4,2,humidity,70,navy,20,70,21,280.00,304.00,0.810,2.0,604.8,13.4,327.8,256,353,false,true,marker_partially_hidden;sd_one_sided
S4,2,humidity,70,navy,20,70,22,289.00,300.00,0.810,2.0,631.6,13.4,,257,306,false,false,marker_partially_hidden;sd_unavailable
S4,2,humidity,70,navy,20,70,23,297.05,297.84,0.905,1.0,646.0,6.7,,294,319,false,false,sd_unavailable
S4,2,humidity,70,navy,20,70,24,306.00,294.00,0.810,2.0,671.7,13.4,,256,299,false,false,marker_partially_hidden;sd_unavailable
S4,2,humidity,70,navy,20,70,25,314.72,292.89,0.857,1.0,679.1,6.7,,287,298,false,false,sd_unavailable
S4,2,humidity,70,navy,20,70,26,323.00,295.00,0.905,1.0,665.0,6.7,,290,298,false,false,sd_unavailable
S4,2,humidity,70,navy,20,70,27,331.00,292.00,0.810,2.0,685.1,13.4,26.8,289,296,false,true,marker_partially_hidden;sd_one_sided
S4,2,humidity,70,navy,20,70,28,340.50,289.00,0.762,2.0,705.1,13.4,,272,292,false,false,marker_partially_hidden;sd_unavailable
S4,2,humidity,70,navy,20,70,29,348.89,287.72,0.857,1.0,713.7,6.7,,258,291,false,false,sd_unavailable
S4,2,humidity,70,navy,20,70,30,357.00,286.00,0.810,2.0,725.2,13.4,,277,288,false,false,marker_partially_hidden;sd_unavailable
S4,2,humidity,70,navy,20,70,31,366.50,283.50,0.762,2.0,741.9,13.4,,250,317,false,false,marker_partially_hidden;sd_unavailable
S4,2,humidity,70,navy,20,70,32,375.00,280.50,0.762,2.0,762.0,13.4,,271,288,false,false,marker_partially_hidden;sd_unavailable
S4,2,humidity,70,navy,20,70,33,383.00,278.50,0.810,2.0,775.4,13.4,,240,314,false,false,marker_partially_hidden;sd_unavailable
S4,2,humidity,70,navy,20,70,34,392.00,278.00,1.000,1.0,778.7,6.7,,272,289,false,false,sd_unavailable
S4,2,humidity,70,navy,20,70,35,400.50,276.00,0.810,2.0,792.1,13.4,,262,288,false,false,marker_partially_hidden;sd_unavailable
S4,2,humidity,70,navy,20,70,36,409.00,273.00,0.762,2.0,812.2,13.4,,261,279,false,false,marker_partially_hidden;sd_unavailable
S4,2,humidity,70,navy,20,70,37,417.84,271.16,0.905,1.0,824.5,6.7,,267,278,false,false,sd_unavailable
S4,2,humidity,70,navy,20,70,38,426.00,271.00,0.810,2.0,825.5,13.4,,267,295,false,false,marker_partially_hidden;sd_unavailable
S4,2,humidity,70,navy,20,70,39,434.72,265.89,0.857,1.0,859.7,6.7,,255,271,false,false,sd_unavailable
S4,2,humidity,70,navy,20,70,40,443.72,263.11,0.857,1.0,878.3,6.7,,257,272,false,false,sd_unavailable
S4,2,humidity,70,navy,20,70,41,452.00,265.00,1.000,1.0,865.7,6.7,,255,302,false,false,sd_unavailable
S4,2,humidity,70,navy,20,70,42,460.28,260.89,0.857,1.0,893.2,6.7,,257,286,false,false,sd_unavailable
S4,2,humidity,70,navy,20,70,43,469.28,258.89,0.857,1.0,906.5,6.7,,212,264,false,false,sd_unavailable
S4,2,humidity,70,navy,20,70,44,477.89,260.28,0.857,1.0,897.3,6.7,,216,298,false,false,sd_unavailable
S4,2,humidity,70,navy,20,70,45,486.00,256.00,0.762,2.0,925.9,13.4,,249,302,false,false,marker_partially_hidden;sd_unavailable
S4,2,humidity,70,navy,20,70,46,495.11,254.28,0.857,1.0,937.4,6.7,,207,302,false,false,sd_unavailable
S4,2,humidity,70,navy,20,70,47,503.50,252.00,0.810,2.0,952.6,13.4,,240,272,false,false,marker_partially_hidden;sd_unavailable
S4,2,humidity,70,navy,20,70,48,512.16,249.84,0.905,1.0,967.1,6.7,,205,293,false,false,sd_unavailable
S4,2,humidity,70,navy,20,70,49,521.11,249.72,0.857,1.0,967.9,6.7,,208,288,false,false,sd_unavailable
S4,2,humidity,70,navy,20,70,50,529.50,244.00,0.810,2.0,1006.1,13.4,,240,248,false,false,marker_partially_hidden;sd_unavailable
S4,2,humidity,70,navy,20,70,51,537.89,248.28,0.857,1.0,977.5,6.7,,200,287,false,false,sd_unavailable
S4,2,humidity,70,navy,20,70,52,546.89,240.72,0.857,1.0,1028.1,6.7,,236,253,false,false,sd_unavailable
S4,2,humidity,70,navy,20,70,53,555.00,240.00,0.714,2.0,1032.9,13.4,,235,251,false,false,marker_partially_hidden;sd_unavailable
S4,2,humidity,70,navy,20,70,54,563.72,240.11,0.857,1.0,1032.1,6.7,,197,284,false,false,sd_unavailable
S4,2,humidity,70,navy,20,70,55,572.83,237.72,0.857,1.0,1048.1,6.7,,229,287,false,false,sd_unavailable
S4,2,humidity,70,navy,20,70,56,581.00,234.50,0.810,2.0,1069.7,13.4,,192,271,false,false,marker_partially_hidden;sd_unavailable
S4,2,humidity,70,navy,20,70,57,589.50,237.50,0.762,2.0,1049.6,13.4,,192,287,false,false,marker_partially_hidden;sd_unavailable
S4,2,humidity,70,navy,20,70,58,598.00,237.00,0.810,2.0,1053.0,13.4,,190,279,false,false,marker_partially_hidden;sd_unavailable
S4,2,humidity,70,navy,20,70,59,606.95,236.90,0.952,1.0,1053.6,6.7,,188,285,false,false,sd_unavailable
S4,2,humidity,70,navy,20,70,60,615.16,231.84,0.905,1.0,1087.5,6.7,,224,282,false,false,sd_unavailable
S4,2,humidity,70,navy,20,70,61,624.11,230.28,0.857,1.0,1097.9,6.7,,219,280,false,false,sd_unavailable
S4,2,humidity,70,navy,20,70,62,632.72,230.89,0.857,1.0,1093.8,6.7,,221,236,false,false,sd_unavailable
S4,2,humidity,70,orange,25,70,1,106.00,361.00,1.000,1.0,223.5,6.7,40.1,355,367,true,true,
S4,2,humidity,70,orange,25,70,2,114.00,372.00,1.000,1.0,149.9,6.7,,367,374,false,false,sd_unavailable
S4,2,humidity,70,orange,25,70,3,122.11,370.94,0.857,1.0,157.0,6.7,,369,375,false,false,sd_unavailable
S4,2,humidity,70,orange,25,70,4,131.00,369.50,0.667,2.0,166.7,13.4,43.5,363,376,true,true,marker_partially_hidden
S4,2,humidity,70,orange,25,70,5,140.00,370.00,1.000,1.0,163.3,6.7,33.4,364,375,false,true,sd_one_sided
S4,2,humidity,70,orange,25,70,6,149.00,368.00,1.000,1.0,176.7,6.7,40.1,362,374,true,true,
S4,2,humidity,70,orange,25,70,7,158.00,369.00,1.000,1.0,170.0,6.7,26.8,364,373,false,true,sd_one_sided
S4,2,humidity,70,orange,25,70,8,166.00,369.00,1.000,1.0,170.0,6.7,30.1,364,373,true,true,
S4,2,humidity,70,orange,25,70,9,174.00,366.00,1.000,1.0,190.1,6.7,30.1,362,371,true,true,
S4,2,humidity,70,orange,25,70,10,183.00,366.00,1.000,1.0,190.1,6.7,33.4,361,369,true,false,sd_one_sided
S4,2,humidity,70,orange,25,70,11,192.00,365.00,1.000,1.0,196.8,6.7,,362,368,false,false,sd_below_marker_radius
S4,2,humidity,70,orange,25,70,12,200.00,361.00,1.000,1.0,223.5,6.7,,358,364,false,false,sd_below_marker_radius
S4,2,humidity,70,orange,25,70,13,210.00,360.00,1.000,1.0,230.2,6.7,,357,363,false,false,sd_below_marker_radius
S4,2,humidity,70,orange,25,70,14,218.00,358.00,1.000,1.0,243.6,6.7,26.8,354,362,true,true,
S4,2,humidity,70,orange,25,70,15,226.00,357.00,1.000,1.0,250.3,6.7,,354,360,false,false,sd_below_marker_radius
S4,2,humidity,70,orange,25,70,16,235.00,356.00,1.000,1.0,257.0,6.7,,354,361,false,false,sd_unavailable
S4,2,humidity,70,orange,25,70,17,243.00,355.00,1.000,1.0,263.7,6.7,26.8,351,359,true,true,
S4,2,humidity,70,orange,25,70,18,252.00,355.00,1.000,1.0,263.7,6.7,,351,360,false,false,sd_unavailable
S4,2,humidity,70,orange,25,70,19,260.00,350.00,1.000,1.0,297.1,6.7,53.5,347,358,false,true,sd_one_sided
S4,2,humidity,70,orange,25,70,20,269.00,349.00,1.000,1.0,303.8,6.7,43.5,343,356,true,true,
S4,2,humidity,70,orange,25,70,21,277.00,348.00,1.000,1.0,310.5,6.7,26.8,345,352,false,true,sd_one_sided
S4,2,humidity,70,orange,25,70,22,286.00,348.00,1.000,1.0,310.5,6.7,,343,355,false,false,sd_unavailable
S4,2,humidity,70,orange,25,70,23,295.00,347.00,1.000,1.0,317.2,6.7,,340,354,false,false,sd_unavailable
S4,2,humidity,70,orange,25,70,24,303.00,348.00,1.000,1.0,310.5,6.7,46.8,343,355,false,true,sd_one_sided
S4,2,humidity,70,orange,25,70,25,312.00,348.00,1.000,1.0,310.5,6.7,50.2,341,356,true,true,
S4,2,humidity,70,orange,25,70,26,321.00,346.00,1.000,1.0,323.9,6.7,66.9,337,356,false,true,sd_one_sided
S4,2,humidity,70,orange,25,70,27,329.00,346.00,1.000,1.0,323.9,6.7,43.5,338,351,true,true,sd_asymmetric_bar
S4,2,humidity,70,orange,25,70,28,338.00,344.00,1.000,1.0,337.2,6.7,53.5,336,352,false,true,sd_one_sided
S4,2,humidity,70,orange,25,70,29,346.00,344.00,1.000,1.0,337.2,6.7,60.2,334,353,false,true,sd_one_sided
S4,2,humidity,70,orange,25,70,30,354.00,347.00,1.000,1.0,317.2,6.7,80.3,335,361,true,false,sd_one_sided
S4,2,humidity,70,orange,25,70,31,364.00,344.00,1.000,1.0,337.2,6.7,53.5,336,352,true,true,
S4,2,humidity,70,orange,25,70,32,372.00,344.00,1.000,1.0,337.2,6.7,80.3,332,352,true,false,sd_one_sided
S4,2,humidity,70,orange,25,70,33,380.00,342.00,1.000,1.0,350.6,6.7,66.9,332,352,true,true,
S4,2,humidity,70,orange,25,70,34,389.00,342.00,1.000,1.0,350.6,6.7,60.2,333,351,true,false,sd_one_sided
S4,2,humidity,70,orange,25,70,35,398.00,342.00,1.000,1.0,350.6,6.7,53.5,334,350,false,true,sd_one_sided
S4,2,humidity,70,orange,25,70,36,406.00,342.00,1.000,1.0,350.6,6.7,,331,352,false,false,sd_unavailable
S4,2,humidity,70,orange,25,70,37,415.00,342.00,1.000,1.0,350.6,6.7,,331,352,false,false,sd_unavailable
S4,2,humidity,70,orange,25,70,38,424.00,340.00,1.000,1.0,364.0,6.7,46.8,334,347,false,true,sd_one_sided
S4,2,humidity,70,orange,25,70,39,432.00,342.00,1.000,1.0,350.6,6.7,,332,352,false,false,sd_unavailable
S4,2,humidity,70,orange,25,70,40,441.00,342.00,1.000,1.0,350.6,6.7,,332,350,false,false,sd_unavailable
S4,2,humidity,70,orange,25,70,41,450.00,339.00,1.000,1.0,370.7,6.7,53.5,332,348,true,true,
S4,2,humidity,70,orange,25,70,42,458.00,338.00,1.000,1.0,377.4,6.7,40.1,333,345,true,true,
S4,2,humidity,70,orange,25,70,43,467.00,340.00,1.000,1.0,364.0,6.7,60.2,331,348,true,false,sd_one_sided
S4,2,humidity,70,orange,25,70,44,475.10,339.95,0.952,1.0,364.3,6.7,66.9,331,351,true,true,
S4,2,humidity,70,orange,25,70,45,484.00,338.00,1.000,1.0,377.4,6.7,,332,347,false,false,sd_unavailable
S4,2,humidity,70,orange,25,70,46,492.00,340.00,1.000,1.0,364.0,6.7,40.1,334,346,true,true,
S4,2,humidity,70,orange,25,70,47,501.00,342.00,1.000,1.0,350.6,6.7,46.8,335,349,true,true,
S4,2,humidity,70,orange,25,70,48,510.00,342.00,1.000,1.0,350.6,6.7,46.8,334,349,false,true,sd_one_sided
S4,2,humidity,70,orange,25,70,49,518.00,339.00,1.000,1.0,370.7,6.7,46.8,332,347,true,false,sd_one_sided
S4,2,humidity,70,orange,25,70,50,527.00,340.00,1.000,1.0,364.0,6.7,46.8,335,349,true,true,sd_asymmetric_bar
S4,2,humidity,70,orange,25,70,51,535.00,340.00,1.000,1.0,364.0,6.7,33.4,335,349,true,false,sd_one_sided
S4,2,humidity,70,orange,25,70,52,544.00,340.00,1.000,1.0,364.0,6.7,53.5,333,348,false,true,sd_one_sided
S4,2,humidity,70,orange,25,70,53,552.00,340.00,1.000,1.0,364.0,6.7,43.5,333,346,true,true,
S4,2,humidity,70,orange,25,70,54,561.00,340.00,1.000,1.0,364.0,6.7,53.5,331,348,false,true,sd_one_sided
S4,2,humidity,70,orange,25,70,55,570.00,342.00,1.000,1.0,350.6,6.7,50.2,336,351,true,true,sd_asymmetric_bar
S4,2,humidity,70,orange,25,70,56,578.00,343.00,1.000,1.0,343.9,6.7,53.5,335,351,true,true,
S4,2,humidity,70,orange,25,70,57,587.00,342.00,1.000,1.0,350.6,6.7,60.2,333,350,true,false,sd_one_sided
S4,2,humidity,70,orange,25,70,58,596.00,341.00,1.000,1.0,357.3,6.7,,335,346,false,false,sd_unavailable
S4,2,humidity,70,orange,25,70,59,604.00,342.00,1.000,1.0,350.6,6.7,53.5,333,350,false,true,sd_one_sided
S4,2,humidity,70,orange,25,70,60,613.00,343.00,1.000,1.0,343.9,6.7,53.5,336,351,false,true,sd_one_sided
S4,2,humidity,70,orange,25,70,61,622.00,343.00,1.000,1.0,343.9,6.7,,332,354,false,false,sd_unavailable
S4,2,humidity,70,orange,25,70,62,630.00,345.00,1.000,1.0,330.5,6.7,46.8,336,352,false,true,sd_one_sided
S4,2,humidity,70,green,30,70,1,106.94,389.22,0.857,1.0,34.7,6.7,,386,392,false,false,sd_below_marker_radius
S4,2,humidity,70,green,30,70,2,115.28,378.11,0.857,1.0,109.1,6.7,,361,390,false,false,sd_unavailable
S4,2,humidity,70,green,30,70,3,123.72,367.11,0.857,1.0,182.6,6.7,160.5,330,391,false,true,sd_one_sided
S4,2,humidity,70,green,30,70,4,133.00,367.00,0.810,2.0,183.4,13.4,,365,392,false,false,marker_partially_hidden;sd_unavailable
S4,2,humidity,70,green,30,70,5,141.05,357.10,0.952,1.0,249.6,6.7,,354,381,false,false,sd_unavailable
S4,2,humidity,70,green,30,70,6,149.90,353.95,0.952,1.0,270.7,6.7,26.8,351,358,false,true,sd_one_sided
S4,2,humidity,70,green,30,70,7,158.79,350.00,0.905,1.0,297.1,6.7,,339,356,false,false,sd_unavailable
S4,2,humidity,70,green,30,70,8,167.16,343.84,0.905,1.0,338.3,6.7,,328,349,false,false,sd_unavailable
S4,2,humidity,70,green,30,70,9,175.67,338.00,0.857,1.0,377.4,6.7,33.4,335,343,false,true,sd_one_sided
S4,2,humidity,70,green,30,70,10,184.90,337.95,0.952,1.0,377.7,6.7,33.4,335,343,false,true,sd_one_sided
S4,2,humidity,70,green,30,70,11,192.79,335.00,0.905,1.0,397.4,6.7,,329,342,false,false,sd_unavailable
S4,2,humidity,70,green,30,70,12,201.00,329.00,1.000,1.0,437.6,6.7,46.8,322,337,true,false,sd_one_sided
S4,2,humidity,70,green,30,70,13,210.05,327.10,0.952,1.0,450.3,6.7,66.9,323,337,false,true,sd_one_sided
S4,2,humidity,70,green,30,70,14,218.79,324.00,0.905,1.0,471.0,6.7,43.5,320,333,true,true,sd_asymmetric_bar
S4,2,humidity,70,green,30,70,15,227.16,322.16,0.905,1.0,483.3,6.7,,318,329,false,false,sd_unavailable
S4,2,humidity,70,green,30,70,16,235.95,321.84,0.905,1.0,485.5,6.7,40.1,315,327,true,true,
S4,2,humidity,70,green,30,70,17,244.16,317.05,0.905,1.0,517.5,6.7,,311,329,false,false,sd_unavailable
S4,2,humidity,70,green,30,70,18,253.00,317.00,1.000,1.0,517.8,6.7,,313,329,false,false,sd_unavailable
S4,2,humidity,70,green,30,70,19,261.90,315.95,0.952,1.0,524.9,6.7,26.8,302,320,false,true,sd_one_sided
S4,2,humidity,70,green,30,70,20,270.16,311.84,0.905,1.0,552.3,6.7,,307,318,false,false,sd_unavailable
S4,2,humidity,70,green,30,70,21,278.16,314.84,0.905,1.0,532.3,6.7,,310,326,false,false,sd_unavailable
S4,2,humidity,70,green,30,70,22,287.50,312.50,0.810,2.0,547.9,13.4,26.8,308,317,true,false,marker_partially_hidden;sd_one_sided
S4,2,humidity,70,green,30,70,23,295.90,310.95,0.952,1.0,558.3,6.7,33.4,306,316,true,true,
S4,2,humidity,70,green,30,70,24,304.16,311.84,0.905,1.0,552.3,6.7,,300,328,false,false,sd_unavailable
S4,2,humidity,70,green,30,70,25,313.10,309.95,0.952,1.0,565.0,6.7,,298,335,false,false,sd_unavailable
S4,2,humidity,70,green,30,70,26,321.90,310.05,0.952,1.0,564.3,6.7,30.1,306,315,true,true,
S4,2,humidity,70,green,30,70,27,330.16,308.16,0.905,1.0,577.0,6.7,56.9,304,321,true,true,sd_asymmetric_bar
S4,2,humidity,70,green,30,70,28,339.00,308.00,1.000,1.0,578.0,6.7,,303,322,false,false,sd_unavailable
S4,2,humidity,70,green,30,70,29,347.79,307.05,0.905,1.0,584.4,6.7,26.8,303,311,false,true,sd_one_sided
S4,2,humidity,70,green,30,70,30,356.05,308.90,0.952,1.0,572.0,6.7,,293,316,false,false,sd_unavailable
S4,2,humidity,70,green,30,70,31,365.00,306.00,1.000,1.0,591.4,6.7,113.7,289,323,false,true,sd_one_sided
S4,2,humidity,70,green,30,70,32,373.05,307.90,0.952,1.0,578.7,6.7,26.8,304,319,true,false,sd_one_sided
S4,2,humidity,70,green,30,70,33,381.79,304.95,0.905,1.0,598.5,6.7,,298,321,false,false,sd_unavailable
S4,2,humidity,70,green,30,70,34,390.79,304.00,0.905,1.0,604.8,6.7,,289,320,false,false,sd_unavailable
S4,2,humidity,70,green,30,70,35,399.28,307.06,0.857,1.0,584.4,6.7,,289,320,false,false,sd_unavailable
S4,2,humidity,70,green,30,70,36,407.67,306.00,0.857,1.0,591.4,6.7,,302,320,false,false,sd_unavailable
S4,2,humidity,70,green,30,70,37,416.50,307.00,0.810,2.0,584.7,13.4,,294,321,false,false,marker_partially_hidden;sd_unavailable
S4,2,humidity,70,green,30,70,38,424.95,309.84,0.905,1.0,565.7,6.7,,295,320,false,false,sd_unavailable
S4,2,humidity,70,green,30,70,39,433.16,307.16,0.905,1.0,583.7,6.7,,292,322,false,false,sd_unavailable
S4,2,humidity,70,green,30,70,40,442.00,306.00,1.000,1.0,591.4,6.7,87.0,293,323,true,false,sd_one_sided
S4,2,humidity,70,green,30,70,41,451.00,307.79,0.905,1.0,579.4,6.7,93.6,303,322,false,true,sd_one_sided
S4,2,humidity,70,green,30,70,42,459.00,307.50,0.810,2.0,581.4,13.4,,296,323,false,false,marker_partially_hidden;sd_unavailable
S4,2,humidity,70,green,30,70,43,468.10,307.95,0.952,1.0,578.4,6.7,60.2,304,322,true,true,sd_asymmetric_bar
S4,2,humidity,70,green,30,70,44,476.50,310.00,0.810,2.0,564.7,13.4,,300,325,false,false,marker_partially_hidden;sd_unavailable
S4,2,humidity,70,green,30,70,45,484.79,307.00,0.905,1.0,584.7,6.7,,303,323,false,false,sd_unavailable
S4,2,humidity,70,green,30,70,46,494.06,309.22,0.857,1.0,569.9,6.7,33.4,304,322,true,false,sd_one_sided
S4,2,humidity,70,green,30,70,47,502.72,305.83,0.857,1.0,592.5,6.7,87.0,289,319,false,true,sd_one_sided
S4,2,humidity,70,green,30,70,48,511.00,308.00,0.810,2.0,578.0,13.4,,294,320,false,false,marker_partially_hidden;sd_unavailable
S4,2,humidity,70,green,30,70,49,519.72,306.89,0.857,1.0,585.5,6.7,,303,321,false,false,sd_unavailable
S4,2,humidity,70,green,30,70,50,528.10,308.05,0.952,1.0,577.7,6.7,,292,324,false,false,sd_unavailable
S4,2,humidity,70,green,30,70,51,536.00,308.00,0.810,2.0,578.0,13.4,,298,320,false,false,marker_partially_hidden;sd_unavailable
S4,2,humidity,70,green,30,70,52,545.00,306.00,0.810,2.0,591.4,13.4,,292,322,false,false,marker_partially_hidden;sd_unavailable
S4,2,humidity,70,green,30,70,53,553.89,308.72,0.857,1.0,573.2,6.7,113.7,289,326,false,true,sd_one_sided
S4,2,humidity,70,green,30,70,54,562.16,307.84,0.905,1.0,579.1,6.7,56.9,304,321,true,true,sd_asymmetric_bar
S4,2,humidity,70,green,30,70,55,571.16,307.16,0.905,1.0,583.7,6.7,,303,321,false,false,sd_unavailable
S4,2,humidity,70,green,30,70,56,579.90,308.05,0.952,1.0,577.7,6.7,,303,321,false,false,sd_unavailable
S4,2,humidity,70,green,30,70,57,588.06,308.78,0.857,1.0,572.8,6.7,87.0,303,322,false,true,sd_one_sided
S4,2,humidity,70,green,30,70,58,597.10,306.95,0.952,1.0,585.1,6.7,87.0,294,313,true,false,sd_one_sided
S4,2,humidity,70,green,30,70,59,605.67,308.00,0.857,1.0,578.0,6.7,,293,323,false,false,sd_unavailable
S4,2,humidity,70,green,30,70,60,614.05,309.10,0.952,1.0,570.7,6.7,93.6,295,323,true,false,sd_one_sided
S4,2,humidity,70,green,30,70,61,622.90,306.95,0.952,1.0,585.1,6.7,87.0,293,320,false,true,sd_one_sided
S4,2,humidity,70,green,30,70,62,631.50,309.00,0.810,2.0,571.4,13.4,66.9,302,319,false,true,marker_partially_hidden;sd_one_sided
S4,3,humidity,75,light_blue,15,75,1,104.33,358.67,0.429,2.0,72.5,13.4,,355,361,false,false,marker_partially_hidden;sd_unavailable
S4,3,humidity,75,light_blue,15,75,2,112.50,358.00,0.476,2.0,77.0,13.4,,355,363,false,false,marker_partially_hidden;sd_unavailable
S4,3,humidity,75,light_blue,15,75,3,120.80,362.40,0.381,2.0,47.5,13.4,,357,365,false,false,marker_partially_hidden;sd_unavailable
S4,3,humidity,75,light_blue,15,75,4,130.00,361.00,0.810,2.0,56.9,13.4,,355,366,false,false,marker_partially_hidden;sd_unavailable
S4,3,humidity,75,light_blue,15,75,5,138.67,360.00,0.857,1.0,63.6,6.7,,355,365,false,false,sd_unavailable
S4,3,humidity,75,light_blue,15,75,6,147.21,361.00,0.905,1.0,56.9,6.7,,358,364,false,false,sd_below_marker_radius
S4,3,humidity,75,light_blue,15,75,7,155.90,360.05,0.952,1.0,63.3,6.7,33.5,355,365,false,true,sd_one_sided
S4,3,humidity,75,light_blue,15,75,8,164.00,360.00,1.000,1.0,63.6,6.7,,356,363,false,false,sd_unavailable
S4,3,humidity,75,light_blue,15,75,9,173.00,359.00,1.000,1.0,70.3,6.7,,356,363,false,false,sd_unavailable
S4,3,humidity,75,light_blue,15,75,10,181.79,359.00,0.905,1.0,70.3,6.7,,354,364,false,false,sd_unavailable
S4,3,humidity,75,light_blue,15,75,11,190.10,358.05,0.952,1.0,76.7,6.7,30.1,354,363,true,true,
S4,3,humidity,75,light_blue,15,75,12,199.00,358.00,1.000,1.0,77.0,6.7,26.8,354,362,true,true,
S4,3,humidity,75,light_blue,15,75,13,207.67,357.00,0.857,1.0,83.7,6.7,46.8,351,365,true,true,
S4,3,humidity,75,light_blue,15,75,14,215.67,354.00,0.857,1.0,103.8,6.7,,347,363,false,false,sd_unavailable
S4,3,humidity,75,light_blue,15,75,15,224.21,352.00,0.905,1.0,117.1,6.7,,343,359,false,false,sd_unavailable
S4,3,humidity,75,light_blue,15,75,16,233.50,346.50,0.810,2.0,153.9,13.4,66.9,336,358,true,false,marker_partially_hidden;sd_one_sided
S4,3,humidity,75,light_blue,15,75,17,242.00,341.00,1.000,1.0,190.7,6.7,,332,352,false,false,sd_unavailable
S4,3,humidity,75,light_blue,15,75,18,250.10,337.95,0.952,1.0,211.1,6.7,87.0,323,351,false,true,sd_one_sided
S4,3,humidity,75,light_blue,15,75,19,259.00,336.00,1.000,1.0,224.2,6.7,93.7,322,350,false,true,sd_one_sided
S4,3,humidity,75,light_blue,15,75,20,267.67,332.00,0.857,1.0,251.0,6.7,80.3,320,349,true,false,sd_one_sided
S4,3,humidity,75,light_blue,15,75,21,275.84,327.84,0.905,1.0,278.8,6.7,,318,339,false,false,sd_unavailable
S4,3,humidity,75,light_blue,15,75,22,285.00,324.00,1.000,1.0,304.5,6.7,100.4,309,339,true,false,sd_one_sided
S4,3,humidity,75,light_blue,15,75,23,293.10,323.05,0.952,1.0,310.8,6.7,80.3,313,335,false,true,sd_one_sided
S4,3,humidity,75,light_blue,15,75,24,301.67,317.00,0.857,1.0,351.3,6.7,,305,328,false,false,sd_unavailable
S4,3,humidity,75,light_blue,15,75,25,311.00,313.00,1.000,1.0,378.1,6.7,66.9,303,321,true,false,sd_one_sided
S4,3,humidity,75,light_blue,15,75,26,319.21,312.00,0.905,1.0,384.8,6.7,,300,320,false,false,sd_unavailable
S4,3,humidity,75,light_blue,15,75,27,328.00,308.00,1.000,1.0,411.6,6.7,66.9,301,318,false,true,sd_one_sided
S4,3,humidity,75,light_blue,15,75,28,336.67,304.00,0.857,1.0,438.3,6.7,46.8,297,311,true,true,
S4,3,humidity,75,light_blue,15,75,29,345.00,301.00,1.000,1.0,458.4,6.7,,292,310,false,false,sd_unavailable
S4,3,humidity,75,light_blue,15,75,30,353.67,298.00,0.857,1.0,478.5,6.7,,288,308,false,false,sd_unavailable
S4,3,humidity,75,light_blue,15,75,31,362.00,293.50,0.667,2.0,508.6,13.4,,285,304,false,false,marker_partially_hidden;sd_unavailable
S4,3,humidity,75,light_blue,15,75,32,371.00,296.00,1.000,1.0,491.8,6.7,46.8,289,303,false,true,sd_one_sided
S4,3,humidity,75,light_blue,15,75,33,379.10,292.95,0.952,1.0,512.3,6.7,,288,298,false,false,sd_unavailable
S4,3,humidity,75,light_blue,15,75,34,388.00,289.00,1.000,1.0,538.7,6.7,,285,296,false,false,sd_unavailable
S4,3,humidity,75,light_blue,15,75,35,396.94,285.89,0.857,1.0,559.5,6.7,,284,294,false,false,sd_unavailable
S4,3,humidity,75,light_blue,15,75,36,404.50,283.00,0.810,2.0,578.8,13.4,66.9,273,285,true,false,marker_partially_hidden;sd_one_sided
S4,3,humidity,75,light_blue,15,75,37,414.00,284.00,1.000,1.0,572.1,6.7,53.5,281,292,false,true,sd_one_sided
S4,3,humidity,75,light_blue,15,75,38,421.50,279.50,0.429,2.0,602.3,13.4,,275,287,false,false,marker_partially_hidden;sd_unavailable
S4,3,humidity,75,light_blue,15,75,39,430.00,274.00,0.762,2.0,639.1,13.4,,267,282,false,false,marker_partially_hidden;sd_unavailable
S4,3,humidity,75,light_blue,15,75,40,439.00,274.00,0.810,2.0,639.1,13.4,,268,280,false,false,marker_partially_hidden;sd_unavailable
S4,3,humidity,75,light_blue,15,75,41,448.10,272.05,0.952,1.0,652.1,6.7,,265,275,false,false,sd_unavailable
S4,3,humidity,75,light_blue,15,75,42,456.28,269.17,0.857,1.0,671.4,6.7,,259,274,false,false,sd_unavailable
S4,3,humidity,75,light_blue,15,75,43,465.90,268.95,0.952,1.0,672.8,6.7,,260,272,false,false,sd_unavailable
S4,3,humidity,75,light_blue,15,75,44,473.67,265.00,0.857,1.0,699.3,6.7,,256,271,false,false,sd_unavailable
S4,3,humidity,75,light_blue,15,75,45,482.95,262.10,0.952,1.0,718.7,6.7,,253,267,false,false,sd_unavailable
S4,3,humidity,75,light_blue,15,75,46,491.00,261.00,1.000,1.0,726.0,6.7,87.0,248,274,true,false,sd_one_sided
S4,3,humidity,75,light_blue,15,75,47,499.67,258.00,0.857,1.0,746.1,6.7,,248,264,false,false,sd_unavailable
S4,3,humidity,75,light_blue,15,75,48,508.33,254.67,0.714,2.0,768.4,13.4,,245,264,false,false,marker_partially_hidden;sd_unavailable
S4,3,humidity,75,light_blue,15,75,49,517.21,252.00,0.905,1.0,786.3,6.7,,242,261,false,false,sd_unavailable
S4,3,humidity,75,light_blue,15,75,50,525.33,252.00,0.857,1.0,786.3,6.7,,243,265,false,false,sd_unavailable
S4,3,humidity,75,light_blue,15,75,51,533.79,249.00,0.905,1.0,806.3,6.7,,241,263,false,false,sd_unavailable
S4,3,humidity,75,light_blue,15,75,52,542.90,248.95,0.952,1.0,806.7,6.7,,235,262,false,false,sd_unavailable
S4,3,humidity,75,light_blue,15,75,53,551.00,243.00,0.667,2.0,846.5,13.4,,224,256,false,false,marker_partially_hidden;sd_unavailable
S4,3,humidity,75,light_blue,15,75,55,568.00,234.00,0.810,2.0,906.7,13.4,,226,238,false,false,marker_partially_hidden;sd_unavailable
S4,3,humidity,75,light_blue,15,75,56,577.50,230.50,0.810,2.0,930.1,13.4,120.4,224,248,false,true,marker_partially_hidden;sd_one_sided
S4,3,humidity,75,light_blue,15,75,57,585.00,233.00,0.810,2.0,913.4,13.4,120.4,215,249,true,false,marker_partially_hidden;sd_one_sided
S4,3,humidity,75,light_blue,15,75,58,594.50,226.00,0.810,2.0,960.2,13.4,,215,237,false,false,marker_partially_hidden;sd_unavailable
S4,3,humidity,75,light_blue,15,75,59,603.00,222.11,0.905,1.0,986.3,6.7,,211,235,false,false,sd_unavailable
S4,3,humidity,75,light_blue,15,75,60,611.16,219.16,0.905,1.0,1006.0,6.7,,210,245,false,false,sd_unavailable
S4,3,humidity,75,light_blue,15,75,61,620.28,222.89,0.857,1.0,981.1,6.7,,213,249,false,false,sd_unavailable
S4,3,humidity,75,light_blue,15,75,62,628.84,214.16,0.905,1.0,1039.5,6.7,,186,243,false,false,sd_unavailable
S4,3,humidity,75,navy,20,75,5,140.05,348.10,0.952,1.0,143.2,6.7,,324,366,false,false,sd_unavailable
S4,3,humidity,75,navy,20,75,6,148.00,335.00,0.714,2.0,230.9,13.4,,305,352,false,false,marker_partially_hidden;sd_unavailable
S4,3,humidity,75,navy,20,75,8,165.50,321.00,0.571,2.0,324.6,13.4,,289,332,false,false,marker_partially_hidden;sd_unavailable
S4,3,humidity,75,navy,20,75,10,182.33,305.67,0.524,2.0,427.2,13.4,,303,315,false,false,marker_partially_hidden;sd_unavailable
S4,3,humidity,75,navy,20,75,11,191.50,306.00,0.429,2.0,424.9,13.4,,299,319,false,false,marker_partially_hidden;sd_unavailable
S4,3,humidity,75,navy,20,75,15,226.00,298.00,0.810,2.0,478.5,13.4,,288,300,false,false,marker_partially_hidden;sd_unavailable
S4,3,humidity,75,navy,20,75,22,286.40,286.20,0.429,2.0,557.4,13.4,,284,287,false,false,marker_partially_hidden;sd_below_marker_radius
S4,3,humidity,75,navy,20,75,23,294.79,285.00,0.905,1.0,565.5,6.7,,282,287,false,false,sd_below_marker_radius
S4,3,humidity,75,navy,20,75,24,302.50,284.00,0.571,2.0,572.1,13.4,,280,286,false,false,marker_partially_hidden;sd_unavailable
S4,3,humidity,75,navy,20,75,25,311.94,281.00,0.857,1.0,592.2,6.7,,278,283,false,false,sd_below_marker_radius
S4,3,humidity,75,navy,20,75,26,320.50,274.00,0.714,2.0,639.1,13.4,,268,279,false,false,marker_partially_hidden;sd_unavailable
S4,3,humidity,75,navy,20,75,27,329.00,273.00,0.810,2.0,645.7,13.4,,272,278,false,false,marker_partially_hidden;sd_unavailable
S4,3,humidity,75,navy,20,75,28,337.84,267.84,0.905,1.0,680.3,6.7,26.8,264,270,true,false,sd_one_sided
S4,3,humidity,75,navy,20,75,29,346.28,268.11,0.857,1.0,678.5,6.7,,260,271,false,false,sd_unavailable
S4,3,humidity,75,navy,20,75,30,355.00,262.00,1.000,1.0,719.4,6.7,60.2,259,271,false,true,sd_one_sided
S4,3,humidity,75,navy,20,75,31,364.00,259.00,0.714,2.0,739.4,13.4,73.6,257,270,false,true,marker_partially_hidden;sd_one_sided
S4,3,humidity,75,navy,20,75,32,372.00,254.00,0.619,2.0,772.9,13.4,80.3,242,264,true,false,marker_partially_hidden;sd_one_sided
S4,3,humidity,75,navy,20,75,33,380.00,255.00,0.524,2.0,766.2,13.4,,252,262,false,false,marker_partially_hidden;sd_unavailable
S4,3,humidity,75,navy,20,75,34,388.67,249.33,0.476,2.0,804.1,13.4,,236,256,false,false,marker_partially_hidden;sd_unavailable
S4,3,humidity,75,navy,20,75,35,397.33,247.33,0.381,2.0,817.5,13.4,,245,251,false,false,marker_partially_hidden;sd_unavailable
S4,3,humidity,75,navy,20,75,36,406.00,240.00,0.619,2.0,866.6,13.4,,225,255,false,false,marker_partially_hidden;sd_unavailable
S4,3,humidity,75,navy,20,75,37,415.21,238.00,0.905,1.0,879.9,6.7,,224,254,false,false,sd_unavailable
S4,3,humidity,75,navy,20,75,38,424.00,237.00,0.810,2.0,886.6,13.4,,229,240,false,false,marker_partially_hidden;sd_unavailable
S4,3,humidity,75,navy,20,75,39,432.06,232.22,0.857,1.0,918.6,6.7,,209,255,false,false,sd_unavailable
S4,3,humidity,75,navy,20,75,40,440.95,225.90,0.952,1.0,960.9,6.7,,209,249,false,false,sd_unavailable
S4,3,humidity,75,navy,20,75,41,449.50,223.00,0.714,2.0,980.3,13.4,,216,240,false,false,marker_partially_hidden;sd_unavailable
S4,3,humidity,75,navy,20,75,42,457.89,220.28,0.857,1.0,998.5,6.7,,193,239,false,false,sd_unavailable
S4,3,humidity,75,navy,20,75,43,466.89,216.28,0.857,1.0,1025.3,6.7,46.8,208,223,false,true,sd_one_sided
S4,3,humidity,75,navy,20,75,44,475.11,209.72,0.857,1.0,1069.2,6.7,,207,238,false,false,sd_unavailable
S4,3,humidity,75,navy,20,75,45,484.00,210.00,0.810,2.0,1067.3,13.4,,207,236,false,false,marker_partially_hidden;sd_unavailable
S4,3,humidity,75,navy,20,75,46,492.84,204.84,0.905,1.0,1101.8,6.7,,200,233,false,false,sd_unavailable
S4,3,humidity,75,navy,20,75,47,501.11,201.00,0.905,1.0,1127.5,6.7,,170,232,false,false,sd_unavailable
S4,3,humidity,75,navy,20,75,48,509.00,194.00,0.810,2.0,1174.4,13.4,,191,200,false,false,marker_partially_hidden;sd_unavailable
S4,3,humidity,75,navy,20,75,49,518.50,196.00,0.762,2.0,1161.0,13.4,,191,233,false,false,marker_partially_hidden;sd_unavailable
S4,3,humidity,75,navy,20,75,50,526.89,189.28,0.857,1.0,1206.0,6.7,254.3,152,227,false,true,sd_one_sided
S4,3,humidity,75,navy,20,75,51,535.00,186.00,0.810,2.0,1227.9,13.4,,176,192,false,false,marker_partially_hidden;sd_unavailable
S4,3,humidity,75,navy,20,75,52,544.00,181.00,0.810,2.0,1261.4,13.4,,140,222,false,false,marker_partially_hidden;sd_unavailable
S4,3,humidity,75,navy,20,75,53,553.00,177.00,0.810,2.0,1288.1,13.4,,165,181,false,false,marker_partially_hidden;sd_unavailable
S4,3,humidity,75,navy,20,75,54,561.00,173.00,0.810,2.0,1314.9,13.4,,164,213,false,false,marker_partially_hidden;sd_unavailable
S4,3,humidity,75,navy,20,75,55,570.00,168.50,0.810,2.0,1345.0,13.4,,128,221,false,false,marker_partially_hidden;sd_unavailable
S4,3,humidity,75,navy,20,75,56,578.50,160.00,0.762,2.0,1401.9,13.4,,144,165,false,false,marker_partially_hidden;sd_unavailable
S4,3,humidity,75,navy,20,75,57,586.89,158.28,0.857,1.0,1413.4,6.7,,113,169,false,false,sd_unavailable
S4,3,humidity,75,navy,20,75,58,596.00,151.00,0.810,2.0,1462.1,13.4,,144,159,false,false,marker_partially_hidden;sd_unavailable
S4,3,humidity,75,navy,20,75,59,604.11,141.72,0.857,1.0,1524.2,6.7,,137,160,false,false,sd_unavailable
S4,3,humidity,75,navy,20,75,60,612.50,140.50,0.762,2.0,1532.3,13.4,,135,144,false,false,marker_partially_hidden;sd_unavailable
S4,3,humidity,75,navy,20,75,61,621.50,137.00,0.762,2.0,1555.8,13.4,,130,189,false,false,marker_partially_hidden;sd_unavailable
S4,3,humidity,75,navy,20,75,62,630.00,129.00,0.714,2.0,1609.3,13.4,,113,143,false,false,marker_partially_hidden;sd_unavailable
S4,3,humidity,75,orange,25,75,1,108.16,359.95,0.905,1.0,64.0,6.7,40.1,351,366,false,true,sd_one_sided
S4,3,humidity,75,orange,25,75,2,117.00,359.00,1.000,1.0,70.3,6.7,46.8,352,362,true,false,sd_one_sided
S4,3,humidity,75,orange,25,75,3,125.00,359.00,1.000,1.0,70.3,6.7,33.5,354,365,true,false,sd_one_sided
S4,3,humidity,75,orange,25,75,4,134.00,354.00,1.000,1.0,103.8,6.7,,343,359,false,false,sd_unavailable
S4,3,humidity,75,orange,25,75,5,142.00,342.00,1.000,1.0,184.0,6.7,80.3,330,356,true,false,sd_one_sided
S4,3,humidity,75,orange,25,75,6,151.00,330.00,1.000,1.0,264.3,6.7,100.4,311,345,false,true,sd_one_sided
S4,3,humidity,75,orange,25,75,7,160.00,316.00,1.000,1.0,358.0,6.7,36.8,310,321,true,true,
S4,3,humidity,75,orange,25,75,8,168.00,312.00,1.000,1.0,384.8,6.7,46.8,305,315,true,false,sd_one_sided
S4,3,humidity,75,orange,25,75,9,177.00,312.00,1.000,1.0,384.8,6.7,,301,324,false,false,sd_unavailable
S4,3,humidity,75,orange,25,75,10,186.00,309.00,1.000,1.0,404.9,6.7,66.9,299,312,true,false,sd_one_sided
S4,3,humidity,75,orange,25,75,11,194.00,304.00,1.000,1.0,438.3,6.7,80.3,292,308,true,false,sd_one_sided
S4,3,humidity,75,orange,25,75,12,202.00,301.00,1.000,1.0,458.4,6.7,,294,304,false,false,sd_unavailable
S4,3,humidity,75,orange,25,75,13,211.00,299.00,1.000,1.0,471.8,6.7,40.1,291,303,true,true,sd_asymmetric_bar
S4,3,humidity,75,orange,25,75,14,220.00,296.00,1.000,1.0,491.8,6.7,26.8,292,299,true,false,sd_one_sided
S4,3,humidity,75,orange,25,75,15,228.00,292.00,1.000,1.0,518.6,6.7,46.8,282,299,false,true,sd_one_sided
S4,3,humidity,75,orange,25,75,16,237.00,290.00,1.000,1.0,532.0,6.7,53.5,282,295,true,false,sd_one_sided
S4,3,humidity,75,orange,25,75,17,245.00,288.00,1.000,1.0,545.4,6.7,33.5,283,291,true,false,sd_one_sided
S4,3,humidity,75,orange,25,75,18,254.00,282.00,1.000,1.0,585.5,6.7,26.8,278,286,true,false,sd_one_sided
S4,3,humidity,75,orange,25,75,19,263.00,280.00,1.000,1.0,598.9,6.7,26.8,276,283,true,false,sd_one_sided
S4,3,humidity,75,orange,25,75,20,271.00,277.00,1.000,1.0,619.0,6.7,46.8,270,283,true,false,sd_one_sided
S4,3,humidity,75,orange,25,75,21,280.00,272.00,1.000,1.0,652.4,6.7,33.5,264,277,false,true,sd_one_sided
S4,3,humidity,75,orange,25,75,22,289.00,270.00,1.000,1.0,665.8,6.7,,264,278,false,false,sd_unavailable
S4,3,humidity,75,orange,25,75,23,297.00,270.00,1.000,1.0,665.8,6.7,43.5,263,276,true,true,
S4,3,humidity,75,orange,25,75,24,306.00,265.00,1.000,1.0,699.3,6.7,,256,273,false,false,sd_unavailable
S4,3,humidity,75,orange,25,75,25,314.00,265.00,1.000,1.0,699.3,6.7,40.1,257,271,false,true,sd_one_sided
S4,3,humidity,75,orange,25,75,26,323.00,259.00,1.000,1.0,739.4,6.7,53.5,249,267,false,true,sd_one_sided
S4,3,humidity,75,orange,25,75,27,331.00,259.00,1.000,1.0,739.4,6.7,80.3,243,271,false,true,sd_one_sided
S4,3,humidity,75,orange,25,75,28,340.00,255.00,1.000,1.0,766.2,6.7,,240,266,false,false,sd_unavailable
S4,3,humidity,75,orange,25,75,29,349.00,257.00,1.000,1.0,752.8,6.7,,240,272,false,false,sd_unavailable
S4,3,humidity,75,orange,25,75,30,357.00,256.00,1.000,1.0,759.5,6.7,,243,269,false,false,sd_unavailable
S4,3,humidity,75,orange,25,75,31,366.00,254.00,1.000,1.0,772.9,6.7,100.4,240,270,true,true,
S4,3,humidity,75,orange,25,75,32,375.10,253.95,0.952,1.0,773.2,6.7,87.0,241,267,true,false,sd_one_sided
S4,3,humidity,75,orange,25,75,33,383.00,253.00,1.000,1.0,779.6,6.7,66.9,243,266,true,false,sd_one_sided
S4,3,humidity,75,orange,25,75,34,392.00,251.00,1.000,1.0,793.0,6.7,73.6,240,262,true,true,
S4,3,humidity,75,orange,25,75,35,400.10,246.05,0.952,1.0,826.1,6.7,80.3,234,258,false,true,sd_one_sided
S4,3,humidity,75,orange,25,75,36,408.00,250.00,1.000,1.0,799.7,6.7,73.6,243,261,false,true,sd_one_sided
S4,3,humidity,75,orange,25,75,37,418.00,248.00,1.000,1.0,813.0,6.7,80.3,240,260,false,true,sd_one_sided
S4,3,humidity,75,orange,25,75,38,426.00,244.00,1.000,1.0,839.8,6.7,53.5,239,255,true,true,sd_asymmetric_bar
S4,3,humidity,75,orange,25,75,39,435.00,246.00,1.000,1.0,826.4,6.7,80.3,236,258,false,true,sd_one_sided
S4,3,humidity,75,orange,25,75,40,443.00,243.00,1.000,1.0,846.5,6.7,66.9,232,253,false,true,sd_one_sided
S4,3,humidity,75,orange,25,75,41,452.00,246.00,1.000,1.0,826.4,6.7,,231,259,false,false,sd_unavailable
S4,3,humidity,75,orange,25,75,42,460.00,242.00,1.000,1.0,853.2,6.7,93.7,228,256,false,true,sd_one_sided
S4,3,humidity,75,orange,25,75,43,469.00,243.00,1.000,1.0,846.5,6.7,,232,254,false,false,sd_unavailable
S4,3,humidity,75,orange,25,75,44,478.00,243.00,1.000,1.0,846.5,6.7,80.3,229,255,false,true,sd_one_sided
S4,3,humidity,75,orange,25,75,45,486.00,242.00,1.000,1.0,853.2,6.7,,224,258,false,false,sd_unavailable
S4,3,humidity,75,orange,25,75,46,495.00,244.00,1.000,1.0,839.8,6.7,,230,259,false,false,sd_unavailable
S4,3,humidity,75,orange,25,75,47,504.00,244.00,1.000,1.0,839.8,6.7,93.7,230,249,true,false,sd_one_sided
S4,3,humidity,75,orange,25,75,48,512.00,242.00,1.000,1.0,853.2,6.7,,228,256,false,false,sd_unavailable
S4,3,humidity,75,orange,25,75,49,521.00,240.00,1.000,1.0,866.6,6.7,107.1,224,259,true,false,sd_one_sided
S4,3,humidity,75,orange,25,75,50,529.79,240.00,0.905,1.0,866.6,6.7,107.1,224,256,true,false,sd_one_sided
S4,3,humidity,75,orange,25,75,51,538.00,239.00,1.000,1.0,873.3,6.7,107.1,223,254,true,false,sd_one_sided
S4,3,humidity,75,orange,25,75,52,547.00,241.00,1.000,1.0,859.9,6.7,93.7,225,255,false,true,sd_one_sided
S4,3,humidity,75,orange,25,75,53,555.21,241.05,0.905,1.0,859.5,6.7,107.1,224,256,true,true,
S4,3,humidity,75,orange,25,75,54,564.00,239.00,1.000,1.0,873.3,6.7,103.7,224,255,true,true,
S4,3,humidity,75,orange,25,75,55,573.00,240.00,1.000,1.0,866.6,6.7,110.4,223,256,true,true,
S4,3,humidity,75,orange,25,75,56,581.00,240.00,1.000,1.0,866.6,6.7,113.8,222,256,true,true,
S4,3,humidity,75,orange,25,75,57,589.90,236.05,0.952,1.0,893.0,6.7,,218,254,false,false,sd_unavailable
S4,3,humidity,75,orange,25,75,58,598.00,237.00,1.000,1.0,886.6,6.7,,220,256,false,false,sd_unavailable
S4,3,humidity,75,orange,25,75,59,607.00,236.00,1.000,1.0,893.3,6.7,143.9,215,258,true,true,
S4,3,humidity,75,orange,25,75,60,615.00,235.00,1.000,1.0,900.0,6.7,,217,255,false,false,sd_unavailable
S4,3,humidity,75,orange,25,75,61,624.00,236.00,1.000,1.0,893.3,6.7,,217,256,false,false,sd_unavailable
S4,3,humidity,75,orange,25,75,62,633.00,236.00,1.000,1.0,893.3,6.7,117.1,219,254,true,true,
S4,3,humidity,75,green,30,75,1,107.00,363.00,0.667,2.0,43.5,13.4,53.5,355,365,true,false,marker_partially_hidden;sd_one_sided
S4,3,humidity,75,green,30,75,2,115.00,364.00,0.667,2.0,36.8,13.4,,356,366,false,false,marker_partially_hidden;sd_unavailable
S4,3,humidity,75,green,30,75,7,158.50,325.50,0.762,2.0,294.5,13.4,,321,335,false,false,marker_partially_hidden;sd_unavailable
S4,3,humidity,75,green,30,75,8,167.00,317.00,0.762,2.0,351.3,13.4,,316,319,false,false,marker_partially_hidden;sd_below_marker_radius
S4,3,humidity,75,green,30,75,11,193.05,311.10,0.952,1.0,390.8,6.7,,292,314,false,false,sd_unavailable
S4,3,humidity,75,green,30,75,12,201.10,309.05,0.952,1.0,404.5,6.7,26.8,305,313,false,true,sd_one_sided
S4,3,humidity,75,green,30,75,13,210.00,305.33,0.857,1.0,429.4,6.7,,304,310,false,false,sd_unavailable
S4,3,humidity,75,green,30,75,14,218.33,302.00,0.857,1.0,451.7,6.7,33.5,300,307,false,true,sd_one_sided
S4,3,humidity,75,green,30,75,15,226.89,302.94,0.857,1.0,445.4,6.7,,301,309,false,false,sd_unavailable
S4,3,humidity,75,green,30,75,16,236.05,299.10,0.952,1.0,471.1,6.7,,297,304,false,false,sd_unavailable
S4,3,humidity,75,green,30,75,17,245.00,298.11,0.905,1.0,477.8,6.7,26.8,295,302,false,true,sd_one_sided
S4,3,humidity,75,green,30,75,18,252.84,294.16,0.905,1.0,504.2,6.7,,287,304,false,false,sd_unavailable
S4,3,humidity,75,green,30,75,19,261.84,293.16,0.905,1.0,510.9,6.7,66.9,284,304,true,true,
S4,3,humidity,75,green,30,75,20,270.00,294.00,1.000,1.0,505.2,6.7,66.9,284,304,true,false,sd_one_sided
S4,3,humidity,75,green,30,75,21,279.00,290.00,0.810,2.0,532.0,13.4,60.2,285,303,true,true,marker_partially_hidden;sd_asymmetric_bar
S4,3,humidity,75,green,30,75,22,287.00,290.00,0.810,2.0,532.0,13.4,,279,300,false,false,marker_partially_hidden;sd_unavailable
S4,3,humidity,75,green,30,75,23,295.84,290.05,0.905,1.0,531.6,6.7,87.0,277,303,false,true,sd_one_sided
S4,3,humidity,75,green,30,75,24,304.50,289.00,0.762,2.0,538.7,13.4,93.7,275,303,true,false,marker_partially_hidden;sd_one_sided
S4,3,humidity,75,green,30,75,25,313.00,288.00,0.762,2.0,545.4,13.4,,272,303,false,false,marker_partially_hidden;sd_unavailable
S4,3,humidity,75,green,30,75,26,321.95,284.90,0.952,1.0,566.1,6.7,33.5,280,296,true,false,sd_one_sided
S4,3,humidity,75,green,30,75,27,330.28,284.11,0.857,1.0,571.4,6.7,,278,298,false,false,sd_unavailable
S4,3,humidity,75,green,30,75,28,339.28,283.11,0.857,1.0,578.1,6.7,73.6,272,299,true,false,sd_one_sided
S4,3,humidity,75,green,30,75,29,347.50,284.50,0.810,2.0,568.8,13.4,73.6,273,297,true,false,marker_partially_hidden;sd_one_sided
S4,3,humidity,75,green,30,75,30,355.90,282.95,0.952,1.0,579.2,6.7,,271,300,false,false,sd_unavailable
S4,3,humidity,75,green,30,75,31,364.89,281.72,0.857,1.0,587.4,6.7,,272,300,false,false,sd_unavailable
S4,3,humidity,75,green,30,75,32,373.00,281.00,0.810,2.0,592.2,13.4,,268,292,false,false,marker_partially_hidden;sd_unavailable
S4,3,humidity,75,green,30,75,33,381.79,280.00,0.905,1.0,598.9,6.7,87.0,267,291,true,false,sd_one_sided
S4,3,humidity,75,green,30,75,34,390.84,280.84,0.905,1.0,593.3,6.7,,264,297,false,false,sd_unavailable
S4,3,humidity,75,green,30,75,35,399.00,279.21,0.905,1.0,604.2,6.7,,264,297,false,false,sd_unavailable
S4,3,humidity,75,green,30,75,36,407.10,278.95,0.952,1.0,605.9,6.7,43.5,274,287,true,true,sd_asymmetric_bar
S4,3,humidity,75,green,30,75,37,416.10,278.05,0.952,1.0,612.0,6.7,40.1,272,288,true,false,sd_one_sided
S4,3,humidity,75,green,30,75,38,425.21,278.95,0.905,1.0,606.0,6.7,,263,295,false,false,sd_unavailable
S4,3,humidity,75,green,30,75,39,433.00,278.00,0.810,2.0,612.3,13.4,,262,288,false,false,marker_partially_hidden;sd_unavailable
S4,3,humidity,75,green,30,75,40,442.11,277.72,0.857,1.0,614.2,6.7,100.4,263,288,true,false,sd_one_sided
S4,3,humidity,75,green,30,75,41,450.16,277.84,0.905,1.0,613.3,6.7,87.0,265,283,true,false,sd_one_sided
S4,3,humidity,75,green,30,75,42,459.00,276.00,1.000,1.0,625.7,6.7,,256,281,false,false,sd_unavailable
S4,3,humidity,75,green,30,75,43,468.00,276.00,1.000,1.0,625.7,6.7,,259,289,false,false,sd_unavailable
S4,3,humidity,75,green,30,75,44,476.50,276.00,0.810,2.0,625.7,13.4,,267,289,false,false,marker_partially_hidden;sd_unavailable
S4,3,humidity,75,green,30,75,45,484.89,277.28,0.857,1.0,617.1,6.7,,266,288,false,false,sd_unavailable
S4,3,humidity,75,green,30,75,46,494.00,277.00,1.000,1.0,619.0,6.7,87.0,264,293,true,false,sd_one_sided
S4,3,humidity,75,green,30,75,47,503.00,276.00,0.810,2.0,625.7,13.4,33.5,271,289,true,false,marker_partially_hidden;sd_one_sided
S4,3,humidity,75,green,30,75,48,510.50,278.50,0.810,2.0,608.9,13.4,46.8,274,288,true,true,marker_partially_hidden;sd_asymmetric_bar
S4,3,humidity,75,green,30,75,49,519.50,275.50,0.810,2.0,629.0,13.4,,260,288,false,false,marker_partially_hidden;sd_unavailable
S4,3,humidity,75,green,30,75,50,528.16,276.16,0.905,1.0,624.6,6.7,,260,288,false,false,sd_unavailable
S4,3,humidity,75,green,30,75,51,536.50,276.50,0.810,2.0,622.3,13.4,,258,288,false,false,marker_partially_hidden;sd_unavailable
S4,3,humidity,75,green,30,75,52,545.00,276.00,0.810,2.0,625.7,13.4,,259,288,false,false,marker_partially_hidden;sd_unavailable
S4,3,humidity,75,green,30,75,53,553.90,276.95,0.952,1.0,619.3,6.7,,261,288,false,false,sd_unavailable
S4,3,humidity,75,green,30,75,54,562.50,277.50,0.810,2.0,615.6,13.4,,272,288,false,false,marker_partially_hidden;sd_unavailable
S4,3,humidity,75,green,30,75,55,571.50,277.00,0.810,2.0,619.0,13.4,53.5,272,288,true,true,marker_partially_hidden;sd_asymmetric_bar
S4,3,humidity,75,green,30,75,56,579.84,277.84,0.905,1.0,613.3,6.7,,271,288,false,false,sd_unavailable
S4,3,humidity,75,green,30,75,57,588.16,276.16,0.905,1.0,624.6,6.7,,271,288,false,false,sd_unavailable
S4,3,humidity,75,green,30,75,58,596.94,273.78,0.857,1.0,640.5,6.7,,264,288,false,false,sd_unavailable
S4,3,humidity,75,green,30,75,59,605.67,275.00,0.857,1.0,632.4,6.7,,260,293,false,false,sd_unavailable
S4,3,humidity,75,green,30,75,60,614.06,275.78,0.857,1.0,627.2,6.7,,260,289,false,false,sd_unavailable
S4,3,humidity,75,green,30,75,61,622.94,274.22,0.857,1.0,637.6,6.7,,256,288,false,false,sd_unavailable
S4,3,humidity,75,green,30,75,62,631.50,274.50,0.810,2.0,635.7,13.4,,271,287,false,false,marker_partially_hidden;sd_unavailable
S4,4,temperature,15,light_blue,15,65,1,109.00,386.00,0.810,2.0,52.0,13.4,26.8,384,390,false,true,marker_partially_hidden;sd_one_sided
S4,4,temperature,15,light_blue,15,65,2,117.33,385.33,0.524,2.0,56.5,13.4,,383,387,false,false,marker_partially_hidden;sd_below_marker_radius
S4,4,temperature,15,light_blue,15,65,3,125.00,386.00,0.810,2.0,52.0,13.4,,381,390,false,false,marker_partially_hidden;sd_unavailable
S4,4,temperature,15,light_blue,15,65,4,135.00,385.00,0.619,2.0,58.7,13.4,,383,387,false,false,marker_partially_hidden;sd_below_marker_radius
S4,4,temperature,15,light_blue,15,65,5,143.00,383.00,0.762,2.0,72.1,13.4,46.9,376,385,true,false,marker_partially_hidden;sd_one_sided
S4,4,temperature,15,light_blue,15,65,6,151.00,383.00,0.810,2.0,72.1,13.4,,373,385,false,false,marker_partially_hidden;sd_unavailable
S4,4,temperature,15,light_blue,15,65,7,160.00,383.00,0.619,2.0,72.1,13.4,,371,385,false,false,marker_partially_hidden;sd_unavailable
S4,4,temperature,15,light_blue,15,65,8,168.00,381.50,0.714,2.0,82.2,13.4,93.9,368,392,true,false,marker_partially_hidden;sd_one_sided
S4,4,temperature,15,light_blue,15,65,9,176.16,376.05,0.905,1.0,118.7,6.7,107.3,361,392,false,true,sd_one_sided
S4,4,temperature,15,light_blue,15,65,10,184.95,375.10,0.952,1.0,125.1,6.7,73.8,369,391,true,true,sd_asymmetric_bar
S4,4,temperature,15,light_blue,15,65,11,194.00,374.00,1.000,1.0,132.5,6.7,,365,377,false,false,sd_unavailable
S4,4,temperature,15,light_blue,15,65,12,202.72,368.89,0.857,1.0,166.7,6.7,,352,380,false,false,sd_unavailable
S4,4,temperature,15,light_blue,15,65,13,211.10,362.05,0.952,1.0,212.6,6.7,,349,369,false,false,sd_unavailable
S4,4,temperature,15,light_blue,15,65,14,220.00,360.00,1.000,1.0,226.4,6.7,,356,373,false,false,sd_unavailable
S4,4,temperature,15,light_blue,15,65,15,228.00,354.00,1.000,1.0,266.6,6.7,80.5,339,366,false,true,sd_one_sided
S4,4,temperature,15,light_blue,15,65,16,237.16,350.16,0.905,1.0,292.4,6.7,,343,359,false,false,sd_unavailable
S4,4,temperature,15,light_blue,15,65,17,245.16,348.95,0.905,1.0,300.5,6.7,,345,354,false,false,sd_unavailable
S4,4,temperature,15,light_blue,15,65,18,254.05,345.10,0.952,1.0,326.3,6.7,,339,358,false,false,sd_unavailable
S4,4,temperature,15,light_blue,15,65,19,263.33,342.00,0.857,1.0,347.1,6.7,26.8,338,356,true,false,sd_one_sided
S4,4,temperature,15,light_blue,15,65,20,271.72,341.17,0.857,1.0,352.7,6.7,26.8,338,345,false,true,sd_one_sided
S4,4,temperature,15,light_blue,15,65,21,280.00,339.00,1.000,1.0,367.2,6.7,26.8,335,342,true,false,sd_one_sided
S4,4,temperature,15,light_blue,15,65,22,289.00,338.00,0.905,1.0,373.9,6.7,,334,346,false,false,sd_unavailable
S4,4,temperature,15,light_blue,15,65,23,296.16,333.84,0.905,1.0,401.8,6.7,26.8,332,338,false,true,sd_one_sided
S4,4,temperature,15,light_blue,15,65,24,306.00,332.00,1.000,1.0,414.2,6.7,,326,339,false,false,sd_unavailable
S4,4,temperature,15,light_blue,15,65,25,315.10,327.95,0.952,1.0,441.3,6.7,,324,333,false,false,sd_unavailable
S4,4,temperature,15,light_blue,15,65,26,322.05,327.10,0.952,1.0,447.0,6.7,,325,330,false,false,sd_below_marker_radius
S4,4,temperature,15,light_blue,15,65,27,331.10,327.05,0.952,1.0,447.4,6.7,,324,329,false,false,sd_below_marker_radius
S4,4,temperature,15,light_blue,15,65,28,340.11,323.28,0.857,1.0,472.7,6.7,,322,326,false,false,sd_below_marker_radius
S4,4,temperature,15,light_blue,15,65,29,348.00,319.00,0.810,2.0,501.3,13.4,,318,322,false,false,marker_partially_hidden;sd_below_marker_radius
S4,4,temperature,15,light_blue,15,65,30,358.00,320.00,0.714,2.0,494.6,13.4,,316,332,false,false,marker_partially_hidden;sd_unavailable
S4,4,temperature,15,light_blue,15,65,31,366.67,321.33,0.619,2.0,485.7,13.4,,314,324,false,false,marker_partially_hidden;sd_unavailable
S4,4,temperature,15,light_blue,15,65,32,375.00,317.00,0.667,2.0,514.8,13.4,33.5,312,319,true,false,marker_partially_hidden;sd_one_sided
S4,4,temperature,15,light_blue,15,65,33,384.00,315.00,0.619,2.0,528.2,13.4,,307,326,false,false,marker_partially_hidden;sd_unavailable
S4,4,temperature,15,light_blue,15,65,34,393.00,314.00,0.762,2.0,534.9,13.4,,312,320,false,false,marker_partially_hidden;sd_unavailable
S4,4,temperature,15,light_blue,15,65,35,400.67,316.00,0.857,1.0,521.5,6.7,,313,330,false,false,sd_unavailable
S4,4,temperature,15,light_blue,15,65,36,409.16,312.84,0.905,1.0,542.6,6.7,100.6,310,328,false,true,sd_one_sided
S4,4,temperature,15,light_blue,15,65,37,418.33,309.00,0.857,1.0,568.4,6.7,26.8,305,314,true,false,sd_one_sided
S4,4,temperature,15,light_blue,15,65,38,427.00,308.00,0.667,2.0,575.1,13.4,53.7,296,316,false,true,marker_partially_hidden;sd_one_sided
S4,4,temperature,15,light_blue,15,65,39,434.95,307.90,0.952,1.0,575.8,6.7,33.5,303,323,true,false,sd_one_sided
S4,4,temperature,15,light_blue,15,65,40,444.00,308.00,1.000,1.0,575.1,6.7,60.4,294,317,false,true,sd_one_sided
S4,4,temperature,15,light_blue,15,65,41,452.00,307.00,1.000,1.0,581.8,6.7,93.9,304,321,false,true,sd_one_sided
S4,4,temperature,15,light_blue,15,65,42,460.84,307.84,0.905,1.0,576.2,6.7,87.2,299,321,false,true,sd_one_sided
S4,4,temperature,15,light_blue,15,65,43,469.21,307.00,0.905,1.0,581.8,6.7,26.8,303,322,true,false,sd_one_sided
S4,4,temperature,15,light_blue,15,65,44,477.95,305.84,0.905,1.0,589.6,6.7,100.6,293,321,false,true,sd_one_sided
S4,4,temperature,15,light_blue,15,65,45,486.22,302.94,0.857,1.0,609.0,6.7,90.5,292,319,true,true,sd_asymmetric_bar
S4,4,temperature,15,light_blue,15,65,46,495.16,302.16,0.905,1.0,614.3,6.7,,289,319,false,false,sd_unavailable
S4,4,temperature,15,light_blue,15,65,47,503.50,301.50,0.810,2.0,618.7,13.4,,286,309,false,false,marker_partially_hidden;sd_unavailable
S4,4,temperature,15,light_blue,15,65,48,511.90,301.05,0.952,1.0,621.7,6.7,120.7,297,319,false,true,sd_one_sided
S4,4,temperature,15,light_blue,15,65,49,520.95,301.90,0.952,1.0,616.0,6.7,114.0,285,319,false,true,sd_one_sided
S4,4,temperature,15,light_blue,15,65,50,529.33,301.00,0.857,1.0,622.1,6.7,,293,324,false,false,sd_unavailable
S4,4,temperature,15,light_blue,15,65,51,537.90,299.95,0.952,1.0,629.1,6.7,120.7,282,318,true,true,
S4,4,temperature,15,light_blue,15,65,52,546.90,300.95,0.952,1.0,622.4,6.7,120.7,280,319,false,true,sd_one_sided
S4,4,temperature,15,light_blue,15,65,53,555.33,295.00,0.857,1.0,662.3,6.7,161.0,272,319,false,true,sd_one_sided
S4,4,temperature,15,light_blue,15,65,54,563.79,299.00,0.905,1.0,635.5,6.7,134.1,279,319,false,true,sd_one_sided
S4,4,temperature,15,light_blue,15,65,55,572.10,295.95,0.952,1.0,655.9,6.7,,285,319,false,false,sd_unavailable
S4,4,temperature,15,light_blue,15,65,56,581.00,296.00,1.000,1.0,655.6,6.7,154.3,276,319,false,true,sd_one_sided
S4,4,temperature,15,light_blue,15,65,57,589.67,296.00,0.857,1.0,655.6,6.7,,270,322,false,false,sd_unavailable
S4,4,temperature,15,light_blue,15,65,58,598.50,294.50,0.810,2.0,665.7,13.4,,271,320,false,false,marker_partially_hidden;sd_unavailable
S4,4,temperature,15,light_blue,15,65,59,606.90,293.05,0.952,1.0,675.4,6.7,,266,324,false,false,sd_unavailable
S4,4,temperature,15,light_blue,15,65,60,615.67,291.00,0.857,1.0,689.1,6.7,,287,298,false,false,sd_unavailable
S4,4,temperature,15,light_blue,15,65,61,624.21,291.00,0.905,1.0,689.1,6.7,194.5,272,320,false,true,sd_one_sided
S4,4,temperature,15,light_blue,15,65,62,632.90,292.95,0.952,1.0,676.1,6.7,187.8,264,321,false,true,sd_one_sided
S4,4,temperature,15,navy,15,70,1,104.00,387.00,0.571,2.0,45.3,13.4,,385,390,false,false,marker_partially_hidden;sd_below_marker_radius
S4,4,temperature,15,navy,15,70,3,120.00,384.00,0.381,2.0,65.4,13.4,,382,385,false,false,marker_partially_hidden;sd_below_marker_radius
S4,4,temperature,15,navy,15,70,7,155.50,382.00,0.571,2.0,78.8,13.4,,375,392,false,false,marker_partially_hidden;sd_unavailable
S4,4,temperature,15,navy,15,70,8,164.00,382.00,0.810,2.0,78.8,13.4,,379,383,false,false,marker_partially_hidden;sd_below_marker_radius
S4,4,temperature,15,navy,15,70,9,172.67,377.67,0.667,2.0,107.9,13.4,,374,392,false,false,marker_partially_hidden;sd_unavailable
S4,4,temperature,15,navy,15,70,10,181.50,372.00,0.810,2.0,145.9,13.4,,355,392,false,false,marker_partially_hidden;sd_unavailable
S4,4,temperature,15,navy,15,70,11,190.28,369.83,0.857,1.0,160.4,6.7,,364,379,false,false,sd_unavailable
S4,4,temperature,15,navy,15,70,12,198.84,366.16,0.905,1.0,185.1,6.7,87.2,363,379,false,true,sd_one_sided
S4,4,temperature,15,navy,15,70,13,207.00,361.00,0.714,2.0,219.7,13.4,,357,378,false,false,marker_partially_hidden;sd_unavailable
S4,4,temperature,15,navy,15,70,14,215.79,356.95,0.905,1.0,246.8,6.7,,353,375,false,false,sd_unavailable
S4,4,temperature,15,navy,15,70,15,223.67,356.00,0.857,1.0,253.2,6.7,127.4,337,373,true,false,sd_one_sided
S4,4,temperature,15,navy,15,70,16,232.67,351.67,0.667,2.0,282.3,13.4,,335,366,false,false,marker_partially_hidden;sd_unavailable
S4,4,temperature,15,navy,15,70,17,241.00,348.00,0.714,2.0,306.8,13.4,26.8,344,352,false,true,marker_partially_hidden;sd_one_sided
S4,4,temperature,15,navy,15,70,18,249.89,346.83,0.857,1.0,314.7,6.7,,339,358,false,false,sd_unavailable
S4,4,temperature,15,navy,15,70,19,259.11,341.72,0.857,1.0,348.9,6.7,,337,355,false,false,sd_unavailable
S4,4,temperature,15,navy,15,70,20,267.67,340.00,0.857,1.0,360.5,6.7,,335,344,false,false,sd_unavailable
S4,4,temperature,15,navy,15,70,21,275.90,336.95,0.952,1.0,381.0,6.7,60.4,333,346,false,true,sd_one_sided
S4,4,temperature,15,navy,15,70,22,285.00,337.00,0.714,2.0,380.6,13.4,40.2,333,343,false,true,marker_partially_hidden;sd_one_sided
S4,4,temperature,15,navy,15,70,23,292.50,334.00,0.571,2.0,400.7,13.4,,330,339,false,false,marker_partially_hidden;sd_unavailable
S4,4,temperature,15,navy,15,70,24,301.10,332.05,0.952,1.0,413.8,6.7,,328,338,false,false,sd_unavailable
S4,4,temperature,15,navy,15,70,25,310.84,329.16,0.905,1.0,433.2,6.7,,326,334,false,false,sd_unavailable
S4,4,temperature,15,navy,15,70,26,318.50,328.00,0.476,2.0,441.0,13.4,,325,333,false,false,marker_partially_hidden;sd_unavailable
S4,4,temperature,15,navy,15,70,27,327.00,325.89,0.905,1.0,455.1,6.7,,321,329,false,false,sd_unavailable
S4,4,temperature,15,navy,15,70,28,336.00,324.00,0.667,2.0,467.8,13.4,,319,335,false,false,marker_partially_hidden;sd_unavailable
S4,4,temperature,15,navy,15,70,29,344.00,321.00,0.810,2.0,487.9,13.4,,318,324,false,false,marker_partially_hidden;sd_below_marker_radius
S4,4,temperature,15,navy,15,70,30,353.06,318.22,0.857,1.0,506.6,6.7,,306,329,false,false,sd_unavailable
S4,4,temperature,15,navy,15,70,32,370.79,313.00,0.905,1.0,541.6,6.7,,310,329,false,false,sd_unavailable
S4,4,temperature,15,navy,15,70,33,379.00,310.00,0.762,2.0,561.7,13.4,100.6,297,325,false,true,marker_partially_hidden;sd_one_sided
S4,4,temperature,15,navy,15,70,34,388.00,311.00,0.762,2.0,555.0,13.4,100.6,307,326,false,true,marker_partially_hidden;sd_one_sided
S4,4,temperature,15,navy,15,70,36,404.00,311.00,0.381,2.0,555.0,13.4,,305,311,false,false,marker_partially_hidden;sd_unavailable
S4,4,temperature,15,navy,15,70,37,414.00,305.00,0.810,2.0,595.2,13.4,107.3,289,321,true,true,marker_partially_hidden
S4,4,temperature,15,navy,15,70,39,430.40,302.80,0.381,2.0,610.0,13.4,,294,311,false,false,marker_partially_hidden;sd_unavailable
S4,4,temperature,15,navy,15,70,40,439.00,302.00,0.381,2.0,615.4,13.4,114.0,289,319,false,true,marker_partially_hidden;sd_one_sided
S4,4,temperature,15,navy,15,70,43,466.00,289.00,0.810,2.0,702.5,13.4,120.7,288,307,false,true,marker_partially_hidden;sd_one_sided
S4,4,temperature,15,navy,15,70,44,474.00,285.00,0.714,2.0,729.4,13.4,,262,287,false,false,marker_partially_hidden;sd_unavailable
S4,4,temperature,15,navy,15,70,45,482.16,283.16,0.905,1.0,741.7,6.7,,273,300,false,false,sd_unavailable
S4,4,temperature,15,navy,15,70,46,491.00,281.50,0.762,2.0,752.9,13.4,161.0,277,306,false,true,marker_partially_hidden;sd_one_sided
S4,4,temperature,15,navy,15,70,47,499.00,278.50,0.476,2.0,773.0,13.4,,275,297,false,false,marker_partially_hidden;sd_unavailable
S4,4,temperature,15,navy,15,70,48,508.00,281.50,0.429,2.0,752.9,13.4,,272,299,false,false,marker_partially_hidden;sd_unavailable
S4,4,temperature,15,navy,15,70,50,525.50,272.50,0.762,2.0,813.2,13.4,,253,296,false,false,marker_partially_hidden;sd_unavailable
S4,4,temperature,15,navy,15,70,52,542.95,267.10,0.952,1.0,849.4,6.7,114.0,250,281,true,false,sd_one_sided
S4,4,temperature,15,navy,15,70,55,568.95,265.10,0.952,1.0,862.8,6.7,,253,286,false,false,sd_unavailable
S4,4,temperature,15,navy,15,70,56,577.16,261.84,0.905,1.0,884.7,6.7,,246,266,false,false,sd_unavailable
S4,4,temperature,15,navy,15,70,57,585.00,262.00,0.619,2.0,883.6,13.4,,254,266,false,false,marker_partially_hidden;sd_unavailable
S4,4,temperature,15,navy,15,70,58,595.00,255.00,0.810,2.0,930.6,13.4,,240,279,false,false,marker_partially_hidden;sd_unavailable
S4,4,temperature,15,navy,15,70,59,603.00,252.00,0.810,2.0,950.7,13.4,,227,254,false,false,marker_partially_hidden;sd_unavailable
S4,4,temperature,15,navy,15,70,60,611.00,252.50,0.810,2.0,947.4,13.4,,248,274,false,false,marker_partially_hidden;sd_unavailable
S4,4,temperature,15,navy,15,70,62,629.00,247.00,0.810,2.0,984.2,13.4,,225,251,false,false,marker_partially_hidden;sd_unavailable
S4,4,temperature,15,orange,15,75,2,113.00,383.00,0.810,2.0,72.1,13.4,,380,388,false,false,marker_partially_hidden;sd_unavailable
S4,4,temperature,15,orange,15,75,3,121.50,387.00,0.524,2.0,45.3,13.4,,385,387,false,false,marker_partially_hidden;sd_below_marker_radius
S4,4,temperature,15,orange,15,75,4,130.00,386.00,0.524,2.0,52.0,13.4,,383,390,false,false,marker_partially_hidden;sd_unavailable
S4,4,temperature,15,orange,15,75,5,138.50,385.00,0.714,2.0,58.7,13.4,,380,388,false,false,marker_partially_hidden;sd_unavailable
S4,4,temperature,15,orange,15,75,6,148.00,387.00,1.000,1.0,45.3,6.7,,384,389,false,false,sd_below_marker_radius
S4,4,temperature,15,orange,15,75,7,157.00,387.00,1.000,1.0,45.3,6.7,,384,390,false,false,sd_below_marker_radius
S4,4,temperature,15,orange,15,75,8,165.21,385.95,0.905,1.0,52.3,6.7,,384,390,false,false,sd_unavailable
S4,4,temperature,15,orange,15,75,9,174.00,385.00,1.000,1.0,58.7,6.7,,381,388,false,false,sd_unavailable
S4,4,temperature,15,orange,15,75,10,183.00,384.00,1.000,1.0,65.4,6.7,26.8,380,389,true,false,sd_one_sided
S4,4,temperature,15,orange,15,75,11,191.00,384.00,1.000,1.0,65.4,6.7,30.2,380,389,true,true,
S4,4,temperature,15,orange,15,75,12,200.00,384.00,1.000,1.0,65.4,6.7,,380,389,false,false,sd_unavailable
S4,4,temperature,15,orange,15,75,13,209.00,382.00,1.000,1.0,78.8,6.7,53.7,374,390,false,true,sd_one_sided
S4,4,temperature,15,orange,15,75,14,217.00,380.00,1.000,1.0,92.2,6.7,,369,390,false,false,sd_unavailable
S4,4,temperature,15,orange,15,75,15,226.00,377.00,1.000,1.0,112.3,6.7,53.7,368,384,true,true,
S4,4,temperature,15,orange,15,75,16,234.00,372.00,1.000,1.0,145.9,6.7,73.8,359,383,false,true,sd_one_sided
S4,4,temperature,15,orange,15,75,17,243.00,366.00,1.000,1.0,186.1,6.7,77.1,356,379,true,true,sd_asymmetric_bar
S4,4,temperature,15,orange,15,75,18,252.00,363.00,1.000,1.0,206.2,6.7,87.2,351,377,true,true,
S4,4,temperature,15,orange,15,75,19,261.00,361.00,1.000,1.0,219.7,6.7,93.9,347,375,false,true,sd_one_sided
S4,4,temperature,15,orange,15,75,20,269.00,358.00,1.000,1.0,239.8,6.7,87.2,345,371,false,true,sd_one_sided
S4,4,temperature,15,orange,15,75,21,277.00,352.00,1.000,1.0,280.0,6.7,100.6,349,367,false,true,sd_one_sided
S4,4,temperature,15,orange,15,75,22,286.00,350.00,1.000,1.0,293.4,6.7,,333,367,false,false,sd_unavailable
S4,4,temperature,15,orange,15,75,23,295.00,348.00,1.000,1.0,306.8,6.7,80.5,337,360,false,true,sd_one_sided
S4,4,temperature,15,orange,15,75,24,303.00,342.00,1.000,1.0,347.1,6.7,,339,354,false,false,sd_unavailable
S4,4,temperature,15,orange,15,75,25,312.00,338.00,1.000,1.0,373.9,6.7,,332,350,false,false,sd_unavailable
S4,4,temperature,15,orange,15,75,26,320.00,337.00,1.000,1.0,380.6,6.7,80.5,331,349,false,true,sd_one_sided
S4,4,temperature,15,orange,15,75,27,329.00,334.00,1.000,1.0,400.7,6.7,43.6,330,343,true,true,sd_asymmetric_bar
S4,4,temperature,15,orange,15,75,28,338.00,329.00,1.000,1.0,434.3,6.7,60.4,321,338,false,true,sd_one_sided
S4,4,temperature,15,orange,15,75,29,346.00,326.00,1.000,1.0,454.4,6.7,67.1,323,336,false,true,sd_one_sided
S4,4,temperature,15,orange,15,75,30,354.16,323.84,0.905,1.0,468.9,6.7,,315,334,false,false,sd_unavailable
S4,4,temperature,15,orange,15,75,31,363.16,318.16,0.905,1.0,507.0,6.7,,311,331,false,false,sd_unavailable
S4,4,temperature,15,orange,15,75,32,372.00,322.00,1.000,1.0,481.2,6.7,,319,331,false,false,sd_unavailable
S4,4,temperature,15,orange,15,75,33,379.84,318.16,0.905,1.0,507.0,6.7,,316,323,false,false,sd_unavailable
S4,4,temperature,15,orange,15,75,34,388.50,315.00,0.524,2.0,528.2,13.4,,313,318,false,false,marker_partially_hidden;sd_below_marker_radius
S4,4,temperature,15,orange,15,75,35,398.00,310.00,1.000,1.0,561.7,6.7,,305,319,false,false,sd_unavailable
S4,4,temperature,15,orange,15,75,36,406.00,307.00,1.000,1.0,581.8,6.7,73.8,302,318,false,true,sd_one_sided
S4,4,temperature,15,orange,15,75,37,414.50,310.00,0.619,2.0,561.7,13.4,46.9,308,317,false,true,marker_partially_hidden;sd_one_sided
S4,4,temperature,15,orange,15,75,38,423.83,304.72,0.857,1.0,597.1,6.7,,298,312,false,false,sd_unavailable
S4,4,temperature,15,orange,15,75,39,432.00,299.00,1.000,1.0,635.5,6.7,26.8,295,305,true,false,sd_one_sided
S4,4,temperature,15,orange,15,75,40,440.95,299.10,0.952,1.0,634.8,6.7,43.6,292,305,true,true,
S4,4,temperature,15,orange,15,75,41,449.90,296.95,0.952,1.0,649.2,6.7,43.6,290,303,true,true,
S4,4,temperature,15,orange,15,75,42,457.90,294.05,0.952,1.0,668.7,6.7,,286,303,false,false,sd_unavailable
S4,4,temperature,15,orange,15,75,43,467.00,294.00,1.000,1.0,669.0,6.7,50.3,286,301,true,true,
S4,4,temperature,15,orange,15,75,44,475.00,291.00,1.000,1.0,689.1,6.7,46.9,288,298,false,true,sd_one_sided
S4,4,temperature,15,orange,15,75,45,483.90,287.95,0.952,1.0,709.6,6.7,,280,297,false,false,sd_unavailable
S4,4,temperature,15,orange,15,75,46,492.00,286.00,1.000,1.0,722.7,6.7,,276,291,false,false,sd_unavailable
S4,4,temperature,15,orange,15,75,47,501.00,283.00,1.000,1.0,742.8,6.7,63.7,272,291,true,true,sd_asymmetric_bar
S4,4,temperature,15,orange,15,75,48,510.00,279.00,1.000,1.0,769.6,6.7,,273,290,false,false,sd_unavailable
S4,4,temperature,15,orange,15,75,49,518.00,277.00,1.000,1.0,783.0,6.7,80.5,268,289,false,true,sd_one_sided
S4,4,temperature,15,orange,15,75,50,527.00,278.00,1.000,1.0,776.3,6.7,87.2,265,292,true,false,sd_one_sided
S4,4,temperature,15,orange,15,75,51,535.00,274.00,1.000,1.0,803.2,6.7,,260,277,false,false,sd_unavailable
S4,4,temperature,15,orange,15,75,52,544.00,273.00,1.000,1.0,809.9,6.7,87.2,261,287,true,true,
S4,4,temperature,15,orange,15,75,53,553.00,267.00,1.000,1.0,850.1,6.7,,256,286,false,false,sd_unavailable
S4,4,temperature,15,orange,15,75,54,561.00,264.00,1.000,1.0,870.2,6.7,67.1,254,276,true,false,sd_one_sided
S4,4,temperature,15,orange,15,75,55,570.00,260.00,1.000,1.0,897.0,6.7,134.1,240,277,true,false,sd_one_sided
S4,4,temperature,15,orange,15,75,56,579.00,256.00,1.000,1.0,923.9,6.7,120.7,238,268,true,false,sd_one_sided
S4,4,temperature,15,orange,15,75,57,587.00,258.00,1.000,1.0,910.5,6.7,,248,271,false,false,sd_unavailable
S4,4,temperature,15,orange,15,75,58,596.00,250.00,1.000,1.0,964.1,6.7,,240,270,false,false,sd_unavailable
S4,4,temperature,15,orange,15,75,59,604.00,247.00,1.000,1.0,984.2,6.7,,227,270,false,false,sd_unavailable
S4,4,temperature,15,orange,15,75,60,613.00,244.00,1.000,1.0,1004.4,6.7,140.8,223,270,true,false,sd_one_sided
S4,4,temperature,15,orange,15,75,61,622.00,248.00,1.000,1.0,977.5,6.7,174.4,231,274,false,true,sd_one_sided
S4,4,temperature,15,orange,15,75,62,630.00,240.00,1.000,1.0,1031.2,6.7,214.6,208,271,true,false,sd_one_sided
S4,4,temperature,15,green,15,80,1,106.94,380.11,0.857,1.0,91.5,6.7,,374,383,false,false,sd_unavailable
S4,4,temperature,15,green,15,80,2,115.50,390.00,0.810,2.0,25.2,13.4,,388,392,false,false,marker_partially_hidden;sd_below_marker_radius
S4,4,temperature,15,green,15,80,3,123.33,389.33,0.429,2.0,29.6,13.4,,386,392,false,false,marker_partially_hidden;sd_below_marker_radius
S4,4,temperature,15,green,15,80,4,133.17,389.17,0.857,1.0,30.7,6.7,,387,392,false,false,sd_below_marker_radius
S4,4,temperature,15,green,15,80,5,141.50,388.50,0.810,2.0,35.2,13.4,26.8,386,392,false,true,marker_partially_hidden;sd_one_sided
S4,4,temperature,15,green,15,80,7,159.00,379.00,0.810,2.0,98.9,13.4,26.8,375,390,true,false,marker_partially_hidden;sd_one_sided
S4,4,temperature,15,green,15,80,8,166.95,375.16,0.905,1.0,124.7,6.7,,370,379,false,false,sd_unavailable
S4,4,temperature,15,green,15,80,9,175.00,370.00,1.000,1.0,159.3,6.7,,367,373,false,false,sd_below_marker_radius
S4,4,temperature,15,green,15,80,10,184.11,365.00,0.905,1.0,192.8,6.7,26.8,361,367,true,false,sd_one_sided
S4,4,temperature,15,green,15,80,11,192.72,360.17,0.857,1.0,225.2,6.7,,356,365,false,false,sd_unavailable
S4,4,temperature,15,green,15,80,12,201.00,358.00,1.000,1.0,239.8,6.7,,352,374,false,false,sd_unavailable
S4,4,temperature,15,green,15,80,13,210.00,354.00,1.000,1.0,266.6,6.7,,351,358,false,false,sd_unavailable
S4,4,temperature,15,green,15,80,14,218.11,347.00,0.905,1.0,313.5,6.7,40.2,342,353,false,true,sd_one_sided
S4,4,temperature,15,green,15,80,15,227.00,344.00,1.000,1.0,333.7,6.7,40.2,339,350,false,true,sd_one_sided
S4,4,temperature,15,green,15,80,16,236.00,339.00,1.000,1.0,367.2,6.7,26.8,336,343,false,true,sd_one_sided
S4,4,temperature,15,green,15,80,17,244.05,336.90,0.952,1.0,381.3,6.7,,334,343,false,false,sd_unavailable
S4,4,temperature,15,green,15,80,18,253.00,334.00,1.000,1.0,400.7,6.7,,331,337,false,false,sd_below_marker_radius
S4,4,temperature,15,green,15,80,19,261.90,333.05,0.952,1.0,407.1,6.7,33.5,328,336,true,false,sd_one_sided
S4,4,temperature,15,green,15,80,20,269.95,330.84,0.905,1.0,421.9,6.7,26.8,327,363,true,false,sd_one_sided
S4,4,temperature,15,green,15,80,21,278.28,329.89,0.857,1.0,428.3,6.7,30.2,325,334,true,true,
S4,4,temperature,15,green,15,80,22,287.67,328.00,0.857,1.0,441.0,6.7,,322,333,false,false,sd_unavailable
S4,4,temperature,15,green,15,80,23,296.10,326.05,0.952,1.0,454.1,6.7,30.2,321,330,true,true,
S4,4,temperature,15,green,15,80,24,304.05,322.90,0.952,1.0,475.2,6.7,,315,347,false,false,sd_unavailable
S4,4,temperature,15,green,15,80,25,313.16,320.16,0.905,1.0,493.6,6.7,40.2,314,333,true,false,sd_one_sided
S4,4,temperature,15,green,15,80,26,321.90,320.95,0.952,1.0,488.3,6.7,33.5,316,324,true,false,sd_one_sided
S4,4,temperature,15,green,15,80,27,330.05,317.10,0.952,1.0,514.1,6.7,33.5,309,322,false,true,sd_one_sided
S4,4,temperature,15,green,15,80,28,339.05,314.90,0.952,1.0,528.8,6.7,53.7,307,321,true,false,sd_one_sided
S4,4,temperature,15,green,15,80,29,347.05,314.10,0.952,1.0,534.2,6.7,,305,317,false,false,sd_unavailable
S4,4,temperature,15,green,15,80,30,355.90,311.95,0.952,1.0,548.6,6.7,33.5,307,316,true,false,sd_one_sided
S4,4,temperature,15,green,15,80,31,365.00,309.00,1.000,1.0,568.4,6.7,,305,312,false,false,sd_unavailable
S4,4,temperature,15,green,15,80,32,373.05,307.10,0.952,1.0,581.2,6.7,,304,310,false,false,sd_below_marker_radius
S4,4,temperature,15,green,15,80,33,381.83,303.89,0.857,1.0,602.7,6.7,,296,306,false,false,sd_unavailable
S4,4,temperature,15,green,15,80,34,390.05,302.10,0.952,1.0,614.7,6.7,26.8,296,306,false,true,sd_one_sided
S4,4,temperature,15,green,15,80,35,399.00,301.00,1.000,1.0,622.1,6.7,,294,314,false,false,sd_unavailable
S4,4,temperature,15,green,15,80,36,407.05,297.10,0.952,1.0,648.2,6.7,43.6,288,301,true,true,sd_asymmetric_bar
S4,4,temperature,15,green,15,80,37,416.16,295.95,0.905,1.0,656.0,6.7,53.7,288,303,true,false,sd_one_sided
S4,4,temperature,15,green,15,80,38,425.00,293.00,1.000,1.0,675.7,6.7,,289,310,false,false,sd_unavailable
S4,4,temperature,15,green,15,80,39,433.16,290.05,0.905,1.0,695.5,6.7,40.2,282,294,true,true,sd_asymmetric_bar
S4,4,temperature,15,green,15,80,40,442.16,284.95,0.905,1.0,729.7,6.7,67.1,275,295,false,true,sd_one_sided
S4,4,temperature,15,green,15,80,41,450.89,286.28,0.857,1.0,720.8,6.7,60.4,277,289,true,false,sd_one_sided
S4,4,temperature,15,green,15,80,42,459.00,282.00,1.000,1.0,749.5,6.7,33.5,277,285,true,false,sd_one_sided
S4,4,temperature,15,green,15,80,43,468.00,280.21,0.905,1.0,761.5,6.7,53.7,272,285,true,false,sd_one_sided
S4,4,temperature,15,green,15,80,44,476.05,279.90,0.952,1.0,763.6,6.7,,277,283,false,false,sd_below_marker_radius
S4,4,temperature,15,green,15,80,45,485.16,277.84,0.905,1.0,777.4,6.7,,266,280,false,false,sd_unavailable
S4,4,temperature,15,green,15,80,46,493.95,273.05,0.905,1.0,809.5,6.7,,262,276,false,false,sd_unavailable
S4,4,temperature,15,green,15,80,47,502.05,269.10,0.952,1.0,836.0,6.7,,262,271,false,false,sd_unavailable
S4,4,temperature,15,green,15,80,48,510.33,269.00,0.857,1.0,836.7,6.7,,264,271,false,false,sd_unavailable
S4,4,temperature,15,green,15,80,49,519.79,264.00,0.905,1.0,870.2,6.7,,249,272,false,false,sd_unavailable
S4,4,temperature,15,green,15,80,50,528.06,261.11,0.857,1.0,889.6,6.7,107.3,245,269,true,false,sd_one_sided
S4,4,temperature,15,green,15,80,51,536.84,254.84,0.905,1.0,931.6,6.7,100.6,248,270,false,true,sd_one_sided
S4,4,temperature,15,green,15,80,52,545.11,256.28,0.857,1.0,922.0,6.7,107.3,240,259,true,false,sd_one_sided
S4,4,temperature,15,green,15,80,53,554.00,253.00,1.000,1.0,944.0,6.7,,240,257,false,false,sd_unavailable
S4,4,temperature,15,green,15,80,54,562.00,249.00,1.000,1.0,970.8,6.7,26.8,239,253,false,true,sd_one_sided
S4,4,temperature,15,green,15,80,55,571.00,246.00,1.000,1.0,990.9,6.7,,239,271,false,false,sd_unavailable
S4,4,temperature,15,green,15,80,56,579.79,242.00,0.905,1.0,1017.8,6.7,,239,267,false,false,sd_unavailable
S4,4,temperature,15,green,15,80,57,587.90,244.05,0.952,1.0,1004.0,6.7,,225,271,false,false,sd_unavailable
S4,4,temperature,15,green,15,80,58,596.94,233.78,0.857,1.0,1072.9,6.7,33.5,213,239,false,true,sd_one_sided
S4,4,temperature,15,green,15,80,59,605.00,234.00,1.000,1.0,1071.4,6.7,167.7,209,237,true,false,sd_one_sided
S4,4,temperature,15,green,15,80,60,614.00,229.50,0.714,2.0,1101.6,13.4,,224,264,false,false,marker_partially_hidden;sd_unavailable
S4,4,temperature,15,green,15,80,61,623.00,221.79,0.905,1.0,1153.3,6.7,,193,224,false,false,sd_unavailable
S4,4,temperature,15,green,15,80,62,631.00,221.00,1.000,1.0,1158.6,6.7,26.8,217,223,true,false,sd_one_sided
S4,5,temperature,25,light_blue,25,65,1,104.16,377.84,0.905,1.0,106.8,6.7,87.2,365,391,false,true,sd_one_sided
S4,5,temperature,25,light_blue,25,65,2,112.00,383.00,0.762,2.0,72.2,13.4,43.6,376,389,true,true,marker_partially_hidden
S4,5,temperature,25,light_blue,25,65,3,121.00,382.00,0.714,2.0,78.9,13.4,,372,392,false,false,marker_partially_hidden;sd_unavailable
S4,5,temperature,25,light_blue,25,65,4,130.00,371.00,0.429,2.0,152.7,13.4,107.3,354,387,false,true,marker_partially_hidden;sd_one_sided
S4,5,temperature,25,light_blue,25,65,5,138.28,363.89,0.857,1.0,200.4,6.7,134.1,343,384,false,true,sd_one_sided
S4,5,temperature,25,light_blue,25,65,6,146.89,357.83,0.857,1.0,241.0,6.7,157.6,334,381,true,true,
S4,5,temperature,25,light_blue,25,65,7,156.00,350.00,1.000,1.0,293.5,6.7,150.9,328,373,true,true,
S4,5,temperature,25,light_blue,25,65,8,164.16,345.16,0.905,1.0,326.0,6.7,167.6,320,371,true,false,sd_one_sided
S4,5,temperature,25,light_blue,25,65,9,172.84,340.16,0.905,1.0,359.5,6.7,167.6,315,363,true,false,sd_one_sided
S4,5,temperature,25,light_blue,25,65,10,181.72,336.17,0.857,1.0,386.3,6.7,157.6,313,360,true,true,
S4,5,temperature,25,light_blue,25,65,11,190.00,331.00,0.762,2.0,420.9,13.4,157.6,307,354,true,true,marker_partially_hidden
S4,5,temperature,25,light_blue,25,65,12,198.00,329.00,0.762,2.0,434.3,13.4,157.6,305,352,true,true,marker_partially_hidden
S4,5,temperature,25,light_blue,25,65,13,207.33,325.33,0.714,2.0,458.9,13.4,154.2,302,348,true,false,marker_partially_hidden;sd_one_sided
S4,5,temperature,25,light_blue,25,65,14,215.94,323.11,0.857,1.0,473.8,6.7,137.5,303,344,true,true,
S4,5,temperature,25,light_blue,25,65,15,224.50,320.50,0.810,2.0,491.3,13.4,134.1,300,340,false,true,marker_partially_hidden;sd_one_sided
S4,5,temperature,25,light_blue,25,65,16,233.16,320.16,0.905,1.0,493.6,6.7,137.5,300,341,true,true,
S4,5,temperature,25,light_blue,25,65,17,241.84,319.84,0.905,1.0,495.8,6.7,,303,336,false,false,sd_unavailable
S4,5,temperature,25,light_blue,25,65,18,250.00,320.00,1.000,1.0,494.7,6.7,110.6,304,337,true,true,
S4,5,temperature,25,light_blue,25,65,19,259.05,319.90,0.952,1.0,495.4,6.7,107.3,304,336,false,true,sd_one_sided
S4,5,temperature,25,light_blue,25,65,20,267.84,318.16,0.905,1.0,507.0,6.7,107.3,304,334,false,true,sd_one_sided
S4,5,temperature,25,light_blue,25,65,21,276.00,321.00,1.000,1.0,488.0,6.7,100.6,306,336,true,true,
S4,5,temperature,25,light_blue,25,65,22,285.00,319.00,1.000,1.0,501.4,6.7,93.9,305,333,true,true,
S4,5,temperature,25,light_blue,25,65,23,293.16,319.84,0.905,1.0,495.8,6.7,107.3,304,336,true,false,sd_one_sided
S4,5,temperature,25,light_blue,25,65,24,301.95,320.10,0.952,1.0,494.0,6.7,93.9,306,334,false,true,sd_one_sided
S4,5,temperature,25,light_blue,25,65,25,311.00,319.00,1.000,1.0,501.4,6.7,,305,333,false,false,sd_unavailable
S4,5,temperature,25,light_blue,25,65,26,319.05,318.10,0.952,1.0,507.4,6.7,87.2,305,331,true,true,
S4,5,temperature,25,light_blue,25,65,27,327.84,317.16,0.905,1.0,513.8,6.7,73.8,306,328,true,true,
S4,5,temperature,25,light_blue,25,65,28,336.84,320.16,0.905,1.0,493.6,6.7,100.6,305,335,false,true,sd_one_sided
S4,5,temperature,25,light_blue,25,65,29,345.00,319.00,1.000,1.0,501.4,6.7,93.9,305,333,true,true,
S4,5,temperature,25,light_blue,25,65,30,353.00,316.00,1.000,1.0,521.5,6.7,,303,329,false,false,sd_unavailable
S4,5,temperature,25,light_blue,25,65,31,362.16,314.84,0.905,1.0,529.3,6.7,90.5,301,328,true,true,
S4,5,temperature,25,light_blue,25,65,32,371.00,316.00,1.000,1.0,521.5,6.7,90.5,302,329,true,true,
S4,5,temperature,25,light_blue,25,65,33,379.00,314.00,1.000,1.0,534.9,6.7,100.6,299,329,true,true,
S4,5,temperature,25,light_blue,25,65,34,388.11,313.72,0.857,1.0,536.8,6.7,107.3,298,330,true,false,sd_one_sided
S4,5,temperature,25,light_blue,25,65,35,396.84,315.84,0.905,1.0,522.6,6.7,93.9,301,329,true,true,
S4,5,temperature,25,light_blue,25,65,36,405.00,316.79,0.905,1.0,516.2,6.7,97.2,302,331,true,true,
S4,5,temperature,25,light_blue,25,65,37,414.00,315.00,1.000,1.0,528.2,6.7,80.5,303,327,false,true,sd_one_sided
S4,5,temperature,25,light_blue,25,65,38,422.00,316.00,1.000,1.0,521.5,6.7,107.3,300,332,true,true,
S4,5,temperature,25,light_blue,25,65,39,430.84,316.84,0.905,1.0,515.9,6.7,90.5,303,330,true,true,
S4,5,temperature,25,light_blue,25,65,40,439.95,314.90,0.952,1.0,528.9,6.7,87.2,302,328,true,true,
S4,5,temperature,25,light_blue,25,65,41,448.11,313.72,0.857,1.0,536.8,6.7,97.2,299,328,true,true,
S4,5,temperature,25,light_blue,25,65,42,456.28,312.89,0.857,1.0,542.4,6.7,87.2,300,326,true,true,
S4,5,temperature,25,light_blue,25,65,43,465.84,314.16,0.905,1.0,533.9,6.7,97.2,300,329,true,true,
S4,5,temperature,25,light_blue,25,65,44,474.00,315.00,1.000,1.0,528.2,6.7,97.2,300,329,true,true,
S4,5,temperature,25,light_blue,25,65,45,482.16,312.16,0.905,1.0,547.3,6.7,,299,326,false,false,sd_unavailable
S4,5,temperature,25,light_blue,25,65,46,491.16,310.16,0.905,1.0,560.7,6.7,117.3,293,328,true,true,
S4,5,temperature,25,light_blue,25,65,47,499.95,312.10,0.952,1.0,547.7,6.7,107.3,296,328,true,true,
S4,5,temperature,25,light_blue,25,65,48,508.00,313.00,1.000,1.0,541.6,6.7,103.9,297,328,true,true,
S4,5,temperature,25,light_blue,25,65,49,517.11,310.28,0.857,1.0,559.9,6.7,87.2,297,324,true,false,sd_one_sided
S4,5,temperature,25,light_blue,25,65,50,525.84,309.84,0.905,1.0,562.8,6.7,87.2,297,322,true,false,sd_one_sided
S4,5,temperature,25,light_blue,25,65,51,534.00,308.00,1.000,1.0,575.2,6.7,110.6,292,325,true,true,
S4,5,temperature,25,light_blue,25,65,52,543.00,310.00,1.000,1.0,561.8,6.7,90.5,296,323,true,true,
S4,5,temperature,25,light_blue,25,65,53,551.16,309.84,0.905,1.0,562.8,6.7,107.3,294,326,true,true,
S4,5,temperature,25,light_blue,25,65,54,560.00,306.00,1.000,1.0,588.6,6.7,93.9,292,320,true,true,
S4,5,temperature,25,light_blue,25,65,55,569.00,306.00,1.000,1.0,588.6,6.7,100.6,291,322,true,false,sd_one_sided
S4,5,temperature,25,light_blue,25,65,56,577.05,307.10,0.952,1.0,581.2,6.7,87.2,294,321,true,false,sd_one_sided
S4,5,temperature,25,light_blue,25,65,57,585.84,309.16,0.905,1.0,567.4,6.7,100.6,294,324,false,true,sd_one_sided
S4,5,temperature,25,light_blue,25,65,58,594.84,306.84,0.905,1.0,582.9,6.7,87.2,294,320,true,true,
S4,5,temperature,25,light_blue,25,65,59,603.00,305.79,0.905,1.0,590.0,6.7,97.2,291,320,true,true,
S4,5,temperature,25,light_blue,25,65,60,611.00,302.00,1.000,1.0,615.4,6.7,100.6,287,317,true,false,sd_one_sided
S4,5,temperature,25,light_blue,25,65,61,620.16,303.84,0.905,1.0,603.0,6.7,87.2,291,317,true,false,sd_one_sided
S4,5,temperature,25,light_blue,25,65,62,629.00,303.00,1.000,1.0,608.7,6.7,93.9,289,317,false,true,sd_one_sided
S4,5,temperature,25,navy,25,70,1,105.84,361.16,0.905,1.0,218.7,6.7,33.5,356,366,true,false,sd_one_sided
S4,5,temperature,25,navy,25,70,2,114.00,371.00,1.000,1.0,152.7,6.7,,369,373,false,false,sd_below_marker_radius
S4,5,temperature,25,navy,25,70,3,122.28,369.83,0.857,1.0,160.5,6.7,40.2,364,374,true,false,sd_one_sided
S4,5,temperature,25,navy,25,70,4,131.28,369.11,0.857,1.0,165.4,6.7,,364,374,false,false,sd_unavailable
S4,5,temperature,25,navy,25,70,5,139.50,370.00,0.571,2.0,159.4,13.4,,366,375,false,false,marker_partially_hidden;sd_unavailable
S4,5,temperature,25,navy,25,70,6,148.16,368.84,0.905,1.0,167.2,6.7,46.9,362,376,true,false,sd_one_sided
S4,5,temperature,25,navy,25,70,7,157.10,369.05,0.952,1.0,165.8,6.7,,366,372,false,false,sd_below_marker_radius
S4,5,temperature,25,navy,25,70,8,165.84,368.16,0.905,1.0,171.8,6.7,26.8,365,372,false,true,sd_one_sided
S4,5,temperature,25,navy,25,70,9,174.00,366.00,1.000,1.0,186.2,6.7,26.8,362,370,false,true,sd_one_sided
S4,5,temperature,25,navy,25,70,10,183.00,366.00,1.000,1.0,186.2,6.7,33.5,361,371,false,true,sd_one_sided
S4,5,temperature,25,navy,25,70,11,191.50,365.50,0.810,2.0,189.6,13.4,,362,368,false,false,marker_partially_hidden;sd_unavailable
S4,5,temperature,25,navy,25,70,12,199.90,361.05,0.952,1.0,219.4,6.7,,359,364,false,false,sd_below_marker_radius
S4,5,temperature,25,navy,25,70,13,209.00,360.00,1.000,1.0,226.5,6.7,,357,363,false,false,sd_below_marker_radius
S4,5,temperature,25,navy,25,70,14,217.11,357.72,0.857,1.0,241.7,6.7,26.8,354,362,true,true,
S4,5,temperature,25,navy,25,70,15,225.79,357.00,0.905,1.0,246.6,6.7,,354,359,false,false,sd_below_marker_radius
S4,5,temperature,25,navy,25,70,16,234.84,356.16,0.905,1.0,252.2,6.7,,354,359,false,false,sd_below_marker_radius
S4,5,temperature,25,navy,25,70,17,243.11,354.72,0.857,1.0,261.9,6.7,26.8,351,359,true,false,sd_one_sided
S4,5,temperature,25,navy,25,70,18,251.28,355.11,0.857,1.0,259.3,6.7,26.8,352,359,false,true,sd_one_sided
S4,5,temperature,25,navy,25,70,19,260.28,350.11,0.857,1.0,292.8,6.7,40.2,344,356,true,true,
S4,5,temperature,25,navy,25,70,20,268.89,349.72,0.857,1.0,295.4,6.7,43.6,343,356,true,true,
S4,5,temperature,25,navy,25,70,21,277.16,347.84,0.905,1.0,308.0,6.7,26.8,344,352,true,true,
S4,5,temperature,25,navy,25,70,22,286.16,347.84,0.905,1.0,308.0,6.7,40.2,342,354,true,true,
S4,5,temperature,25,navy,25,70,23,294.89,346.28,0.857,1.0,318.5,6.7,46.9,339,353,false,true,sd_one_sided
S4,5,temperature,25,navy,25,70,24,303.00,348.50,0.810,2.0,303.6,13.4,43.6,342,355,true,true,marker_partially_hidden
S4,5,temperature,25,navy,25,70,25,312.11,348.28,0.857,1.0,305.1,6.7,50.3,341,356,true,true,
S4,5,temperature,25,navy,25,70,26,320.00,346.00,0.810,2.0,320.3,13.4,46.9,338,353,false,true,marker_partially_hidden;sd_one_sided
S4,5,temperature,25,navy,25,70,27,328.89,345.72,0.857,1.0,322.2,6.7,33.5,339,351,false,true,sd_one_sided
S4,5,temperature,25,navy,25,70,28,337.84,344.84,0.905,1.0,328.1,6.7,46.9,338,352,true,false,sd_one_sided
S4,5,temperature,25,navy,25,70,29,346.16,344.16,0.905,1.0,332.7,6.7,60.4,335,353,true,true,
S4,5,temperature,25,navy,25,70,30,354.72,347.11,0.857,1.0,312.9,6.7,77.1,336,359,true,true,
S4,5,temperature,25,navy,25,70,31,363.84,343.84,0.905,1.0,334.8,6.7,53.6,335,352,false,true,sd_one_sided
S4,5,temperature,25,navy,25,70,32,372.00,343.00,1.000,1.0,340.5,6.7,53.6,335,351,true,true,
S4,5,temperature,25,navy,25,70,33,380.28,342.11,0.857,1.0,346.4,6.7,60.4,333,352,true,false,sd_one_sided
S4,5,temperature,25,navy,25,70,34,389.28,341.89,0.857,1.0,347.9,6.7,53.6,333,350,false,true,sd_one_sided
S4,5,temperature,25,navy,25,70,35,397.89,342.28,0.857,1.0,345.3,6.7,43.6,336,349,true,true,
S4,5,temperature,25,navy,25,70,36,406.16,341.84,0.905,1.0,348.2,6.7,60.4,332,351,false,true,sd_one_sided
S4,5,temperature,25,navy,25,70,37,415.16,342.84,0.905,1.0,341.5,6.7,63.7,333,352,true,true,
S4,5,temperature,25,navy,25,70,38,423.89,340.28,0.857,1.0,358.7,6.7,33.5,335,346,true,false,sd_one_sided
S4,5,temperature,25,navy,25,70,39,432.00,342.21,0.905,1.0,345.8,6.7,60.4,333,351,true,true,
S4,5,temperature,25,navy,25,70,40,441.00,341.00,1.000,1.0,353.9,6.7,40.2,335,347,true,true,
S4,5,temperature,25,navy,25,70,41,449.28,339.11,0.857,1.0,366.5,6.7,50.3,332,347,true,true,
S4,5,temperature,25,navy,25,70,42,457.89,338.28,0.857,1.0,372.1,6.7,30.2,334,343,true,true,
S4,5,temperature,25,navy,25,70,43,466.84,339.16,0.905,1.0,366.2,6.7,40.2,333,345,true,true,
S4,5,temperature,25,navy,25,70,44,475.16,339.84,0.905,1.0,361.6,6.7,,331,349,false,false,sd_unavailable
S4,5,temperature,25,navy,25,70,45,484.00,338.00,0.810,2.0,374.0,13.4,33.5,333,343,true,true,marker_partially_hidden
S4,5,temperature,25,navy,25,70,46,492.72,339.89,0.857,1.0,361.3,6.7,33.5,334,345,false,true,sd_one_sided
S4,5,temperature,25,navy,25,70,47,501.00,342.21,0.905,1.0,345.8,6.7,46.9,335,349,true,true,
S4,5,temperature,25,navy,25,70,48,509.28,342.11,0.857,1.0,346.4,6.7,46.9,335,349,true,true,
S4,5,temperature,25,navy,25,70,49,518.28,339.11,0.857,1.0,366.5,6.7,,332,346,false,false,sd_unavailable
S4,5,temperature,25,navy,25,70,50,526.89,340.28,0.857,1.0,358.7,6.7,33.5,335,347,true,false,sd_one_sided
S4,5,temperature,25,navy,25,70,51,535.16,339.84,0.905,1.0,361.6,6.7,26.8,336,344,true,false,sd_one_sided
S4,5,temperature,25,navy,25,70,52,544.16,339.84,0.905,1.0,361.6,6.7,40.2,334,346,true,true,
S4,5,temperature,25,navy,25,70,53,552.72,339.89,0.857,1.0,361.3,6.7,40.2,334,346,true,true,
S4,5,temperature,25,navy,25,70,54,561.00,340.50,0.810,2.0,357.2,13.4,46.9,333,347,true,true,marker_partially_hidden
S4,5,temperature,25,navy,25,70,55,570.11,341.72,0.857,1.0,349.0,6.7,36.9,336,347,true,true,
S4,5,temperature,25,navy,25,70,56,578.28,342.89,0.857,1.0,341.2,6.7,53.6,335,351,false,true,sd_one_sided
S4,5,temperature,25,navy,25,70,57,586.89,341.72,0.857,1.0,349.0,6.7,50.3,334,349,true,true,
S4,5,temperature,25,navy,25,70,58,596.00,341.00,1.000,1.0,353.9,6.7,33.5,336,346,true,true,
S4,5,temperature,25,navy,25,70,59,604.16,341.84,0.905,1.0,348.2,6.7,50.3,334,349,true,true,
S4,5,temperature,25,navy,25,70,60,612.72,342.11,0.857,1.0,346.4,6.7,26.8,338,346,true,true,
S4,5,temperature,25,navy,25,70,61,621.72,342.89,0.857,1.0,341.2,6.7,60.4,333,352,false,true,sd_one_sided
S4,5,temperature,25,navy,25,70,62,630.00,344.79,0.905,1.0,328.5,6.7,46.9,338,352,true,true,
S4,5,temperature,25,orange,25,75,1,108.00,385.00,1.000,1.0,58.8,6.7,50.3,377,392,true,true,
S4,5,temperature,25,orange,25,75,2,116.95,384.90,0.952,1.0,59.5,6.7,,382,391,false,false,sd_unavailable
S4,5,temperature,25,orange,25,75,3,125.00,384.00,1.000,1.0,65.5,6.7,33.5,382,389,false,true,sd_one_sided
S4,5,temperature,25,orange,25,75,4,133.95,378.90,0.952,1.0,99.7,6.7,,371,386,false,false,sd_unavailable
S4,5,temperature,25,orange,25,75,5,143.00,368.00,1.000,1.0,172.8,6.7,83.8,356,381,true,true,
S4,5,temperature,25,orange,25,75,6,151.00,355.00,1.000,1.0,260.0,6.7,,340,370,false,false,sd_unavailable
S4,5,temperature,25,orange,25,75,7,160.00,341.00,1.000,1.0,353.9,6.7,40.2,335,347,true,true,
S4,5,temperature,25,orange,25,75,8,168.00,338.00,1.000,1.0,374.0,6.7,53.6,330,346,true,true,
S4,5,temperature,25,orange,25,75,9,176.90,337.05,0.952,1.0,380.4,6.7,67.1,327,348,true,false,sd_one_sided
S4,5,temperature,25,orange,25,75,10,186.00,334.00,1.000,1.0,400.8,6.7,60.4,325,343,true,true,
S4,5,temperature,25,orange,25,75,11,194.00,329.00,1.000,1.0,434.3,6.7,63.7,319,338,true,true,
S4,5,temperature,25,orange,25,75,12,202.16,326.16,0.905,1.0,453.4,6.7,50.3,319,334,true,true,
S4,5,temperature,25,orange,25,75,13,211.16,324.84,0.905,1.0,462.2,6.7,50.3,317,332,true,true,
S4,5,temperature,25,orange,25,75,14,220.00,321.00,1.000,1.0,488.0,6.7,60.4,311,330,false,true,sd_one_sided
S4,5,temperature,25,orange,25,75,15,228.05,316.90,0.952,1.0,515.5,6.7,46.9,310,324,true,true,
S4,5,temperature,25,orange,25,75,16,237.00,314.00,1.000,1.0,534.9,6.7,33.5,309,319,false,true,sd_one_sided
S4,5,temperature,25,orange,25,75,17,246.00,312.00,1.000,1.0,548.3,6.7,,308,317,false,false,sd_unavailable
S4,5,temperature,25,orange,25,75,18,254.00,307.00,1.000,1.0,581.9,6.7,,303,311,false,false,sd_unavailable
S4,5,temperature,25,orange,25,75,19,263.00,305.00,1.000,1.0,595.3,6.7,,302,307,false,false,sd_below_marker_radius
S4,5,temperature,25,orange,25,75,20,271.90,301.95,0.952,1.0,615.7,6.7,,295,309,false,false,sd_unavailable
S4,5,temperature,25,orange,25,75,21,280.00,297.79,0.905,1.0,643.6,6.7,,292,304,false,false,sd_unavailable
S4,5,temperature,25,orange,25,75,22,289.00,295.00,1.000,1.0,662.3,6.7,40.2,289,301,true,true,
S4,5,temperature,25,orange,25,75,23,297.05,294.10,0.952,1.0,668.4,6.7,40.2,288,301,true,false,sd_one_sided
S4,5,temperature,25,orange,25,75,24,306.00,290.00,1.000,1.0,695.9,6.7,46.9,283,297,true,true,
S4,5,temperature,25,orange,25,75,25,314.95,289.90,0.952,1.0,696.5,6.7,46.9,282,297,false,true,sd_one_sided
S4,5,temperature,25,orange,25,75,26,323.00,284.00,1.000,1.0,736.1,6.7,53.6,276,292,true,false,sd_one_sided
S4,5,temperature,25,orange,25,75,27,331.84,283.16,0.905,1.0,741.7,6.7,87.2,270,296,false,true,sd_one_sided
S4,5,temperature,25,orange,25,75,28,340.05,280.10,0.952,1.0,762.3,6.7,93.9,267,294,false,true,sd_one_sided
S4,5,temperature,25,orange,25,75,29,349.00,282.00,1.000,1.0,749.5,6.7,100.6,267,298,true,false,sd_one_sided
S4,5,temperature,25,orange,25,75,30,357.05,281.10,0.952,1.0,755.5,6.7,83.8,269,294,true,true,
S4,5,temperature,25,orange,25,75,31,366.00,280.00,1.000,1.0,762.9,6.7,93.9,266,295,true,false,sd_one_sided
S4,5,temperature,25,orange,25,75,32,374.95,278.90,0.952,1.0,770.3,6.7,77.1,267,290,true,true,
S4,5,temperature,25,orange,25,75,33,383.05,278.10,0.952,1.0,775.7,6.7,,268,288,false,false,sd_unavailable
S4,5,temperature,25,orange,25,75,34,392.00,275.00,1.000,1.0,796.5,6.7,67.1,265,285,true,true,
S4,5,temperature,25,orange,25,75,35,400.00,272.00,1.000,1.0,816.6,6.7,70.4,261,282,true,true,
S4,5,temperature,25,orange,25,75,36,409.00,274.00,1.000,1.0,803.2,6.7,73.8,263,285,true,true,
S4,5,temperature,25,orange,25,75,37,418.00,274.00,1.000,1.0,803.2,6.7,83.8,261,286,true,true,
S4,5,temperature,25,orange,25,75,38,426.00,269.00,1.000,1.0,836.7,6.7,63.7,260,279,true,true,
S4,5,temperature,25,orange,25,75,39,434.95,270.90,0.952,1.0,823.9,6.7,80.5,258,283,false,true,sd_one_sided
S4,5,temperature,25,orange,25,75,40,444.00,268.00,1.000,1.0,843.4,6.7,63.7,259,278,true,true,
S4,5,temperature,25,orange,25,75,41,452.00,271.00,1.000,1.0,823.3,6.7,73.8,260,282,false,true,sd_one_sided
S4,5,temperature,25,orange,25,75,42,460.00,267.00,1.000,1.0,850.1,6.7,87.2,254,280,true,true,
S4,5,temperature,25,orange,25,75,43,469.05,267.90,0.952,1.0,844.1,6.7,67.1,258,278,true,false,sd_one_sided
S4,5,temperature,25,orange,25,75,44,478.00,268.00,1.000,1.0,843.4,6.7,80.5,255,280,false,true,sd_one_sided
S4,5,temperature,25,orange,25,75,45,486.00,267.00,1.000,1.0,850.1,6.7,100.6,252,282,true,true,
S4,5,temperature,25,orange,25,75,46,495.05,268.90,0.952,1.0,837.4,6.7,87.2,255,282,false,true,sd_one_sided
S4,5,temperature,25,orange,25,75,47,503.95,269.10,0.952,1.0,836.0,6.7,90.5,256,283,true,true,
S4,5,temperature,25,orange,25,75,48,512.00,267.00,1.000,1.0,850.1,6.7,87.2,254,281,true,false,sd_one_sided
S4,5,temperature,25,orange,25,75,49,521.00,266.00,1.000,1.0,856.8,6.7,107.3,249,282,false,true,sd_one_sided
S4,5,temperature,25,orange,25,75,50,529.00,265.00,1.000,1.0,863.5,6.7,103.9,250,281,true,true,
S4,5,temperature,25,orange,25,75,51,538.00,264.00,1.000,1.0,870.2,6.7,,248,279,false,false,sd_unavailable
S4,5,temperature,25,orange,25,75,52,547.00,266.00,1.000,1.0,856.8,6.7,90.5,253,280,true,true,
S4,5,temperature,25,orange,25,75,53,555.00,265.00,1.000,1.0,863.5,6.7,,249,282,false,false,sd_unavailable
S4,5,temperature,25,orange,25,75,54,564.00,264.00,1.000,1.0,870.2,6.7,107.3,248,280,true,false,sd_one_sided
S4,5,temperature,25,orange,25,75,55,572.95,264.90,0.952,1.0,864.2,6.7,100.6,248,280,false,true,sd_one_sided
S4,5,temperature,25,orange,25,75,56,581.00,264.00,1.000,1.0,870.2,6.7,107.3,248,282,true,false,sd_one_sided
S4,5,temperature,25,orange,25,75,57,589.00,261.00,1.000,1.0,890.3,6.7,110.6,245,278,true,true,
S4,5,temperature,25,orange,25,75,58,598.05,262.90,0.952,1.0,877.6,6.7,110.6,246,279,true,true,
S4,5,temperature,25,orange,25,75,59,607.00,262.00,1.000,1.0,883.6,6.7,140.8,241,283,false,true,sd_one_sided
S4,5,temperature,25,orange,25,75,60,615.00,260.00,1.000,1.0,897.0,6.7,114.0,243,277,false,true,sd_one_sided
S4,5,temperature,25,orange,25,75,61,624.00,261.00,1.000,1.0,890.3,6.7,120.7,243,279,true,true,
S4,5,temperature,25,orange,25,75,62,633.00,261.00,1.000,1.0,890.3,6.7,114.0,244,278,true,false,sd_one_sided
S4,5,temperature,25,green,25,80,1,106.00,387.00,0.429,2.0,45.4,13.4,,387,389,false,false,marker_partially_hidden;sd_below_marker_radius
S4,5,temperature,25,green,25,80,2,115.11,379.72,0.857,1.0,94.2,6.7,,367,392,false,false,sd_unavailable
S4,5,temperature,25,green,25,80,3,123.95,378.90,0.952,1.0,99.7,6.7,,372,387,false,false,sd_unavailable
S4,5,temperature,25,green,25,80,4,132.00,376.00,0.524,2.0,119.2,13.4,,364,389,false,false,marker_partially_hidden;sd_unavailable
S4,5,temperature,25,green,25,80,5,141.00,359.79,0.905,1.0,227.9,6.7,87.2,347,365,true,false,sd_one_sided
S4,5,temperature,25,green,25,80,6,149.16,347.16,0.905,1.0,312.6,6.7,,340,352,false,false,sd_unavailable
S4,5,temperature,25,green,25,80,7,158.00,338.00,0.667,2.0,374.0,13.4,40.2,332,346,true,false,marker_partially_hidden;sd_one_sided
S4,5,temperature,25,green,25,80,8,167.00,334.50,0.714,2.0,397.5,13.4,,331,335,false,false,marker_partially_hidden;sd_below_marker_radius
S4,5,temperature,25,green,25,80,9,175.11,333.06,0.857,1.0,407.2,6.7,,330,335,false,false,sd_below_marker_radius
S4,5,temperature,25,green,25,80,10,184.00,330.00,0.810,2.0,427.6,13.4,,327,332,false,false,marker_partially_hidden;sd_below_marker_radius
S4,5,temperature,25,green,25,80,12,200.00,324.00,0.429,2.0,467.9,13.4,,323,333,false,false,marker_partially_hidden;sd_unavailable
S4,5,temperature,25,green,25,80,13,209.89,320.00,0.905,1.0,494.7,6.7,53.6,312,329,true,false,sd_one_sided
S4,5,temperature,25,green,25,80,14,218.16,316.16,0.905,1.0,520.5,6.7,,307,326,false,false,sd_unavailable
S4,5,temperature,25,green,25,80,15,226.00,314.00,0.381,2.0,534.9,13.4,,313,324,false,false,marker_partially_hidden;sd_unavailable
S4,5,temperature,25,green,25,80,16,236.00,312.00,0.476,2.0,548.3,13.4,60.4,303,321,true,false,marker_partially_hidden;sd_one_sided
S4,5,temperature,25,green,25,80,17,244.00,310.00,0.524,2.0,561.8,13.4,87.2,297,324,true,false,marker_partially_hidden;sd_one_sided
S4,5,temperature,25,green,25,80,19,261.67,301.33,0.524,2.0,619.9,13.4,,286,318,false,false,marker_partially_hidden;sd_unavailable
S4,5,temperature,25,green,25,80,21,278.00,300.50,0.476,2.0,625.5,13.4,114.0,283,317,true,true,marker_partially_hidden
S4,5,temperature,25,green,25,80,22,287.00,299.00,0.714,2.0,635.5,13.4,147.5,277,317,true,false,marker_partially_hidden;sd_one_sided
S4,5,temperature,25,green,25,80,23,295.00,297.00,0.524,2.0,648.9,13.4,,296,299,false,false,marker_partially_hidden;sd_below_marker_radius
S4,5,temperature,25,green,25,80,25,312.00,292.00,0.381,2.0,682.5,13.4,,291,293,false,false,marker_partially_hidden;sd_below_marker_radius
S4,5,temperature,25,green,25,80,26,322.00,288.50,0.810,2.0,705.9,13.4,177.7,262,315,true,true,marker_partially_hidden
S4,5,temperature,25,green,25,80,27,329.95,288.10,0.952,1.0,708.6,6.7,174.3,262,314,true,true,
S4,5,temperature,25,green,25,80,28,338.95,284.21,0.905,1.0,734.7,6.7,,254,314,false,false,sd_unavailable
S4,5,temperature,25,green,25,80,33,381.89,283.00,0.905,1.0,742.8,6.7,181.1,256,310,true,true,
S4,5,temperature,25,green,25,80,34,391.00,278.50,0.619,2.0,773.0,13.4,221.3,245,311,true,true,marker_partially_hidden
S4,5,temperature,25,green,25,80,35,399.00,277.21,0.905,1.0,781.6,6.7,234.7,242,312,false,true,sd_one_sided
S4,5,temperature,25,green,25,80,36,407.78,278.94,0.857,1.0,770.0,6.7,214.6,247,311,true,false,sd_one_sided
S4,5,temperature,25,green,25,80,38,425.00,275.79,0.905,1.0,791.2,6.7,221.3,243,309,true,true,
S4,5,temperature,25,green,25,80,39,433.16,278.16,0.905,1.0,775.3,6.7,221.3,245,311,false,true,sd_one_sided
S4,5,temperature,25,green,25,80,40,442.16,274.16,0.905,1.0,802.1,6.7,211.2,243,306,true,true,
S4,5,temperature,25,green,25,80,41,450.50,274.50,0.619,2.0,799.8,13.4,221.3,241,307,true,false,marker_partially_hidden;sd_one_sided
S4,5,temperature,25,green,25,80,42,459.00,272.00,1.000,1.0,816.6,6.7,214.6,240,304,true,true,
S4,5,temperature,25,green,25,80,43,468.00,274.21,0.905,1.0,801.7,6.7,204.5,244,305,true,true,
S4,5,temperature,25,green,25,80,44,476.28,274.89,0.857,1.0,797.2,6.7,221.3,242,308,false,true,sd_one_sided
S4,5,temperature,25,green,25,80,45,485.00,272.21,0.905,1.0,815.2,6.7,204.5,242,303,true,true,
S4,5,temperature,25,green,25,80,46,493.60,272.20,0.524,2.0,815.2,13.4,,239,304,false,false,marker_partially_hidden;sd_unavailable
S4,5,temperature,25,green,25,80,47,502.00,272.00,0.619,2.0,816.6,13.4,217.9,239,304,true,true,marker_partially_hidden
S4,5,temperature,25,green,25,80,48,510.50,270.50,0.571,2.0,826.6,13.4,,269,272,false,false,marker_partially_hidden;sd_below_marker_radius
S4,5,temperature,25,green,25,80,49,519.95,270.21,0.905,1.0,828.6,6.7,214.6,238,302,true,true,
S4,5,temperature,25,green,25,80,50,528.00,270.00,1.000,1.0,830.0,6.7,228.0,236,304,true,true,
S4,5,temperature,25,green,25,80,51,536.28,273.11,0.857,1.0,809.1,6.7,207.9,242,304,true,false,sd_one_sided
S4,5,temperature,25,green,25,80,52,545.84,272.16,0.905,1.0,815.5,6.7,201.2,242,302,true,true,
S4,5,temperature,25,green,25,80,53,553.95,271.10,0.952,1.0,822.6,6.7,217.9,239,304,true,true,
S4,5,temperature,25,green,25,80,54,562.16,271.16,0.905,1.0,822.2,6.7,214.6,239,304,true,false,sd_one_sided
S4,5,temperature,25,green,25,80,55,571.11,270.28,0.857,1.0,828.1,6.7,217.9,238,303,true,true,
S4,5,temperature,25,green,25,80,56,580.00,268.00,0.714,2.0,843.4,13.4,244.8,231,304,true,true,marker_partially_hidden
S4,5,temperature,25,green,25,80,57,588.16,269.16,0.905,1.0,835.6,6.7,224.6,236,303,true,true,
S4,5,temperature,25,green,25,80,58,596.95,267.10,0.952,1.0,849.4,6.7,234.7,232,302,true,true,
S4,5,temperature,25,green,25,80,59,605.84,267.84,0.905,1.0,844.5,6.7,224.6,234,301,true,true,
S4,5,temperature,25,green,25,80,60,614.00,268.00,1.000,1.0,843.4,6.7,214.6,236,301,true,false,sd_one_sided
S4,5,temperature,25,green,25,80,61,622.95,266.10,0.952,1.0,856.1,6.7,221.3,233,299,true,true,
S4,5,temperature,25,green,25,80,62,631.10,266.95,0.952,1.0,850.4,6.7,221.3,234,300,true,true,
S4,6,temperature,20,light_blue,20,65,4,129.67,387.67,0.571,2.0,45.2,13.4,,385,390,false,false,marker_partially_hidden;sd_below_marker_radius
S4,6,temperature,20,light_blue,20,65,5,137.50,384.00,0.476,2.0,69.7,13.4,,379,386,false,false,marker_partially_hidden;sd_unavailable
S4,6,temperature,20,light_blue,20,65,6,146.00,378.00,0.619,2.0,109.8,13.4,,376,380,false,false,marker_partially_hidden;sd_below_marker_radius
S4,6,temperature,20,light_blue,20,65,7,155.89,365.89,0.857,1.0,190.8,6.7,,363,367,false,false,sd_below_marker_radius
S4,6,temperature,20,light_blue,20,65,8,164.16,358.84,0.905,1.0,238.0,6.7,,356,371,false,false,sd_unavailable
S4,6,temperature,20,light_blue,20,65,9,172.94,352.89,0.857,1.0,277.8,6.7,,347,355,false,false,sd_unavailable
S4,6,temperature,20,light_blue,20,65,10,181.50,348.00,0.762,2.0,310.5,13.4,,346,351,false,false,marker_partially_hidden;sd_below_marker_radius
S4,6,temperature,20,light_blue,20,65,11,189.79,343.05,0.905,1.0,343.6,6.7,,337,345,false,false,sd_unavailable
S4,6,temperature,20,light_blue,20,65,12,199.00,339.00,0.810,2.0,370.7,13.4,,336,342,false,false,marker_partially_hidden;sd_below_marker_radius
S4,6,temperature,20,light_blue,20,65,13,207.95,335.79,0.905,1.0,392.2,6.7,,333,337,false,false,sd_below_marker_radius
S4,6,temperature,20,light_blue,20,65,14,215.50,333.50,0.429,2.0,407.5,13.4,,332,335,false,false,marker_partially_hidden;sd_below_marker_radius
S4,6,temperature,20,light_blue,20,65,15,224.00,331.00,1.000,1.0,424.2,6.7,,328,334,false,false,sd_below_marker_radius
S4,6,temperature,20,light_blue,20,65,16,233.00,329.50,0.571,2.0,434.2,13.4,,327,335,false,false,marker_partially_hidden;sd_unavailable
S4,6,temperature,20,light_blue,20,65,17,241.00,331.00,0.571,2.0,424.2,13.4,,328,333,false,false,marker_partially_hidden;sd_below_marker_radius
S4,6,temperature,20,light_blue,20,65,18,249.00,326.50,0.571,2.0,454.3,13.4,,324,329,false,false,marker_partially_hidden;sd_below_marker_radius
S4,6,temperature,20,light_blue,20,65,19,258.33,326.33,0.524,2.0,455.4,13.4,,324,330,false,false,marker_partially_hidden;sd_unavailable
S4,6,temperature,20,light_blue,20,65,20,267.72,326.17,0.857,1.0,456.5,6.7,,324,329,false,false,sd_below_marker_radius
S4,6,temperature,20,light_blue,20,65,21,276.06,324.78,0.857,1.0,465.8,6.7,,323,327,false,false,sd_below_marker_radius
S4,6,temperature,20,light_blue,20,65,22,284.95,323.10,0.952,1.0,477.0,6.7,,320,326,false,false,sd_below_marker_radius
S4,6,temperature,20,light_blue,20,65,23,293.95,321.21,0.905,1.0,489.7,6.7,,320,326,false,false,sd_unavailable
S4,6,temperature,20,light_blue,20,65,24,301.79,321.00,0.905,1.0,491.1,6.7,26.8,318,325,false,true,sd_one_sided
S4,6,temperature,20,light_blue,20,65,25,310.95,319.90,0.952,1.0,498.4,6.7,,316,324,false,false,sd_unavailable
S4,6,temperature,20,light_blue,20,65,26,319.00,320.00,1.000,1.0,497.8,6.7,30.1,316,325,true,true,
S4,6,temperature,20,light_blue,20,65,27,327.84,318.16,0.905,1.0,510.1,6.7,30.1,314,323,true,true,
S4,6,temperature,20,light_blue,20,65,28,336.16,318.16,0.905,1.0,510.1,6.7,26.8,315,322,false,true,sd_one_sided
S4,6,temperature,20,light_blue,20,65,29,345.00,317.00,1.000,1.0,517.8,6.7,,312,320,false,false,sd_unavailable
S4,6,temperature,20,light_blue,20,65,30,353.10,317.05,0.952,1.0,517.5,6.7,26.8,313,322,true,false,sd_one_sided
S4,6,temperature,20,light_blue,20,65,31,362.00,316.00,0.714,2.0,524.5,13.4,33.4,307,321,false,true,marker_partially_hidden;sd_one_sided
S4,6,temperature,20,light_blue,20,65,32,371.00,316.00,1.000,1.0,524.5,6.7,30.1,312,321,true,true,
S4,6,temperature,20,light_blue,20,65,33,379.10,315.05,0.952,1.0,530.9,6.7,30.1,311,320,true,true,
S4,6,temperature,20,light_blue,20,65,34,387.67,314.00,0.857,1.0,537.9,6.7,33.4,309,319,false,true,sd_one_sided
S4,6,temperature,20,light_blue,20,65,35,396.10,314.95,0.952,1.0,531.6,6.7,26.8,310,319,false,true,sd_one_sided
S4,6,temperature,20,light_blue,20,65,36,405.00,312.00,1.000,1.0,551.3,6.7,,309,316,false,false,sd_unavailable
S4,6,temperature,20,light_blue,20,65,37,414.00,312.00,1.000,1.0,551.3,6.7,,308,315,false,false,sd_unavailable
S4,6,temperature,20,light_blue,20,65,38,422.95,313.10,0.952,1.0,543.9,6.7,,310,319,false,false,sd_unavailable
S4,6,temperature,20,light_blue,20,65,39,431.00,312.00,1.000,1.0,551.3,6.7,33.4,306,317,false,true,sd_one_sided
S4,6,temperature,20,light_blue,20,65,40,440.00,309.00,1.000,1.0,571.4,6.7,46.8,302,316,true,true,
S4,6,temperature,20,light_blue,20,65,41,448.00,310.00,1.000,1.0,564.7,6.7,30.1,306,315,true,true,
S4,6,temperature,20,light_blue,20,65,42,456.84,309.84,0.905,1.0,565.7,6.7,,304,316,false,false,sd_unavailable
S4,6,temperature,20,light_blue,20,65,43,465.78,307.94,0.857,1.0,578.4,6.7,46.8,302,315,false,true,sd_one_sided
S4,6,temperature,20,light_blue,20,65,44,474.00,308.00,1.000,1.0,578.0,6.7,60.2,304,317,false,true,sd_one_sided
S4,6,temperature,20,light_blue,20,65,45,482.05,307.90,0.952,1.0,578.7,6.7,60.2,298,317,false,true,sd_one_sided
S4,6,temperature,20,light_blue,20,65,46,491.05,307.90,0.952,1.0,578.7,6.7,53.5,301,317,true,true,
S4,6,temperature,20,light_blue,20,65,47,499.72,305.83,0.857,1.0,592.5,6.7,,298,315,false,false,sd_unavailable
S4,6,temperature,20,light_blue,20,65,48,507.90,305.95,0.952,1.0,591.8,6.7,,301,313,false,false,sd_unavailable
S4,6,temperature,20,light_blue,20,65,49,517.00,304.00,1.000,1.0,604.8,6.7,53.5,296,312,true,true,
S4,6,temperature,20,light_blue,20,65,50,525.67,308.00,0.857,1.0,578.0,6.7,53.5,300,314,true,false,sd_one_sided
S4,6,temperature,20,light_blue,20,65,51,534.00,306.00,1.000,1.0,591.4,6.7,46.8,295,313,false,true,sd_one_sided
S4,6,temperature,20,light_blue,20,65,52,542.90,304.05,0.952,1.0,604.5,6.7,46.8,297,311,false,true,sd_one_sided
S4,6,temperature,20,light_blue,20,65,53,551.50,306.00,0.810,2.0,591.4,13.4,46.8,300,314,true,true,marker_partially_hidden
S4,6,temperature,20,light_blue,20,65,54,559.90,305.95,0.952,1.0,591.8,6.7,,295,319,false,false,sd_unavailable
S4,6,temperature,20,light_blue,20,65,55,569.00,306.00,1.000,1.0,591.4,6.7,,295,317,false,false,sd_unavailable
S4,6,temperature,20,light_blue,20,65,56,577.33,304.00,0.857,1.0,604.8,6.7,,295,315,false,false,sd_unavailable
S4,6,temperature,20,light_blue,20,65,57,585.90,305.95,0.952,1.0,591.8,6.7,73.6,304,317,false,true,sd_one_sided
S4,6,temperature,20,light_blue,20,65,58,594.90,303.05,0.952,1.0,611.2,6.7,,295,314,false,false,sd_unavailable
S4,6,temperature,20,light_blue,20,65,59,603.00,302.00,1.000,1.0,618.2,6.7,87.0,293,315,false,true,sd_one_sided
S4,6,temperature,20,light_blue,20,65,60,611.33,305.00,0.857,1.0,598.1,6.7,60.2,296,314,false,true,sd_one_sided
S4,6,temperature,20,light_blue,20,65,61,620.21,302.00,0.905,1.0,618.2,6.7,60.2,296,311,false,true,sd_one_sided
S4,6,temperature,20,light_blue,20,65,62,628.95,305.90,0.952,1.0,592.1,6.7,43.5,299,312,true,true,
S4,6,temperature,20,navy,20,70,1,108.00,381.00,0.619,2.0,89.8,13.4,,379,383,false,false,marker_partially_hidden;sd_below_marker_radius
S4,6,temperature,20,navy,20,70,2,117.00,382.00,0.619,2.0,83.1,13.4,26.8,378,383,true,false,marker_partially_hidden;sd_one_sided
S4,6,temperature,20,navy,20,70,3,125.00,380.00,0.619,2.0,96.4,13.4,,373,382,false,false,marker_partially_hidden;sd_unavailable
S4,6,temperature,20,navy,20,70,4,133.90,359.95,0.952,1.0,230.6,6.7,,352,377,false,false,sd_unavailable
S4,6,temperature,20,navy,20,70,5,142.50,345.00,0.810,2.0,330.6,13.4,,289,390,false,false,marker_partially_hidden;sd_unavailable
S4,6,temperature,20,navy,20,70,6,150.00,331.00,0.810,2.0,424.2,13.4,,324,337,false,false,marker_partially_hidden;sd_unavailable
S4,6,temperature,20,navy,20,70,7,159.50,323.00,0.762,2.0,477.7,13.4,,301,361,false,false,marker_partially_hidden;sd_unavailable
S4,6,temperature,20,navy,20,70,8,168.05,314.10,0.952,1.0,537.2,6.7,,303,383,false,false,sd_unavailable
S4,6,temperature,20,navy,20,70,9,176.10,313.95,0.952,1.0,538.2,6.7,,302,335,false,false,sd_unavailable
S4,6,temperature,20,navy,20,70,10,186.00,311.00,0.810,2.0,558.0,13.4,,303,316,false,false,marker_partially_hidden;sd_unavailable
S4,6,temperature,20,navy,20,70,11,194.00,314.00,1.000,1.0,537.9,6.7,,310,345,false,false,sd_unavailable
S4,6,temperature,20,navy,20,70,12,202.00,312.00,0.810,2.0,551.3,13.4,46.8,241,319,false,true,marker_partially_hidden;sd_one_sided
S4,6,temperature,20,navy,20,70,13,211.16,309.05,0.905,1.0,571.0,6.7,66.9,304,319,false,true,sd_one_sided
S4,6,temperature,20,navy,20,70,14,219.84,309.84,0.905,1.0,565.7,6.7,,305,335,false,false,sd_unavailable
S4,6,temperature,20,navy,20,70,15,228.16,309.84,0.905,1.0,565.7,6.7,,306,328,false,false,sd_unavailable
S4,6,temperature,20,navy,20,70,16,237.21,308.00,0.905,1.0,578.0,6.7,,242,322,false,false,sd_unavailable
S4,6,temperature,20,navy,20,70,17,246.00,307.00,0.810,2.0,584.7,13.4,,257,326,false,false,marker_partially_hidden;sd_unavailable
S4,6,temperature,20,navy,20,70,18,254.00,306.00,1.000,1.0,591.4,6.7,,256,331,false,false,sd_unavailable
S4,6,temperature,20,navy,20,70,19,263.00,305.50,0.810,2.0,594.8,13.4,,303,351,false,false,marker_partially_hidden;sd_unavailable
S4,6,temperature,20,navy,20,70,20,271.50,303.00,0.762,2.0,611.5,13.4,33.4,298,308,false,true,marker_partially_hidden;sd_one_sided
S4,6,temperature,20,navy,20,70,21,279.84,304.84,0.905,1.0,599.2,6.7,,297,353,false,false,sd_unavailable
S4,6,temperature,20,navy,20,70,22,288.72,300.11,0.857,1.0,630.8,6.7,,257,309,false,false,sd_unavailable
S4,6,temperature,20,navy,20,70,23,297.11,297.72,0.857,1.0,646.8,6.7,,259,329,false,false,sd_unavailable
S4,6,temperature,20,navy,20,70,24,306.00,294.50,0.810,2.0,668.3,13.4,,256,335,false,false,marker_partially_hidden;sd_unavailable
S4,6,temperature,20,navy,20,70,25,314.72,292.89,0.857,1.0,679.1,6.7,,287,302,false,false,sd_unavailable
S4,6,temperature,20,navy,20,70,26,323.28,295.11,0.857,1.0,664.3,6.7,,288,297,false,false,sd_unavailable
S4,6,temperature,20,navy,20,70,27,331.10,292.05,0.952,1.0,684.7,6.7,,288,325,false,false,sd_unavailable
S4,6,temperature,20,navy,20,70,28,340.50,289.00,0.619,2.0,705.1,13.4,,272,300,false,false,marker_partially_hidden;sd_unavailable
S4,6,temperature,20,navy,20,70,29,349.00,288.00,0.762,2.0,711.8,13.4,,258,302,false,false,marker_partially_hidden;sd_unavailable
S4,6,temperature,20,navy,20,70,30,357.00,286.00,0.810,2.0,725.2,13.4,,284,288,false,false,marker_partially_hidden;sd_below_marker_radius
S4,6,temperature,20,navy,20,70,31,366.11,283.17,0.857,1.0,744.1,6.7,,250,315,false,false,sd_unavailable
S4,6,temperature,20,navy,20,70,32,375.00,280.00,0.714,2.0,765.3,13.4,,255,295,false,false,marker_partially_hidden;sd_unavailable
S4,6,temperature,20,navy,20,70,33,383.00,278.00,0.762,2.0,778.7,13.4,,240,316,false,false,marker_partially_hidden;sd_unavailable
S4,6,temperature,20,navy,20,70,34,392.50,278.00,0.667,2.0,778.7,13.4,,255,311,false,false,marker_partially_hidden;sd_unavailable
S4,6,temperature,20,navy,20,70,35,400.00,276.00,0.810,2.0,792.1,13.4,,238,281,false,false,marker_partially_hidden;sd_unavailable
S4,6,temperature,20,navy,20,70,36,409.00,272.50,0.810,2.0,815.5,13.4,,239,314,false,false,marker_partially_hidden;sd_unavailable
S4,6,temperature,20,navy,20,70,37,417.89,271.28,0.857,1.0,823.7,6.7,,239,284,false,false,sd_unavailable
S4,6,temperature,20,navy,20,70,38,426.06,271.11,0.857,1.0,824.8,6.7,,267,302,false,false,sd_unavailable
S4,6,temperature,20,navy,20,70,39,434.72,265.89,0.857,1.0,859.7,6.7,,222,289,false,false,sd_unavailable
S4,6,temperature,20,navy,20,70,40,443.72,263.11,0.857,1.0,878.3,6.7,46.8,256,279,true,false,sd_one_sided
S4,6,temperature,20,navy,20,70,41,451.67,265.00,0.857,1.0,865.7,6.7,,220,309,false,false,sd_unavailable
S4,6,temperature,20,navy,20,70,42,460.16,260.84,0.905,1.0,893.5,6.7,,224,265,false,false,sd_unavailable
S4,6,temperature,20,navy,20,70,43,469.50,259.00,0.762,2.0,905.8,13.4,,246,272,false,false,marker_partially_hidden;sd_unavailable
S4,6,temperature,20,navy,20,70,44,477.50,260.50,0.762,2.0,895.8,13.4,,216,302,false,false,marker_partially_hidden;sd_unavailable
S4,6,temperature,20,navy,20,70,45,486.00,256.00,0.810,2.0,925.9,13.4,,249,271,false,false,marker_partially_hidden;sd_unavailable
S4,6,temperature,20,navy,20,70,46,495.05,254.10,0.952,1.0,938.6,6.7,,205,279,false,false,sd_unavailable
S4,6,temperature,20,navy,20,70,47,503.84,251.84,0.905,1.0,953.7,6.7,,208,271,false,false,sd_unavailable
S4,6,temperature,20,navy,20,70,48,512.05,249.90,0.952,1.0,966.7,6.7,,207,287,false,false,sd_unavailable
S4,6,temperature,20,navy,20,70,49,520.72,249.89,0.857,1.0,966.7,6.7,,239,256,false,false,sd_unavailable
S4,6,temperature,20,navy,20,70,50,529.50,244.00,0.810,2.0,1006.1,13.4,,207,255,false,false,marker_partially_hidden;sd_unavailable
S4,6,temperature,20,navy,20,70,51,538.00,248.00,0.810,2.0,979.4,13.4,,200,297,false,false,marker_partially_hidden;sd_unavailable
S4,6,temperature,20,navy,20,70,52,546.89,240.72,0.857,1.0,1028.1,6.7,,235,255,false,false,sd_unavailable
S4,6,temperature,20,navy,20,70,53,555.00,240.00,0.714,2.0,1032.9,13.4,,235,255,false,false,marker_partially_hidden;sd_unavailable
S4,6,temperature,20,navy,20,70,54,564.00,240.00,0.714,2.0,1032.9,13.4,,200,281,false,false,marker_partially_hidden;sd_unavailable
S4,6,temperature,20,navy,20,70,55,573.00,237.00,0.714,2.0,1053.0,13.4,,202,240,false,false,marker_partially_hidden;sd_unavailable
S4,6,temperature,20,navy,20,70,56,581.00,235.00,0.762,2.0,1066.3,13.4,,191,272,false,false,marker_partially_hidden;sd_unavailable
S4,6,temperature,20,navy,20,70,57,589.16,237.16,0.905,1.0,1051.9,6.7,,224,240,false,false,sd_unavailable
S4,6,temperature,20,navy,20,70,58,598.00,237.00,0.810,2.0,1053.0,13.4,,231,270,false,false,marker_partially_hidden;sd_unavailable
S4,6,temperature,20,navy,20,70,59,606.95,236.90,0.952,1.0,1053.6,6.7,,189,271,false,false,sd_unavailable
S4,6,temperature,20,navy,20,70,60,615.16,231.84,0.905,1.0,1087.5,6.7,347.8,180,237,true,false,sd_one_sided
S4,6,temperature,20,navy,20,70,61,624.11,230.28,0.857,1.0,1097.9,6.7,,180,273,false,false,sd_unavailable
S4,6,temperature,20,navy,20,70,62,632.72,230.89,0.857,1.0,1093.8,6.7,,181,237,false,false,sd_unavailable
S4,6,temperature,20,orange,20,75,1,106.00,385.00,1.000,1.0,63.0,6.7,26.8,378,389,false,true,sd_one_sided
S4,6,temperature,20,orange,20,75,2,113.00,390.00,0.714,2.0,29.6,13.4,,388,392,false,false,marker_partially_hidden;sd_below_marker_radius
S4,6,temperature,20,orange,20,75,4,132.00,380.00,1.000,1.0,96.4,6.7,80.3,368,392,true,true,
S4,6,temperature,20,orange,20,75,5,140.00,374.00,1.000,1.0,136.6,6.7,133.8,349,389,true,true,sd_asymmetric_bar
S4,6,temperature,20,orange,20,75,6,148.00,360.00,1.000,1.0,230.2,6.7,87.0,336,373,false,true,sd_one_sided
S4,6,temperature,20,orange,20,75,7,158.00,352.00,1.000,1.0,283.7,6.7,30.1,347,356,true,true,
S4,6,temperature,20,orange,20,75,8,166.00,345.00,1.000,1.0,330.6,6.7,240.8,309,381,false,true,sd_one_sided
S4,6,temperature,20,orange,20,75,9,175.00,338.00,1.000,1.0,377.4,6.7,,300,374,false,false,sd_unavailable
S4,6,temperature,20,orange,20,75,10,184.00,332.00,1.000,1.0,417.5,6.7,63.5,325,344,true,true,sd_asymmetric_bar
S4,6,temperature,20,orange,20,75,11,191.00,332.00,1.000,1.0,417.5,6.7,180.6,305,336,true,false,sd_one_sided
S4,6,temperature,20,orange,20,75,12,199.90,325.95,0.952,1.0,458.0,6.7,87.0,304,330,true,true,sd_asymmetric_bar
S4,6,temperature,20,orange,20,75,13,209.00,327.00,1.000,1.0,451.0,6.7,133.8,305,347,false,true,sd_one_sided
S4,6,temperature,20,orange,20,75,14,217.00,323.00,1.000,1.0,477.7,6.7,93.6,305,337,false,true,sd_one_sided
S4,6,temperature,20,orange,20,75,15,226.00,324.00,1.000,1.0,471.0,6.7,60.2,315,327,true,false,sd_one_sided
S4,6,temperature,20,orange,20,75,16,235.00,324.00,1.000,1.0,471.0,6.7,46.8,317,327,true,false,sd_one_sided
S4,6,temperature,20,orange,20,75,17,243.00,322.00,1.000,1.0,484.4,6.7,26.8,314,326,false,true,sd_one_sided
S4,6,temperature,20,orange,20,75,18,251.00,321.00,1.000,1.0,491.1,6.7,,312,324,false,false,sd_unavailable
S4,6,temperature,20,orange,20,75,19,260.00,321.00,1.000,1.0,491.1,6.7,,314,323,false,false,sd_unavailable
S4,6,temperature,20,orange,20,75,20,269.05,317.95,0.905,1.0,511.5,6.7,33.4,313,320,true,false,sd_one_sided
S4,6,temperature,20,orange,20,75,21,276.00,319.00,0.714,2.0,504.5,13.4,,313,320,false,false,marker_partially_hidden;sd_unavailable
S4,6,temperature,20,orange,20,75,22,286.00,312.00,1.000,1.0,551.3,6.7,,306,315,false,false,sd_unavailable
S4,6,temperature,20,orange,20,75,23,295.00,310.00,1.000,1.0,564.7,6.7,26.8,306,314,true,true,
S4,6,temperature,20,orange,20,75,24,304.00,308.00,1.000,1.0,578.0,6.7,26.8,305,312,false,true,sd_one_sided
S4,6,temperature,20,orange,20,75,25,312.00,307.00,1.000,1.0,584.7,6.7,26.8,303,310,true,false,sd_one_sided
S4,6,temperature,20,orange,20,75,26,320.00,300.00,1.000,1.0,631.6,6.7,,291,305,false,false,sd_unavailable
S4,6,temperature,20,orange,20,75,27,330.00,298.00,1.000,1.0,644.9,6.7,26.8,295,302,false,true,sd_one_sided
S4,6,temperature,20,orange,20,75,28,338.00,293.00,1.000,1.0,678.4,6.7,26.8,289,297,false,true,sd_one_sided
S4,6,temperature,20,orange,20,75,29,346.00,294.00,1.000,1.0,671.7,6.7,,288,302,false,false,sd_unavailable
S4,6,temperature,20,orange,20,75,30,354.25,288.25,0.810,2.0,710.1,13.4,,276,299,false,false,marker_partially_hidden;sd_unavailable
S4,6,temperature,20,orange,20,75,31,363.00,284.50,0.714,2.0,735.2,13.4,,272,295,false,false,marker_partially_hidden;sd_unavailable
S4,6,temperature,20,orange,20,75,32,371.00,279.00,0.762,2.0,772.0,13.4,,276,283,false,false,marker_partially_hidden;sd_unavailable
S4,6,temperature,20,orange,20,75,33,380.00,281.00,0.810,2.0,758.6,13.4,87.0,265,294,false,true,marker_partially_hidden;sd_one_sided
S4,6,temperature,20,orange,20,75,34,390.00,274.00,1.000,1.0,805.5,6.7,,259,292,false,false,sd_unavailable
S4,6,temperature,20,orange,20,75,35,397.84,271.84,0.905,1.0,819.9,6.7,127.1,253,291,false,true,sd_one_sided
S4,6,temperature,20,orange,20,75,36,406.00,265.00,1.000,1.0,865.7,6.7,107.0,245,281,false,true,sd_one_sided
S4,6,temperature,20,orange,20,75,37,415.00,263.00,1.000,1.0,879.0,6.7,,245,280,false,false,sd_unavailable
S4,6,temperature,20,orange,20,75,38,424.00,262.00,1.000,1.0,885.7,6.7,127.1,242,280,true,true,
S4,6,temperature,20,orange,20,75,39,432.00,257.00,1.000,1.0,919.2,6.7,160.5,233,281,true,true,
S4,6,temperature,20,orange,20,75,40,441.00,251.00,1.000,1.0,959.3,6.7,,228,275,false,false,sd_unavailable
S4,6,temperature,20,orange,20,75,41,449.00,248.00,1.000,1.0,979.4,6.7,160.5,224,274,true,false,sd_one_sided
S4,6,temperature,20,orange,20,75,42,458.00,246.00,1.000,1.0,992.8,6.7,183.9,218,273,true,true,
S4,6,temperature,20,orange,20,75,43,467.00,242.00,1.000,1.0,1019.5,6.7,160.5,218,268,true,false,sd_one_sided
S4,6,temperature,20,orange,20,75,44,475.00,234.00,1.000,1.0,1073.0,6.7,180.6,207,267,true,false,sd_one_sided
S4,6,temperature,20,orange,20,75,45,483.00,234.00,1.000,1.0,1073.0,6.7,56.9,223,240,true,true,sd_asymmetric_bar
S4,6,temperature,20,orange,20,75,46,493.00,230.00,1.000,1.0,1099.8,6.7,,204,249,false,false,sd_unavailable
S4,6,temperature,20,orange,20,75,47,501.00,226.00,1.000,1.0,1126.5,6.7,220.7,193,259,true,true,
S4,6,temperature,20,orange,20,75,48,509.00,219.00,1.000,1.0,1173.4,6.7,244.1,182,255,true,true,
S4,6,temperature,20,orange,20,75,49,518.00,221.00,1.000,1.0,1160.0,6.7,,181,258,false,false,sd_unavailable
S4,6,temperature,20,orange,20,75,50,527.00,214.00,1.000,1.0,1206.8,6.7,254.2,176,254,true,false,sd_one_sided
S4,6,temperature,20,orange,20,75,51,536.00,211.00,1.000,1.0,1226.9,6.7,247.5,174,245,true,false,sd_one_sided
S4,6,temperature,20,orange,20,75,52,544.00,206.00,1.000,1.0,1260.3,6.7,,160,248,false,false,sd_unavailable
S4,6,temperature,20,orange,20,75,53,552.00,202.00,1.000,1.0,1287.1,6.7,,160,238,false,false,sd_unavailable
S4,6,temperature,20,orange,20,75,54,562.00,198.00,1.000,1.0,1313.8,6.7,,157,238,false,false,sd_unavailable
S4,6,temperature,20,orange,20,75,55,570.00,194.00,1.000,1.0,1340.6,6.7,314.4,147,239,true,false,sd_one_sided
S4,6,temperature,20,orange,20,75,56,578.00,185.00,1.000,1.0,1400.8,6.7,301.0,140,230,true,false,sd_one_sided
S4,6,temperature,20,orange,20,75,57,587.00,184.00,1.000,1.0,1407.5,6.7,,130,232,false,false,sd_unavailable
S4,6,temperature,20,orange,20,75,58,596.00,176.00,1.000,1.0,1461.0,6.7,,129,222,false,false,sd_unavailable
S4,6,temperature,20,orange,20,75,59,604.00,166.00,1.000,1.0,1527.9,6.7,,115,218,false,false,sd_unavailable
S4,6,temperature,20,orange,20,75,60,613.00,165.00,1.000,1.0,1534.6,6.7,351.2,112,217,true,true,
S4,6,temperature,20,orange,20,75,61,622.00,162.00,1.000,1.0,1554.6,6.7,,108,215,false,false,sd_unavailable
S4,6,temperature,20,orange,20,75,62,630.00,154.00,1.000,1.0,1608.1,6.7,,95,210,false,false,sd_unavailable
S4,6,temperature,20,green,20,80,2,115.00,385.50,0.714,2.0,59.7,13.4,,384,387,false,false,marker_partially_hidden;sd_below_marker_radius
S4,6,temperature,20,green,20,80,3,123.16,387.11,0.905,1.0,48.9,6.7,26.8,385,391,false,true,sd_one_sided
S4,6,temperature,20,green,20,80,4,133.00,385.89,0.905,1.0,57.0,6.7,,383,390,false,false,sd_unavailable
S4,6,temperature,20,green,20,80,5,141.00,382.00,1.000,1.0,83.1,6.7,66.9,380,392,false,true,sd_one_sided
S4,6,temperature,20,green,20,80,6,149.10,381.05,0.952,1.0,89.4,6.7,33.4,376,384,true,false,sd_one_sided
S4,6,temperature,20,green,20,80,7,158.00,376.00,1.000,1.0,123.2,6.7,,368,381,false,false,sd_unavailable
S4,6,temperature,20,green,20,80,8,167.00,369.00,1.000,1.0,170.0,6.7,60.2,355,373,true,true,sd_asymmetric_bar
S4,6,temperature,20,green,20,80,9,175.21,363.00,0.905,1.0,210.2,6.7,93.6,349,379,true,false,sd_one_sided
S4,6,temperature,20,green,20,80,10,184.10,354.95,0.952,1.0,264.0,6.7,,350,363,false,false,sd_unavailable
S4,6,temperature,20,green,20,80,11,192.90,348.95,0.952,1.0,304.1,6.7,,320,363,false,false,sd_unavailable
S4,6,temperature,20,green,20,80,12,201.10,344.95,0.952,1.0,330.9,6.7,,337,348,false,false,sd_unavailable
S4,6,temperature,20,green,20,80,13,210.00,342.00,1.000,1.0,350.6,6.7,46.8,333,349,false,true,sd_one_sided
S4,6,temperature,20,green,20,80,14,218.67,342.00,0.857,1.0,350.6,6.7,73.6,331,351,true,false,sd_one_sided
S4,6,temperature,20,green,20,80,15,226.95,337.84,0.905,1.0,378.4,6.7,,335,342,false,false,sd_unavailable
S4,6,temperature,20,green,20,80,16,235.90,333.05,0.952,1.0,410.5,6.7,,330,338,false,false,sd_unavailable
S4,6,temperature,20,green,20,80,17,244.28,332.17,0.857,1.0,416.4,6.7,26.8,328,336,true,false,sd_one_sided
S4,6,temperature,20,green,20,80,18,253.00,327.00,0.810,2.0,451.0,13.4,,325,334,false,false,marker_partially_hidden;sd_unavailable
S4,6,temperature,20,green,20,80,19,261.79,326.00,0.905,1.0,457.6,6.7,33.4,324,331,false,true,sd_one_sided
S4,6,temperature,20,green,20,80,20,270.50,322.00,0.810,2.0,484.4,13.4,,320,325,false,false,marker_partially_hidden;sd_below_marker_radius
S4,6,temperature,20,green,20,80,21,279.00,316.00,0.810,2.0,524.5,13.4,63.5,310,329,true,true,marker_partially_hidden;sd_asymmetric_bar
S4,6,temperature,20,green,20,80,22,287.50,318.00,0.762,2.0,511.2,13.4,,317,320,false,false,marker_partially_hidden;sd_below_marker_radius
S4,6,temperature,20,green,20,80,23,295.90,316.95,0.952,1.0,518.2,6.7,,315,326,false,false,sd_unavailable
S4,6,temperature,20,green,20,80,24,304.10,314.95,0.952,1.0,531.6,6.7,,313,325,false,false,sd_unavailable
S4,6,temperature,20,green,20,80,25,313.28,312.83,0.857,1.0,545.7,6.7,,311,324,false,false,sd_unavailable
S4,6,temperature,20,green,20,80,26,321.90,308.05,0.952,1.0,577.7,6.7,,305,316,false,false,sd_unavailable
S4,6,temperature,20,green,20,80,27,330.05,307.10,0.952,1.0,584.1,6.7,43.5,303,316,true,true,sd_asymmetric_bar
S4,6,temperature,20,green,20,80,28,338.95,303.10,0.952,1.0,610.8,6.7,,299,314,false,false,sd_unavailable
S4,6,temperature,20,green,20,80,29,347.67,306.00,0.857,1.0,591.4,6.7,,304,321,false,false,sd_unavailable
S4,6,temperature,20,green,20,80,30,355.90,301.05,0.952,1.0,624.5,6.7,,293,315,false,false,sd_unavailable
S4,6,temperature,20,green,20,80,31,364.90,301.95,0.952,1.0,618.5,6.7,,288,312,false,false,sd_unavailable
S4,6,temperature,20,green,20,80,32,373.00,302.00,1.000,1.0,618.2,6.7,,294,306,false,false,sd_unavailable
S4,6,temperature,20,green,20,80,33,381.79,300.00,0.905,1.0,631.6,6.7,80.3,288,319,true,false,sd_one_sided
S4,6,temperature,20,green,20,80,34,390.79,299.95,0.905,1.0,631.9,6.7,120.4,282,318,true,false,sd_one_sided
S4,6,temperature,20,green,20,80,35,399.21,298.00,0.905,1.0,644.9,6.7,26.8,294,310,true,false,sd_one_sided
S4,6,temperature,20,green,20,80,36,407.67,294.00,0.857,1.0,671.7,6.7,,289,309,false,false,sd_unavailable
S4,6,temperature,20,green,20,80,37,416.50,299.50,0.810,2.0,634.9,13.4,,284,308,false,false,marker_partially_hidden;sd_unavailable
S4,6,temperature,20,green,20,80,38,424.95,296.16,0.905,1.0,657.3,6.7,,283,309,false,false,sd_unavailable
S4,6,temperature,20,green,20,80,39,433.10,296.05,0.952,1.0,658.0,6.7,,284,302,false,false,sd_unavailable
S4,6,temperature,20,green,20,80,40,442.16,295.84,0.905,1.0,659.4,6.7,26.8,290,300,false,true,sd_one_sided
S4,6,temperature,20,green,20,80,41,450.90,293.05,0.952,1.0,678.0,6.7,26.8,289,301,true,false,sd_one_sided
S4,6,temperature,20,green,20,80,42,459.28,295.89,0.857,1.0,659.1,6.7,,280,305,false,false,sd_unavailable
S4,6,temperature,20,green,20,80,43,468.00,292.00,1.000,1.0,685.1,6.7,,287,303,false,false,sd_unavailable
S4,6,temperature,20,green,20,80,44,476.90,295.95,0.952,1.0,658.6,6.7,,291,312,false,false,sd_unavailable
S4,6,temperature,20,green,20,80,45,484.95,293.16,0.905,1.0,677.3,6.7,,288,297,false,false,sd_unavailable
S4,6,temperature,20,green,20,80,46,493.90,292.95,0.952,1.0,678.7,6.7,,287,305,false,false,sd_unavailable
S4,6,temperature,20,green,20,80,47,502.67,293.00,0.857,1.0,678.4,6.7,33.4,288,309,true,false,sd_one_sided
S4,6,temperature,20,green,20,80,48,510.90,291.95,0.952,1.0,685.4,6.7,,277,303,false,false,sd_unavailable
S4,6,temperature,20,green,20,80,49,519.95,292.84,0.905,1.0,679.4,6.7,33.4,288,302,true,false,sd_one_sided
S4,6,temperature,20,green,20,80,50,528.05,291.90,0.952,1.0,685.7,6.7,,287,306,false,false,sd_unavailable
S4,6,temperature,20,green,20,80,51,536.67,291.00,0.857,1.0,691.8,6.7,80.3,278,303,false,true,sd_one_sided
S4,6,temperature,20,green,20,80,52,545.50,292.00,0.810,2.0,685.1,13.4,,286,296,false,false,marker_partially_hidden;sd_unavailable
S4,6,temperature,20,green,20,80,53,554.00,287.00,1.000,1.0,718.5,6.7,80.3,278,299,false,true,sd_one_sided
S4,6,temperature,20,green,20,80,54,562.28,289.11,0.857,1.0,704.4,6.7,,272,297,false,false,sd_unavailable
S4,6,temperature,20,green,20,80,55,571.21,290.00,0.905,1.0,698.4,6.7,,279,301,false,false,sd_unavailable
S4,6,temperature,20,green,20,80,56,579.90,288.05,0.952,1.0,711.5,6.7,73.6,284,299,false,true,sd_one_sided
S4,6,temperature,20,green,20,80,57,588.16,289.84,0.905,1.0,699.5,6.7,,287,303,false,false,sd_unavailable
S4,6,temperature,20,green,20,80,58,597.21,290.05,0.905,1.0,698.1,6.7,60.2,287,299,false,true,sd_one_sided
S4,6,temperature,20,green,20,80,59,605.67,287.67,0.810,2.0,714.0,13.4,,282,301,false,false,marker_partially_hidden;sd_unavailable
S4,6,temperature,20,green,20,80,60,614.16,288.84,0.905,1.0,706.2,6.7,,284,302,false,false,sd_unavailable
S4,6,temperature,20,green,20,80,61,622.84,287.84,0.905,1.0,712.9,6.7,80.3,276,299,true,false,sd_one_sided
S4,6,temperature,20,green,20,80,62,631.00,286.50,0.810,2.0,721.9,13.4,46.8,282,293,false,true,marker_partially_hidden;sd_one_sided
S4,7,humidity,80,light_blue,15,80,2,113.00,393.00,0.524,2.0,26.6,13.3,,392,395,false,false,marker_partially_hidden;sd_below_marker_radius
S4,7,humidity,80,light_blue,15,80,3,121.00,393.00,0.619,2.0,26.6,13.3,,391,395,false,false,marker_partially_hidden;sd_below_marker_radius
S4,7,humidity,80,light_blue,15,80,4,129.79,392.05,0.905,1.0,32.9,6.6,,390,395,false,false,sd_below_marker_radius
S4,7,humidity,80,light_blue,15,80,5,139.00,390.50,0.762,2.0,43.2,13.3,,382,393,false,false,marker_partially_hidden;sd_unavailable
S4,7,humidity,80,light_blue,15,80,6,147.00,387.00,0.571,2.0,66.5,13.3,,378,391,false,false,marker_partially_hidden;sd_unavailable
S4,7,humidity,80,light_blue,15,80,7,155.95,383.10,0.952,1.0,92.4,6.6,,375,386,false,false,sd_unavailable
S4,7,humidity,80,light_blue,15,80,8,164.90,378.95,0.952,1.0,120.0,6.6,,368,389,false,false,sd_unavailable
S4,7,humidity,80,light_blue,15,80,9,173.00,373.00,1.000,1.0,159.6,6.6,26.6,364,377,false,true,sd_one_sided
S4,7,humidity,80,light_blue,15,80,10,181.90,368.05,0.952,1.0,192.5,6.6,,360,371,false,false,sd_unavailable
S4,7,humidity,80,light_blue,15,80,11,190.33,364.00,0.857,1.0,219.4,6.6,,360,367,false,false,sd_unavailable
S4,7,humidity,80,light_blue,15,80,12,199.00,360.50,0.810,2.0,242.7,13.3,,353,367,false,false,marker_partially_hidden;sd_unavailable
S4,7,humidity,80,light_blue,15,80,13,207.90,357.05,0.952,1.0,265.6,6.6,,352,361,false,false,sd_unavailable
S4,7,humidity,80,light_blue,15,80,14,216.00,350.00,0.810,2.0,312.5,13.3,,347,353,false,false,marker_partially_hidden;sd_below_marker_radius
S4,7,humidity,80,light_blue,15,80,15,224.67,347.67,0.667,2.0,328.0,13.3,,333,353,false,false,marker_partially_hidden;sd_unavailable
S4,7,humidity,80,light_blue,15,80,16,232.90,342.05,0.952,1.0,365.4,6.6,,339,345,false,false,sd_below_marker_radius
S4,7,humidity,80,light_blue,15,80,17,242.00,340.00,0.714,2.0,379.0,13.3,,338,343,false,false,marker_partially_hidden;sd_below_marker_radius
S4,7,humidity,80,light_blue,15,80,18,249.89,336.89,0.857,1.0,399.7,6.6,,335,340,false,false,sd_below_marker_radius
S4,7,humidity,80,light_blue,15,80,19,259.00,336.00,0.762,2.0,405.6,13.3,29.9,332,341,true,true,marker_partially_hidden
S4,7,humidity,80,light_blue,15,80,20,267.50,333.00,0.714,2.0,425.5,13.3,,331,337,false,false,marker_partially_hidden;sd_unavailable
S4,7,humidity,80,light_blue,15,80,21,276.00,332.50,0.667,2.0,428.9,13.3,,330,336,false,false,marker_partially_hidden;sd_unavailable
S4,7,humidity,80,light_blue,15,80,22,284.67,331.00,0.857,1.0,438.8,6.6,33.2,328,336,false,true,sd_one_sided
S4,7,humidity,80,light_blue,15,80,23,293.67,328.00,0.857,1.0,458.8,6.6,46.5,324,335,false,true,sd_one_sided
S4,7,humidity,80,light_blue,15,80,24,301.90,325.05,0.952,1.0,478.4,6.6,26.6,321,333,true,false,sd_one_sided
S4,7,humidity,80,light_blue,15,80,25,311.00,323.00,1.000,1.0,492.0,6.6,26.6,319,327,false,true,sd_one_sided
S4,7,humidity,80,light_blue,15,80,26,319.21,323.05,0.905,1.0,491.7,6.6,,319,328,false,false,sd_unavailable
S4,7,humidity,80,light_blue,15,80,27,327.67,320.00,0.857,1.0,512.0,6.6,,315,328,false,false,sd_unavailable
S4,7,humidity,80,light_blue,15,80,28,336.00,318.00,0.810,2.0,525.3,13.3,39.9,313,324,false,true,marker_partially_hidden;sd_one_sided
S4,7,humidity,80,light_blue,15,80,29,344.90,317.05,0.952,1.0,531.6,6.6,,313,324,false,false,sd_unavailable
S4,7,humidity,80,light_blue,15,80,30,353.33,314.00,0.857,1.0,551.9,6.6,39.9,308,322,true,false,sd_one_sided
S4,7,humidity,80,light_blue,15,80,31,362.00,311.50,0.762,2.0,568.5,13.3,33.2,308,318,true,true,marker_partially_hidden
S4,7,humidity,80,light_blue,15,80,32,371.00,310.00,1.000,1.0,578.5,6.6,33.2,308,315,false,true,sd_one_sided
S4,7,humidity,80,light_blue,15,80,33,379.00,307.50,0.667,2.0,595.1,13.3,,305,314,false,false,marker_partially_hidden;sd_unavailable
S4,7,humidity,80,light_blue,15,80,34,387.67,305.67,0.714,2.0,607.3,13.3,,304,311,false,false,marker_partially_hidden;sd_unavailable
S4,7,humidity,80,light_blue,15,80,35,396.00,305.00,0.667,2.0,611.7,13.3,,296,310,false,false,marker_partially_hidden;sd_unavailable
S4,7,humidity,80,light_blue,15,80,36,404.50,299.50,0.476,2.0,648.3,13.3,,287,302,false,false,marker_partially_hidden;sd_unavailable
S4,7,humidity,80,light_blue,15,80,37,414.00,297.50,0.762,2.0,661.6,13.3,,287,306,false,false,marker_partially_hidden;sd_unavailable
S4,7,humidity,80,light_blue,15,80,38,422.50,294.00,0.619,2.0,684.8,13.3,,285,296,false,false,marker_partially_hidden;sd_unavailable
S4,7,humidity,80,light_blue,15,80,39,430.50,293.00,0.762,2.0,691.5,13.3,,284,302,false,false,marker_partially_hidden;sd_unavailable
S4,7,humidity,80,light_blue,15,80,40,439.79,286.95,0.905,1.0,731.7,6.6,,285,292,false,false,sd_unavailable
S4,7,humidity,80,light_blue,15,80,41,447.83,289.11,0.857,1.0,717.3,6.6,59.8,280,293,true,false,sd_one_sided
S4,7,humidity,80,light_blue,15,80,42,456.16,283.84,0.905,1.0,752.4,6.6,,281,293,false,false,sd_unavailable
S4,7,humidity,80,light_blue,15,80,43,465.72,282.11,0.857,1.0,763.9,6.6,,280,289,false,false,sd_unavailable
S4,7,humidity,80,light_blue,15,80,44,473.89,282.28,0.857,1.0,762.8,6.6,66.5,272,287,true,false,sd_one_sided
S4,7,humidity,80,light_blue,15,80,45,482.50,280.00,0.810,2.0,777.9,13.3,,277,287,false,false,marker_partially_hidden;sd_unavailable
S4,7,humidity,80,light_blue,15,80,46,490.50,276.00,0.429,2.0,804.5,13.3,,273,287,false,false,marker_partially_hidden;sd_unavailable
S4,7,humidity,80,light_blue,15,80,47,499.50,269.50,0.524,2.0,847.7,13.3,66.5,260,281,true,false,marker_partially_hidden;sd_one_sided
S4,7,humidity,80,light_blue,15,80,49,516.84,265.84,0.905,1.0,872.1,6.6,,261,279,false,false,sd_unavailable
S4,7,humidity,80,light_blue,15,80,50,525.67,264.00,0.857,1.0,884.3,6.6,109.7,247,280,true,true,
S4,7,humidity,80,light_blue,15,80,51,533.67,257.00,0.857,1.0,930.9,6.6,113.0,240,261,true,false,sd_one_sided
S4,7,humidity,80,light_blue,15,80,52,542.67,258.33,0.714,2.0,922.0,13.3,,241,264,false,false,marker_partially_hidden;sd_unavailable
S4,7,humidity,80,light_blue,15,80,53,551.00,255.00,0.810,2.0,944.1,13.3,99.7,241,270,false,true,marker_partially_hidden;sd_one_sided
S4,7,humidity,80,light_blue,15,80,54,560.00,251.00,0.810,2.0,970.7,13.3,,232,270,false,false,marker_partially_hidden;sd_unavailable
S4,7,humidity,80,light_blue,15,80,55,568.00,248.00,0.762,2.0,990.7,13.3,106.4,232,267,true,false,marker_partially_hidden;sd_one_sided
S4,7,humidity,80,light_blue,15,80,56,577.10,244.95,0.952,1.0,1011.0,6.6,,238,249,false,false,sd_unavailable
S4,7,humidity,80,light_blue,15,80,57,585.28,246.89,0.857,1.0,998.1,6.6,,242,267,false,false,sd_unavailable
S4,7,humidity,80,light_blue,15,80,58,594.00,235.00,0.810,2.0,1077.1,13.3,,215,255,false,false,marker_partially_hidden;sd_unavailable
S4,7,humidity,80,light_blue,15,80,59,602.84,235.84,0.905,1.0,1071.5,6.6,,210,261,false,false,sd_unavailable
S4,7,humidity,80,light_blue,15,80,60,611.50,231.50,0.810,2.0,1100.4,13.3,,208,255,false,false,marker_partially_hidden;sd_unavailable
S4,7,humidity,80,light_blue,15,80,61,620.05,223.90,0.952,1.0,1150.9,6.6,,197,229,false,false,sd_unavailable
S4,7,humidity,80,light_blue,15,80,62,628.95,221.90,0.952,1.0,1164.2,6.6,,214,235,false,false,sd_unavailable
S4,7,humidity,80,navy,20,80,1,105.22,382.06,0.857,1.0,99.4,6.6,86.4,373,395,false,true,sd_one_sided
S4,7,humidity,80,navy,20,80,2,114.00,389.00,0.524,2.0,53.2,13.3,,387,389,false,false,marker_partially_hidden;sd_below_marker_radius
S4,7,humidity,80,navy,20,80,3,121.67,388.33,0.429,2.0,57.6,13.3,,386,389,false,false,marker_partially_hidden;sd_below_marker_radius
S4,7,humidity,80,navy,20,80,6,148.06,383.11,0.857,1.0,92.3,6.6,49.9,379,394,true,true,sd_asymmetric_bar
S4,7,humidity,80,navy,20,80,7,157.28,378.89,0.857,1.0,120.4,6.6,86.4,368,392,false,true,sd_one_sided
S4,7,humidity,80,navy,20,80,8,165.50,372.00,0.810,2.0,166.2,13.3,,357,388,false,false,marker_partially_hidden;sd_unavailable
S4,7,humidity,80,navy,20,80,10,182.00,357.00,0.667,2.0,266.0,13.3,,348,374,false,false,marker_partially_hidden;sd_unavailable
S4,7,humidity,80,navy,20,80,11,191.28,351.11,0.857,1.0,305.1,6.6,,346,355,false,false,sd_unavailable
S4,7,humidity,80,navy,20,80,12,199.50,348.00,0.810,2.0,325.8,13.3,,338,367,false,false,marker_partially_hidden;sd_unavailable
S4,7,humidity,80,navy,20,80,13,208.50,345.00,0.762,2.0,345.7,13.3,,332,349,false,false,marker_partially_hidden;sd_unavailable
S4,7,humidity,80,navy,20,80,14,216.00,344.00,0.524,2.0,352.4,13.3,,339,357,false,false,marker_partially_hidden;sd_unavailable
S4,7,humidity,80,navy,20,80,15,225.50,340.50,0.762,2.0,375.7,13.3,,328,342,false,false,marker_partially_hidden;sd_unavailable
S4,7,humidity,80,navy,20,80,16,233.67,336.33,0.429,2.0,403.4,13.3,,333,337,false,false,marker_partially_hidden;sd_below_marker_radius
S4,7,humidity,80,navy,20,80,17,242.50,335.00,0.667,2.0,412.2,13.3,,332,345,false,false,marker_partially_hidden;sd_unavailable
S4,7,humidity,80,navy,20,80,18,251.50,330.00,0.714,2.0,445.5,13.3,26.6,326,334,false,true,marker_partially_hidden;sd_one_sided
S4,7,humidity,80,navy,20,80,19,260.00,328.00,0.762,2.0,458.8,13.3,,322,331,false,false,marker_partially_hidden;sd_unavailable
S4,7,humidity,80,navy,20,80,20,269.00,324.00,0.810,2.0,485.4,13.3,,320,329,false,false,marker_partially_hidden;sd_unavailable
S4,7,humidity,80,navy,20,80,21,277.16,319.16,0.905,1.0,517.6,6.6,59.8,310,328,false,true,sd_one_sided
S4,7,humidity,80,navy,20,80,22,286.00,320.00,0.762,2.0,512.0,13.3,46.5,314,327,false,true,marker_partially_hidden;sd_one_sided
S4,7,humidity,80,navy,20,80,23,294.90,318.95,0.952,1.0,518.9,6.6,,308,322,false,false,sd_unavailable
S4,7,humidity,80,navy,20,80,24,303.16,317.16,0.905,1.0,530.9,6.6,,307,320,false,false,sd_unavailable
S4,7,humidity,80,navy,20,80,25,311.95,314.90,0.952,1.0,545.9,6.6,26.6,311,319,true,false,sd_one_sided
S4,7,humidity,80,navy,20,80,26,321.00,311.00,0.810,2.0,571.8,13.3,,297,314,false,false,marker_partially_hidden;sd_unavailable
S4,7,humidity,80,navy,20,80,27,328.84,310.16,0.905,1.0,577.4,6.6,,299,315,false,false,sd_unavailable
S4,7,humidity,80,navy,20,80,28,338.00,306.00,0.810,2.0,605.1,13.3,26.6,304,310,false,true,marker_partially_hidden;sd_one_sided
S4,7,humidity,80,navy,20,80,29,346.28,308.89,0.857,1.0,585.8,6.6,,293,313,false,false,sd_unavailable
S4,7,humidity,80,navy,20,80,30,355.00,303.50,0.810,2.0,621.7,13.3,99.7,289,319,false,true,marker_partially_hidden;sd_one_sided
S4,7,humidity,80,navy,20,80,31,363.79,304.00,0.905,1.0,618.4,6.6,,301,317,false,false,sd_unavailable
S4,7,humidity,80,navy,20,80,32,372.11,304.28,0.857,1.0,616.5,6.6,,289,319,false,false,sd_unavailable
S4,7,humidity,80,navy,20,80,33,380.16,302.16,0.905,1.0,630.6,6.6,,289,322,false,false,sd_unavailable
S4,7,humidity,80,navy,20,80,34,389.17,301.83,0.857,1.0,632.8,6.6,,294,315,false,false,sd_unavailable
S4,7,humidity,80,navy,20,80,35,397.90,300.95,0.952,1.0,638.6,6.6,,296,307,false,false,sd_unavailable
S4,7,humidity,80,navy,20,80,36,406.00,297.00,0.810,2.0,664.9,13.3,,291,300,false,false,marker_partially_hidden;sd_unavailable
S4,7,humidity,80,navy,20,80,37,415.10,301.95,0.952,1.0,632.0,6.6,,287,318,false,false,sd_unavailable
S4,7,humidity,80,navy,20,80,38,423.50,299.00,0.810,2.0,651.6,13.3,53.2,293,307,false,true,marker_partially_hidden;sd_one_sided
S4,7,humidity,80,navy,20,80,39,432.00,299.00,1.000,1.0,651.6,6.6,,285,315,false,false,sd_unavailable
S4,7,humidity,80,navy,20,80,40,441.05,297.16,0.905,1.0,663.8,6.6,99.7,282,313,true,false,sd_one_sided
S4,7,humidity,80,navy,20,80,41,449.50,296.00,0.810,2.0,671.5,13.3,,285,311,false,false,marker_partially_hidden;sd_unavailable
S4,7,humidity,80,navy,20,80,42,458.00,298.00,1.000,1.0,658.2,6.6,,286,304,false,false,sd_unavailable
S4,7,humidity,80,navy,20,80,43,466.84,294.16,0.905,1.0,683.8,6.6,113.0,289,311,false,true,sd_one_sided
S4,7,humidity,80,navy,20,80,44,475.21,298.00,0.905,1.0,658.2,6.6,,287,314,false,false,sd_unavailable
S4,7,humidity,80,navy,20,80,45,484.00,296.00,0.810,2.0,671.5,13.3,,282,303,false,false,marker_partially_hidden;sd_unavailable
S4,7,humidity,80,navy,20,80,46,492.79,295.00,0.905,1.0,678.2,6.6,,288,303,false,false,sd_unavailable
S4,7,humidity,80,navy,20,80,47,501.00,296.00,1.000,1.0,671.5,6.6,,282,301,false,false,sd_unavailable
S4,7,humidity,80,navy,20,80,48,509.67,294.00,0.857,1.0,684.8,6.6,,281,309,false,false,sd_unavailable
S4,7,humidity,80,navy,20,80,49,518.50,295.00,0.810,2.0,678.2,13.3,109.7,279,312,true,true,marker_partially_hidden
S4,7,humidity,80,navy,20,80,50,526.95,294.16,0.905,1.0,683.8,6.6,,280,309,false,false,sd_unavailable
S4,7,humidity,80,navy,20,80,51,535.16,293.84,0.905,1.0,685.9,6.6,,281,300,false,false,sd_unavailable
S4,7,humidity,80,navy,20,80,52,544.11,294.28,0.857,1.0,683.0,6.6,73.1,283,307,true,false,sd_one_sided
S4,7,humidity,80,navy,20,80,53,552.84,289.84,0.905,1.0,712.5,6.6,79.8,278,304,true,false,sd_one_sided
S4,7,humidity,80,navy,20,80,54,561.16,291.16,0.905,1.0,703.7,6.6,,278,297,false,false,sd_unavailable
S4,7,humidity,80,navy,20,80,55,570.00,292.50,0.810,2.0,694.8,13.3,33.2,287,297,true,false,marker_partially_hidden;sd_one_sided
S4,7,humidity,80,navy,20,80,56,578.50,290.00,0.810,2.0,711.4,13.3,,285,303,false,false,marker_partially_hidden;sd_unavailable
S4,7,humidity,80,navy,20,80,57,586.90,292.05,0.952,1.0,697.8,6.6,79.8,280,304,false,true,sd_one_sided
S4,7,humidity,80,navy,20,80,58,595.89,292.72,0.857,1.0,693.3,6.6,66.5,290,303,false,true,sd_one_sided
S4,7,humidity,80,navy,20,80,59,604.28,290.11,0.857,1.0,710.7,6.6,,275,294,false,false,sd_unavailable
S4,7,humidity,80,navy,20,80,60,612.90,290.95,0.952,1.0,705.1,6.6,,281,298,false,false,sd_unavailable
S4,7,humidity,80,navy,20,80,61,621.79,290.00,0.905,1.0,711.4,6.6,,287,295,false,false,sd_unavailable
S4,7,humidity,80,navy,20,80,62,630.22,288.94,0.857,1.0,718.5,6.6,46.5,283,297,true,true,
S4,7,humidity,80,orange,25,80,1,107.00,388.50,0.619,2.0,56.5,13.3,,387,389,false,false,marker_partially_hidden;sd_below_marker_radius
S4,7,humidity,80,orange,25,80,2,115.00,382.00,1.000,1.0,99.7,6.6,79.8,370,385,true,false,sd_one_sided
S4,7,humidity,80,orange,25,80,3,124.00,382.00,1.000,1.0,99.7,6.6,73.1,371,388,true,false,sd_one_sided
S4,7,humidity,80,orange,25,80,4,132.00,380.00,1.000,1.0,113.0,6.6,63.2,368,387,true,true,sd_asymmetric_bar
S4,7,humidity,80,orange,25,80,5,141.00,362.00,1.000,1.0,232.7,6.6,,348,384,false,false,sd_unavailable
S4,7,humidity,80,orange,25,80,6,150.00,350.00,1.000,1.0,312.5,6.6,,340,360,false,false,sd_unavailable
S4,7,humidity,80,orange,25,80,7,159.00,341.00,1.000,1.0,372.3,6.6,53.2,333,349,true,false,sd_one_sided
S4,7,humidity,80,orange,25,80,8,167.00,338.00,1.000,1.0,392.3,6.6,33.2,333,343,true,true,
S4,7,humidity,80,orange,25,80,9,175.00,336.00,1.000,1.0,405.6,6.6,33.2,331,341,true,true,
S4,7,humidity,80,orange,25,80,10,184.00,333.00,1.000,1.0,425.5,6.6,33.2,328,338,true,true,
S4,7,humidity,80,orange,25,80,11,193.00,331.00,1.000,1.0,438.8,6.6,59.8,322,339,true,false,sd_one_sided
S4,7,humidity,80,orange,25,80,12,201.00,328.00,1.000,1.0,458.8,6.6,49.9,320,335,true,true,
S4,7,humidity,80,orange,25,80,13,210.00,323.00,1.000,1.0,492.0,6.6,66.5,313,332,true,false,sd_one_sided
S4,7,humidity,80,orange,25,80,14,219.00,319.00,1.000,1.0,518.6,6.6,79.8,307,329,true,false,sd_one_sided
S4,7,humidity,80,orange,25,80,15,227.00,318.00,1.000,1.0,525.3,6.6,59.8,309,328,true,false,sd_one_sided
S4,7,humidity,80,orange,25,80,16,236.00,315.00,1.000,1.0,545.2,6.6,66.5,305,327,true,false,sd_one_sided
S4,7,humidity,80,orange,25,80,17,244.00,313.00,1.000,1.0,558.5,6.6,99.7,299,328,false,true,sd_one_sided
S4,7,humidity,80,orange,25,80,18,253.00,310.00,1.000,1.0,578.5,6.6,113.0,293,325,true,false,sd_one_sided
S4,7,humidity,80,orange,25,80,19,262.00,304.00,1.000,1.0,618.4,6.6,99.7,289,319,true,true,
S4,7,humidity,80,orange,25,80,20,270.00,304.00,1.000,1.0,618.4,6.6,99.7,288,319,false,true,sd_one_sided
S4,7,humidity,80,orange,25,80,21,279.00,302.00,1.000,1.0,631.6,6.6,133.0,282,315,true,false,sd_one_sided
S4,7,humidity,80,orange,25,80,22,288.00,300.00,1.000,1.0,644.9,6.6,,272,317,false,false,sd_unavailable
S4,7,humidity,80,orange,25,80,23,296.00,298.00,1.000,1.0,658.2,6.6,133.0,278,313,true,false,sd_one_sided
S4,7,humidity,80,orange,25,80,24,304.00,293.00,1.000,1.0,691.5,6.6,166.2,268,309,true,false,sd_one_sided
S4,7,humidity,80,orange,25,80,25,314.00,293.00,1.000,1.0,691.5,6.6,123.0,273,310,true,true,sd_asymmetric_bar
S4,7,humidity,80,orange,25,80,26,322.00,291.00,1.000,1.0,704.8,6.6,186.2,263,319,true,false,sd_one_sided
S4,7,humidity,80,orange,25,80,27,330.00,290.00,1.000,1.0,711.4,6.6,116.4,264,299,true,true,sd_asymmetric_bar
S4,7,humidity,80,orange,25,80,28,339.00,286.00,1.000,1.0,738.0,6.6,189.5,256,313,true,true,sd_asymmetric_bar
S4,7,humidity,80,orange,25,80,29,347.90,285.05,0.952,1.0,744.3,6.6,206.1,254,313,true,false,sd_one_sided
S4,7,humidity,80,orange,25,80,30,356.00,284.00,1.000,1.0,751.3,6.6,26.6,255,288,false,true,sd_one_sided
S4,7,humidity,80,orange,25,80,31,365.00,282.00,1.000,1.0,764.6,6.6,219.4,249,309,true,false,sd_one_sided
S4,7,humidity,80,orange,25,80,32,373.00,282.00,1.000,1.0,764.6,6.6,199.5,252,300,true,false,sd_one_sided
S4,7,humidity,80,orange,25,80,33,382.00,286.00,1.000,1.0,738.0,6.6,,256,314,false,false,sd_unavailable
S4,7,humidity,80,orange,25,80,34,391.00,280.00,1.000,1.0,777.9,6.6,,244,316,false,false,sd_unavailable
S4,7,humidity,80,orange,25,80,35,399.00,280.00,1.000,1.0,777.9,6.6,,240,311,false,false,sd_unavailable
S4,7,humidity,80,orange,25,80,36,407.00,281.00,1.000,1.0,771.3,6.6,,248,289,false,false,sd_unavailable
S4,7,humidity,80,orange,25,80,37,417.00,277.00,1.000,1.0,797.9,6.6,,240,312,false,false,sd_unavailable
S4,7,humidity,80,orange,25,80,38,425.00,278.00,1.000,1.0,791.2,6.6,219.4,245,313,true,false,sd_one_sided
S4,7,humidity,80,orange,25,80,39,433.00,281.00,1.000,1.0,771.3,6.6,,246,303,false,false,sd_unavailable
S4,7,humidity,80,orange,25,80,40,442.00,276.00,1.000,1.0,804.5,6.6,199.5,243,306,false,true,sd_one_sided
S4,7,humidity,80,orange,25,80,41,450.00,276.00,1.000,1.0,804.5,6.6,26.6,241,280,false,true,sd_one_sided
S4,7,humidity,80,orange,25,80,42,459.00,274.00,1.000,1.0,817.8,6.6,,240,291,false,false,sd_unavailable
S4,7,humidity,80,orange,25,80,43,468.00,276.00,1.000,1.0,804.5,6.6,179.5,240,303,false,true,sd_one_sided
S4,7,humidity,80,orange,25,80,44,476.00,277.00,1.000,1.0,797.9,6.6,,240,293,false,false,sd_unavailable
S4,7,humidity,80,orange,25,80,45,485.00,274.00,1.000,1.0,817.8,6.6,219.4,240,307,false,true,sd_one_sided
S4,7,humidity,80,orange,25,80,46,494.00,273.00,1.000,1.0,824.5,6.6,,240,308,false,false,sd_unavailable
S4,7,humidity,80,orange,25,80,47,503.00,274.00,1.000,1.0,817.8,6.6,226.1,240,308,false,true,sd_one_sided
S4,7,humidity,80,orange,25,80,48,511.00,272.00,1.000,1.0,831.1,6.6,,239,304,false,false,sd_unavailable
S4,7,humidity,80,orange,25,80,49,520.00,272.00,1.000,1.0,831.1,6.6,26.6,268,306,true,false,sd_one_sided
S4,7,humidity,80,orange,25,80,50,528.00,272.00,1.000,1.0,831.1,6.6,239.4,236,308,true,false,sd_one_sided
S4,7,humidity,80,orange,25,80,51,537.00,276.00,1.000,1.0,804.5,6.6,,243,307,false,false,sd_unavailable
S4,7,humidity,80,orange,25,80,52,546.00,275.00,1.000,1.0,811.2,6.6,,262,306,false,false,sd_unavailable
S4,7,humidity,80,orange,25,80,53,554.00,274.00,1.000,1.0,817.8,6.6,226.1,240,304,true,false,sd_one_sided
S4,7,humidity,80,orange,25,80,54,562.00,274.00,1.000,1.0,817.8,6.6,202.8,240,301,true,true,sd_asymmetric_bar
S4,7,humidity,80,orange,25,80,55,572.00,273.00,1.000,1.0,824.5,6.6,46.5,248,280,false,true,sd_one_sided
S4,7,humidity,80,orange,25,80,56,580.00,270.00,1.000,1.0,844.4,6.6,246.0,247,307,false,true,sd_one_sided
S4,7,humidity,80,orange,25,80,57,588.00,272.00,1.000,1.0,831.1,6.6,226.1,238,306,true,true,
S4,7,humidity,80,orange,25,80,58,597.00,269.00,1.000,1.0,851.1,6.6,,238,304,false,false,sd_unavailable
S4,7,humidity,80,orange,25,80,59,606.00,270.00,1.000,1.0,844.4,6.6,226.1,237,304,false,true,sd_one_sided
S4,7,humidity,80,orange,25,80,60,614.00,270.00,1.000,1.0,844.4,6.6,,237,304,false,false,sd_unavailable
S4,7,humidity,80,orange,25,80,61,623.00,268.00,1.000,1.0,857.7,6.6,,235,303,false,false,sd_unavailable
S4,7,humidity,80,orange,25,80,62,632.00,269.00,1.000,1.0,851.1,6.6,226.1,238,303,false,true,sd_one_sided
S4,7,humidity,80,green,30,80,1,108.00,391.79,0.905,1.0,34.6,6.6,,390,394,false,false,sd_below_marker_radius
S4,7,humidity,80,green,30,80,2,116.84,391.16,0.905,1.0,38.8,6.6,26.6,389,395,false,true,sd_one_sided
S4,7,humidity,80,green,30,80,3,125.00,391.00,1.000,1.0,39.9,6.6,,388,394,false,false,sd_below_marker_radius
S4,7,humidity,80,green,30,80,4,134.10,390.95,0.952,1.0,40.2,6.6,,388,394,false,false,sd_below_marker_radius
S4,7,humidity,80,green,30,80,5,142.50,387.50,0.810,2.0,63.2,13.3,,381,394,false,false,marker_partially_hidden;sd_unavailable
S4,7,humidity,80,green,30,80,6,150.90,375.05,0.952,1.0,145.9,6.6,,370,387,false,false,sd_unavailable
S4,7,humidity,80,green,30,80,7,159.79,373.00,0.905,1.0,159.6,6.6,59.8,368,386,true,true,sd_asymmetric_bar
S4,7,humidity,80,green,30,80,8,168.00,366.79,0.905,1.0,200.9,6.6,103.1,352,383,true,true,
S4,7,humidity,80,green,30,80,9,177.00,364.50,0.667,2.0,216.1,13.3,86.4,351,378,true,false,marker_partially_hidden;sd_one_sided
S4,7,humidity,80,green,30,80,10,185.05,361.90,0.952,1.0,233.4,6.6,99.7,347,366,true,false,sd_one_sided
S4,7,humidity,80,green,30,80,11,194.05,357.10,0.952,1.0,265.3,6.6,66.5,353,367,false,true,sd_one_sided
S4,7,humidity,80,green,30,80,12,202.05,353.90,0.952,1.0,286.6,6.6,,351,367,false,false,sd_unavailable
S4,7,humidity,80,green,30,80,13,211.05,350.90,0.952,1.0,306.5,6.6,76.5,339,362,true,true,
S4,7,humidity,80,green,30,80,14,219.95,347.10,0.952,1.0,331.8,6.6,73.1,336,360,true,false,sd_one_sided
S4,7,humidity,80,green,30,80,15,228.00,346.00,0.810,2.0,339.1,13.3,39.9,334,352,false,true,marker_partially_hidden;sd_one_sided
S4,7,humidity,80,green,30,80,16,237.00,339.00,1.000,1.0,385.6,6.6,86.4,336,352,false,true,sd_one_sided
S4,7,humidity,80,green,30,80,17,245.79,339.05,0.905,1.0,385.3,6.6,79.8,326,351,false,true,sd_one_sided
S4,7,humidity,80,green,30,80,18,253.90,338.95,0.952,1.0,386.0,6.6,,330,351,false,false,sd_unavailable
S4,7,humidity,80,green,30,80,19,263.00,334.21,0.905,1.0,417.5,6.6,,331,347,false,false,sd_unavailable
S4,7,humidity,80,green,30,80,20,271.72,333.94,0.857,1.0,419.3,6.6,,324,349,false,false,sd_unavailable
S4,7,humidity,80,green,30,80,21,279.90,332.95,0.952,1.0,425.9,6.6,,324,344,false,false,sd_unavailable
S4,7,humidity,80,green,30,80,22,288.94,331.89,0.857,1.0,432.9,6.6,86.4,323,345,false,true,sd_one_sided
S4,7,humidity,80,green,30,80,23,297.21,333.00,0.905,1.0,425.5,6.6,,322,345,false,false,sd_unavailable
S4,7,humidity,80,green,30,80,24,305.84,331.84,0.905,1.0,433.2,6.6,,328,343,false,false,sd_unavailable
S4,7,humidity,80,green,30,80,25,314.72,329.89,0.857,1.0,446.2,6.6,79.8,318,335,true,false,sd_one_sided
S4,7,humidity,80,green,30,80,26,323.00,330.89,0.905,1.0,439.5,6.6,,320,339,false,false,sd_unavailable
S4,7,humidity,80,green,30,80,27,331.50,330.50,0.810,2.0,442.2,13.3,66.5,320,337,true,false,marker_partially_hidden;sd_one_sided
S4,7,humidity,80,green,30,80,28,340.50,330.50,0.810,2.0,442.2,13.3,,320,336,false,false,marker_partially_hidden;sd_unavailable
S4,7,humidity,80,green,30,80,29,348.84,330.16,0.905,1.0,444.4,6.6,,315,342,false,false,sd_unavailable
S4,7,humidity,80,green,30,80,30,357.00,333.00,1.000,1.0,425.5,6.6,46.5,326,343,true,false,sd_one_sided
S4,7,humidity,80,green,30,80,31,366.16,331.84,0.905,1.0,433.2,6.6,,323,346,false,false,sd_unavailable
S4,7,humidity,80,green,30,80,32,374.90,330.05,0.952,1.0,445.1,6.6,86.4,317,337,true,false,sd_one_sided
S4,7,humidity,80,green,30,80,33,383.10,332.95,0.952,1.0,425.9,6.6,86.4,320,341,true,false,sd_one_sided
S4,7,humidity,80,green,30,80,34,392.00,330.00,1.000,1.0,445.5,6.6,73.1,319,340,true,false,sd_one_sided
S4,7,humidity,80,green,30,80,35,400.00,331.00,0.810,2.0,438.8,13.3,73.1,320,343,true,false,marker_partially_hidden;sd_one_sided
S4,7,humidity,80,green,30,80,36,408.72,330.11,0.857,1.0,444.7,6.6,86.4,317,345,true,false,sd_one_sided
S4,7,humidity,80,green,30,80,37,417.84,331.84,0.905,1.0,433.2,6.6,39.9,326,336,true,false,sd_one_sided
S4,7,humidity,80,green,30,80,38,426.16,330.16,0.905,1.0,444.4,6.6,,312,346,false,false,sd_unavailable
S4,7,humidity,80,green,30,80,39,434.50,331.50,0.810,2.0,435.5,13.3,39.9,326,336,true,false,marker_partially_hidden;sd_one_sided
S4,7,humidity,80,green,30,80,40,443.72,330.11,0.857,1.0,444.7,6.6,93.1,316,335,true,false,sd_one_sided
S4,7,humidity,80,green,30,80,41,451.89,331.28,0.857,1.0,437.0,6.6,,318,339,false,false,sd_unavailable
S4,7,humidity,80,green,30,80,42,460.28,332.11,0.857,1.0,431.4,6.6,53.2,320,336,true,true,sd_asymmetric_bar
S4,7,humidity,80,green,30,80,43,469.28,329.11,0.857,1.0,451.4,6.6,,316,342,false,false,sd_unavailable
S4,7,humidity,80,green,30,80,44,477.90,330.95,0.952,1.0,439.2,6.6,73.1,320,342,true,false,sd_one_sided
S4,7,humidity,80,green,30,80,45,486.28,330.89,0.857,1.0,439.6,6.6,93.1,316,345,false,true,sd_one_sided
S4,7,humidity,80,green,30,80,46,495.21,331.00,0.905,1.0,438.8,6.6,,316,345,false,false,sd_unavailable
S4,7,humidity,80,green,30,80,47,503.00,329.00,0.810,2.0,452.1,13.3,,320,339,false,false,marker_partially_hidden;sd_unavailable
S4,7,humidity,80,green,30,80,48,511.90,330.95,0.952,1.0,439.2,6.6,,318,344,false,false,sd_unavailable
S4,7,humidity,80,green,30,80,49,521.00,332.00,1.000,1.0,432.2,6.6,,318,346,false,false,sd_unavailable
S4,7,humidity,80,green,30,80,50,529.33,330.00,0.857,1.0,445.5,6.6,86.4,317,343,false,true,sd_one_sided
S4,7,humidity,80,green,30,80,51,538.00,333.00,1.000,1.0,425.5,6.6,,317,348,false,false,sd_unavailable
S4,7,humidity,80,green,30,80,52,547.00,332.00,1.000,1.0,432.2,6.6,53.2,320,336,true,true,sd_asymmetric_bar
S4,7,humidity,80,green,30,80,53,555.21,332.00,0.905,1.0,432.2,6.6,79.8,320,336,true,false,sd_one_sided
S4,7,humidity,80,green,30,80,54,563.72,328.11,0.857,1.0,458.0,6.6,,316,341,false,false,sd_unavailable
S4,7,humidity,80,green,30,80,55,572.72,330.11,0.857,1.0,444.7,6.6,86.4,317,336,true,false,sd_one_sided
S4,7,humidity,80,green,30,80,56,581.00,331.50,0.810,2.0,435.5,13.3,,326,346,false,false,marker_partially_hidden;sd_unavailable
S4,7,humidity,80,green,30,80,57,589.67,331.00,0.857,1.0,438.8,6.6,79.8,319,342,true,false,sd_one_sided
S4,7,humidity,80,green,30,80,58,598.50,331.50,0.810,2.0,435.5,13.3,,319,344,false,false,marker_partially_hidden;sd_unavailable
S4,7,humidity,80,green,30,80,59,606.89,331.72,0.857,1.0,434.0,6.6,86.4,319,343,true,false,sd_one_sided
S4,7,humidity,80,green,30,80,60,615.16,331.16,0.905,1.0,437.8,6.6,,319,337,false,false,sd_unavailable
S4,7,humidity,80,green,30,80,61,624.10,329.05,0.952,1.0,451.8,6.6,,317,336,false,false,sd_unavailable
S4,7,humidity,80,green,30,80,62,632.50,330.00,0.810,2.0,445.5,13.3,,318,336,false,false,marker_partially_hidden;sd_unavailable
S5,0,temperature,30,light_blue,30,65,1,104.05,392.95,0.905,1.0,147.6,24.4,,390,395,false,false,sd_below_marker_radius
S5,0,temperature,30,light_blue,30,65,2,112.84,392.16,0.905,1.0,166.9,24.4,,390,394,false,false,sd_below_marker_radius
S5,0,temperature,30,light_blue,30,65,3,121.00,385.00,0.667,2.0,341.5,48.8,,382,388,false,false,marker_partially_hidden;sd_below_marker_radius
S5,0,temperature,30,light_blue,30,65,4,129.33,381.67,0.429,2.0,422.8,48.8,,380,383,false,false,marker_partially_hidden;sd_below_marker_radius
S5,0,temperature,30,light_blue,30,65,5,138.00,381.00,0.619,2.0,439.0,48.8,,378,383,false,false,marker_partially_hidden;sd_below_marker_radius
S5,0,temperature,30,light_blue,30,65,6,146.67,377.67,0.619,2.0,520.3,48.8,,374,381,false,false,marker_partially_hidden;sd_unavailable
S5,0,temperature,30,light_blue,30,65,7,155.00,376.00,0.667,2.0,561.0,48.8,,372,378,false,false,marker_partially_hidden;sd_unavailable
S5,0,temperature,30,light_blue,30,65,8,163.67,372.67,0.476,2.0,642.3,48.8,,369,376,false,false,marker_partially_hidden;sd_unavailable
S5,0,temperature,30,light_blue,30,65,10,181.67,365.33,0.667,2.0,821.1,48.8,97.6,361,372,true,false,marker_partially_hidden;sd_one_sided
S5,0,temperature,30,light_blue,30,65,11,190.50,362.00,0.810,2.0,902.4,48.8,170.7,355,365,true,false,marker_partially_hidden;sd_one_sided
S5,0,temperature,30,light_blue,30,65,12,198.84,359.16,0.905,1.0,971.8,24.4,195.1,351,362,true,false,sd_one_sided
S5,0,temperature,30,light_blue,30,65,13,207.84,356.16,0.905,1.0,1044.9,24.4,243.9,346,361,true,false,sd_one_sided
S5,0,temperature,30,light_blue,30,65,14,216.00,353.00,1.000,1.0,1122.0,24.4,268.3,342,361,true,false,sd_one_sided
S5,0,temperature,30,light_blue,30,65,15,224.16,351.84,0.905,1.0,1150.2,24.4,,339,360,false,false,sd_unavailable
S5,0,temperature,30,light_blue,30,65,16,233.00,349.00,1.000,1.0,1219.5,24.4,292.7,337,359,true,false,sd_one_sided
S5,0,temperature,30,light_blue,30,65,17,241.95,347.90,0.952,1.0,1246.3,24.4,341.5,334,357,true,false,sd_one_sided
S5,0,temperature,30,light_blue,30,65,18,250.00,347.00,1.000,1.0,1268.3,24.4,317.1,334,361,true,false,sd_one_sided
S5,0,temperature,30,light_blue,30,65,19,259.00,346.00,1.000,1.0,1292.7,24.4,341.5,332,359,true,false,sd_one_sided
S5,0,temperature,30,light_blue,30,65,20,267.84,344.84,0.905,1.0,1320.9,24.4,353.7,330,359,true,true,
S5,0,temperature,30,light_blue,30,65,21,276.00,345.00,1.000,1.0,1317.1,24.4,365.9,330,361,true,false,sd_one_sided
S5,0,temperature,30,light_blue,30,65,22,284.95,343.10,0.952,1.0,1363.4,24.4,390.2,327,359,true,false,sd_one_sided
S5,0,temperature,30,light_blue,30,65,23,293.16,342.16,0.905,1.0,1386.4,24.4,402.4,326,359,true,true,
S5,0,temperature,30,light_blue,30,65,24,301.84,341.84,0.905,1.0,1394.1,24.4,439.0,324,358,true,false,sd_one_sided
S5,0,temperature,30,light_blue,30,65,25,311.00,342.00,1.000,1.0,1390.2,24.4,414.6,325,359,true,true,
S5,0,temperature,30,light_blue,30,65,26,319.00,340.00,1.000,1.0,1439.0,24.4,463.4,321,359,true,false,sd_one_sided
S5,0,temperature,30,light_blue,30,65,27,327.84,340.16,0.905,1.0,1435.2,24.4,463.4,321,360,true,false,sd_one_sided
S5,0,temperature,30,light_blue,30,65,28,336.90,340.95,0.952,1.0,1415.9,24.4,463.4,322,360,true,true,
S5,0,temperature,30,light_blue,30,65,29,345.05,340.10,0.952,1.0,1436.6,24.4,463.4,321,359,true,false,sd_one_sided
S5,0,temperature,30,light_blue,30,65,30,353.16,339.84,0.905,1.0,1442.9,24.4,463.4,319,359,false,true,sd_one_sided
S5,0,temperature,30,light_blue,30,65,31,362.16,339.84,0.905,1.0,1442.9,24.4,487.8,320,359,true,false,sd_one_sided
S5,0,temperature,30,light_blue,30,65,32,370.84,340.16,0.905,1.0,1435.2,24.4,487.8,320,360,true,true,
S5,0,temperature,30,light_blue,30,65,33,379.05,340.10,0.952,1.0,1436.6,24.4,487.8,320,360,true,false,sd_one_sided
S5,0,temperature,30,light_blue,30,65,34,388.00,339.00,1.000,1.0,1463.4,24.4,,319,359,false,false,sd_unavailable
S5,0,temperature,30,light_blue,30,65,35,396.84,339.84,0.905,1.0,1442.9,24.4,463.4,321,359,true,true,
S5,0,temperature,30,light_blue,30,65,36,405.00,340.00,1.000,1.0,1439.0,24.4,487.8,320,359,true,false,sd_one_sided
S5,0,temperature,30,light_blue,30,65,37,413.95,340.10,0.952,1.0,1436.6,24.4,463.4,321,360,true,false,sd_one_sided
S5,0,temperature,30,light_blue,30,65,38,422.16,339.84,0.905,1.0,1442.9,24.4,475.6,320,359,true,true,
S5,0,temperature,30,light_blue,30,65,39,430.89,338.28,0.857,1.0,1481.0,24.4,487.8,318,359,true,false,sd_one_sided
S5,0,temperature,30,light_blue,30,65,40,439.95,339.90,0.952,1.0,1441.5,24.4,414.6,321,357,false,true,sd_one_sided
S5,0,temperature,30,light_blue,30,65,41,448.00,340.00,1.000,1.0,1439.0,24.4,463.4,321,358,true,false,sd_one_sided
S5,0,temperature,30,light_blue,30,65,42,456.84,339.84,0.905,1.0,1442.9,24.4,463.4,321,358,true,false,sd_one_sided
S5,0,temperature,30,light_blue,30,65,43,465.84,339.84,0.905,1.0,1442.9,24.4,463.4,321,357,true,false,sd_one_sided
S5,0,temperature,30,light_blue,30,65,44,473.95,339.79,0.905,1.0,1444.2,24.4,463.4,321,358,true,false,sd_one_sided
S5,0,temperature,30,light_blue,30,65,45,482.16,340.16,0.905,1.0,1435.2,24.4,439.0,322,358,true,false,sd_one_sided
S5,0,temperature,30,light_blue,30,65,46,491.16,339.84,0.905,1.0,1442.9,24.4,463.4,321,358,true,false,sd_one_sided
S5,0,temperature,30,light_blue,30,65,47,500.00,339.00,1.000,1.0,1463.4,24.4,463.4,320,357,true,false,sd_one_sided
S5,0,temperature,30,light_blue,30,65,48,508.00,339.00,1.000,1.0,1463.4,24.4,487.8,319,359,true,false,sd_one_sided
S5,0,temperature,30,light_blue,30,65,49,517.00,339.00,1.000,1.0,1463.4,24.4,487.8,319,357,true,false,sd_one_sided
S5,0,temperature,30,light_blue,30,65,50,525.84,338.16,0.905,1.0,1484.0,24.4,536.6,316,357,true,false,sd_one_sided
S5,0,temperature,30,light_blue,30,65,51,534.00,338.00,1.000,1.0,1487.8,24.4,512.2,317,357,true,false,sd_one_sided
S5,0,temperature,30,light_blue,30,65,52,543.00,338.00,1.000,1.0,1487.8,24.4,512.2,317,358,true,false,sd_one_sided
S5,0,temperature,30,light_blue,30,65,53,551.16,338.16,0.905,1.0,1484.0,24.4,512.2,317,361,true,false,sd_one_sided
S5,0,temperature,30,light_blue,30,65,54,559.89,338.28,0.857,1.0,1481.0,24.4,536.6,316,357,true,false,sd_one_sided
S5,0,temperature,30,light_blue,30,65,55,568.84,338.16,0.905,1.0,1484.0,24.4,524.4,317,360,true,true,
S5,0,temperature,30,light_blue,30,65,56,577.16,338.16,0.905,1.0,1484.0,24.4,512.2,317,358,true,false,sd_one_sided
S5,0,temperature,30,light_blue,30,65,57,585.79,338.00,0.905,1.0,1487.8,24.4,536.6,316,358,true,false,sd_one_sided
S5,0,temperature,30,light_blue,30,65,58,594.90,337.95,0.952,1.0,1489.0,24.4,512.2,317,356,true,false,sd_one_sided
S5,0,temperature,30,light_blue,30,65,59,603.00,338.21,0.905,1.0,1482.7,24.4,536.6,316,361,true,false,sd_one_sided
S5,0,temperature,30,light_blue,30,65,60,610.95,338.79,0.905,1.0,1468.5,24.4,536.6,317,361,true,false,sd_one_sided
S5,0,temperature,30,light_blue,30,65,61,620.00,338.00,1.000,1.0,1487.8,24.4,536.6,316,360,true,false,sd_one_sided
S5,0,temperature,30,light_blue,30,65,62,628.95,337.79,0.905,1.0,1492.9,24.4,536.6,316,357,true,false,sd_one_sided
S5,0,temperature,30,navy,30,70,3,122.00,395.00,0.762,2.0,97.6,48.8,,393,397,false,false,marker_partially_hidden;sd_below_marker_radius
S5,0,temperature,30,navy,30,70,4,130.50,385.00,0.524,2.0,341.5,48.8,,379,386,false,false,marker_partially_hidden;sd_unavailable
S5,0,temperature,30,navy,30,70,5,140.00,375.50,0.810,2.0,573.2,48.8,329.3,362,389,true,true,marker_partially_hidden
S5,0,temperature,30,navy,30,70,6,148.16,370.84,0.905,1.0,686.8,24.4,512.2,350,392,true,true,
S5,0,temperature,30,navy,30,70,7,157.00,370.00,0.667,2.0,707.3,48.8,463.4,351,389,false,true,marker_partially_hidden;sd_one_sided
S5,0,temperature,30,navy,30,70,9,173.00,368.50,0.381,2.0,743.9,48.8,,367,369,false,false,marker_partially_hidden;sd_below_marker_radius
S5,0,temperature,30,navy,30,70,11,190.00,367.00,0.429,2.0,780.5,48.8,,366,370,false,false,marker_partially_hidden;sd_below_marker_radius
S5,0,temperature,30,navy,30,70,12,199.50,365.00,0.619,2.0,829.3,48.8,195.1,362,373,false,true,marker_partially_hidden;sd_one_sided
S5,0,temperature,30,navy,30,70,13,208.67,364.33,0.524,2.0,845.5,48.8,219.5,359,373,false,true,marker_partially_hidden;sd_one_sided
S5,0,temperature,30,navy,30,70,14,217.00,364.00,0.524,2.0,853.7,48.8,243.9,356,374,false,true,marker_partially_hidden;sd_one_sided
S5,0,temperature,30,navy,30,70,15,225.00,362.00,0.524,2.0,902.4,48.8,,361,363,false,false,marker_partially_hidden;sd_below_marker_radius
S5,0,temperature,30,navy,30,70,16,234.72,361.11,0.857,1.0,924.1,24.4,365.9,352,376,false,true,sd_one_sided
S5,0,temperature,30,navy,30,70,17,242.95,359.79,0.905,1.0,956.4,24.4,365.9,344,375,false,true,sd_one_sided
S5,0,temperature,30,navy,30,70,18,251.21,357.00,0.905,1.0,1024.4,24.4,390.2,340,373,false,true,sd_one_sided
S5,0,temperature,30,navy,30,70,19,260.28,355.89,0.857,1.0,1051.5,24.4,,338,373,false,false,sd_unavailable
S5,0,temperature,30,navy,30,70,20,268.84,353.84,0.905,1.0,1101.4,24.4,414.6,336,371,false,true,sd_one_sided
S5,0,temperature,30,navy,30,70,21,277.10,351.95,0.952,1.0,1147.6,24.4,,335,369,false,false,sd_unavailable
S5,0,temperature,30,navy,30,70,22,286.10,351.95,0.952,1.0,1147.6,24.4,390.2,336,367,true,false,sd_one_sided
S5,0,temperature,30,navy,30,70,23,294.84,350.84,0.905,1.0,1174.6,24.4,,334,366,false,false,sd_unavailable
S5,0,temperature,30,navy,30,70,24,303.00,349.50,0.810,2.0,1207.3,48.8,,333,368,false,false,marker_partially_hidden;sd_unavailable
S5,0,temperature,30,navy,30,70,25,312.05,349.84,0.905,1.0,1199.0,24.4,,332,367,false,false,sd_unavailable
S5,0,temperature,30,navy,30,70,26,320.28,348.11,0.857,1.0,1241.2,24.4,439.0,331,366,false,true,sd_one_sided
S5,0,temperature,30,navy,30,70,27,329.00,349.00,1.000,1.0,1219.5,24.4,414.6,332,366,true,false,sd_one_sided
S5,0,temperature,30,navy,30,70,28,337.90,348.95,0.952,1.0,1220.7,24.4,,332,366,false,false,sd_unavailable
S5,0,temperature,30,navy,30,70,29,346.11,349.72,0.857,1.0,1201.9,24.4,,332,366,false,false,sd_unavailable
S5,0,temperature,30,navy,30,70,30,354.50,348.00,0.810,2.0,1243.9,48.8,,330,365,false,false,marker_partially_hidden;sd_unavailable
S5,0,temperature,30,navy,30,70,31,363.84,348.16,0.905,1.0,1240.1,24.4,,331,353,false,false,sd_unavailable
S5,0,temperature,30,navy,30,70,32,371.95,348.10,0.952,1.0,1241.5,24.4,,330,365,false,false,sd_unavailable
S5,0,temperature,30,navy,30,70,33,380.21,349.00,0.905,1.0,1219.5,24.4,463.4,330,367,true,false,sd_one_sided
S5,0,temperature,30,navy,30,70,34,389.28,348.11,0.857,1.0,1241.2,24.4,,330,366,false,false,sd_unavailable
S5,0,temperature,30,navy,30,70,35,397.84,346.16,0.905,1.0,1288.8,24.4,,328,365,false,false,sd_unavailable
S5,0,temperature,30,navy,30,70,36,406.10,345.95,0.952,1.0,1293.9,24.4,,328,365,false,false,sd_unavailable
S5,0,temperature,30,navy,30,70,37,415.05,347.84,0.905,1.0,1247.8,24.4,,329,366,false,false,sd_unavailable
S5,0,temperature,30,navy,30,70,38,423.72,345.89,0.857,1.0,1295.4,24.4,,328,365,false,false,sd_unavailable
S5,0,temperature,30,navy,30,70,39,432.00,346.00,1.000,1.0,1292.7,24.4,,328,365,false,false,sd_unavailable
S5,0,temperature,30,navy,30,70,40,440.84,344.84,0.905,1.0,1320.9,24.4,,327,364,false,false,sd_unavailable
S5,0,temperature,30,navy,30,70,41,449.28,344.89,0.857,1.0,1319.8,24.4,487.8,324,365,false,true,sd_one_sided
S5,0,temperature,30,navy,30,70,42,457.84,345.16,0.905,1.0,1313.2,24.4,,328,365,false,false,sd_unavailable
S5,0,temperature,30,navy,30,70,43,466.84,345.84,0.905,1.0,1296.5,24.4,,328,366,false,false,sd_unavailable
S5,0,temperature,30,navy,30,70,44,475.00,344.00,1.000,1.0,1341.5,24.4,,324,365,false,false,sd_unavailable
S5,0,temperature,30,navy,30,70,45,483.72,345.89,0.857,1.0,1295.4,24.4,,327,365,false,false,sd_unavailable
S5,0,temperature,30,navy,30,70,46,492.72,344.89,0.857,1.0,1319.8,24.4,,324,351,false,false,sd_unavailable
S5,0,temperature,30,navy,30,70,47,500.95,345.10,0.952,1.0,1314.6,24.4,,327,365,false,false,sd_unavailable
S5,0,temperature,30,navy,30,70,48,509.28,345.83,0.857,1.0,1296.7,24.4,,325,365,false,false,sd_unavailable
S5,0,temperature,30,navy,30,70,49,518.28,344.89,0.857,1.0,1319.8,24.4,,324,365,false,false,sd_unavailable
S5,0,temperature,30,navy,30,70,50,526.84,344.84,0.905,1.0,1320.9,24.4,,324,364,false,false,sd_unavailable
S5,0,temperature,30,navy,30,70,51,535.16,344.84,0.905,1.0,1320.9,24.4,,325,365,false,false,sd_unavailable
S5,0,temperature,30,navy,30,70,52,544.10,344.05,0.952,1.0,1340.2,24.4,,324,365,false,false,sd_unavailable
S5,0,temperature,30,navy,30,70,53,552.72,343.83,0.857,1.0,1345.5,24.4,536.6,322,365,true,false,sd_one_sided
S5,0,temperature,30,navy,30,70,54,561.00,344.00,1.000,1.0,1341.5,24.4,,323,365,false,false,sd_unavailable
S5,0,temperature,30,navy,30,70,55,570.11,343.28,0.857,1.0,1359.1,24.4,,324,363,false,false,sd_unavailable
S5,0,temperature,30,navy,30,70,56,578.28,343.11,0.857,1.0,1363.1,24.4,,323,365,false,false,sd_unavailable
S5,0,temperature,30,navy,30,70,57,586.89,343.72,0.857,1.0,1348.2,24.4,,323,363,false,false,sd_unavailable
S5,0,temperature,30,navy,30,70,58,595.84,344.84,0.905,1.0,1320.9,24.4,,328,364,false,false,sd_unavailable
S5,0,temperature,30,navy,30,70,59,604.00,344.00,1.000,1.0,1341.5,24.4,,323,365,false,false,sd_unavailable
S5,0,temperature,30,navy,30,70,60,612.72,342.89,0.857,1.0,1368.6,24.4,512.2,322,364,true,false,sd_one_sided
S5,0,temperature,30,navy,30,70,61,621.72,343.11,0.857,1.0,1363.1,24.4,,323,364,false,false,sd_unavailable
S5,0,temperature,30,navy,30,70,62,630.00,342.00,1.000,1.0,1390.2,24.4,,321,363,false,false,sd_unavailable
S5,0,temperature,30,orange,30,75,3,124.00,386.00,1.000,1.0,317.1,24.4,,383,388,false,false,sd_below_marker_radius
S5,0,temperature,30,orange,30,75,4,133.00,381.00,0.714,2.0,439.0,48.8,,379,381,false,false,marker_partially_hidden;sd_below_marker_radius
S5,0,temperature,30,orange,30,75,5,141.00,379.00,0.429,2.0,487.8,48.8,,378,379,false,false,marker_partially_hidden;sd_below_marker_radius
S5,0,temperature,30,orange,30,75,6,149.67,375.33,0.714,2.0,577.2,48.8,,374,376,false,false,marker_partially_hidden;sd_below_marker_radius
S5,0,temperature,30,orange,30,75,7,158.00,373.00,0.571,2.0,634.1,48.8,,371,373,false,false,marker_partially_hidden;sd_below_marker_radius
S5,0,temperature,30,orange,30,75,9,175.83,370.28,0.857,1.0,700.5,24.4,,369,373,false,false,sd_below_marker_radius
S5,0,temperature,30,orange,30,75,10,184.10,369.95,0.952,1.0,708.5,24.4,,367,372,false,false,sd_below_marker_radius
S5,0,temperature,30,orange,30,75,11,193.00,369.00,1.000,1.0,731.7,24.4,,366,372,false,false,sd_below_marker_radius
S5,0,temperature,30,orange,30,75,12,201.00,368.00,1.000,1.0,756.1,24.4,,366,371,false,false,sd_below_marker_radius
S5,0,temperature,30,orange,30,75,13,210.00,367.00,1.000,1.0,780.5,24.4,97.6,365,371,false,true,sd_one_sided
S5,0,temperature,30,orange,30,75,14,219.00,366.00,1.000,1.0,804.9,24.4,109.8,361,370,true,true,
S5,0,temperature,30,orange,30,75,15,227.05,365.90,0.952,1.0,807.3,24.4,,360,370,false,false,sd_unavailable
S5,0,temperature,30,orange,30,75,16,236.00,366.00,1.000,1.0,804.9,24.4,,364,372,false,false,sd_unavailable
S5,0,temperature,30,orange,30,75,17,244.05,364.10,0.952,1.0,851.2,24.4,122.0,362,369,false,true,sd_one_sided
S5,0,temperature,30,orange,30,75,18,253.00,365.00,1.000,1.0,829.3,24.4,97.6,361,369,true,false,sd_one_sided
S5,0,temperature,30,orange,30,75,19,262.00,364.00,1.000,1.0,853.7,24.4,122.0,359,369,false,true,sd_one_sided
S5,0,temperature,30,orange,30,75,20,270.00,364.00,1.000,1.0,853.7,24.4,122.0,358,369,false,true,sd_one_sided
S5,0,temperature,30,orange,30,75,21,278.16,363.84,0.905,1.0,857.5,24.4,109.8,359,368,true,true,
S5,0,temperature,30,orange,30,75,22,288.00,363.00,1.000,1.0,878.0,24.4,122.0,358,368,true,true,
S5,0,temperature,30,orange,30,75,23,296.00,363.00,1.000,1.0,878.0,24.4,122.0,358,368,true,true,
S5,0,temperature,30,orange,30,75,24,304.05,363.90,0.952,1.0,856.1,24.4,146.3,358,370,true,true,
S5,0,temperature,30,orange,30,75,25,313.05,363.90,0.952,1.0,856.1,24.4,122.0,358,369,false,true,sd_one_sided
S5,0,temperature,30,orange,30,75,26,322.00,362.00,1.000,1.0,902.4,24.4,,356,369,false,false,sd_unavailable
S5,0,temperature,30,orange,30,75,27,330.00,362.00,1.000,1.0,902.4,24.4,146.3,356,368,false,true,sd_one_sided
S5,0,temperature,30,orange,30,75,28,339.00,362.00,1.000,1.0,902.4,24.4,170.7,356,369,false,true,sd_one_sided
S5,0,temperature,30,orange,30,75,29,347.84,362.16,0.905,1.0,898.6,24.4,146.3,356,368,true,true,
S5,0,temperature,30,orange,30,75,30,356.00,362.00,1.000,1.0,902.4,24.4,170.7,355,369,false,true,sd_one_sided
S5,0,temperature,30,orange,30,75,31,365.00,362.00,1.000,1.0,902.4,24.4,170.7,354,369,false,true,sd_one_sided
S5,0,temperature,30,orange,30,75,32,373.00,362.00,1.000,1.0,902.4,24.4,170.7,355,369,true,true,
S5,0,temperature,30,orange,30,75,33,382.00,362.00,1.000,1.0,902.4,24.4,146.3,355,368,false,true,sd_one_sided
S5,0,temperature,30,orange,30,75,34,391.00,362.00,1.000,1.0,902.4,24.4,170.7,355,369,true,false,sd_one_sided
S5,0,temperature,30,orange,30,75,35,399.00,361.00,1.000,1.0,926.8,24.4,170.7,354,368,false,true,sd_one_sided
S5,0,temperature,30,orange,30,75,36,407.84,360.16,0.905,1.0,947.4,24.4,182.9,353,368,true,true,
S5,0,temperature,30,orange,30,75,37,417.00,362.00,1.000,1.0,902.4,24.4,170.7,354,369,false,true,sd_one_sided
S5,0,temperature,30,orange,30,75,38,425.00,361.00,1.000,1.0,926.8,24.4,170.7,354,368,false,true,sd_one_sided
S5,0,temperature,30,orange,30,75,39,433.00,361.00,1.000,1.0,926.8,24.4,170.7,354,368,true,true,
S5,0,temperature,30,orange,30,75,40,442.05,360.10,0.952,1.0,948.8,24.4,,353,369,false,false,sd_unavailable
S5,0,temperature,30,orange,30,75,41,451.00,360.00,1.000,1.0,951.2,24.4,195.1,352,368,false,true,sd_one_sided
S5,0,temperature,30,orange,30,75,42,459.05,360.10,0.952,1.0,948.8,24.4,182.9,353,368,true,true,
S5,0,temperature,30,orange,30,75,43,468.00,359.00,1.000,1.0,975.6,24.4,207.3,351,368,true,true,
S5,0,temperature,30,orange,30,75,44,477.00,359.00,1.000,1.0,975.6,24.4,182.9,352,367,true,true,
S5,0,temperature,30,orange,30,75,45,485.00,359.00,1.000,1.0,975.6,24.4,170.7,352,366,true,true,
S5,0,temperature,30,orange,30,75,46,494.00,359.00,1.000,1.0,975.6,24.4,182.9,352,367,true,true,
S5,0,temperature,30,orange,30,75,47,502.10,359.05,0.952,1.0,974.4,24.4,182.9,352,367,true,true,
S5,0,temperature,30,orange,30,75,48,511.00,360.00,1.000,1.0,951.2,24.4,,351,369,false,false,sd_unavailable
S5,0,temperature,30,orange,30,75,49,520.00,359.00,1.000,1.0,975.6,24.4,195.1,350,367,false,true,sd_one_sided
S5,0,temperature,30,orange,30,75,50,528.00,359.00,1.000,1.0,975.6,24.4,195.1,351,367,false,true,sd_one_sided
S5,0,temperature,30,orange,30,75,51,536.16,358.16,0.905,1.0,996.1,24.4,219.5,350,368,true,true,
S5,0,temperature,30,orange,30,75,52,546.00,359.00,1.000,1.0,975.6,24.4,219.5,350,369,true,false,sd_one_sided
S5,0,temperature,30,orange,30,75,53,554.00,359.00,1.000,1.0,975.6,24.4,219.5,349,368,false,true,sd_one_sided
S5,0,temperature,30,orange,30,75,54,562.00,359.00,1.000,1.0,975.6,24.4,219.5,350,369,true,false,sd_one_sided
S5,0,temperature,30,orange,30,75,55,571.00,358.00,1.000,1.0,1000.0,24.4,219.5,348,367,false,true,sd_one_sided
S5,0,temperature,30,orange,30,75,56,580.00,359.00,1.000,1.0,975.6,24.4,195.1,351,367,true,true,
S5,0,temperature,30,orange,30,75,57,588.00,360.00,1.000,1.0,951.2,24.4,219.5,351,369,true,false,sd_one_sided
S5,0,temperature,30,orange,30,75,58,597.00,359.00,1.000,1.0,975.6,24.4,219.5,350,368,true,true,
S5,0,temperature,30,orange,30,75,59,606.00,358.00,1.000,1.0,1000.0,24.4,219.5,349,367,true,true,
S5,0,temperature,30,orange,30,75,60,614.00,358.00,1.000,1.0,1000.0,24.4,219.5,349,367,false,true,sd_one_sided
S5,0,temperature,30,orange,30,75,61,623.00,359.00,1.000,1.0,975.6,24.4,195.1,351,367,true,true,
S5,0,temperature,30,orange,30,75,62,631.00,359.00,1.000,1.0,975.6,24.4,219.5,350,368,true,true,
S5,0,temperature,30,green,30,80,1,108.00,396.00,0.810,2.0,73.2,48.8,,394,397,false,false,marker_partially_hidden;sd_below_marker_radius
S5,0,temperature,30,green,30,80,2,117.00,396.00,0.762,2.0,73.2,48.8,,393,397,false,false,marker_partially_hidden;sd_below_marker_radius
S5,0,temperature,30,green,30,80,3,125.05,391.90,0.952,1.0,173.2,24.4,,389,394,false,false,sd_below_marker_radius
S5,0,temperature,30,green,30,80,4,134.00,384.00,1.000,1.0,365.9,24.4,,382,386,false,false,sd_below_marker_radius
S5,0,temperature,30,green,30,80,5,142.72,380.89,0.857,1.0,441.7,24.4,,379,383,false,false,sd_below_marker_radius
S5,0,temperature,30,green,30,80,6,151.00,379.00,1.000,1.0,487.8,24.4,,377,381,false,false,sd_below_marker_radius
S5,0,temperature,30,green,30,80,7,159.89,375.72,0.857,1.0,567.8,24.4,,374,378,false,false,sd_below_marker_radius
S5,0,temperature,30,green,30,80,8,168.50,371.50,0.810,2.0,670.7,48.8,97.6,368,375,true,false,marker_partially_hidden;sd_one_sided
S5,0,temperature,30,green,30,80,9,176.79,366.00,0.905,1.0,804.9,24.4,97.6,362,368,true,false,sd_one_sided
S5,0,temperature,30,green,30,80,10,185.84,361.84,0.905,1.0,906.3,24.4,146.3,356,366,true,false,sd_one_sided
S5,0,temperature,30,green,30,80,11,194.00,358.00,1.000,1.0,1000.0,24.4,182.9,350,365,true,true,
S5,0,temperature,30,green,30,80,12,202.16,353.84,0.905,1.0,1101.4,24.4,243.9,344,364,true,true,
S5,0,temperature,30,green,30,80,13,211.72,348.89,0.857,1.0,1222.2,24.4,280.5,338,361,true,true,
S5,0,temperature,30,green,30,80,14,219.95,345.10,0.952,1.0,1314.6,24.4,365.9,330,360,false,true,sd_one_sided
S5,0,temperature,30,green,30,80,15,228.16,341.84,0.905,1.0,1394.1,24.4,390.2,326,358,true,false,sd_one_sided
S5,0,temperature,30,green,30,80,16,237.11,340.28,0.857,1.0,1432.2,24.4,390.2,324,356,true,true,
S5,0,temperature,30,green,30,80,17,245.84,337.16,0.905,1.0,1508.3,24.4,439.0,319,355,false,true,sd_one_sided
S5,0,temperature,30,green,30,80,18,254.00,335.00,1.000,1.0,1561.0,24.4,463.4,316,354,true,true,
S5,0,temperature,30,green,30,80,19,263.00,333.79,0.905,1.0,1590.5,24.4,487.8,314,354,true,false,sd_one_sided
S5,0,temperature,30,green,30,80,20,271.21,333.00,0.905,1.0,1609.8,24.4,439.0,315,351,true,true,
S5,0,temperature,30,green,30,80,21,280.00,332.00,1.000,1.0,1634.1,24.4,512.2,311,352,true,false,sd_one_sided
S5,0,temperature,30,green,30,80,22,288.84,330.84,0.905,1.0,1662.4,24.4,475.6,311,350,true,true,
S5,0,temperature,30,green,30,80,23,297.00,330.00,1.000,1.0,1682.9,24.4,463.4,311,349,true,false,sd_one_sided
S5,0,temperature,30,green,30,80,24,305.84,331.16,0.905,1.0,1654.7,24.4,487.8,311,351,true,false,sd_one_sided
S5,0,temperature,30,green,30,80,25,314.90,329.95,0.952,1.0,1684.1,24.4,487.8,310,349,true,false,sd_one_sided
S5,0,temperature,30,green,30,80,26,323.00,329.21,0.905,1.0,1702.2,24.4,487.8,309,350,true,false,sd_one_sided
S5,0,temperature,30,green,30,80,27,331.16,329.84,0.905,1.0,1686.8,24.4,487.8,310,347,true,false,sd_one_sided
S5,0,temperature,30,green,30,80,28,340.16,329.16,0.905,1.0,1703.5,24.4,512.2,308,347,true,false,sd_one_sided
S5,0,temperature,30,green,30,80,29,348.95,328.90,0.952,1.0,1709.8,24.4,512.2,308,349,true,false,sd_one_sided
S5,0,temperature,30,green,30,80,30,357.16,327.84,0.905,1.0,1735.6,24.4,512.2,307,349,true,false,sd_one_sided
S5,0,temperature,30,green,30,80,31,366.11,327.72,0.857,1.0,1738.5,24.4,512.2,307,347,true,false,sd_one_sided
S5,0,temperature,30,green,30,80,32,374.84,328.16,0.905,1.0,1727.9,24.4,487.8,308,348,true,false,sd_one_sided
S5,0,temperature,30,green,30,80,33,383.05,326.10,0.952,1.0,1778.0,24.4,512.2,305,347,true,false,sd_one_sided
S5,0,temperature,30,green,30,80,34,391.95,326.10,0.952,1.0,1778.0,24.4,512.2,305,347,true,false,sd_one_sided
S5,0,temperature,30,green,30,80,35,400.16,326.16,0.905,1.0,1776.6,24.4,536.6,304,348,true,true,
S5,0,temperature,30,green,30,80,36,408.84,325.84,0.905,1.0,1784.3,24.4,512.2,305,346,true,false,sd_one_sided
S5,0,temperature,30,green,30,80,37,417.84,325.84,0.905,1.0,1784.3,24.4,536.6,304,347,true,false,sd_one_sided
S5,0,temperature,30,green,30,80,38,426.16,326.16,0.905,1.0,1776.6,24.4,524.4,305,348,true,true,
S5,0,temperature,30,green,30,80,39,434.84,326.16,0.905,1.0,1776.6,24.4,463.4,307,346,true,false,sd_one_sided
S5,0,temperature,30,green,30,80,40,443.84,325.84,0.905,1.0,1784.3,24.4,512.2,305,347,true,false,sd_one_sided
S5,0,temperature,30,green,30,80,41,452.05,326.10,0.952,1.0,1778.0,24.4,524.4,305,348,true,true,
S5,0,temperature,30,green,30,80,42,460.16,325.84,0.905,1.0,1784.3,24.4,487.8,306,343,true,false,sd_one_sided
S5,0,temperature,30,green,30,80,43,469.16,325.84,0.905,1.0,1784.3,24.4,536.6,304,348,true,false,sd_one_sided
S5,0,temperature,30,green,30,80,44,478.00,325.00,1.000,1.0,1804.9,24.4,524.4,304,347,true,true,
S5,0,temperature,30,green,30,80,45,486.00,325.00,1.000,1.0,1804.9,24.4,487.8,305,345,true,true,
S5,0,temperature,30,green,30,80,46,495.16,326.16,0.905,1.0,1776.6,24.4,487.8,306,347,true,false,sd_one_sided
S5,0,temperature,30,green,30,80,47,503.84,325.16,0.905,1.0,1801.0,24.4,536.6,303,346,true,false,sd_one_sided
S5,0,temperature,30,green,30,80,48,512.00,327.00,1.000,1.0,1756.1,24.4,475.6,307,346,true,true,
S5,0,temperature,30,green,30,80,49,521.00,325.00,1.000,1.0,1804.9,24.4,,303,346,false,false,sd_unavailable
S5,0,temperature,30,green,30,80,50,529.16,326.16,0.905,1.0,1776.6,24.4,463.4,307,343,true,false,sd_one_sided
S5,0,temperature,30,green,30,80,51,537.84,325.84,0.905,1.0,1784.3,24.4,524.4,304,347,true,true,
S5,0,temperature,30,green,30,80,52,547.00,325.00,1.000,1.0,1804.9,24.4,463.4,306,345,true,false,sd_one_sided
S5,0,temperature,30,green,30,80,53,555.05,326.10,0.952,1.0,1778.0,24.4,487.8,306,347,true,false,sd_one_sided
S5,0,temperature,30,green,30,80,54,563.84,325.84,0.905,1.0,1784.3,24.4,,305,345,false,false,sd_unavailable
S5,0,temperature,30,green,30,80,55,572.84,326.16,0.905,1.0,1776.6,24.4,475.6,307,346,true,true,
S5,0,temperature,30,green,30,80,56,581.05,325.90,0.952,1.0,1782.9,24.4,463.4,307,345,true,false,sd_one_sided
S5,0,temperature,30,green,30,80,57,589.16,326.16,0.905,1.0,1776.6,24.4,487.8,306,346,true,true,
S5,0,temperature,30,green,30,80,58,598.16,326.16,0.905,1.0,1776.6,24.4,463.4,307,343,true,false,sd_one_sided
S5,0,temperature,30,green,30,80,59,607.00,325.00,1.000,1.0,1804.9,24.4,,305,345,false,false,sd_unavailable
S5,0,temperature,30,green,30,80,60,615.05,325.90,0.952,1.0,1782.9,24.4,463.4,307,345,true,true,
S5,0,temperature,30,green,30,80,61,624.05,325.90,0.952,1.0,1782.9,24.4,,305,346,false,false,sd_unavailable
S5,0,temperature,30,green,30,80,62,632.84,325.84,0.905,1.0,1784.3,24.4,439.0,308,344,true,true,
S5,1,temperature,25,light_blue,25,65,1,103.00,395.75,0.381,2.0,79.3,48.8,,392,397,false,false,marker_partially_hidden;sd_unavailable
S5,1,temperature,25,light_blue,25,65,5,139.00,388.00,0.714,2.0,268.3,48.8,,387,390,false,false,marker_partially_hidden;sd_below_marker_radius
S5,1,temperature,25,light_blue,25,65,10,181.94,376.22,0.857,1.0,555.6,24.4,,373,378,false,false,sd_below_marker_radius
S5,1,temperature,25,light_blue,25,65,11,190.16,374.16,0.905,1.0,605.9,24.4,,372,382,false,false,sd_unavailable
S5,1,temperature,25,light_blue,25,65,12,198.67,370.33,0.619,2.0,699.2,48.8,122.0,362,375,false,true,marker_partially_hidden;sd_one_sided
S5,1,temperature,25,light_blue,25,65,13,207.50,366.00,0.762,2.0,804.9,48.8,,363,368,false,false,marker_partially_hidden;sd_below_marker_radius
S5,1,temperature,25,light_blue,25,65,14,216.00,363.00,0.762,2.0,878.0,48.8,182.9,352,367,true,true,marker_partially_hidden;sd_asymmetric_bar
S5,1,temperature,25,light_blue,25,65,15,224.33,359.33,0.714,2.0,967.5,48.8,219.5,349,368,false,true,marker_partially_hidden;sd_one_sided
S5,1,temperature,25,light_blue,25,65,16,233.33,356.00,0.857,1.0,1048.8,24.4,,346,365,false,false,sd_unavailable
S5,1,temperature,25,light_blue,25,65,17,241.33,351.33,0.571,2.0,1162.6,48.8,195.1,343,359,true,false,marker_partially_hidden;sd_one_sided
S5,1,temperature,25,light_blue,25,65,18,250.00,348.50,0.619,2.0,1231.7,48.8,,340,358,false,false,marker_partially_hidden;sd_unavailable
S5,1,temperature,25,light_blue,25,65,19,259.00,347.00,0.619,2.0,1268.3,48.8,,338,356,false,false,marker_partially_hidden;sd_unavailable
S5,1,temperature,25,light_blue,25,65,20,267.00,345.50,0.667,2.0,1304.9,48.8,,337,353,false,false,marker_partially_hidden;sd_unavailable
S5,1,temperature,25,light_blue,25,65,21,276.00,343.00,0.714,2.0,1365.9,48.8,,333,353,false,false,marker_partially_hidden;sd_unavailable
S5,1,temperature,25,light_blue,25,65,22,284.67,341.33,0.667,2.0,1406.5,48.8,292.7,331,353,false,true,marker_partially_hidden;sd_one_sided
S5,1,temperature,25,light_blue,25,65,23,293.00,341.00,0.571,2.0,1414.6,48.8,,332,355,false,false,marker_partially_hidden;sd_unavailable
S5,1,temperature,25,light_blue,25,65,24,301.50,339.00,0.571,2.0,1463.4,48.8,,325,342,false,false,marker_partially_hidden;sd_unavailable
S5,1,temperature,25,light_blue,25,65,25,310.33,338.67,0.619,2.0,1471.5,48.8,365.9,324,354,false,true,marker_partially_hidden;sd_one_sided
S5,1,temperature,25,light_blue,25,65,26,319.00,336.50,0.714,2.0,1524.4,48.8,487.8,317,356,false,true,marker_partially_hidden;sd_one_sided
S5,1,temperature,25,light_blue,25,65,27,327.50,336.50,0.524,2.0,1524.4,48.8,,315,359,false,false,marker_partially_hidden;sd_unavailable
S5,1,temperature,25,light_blue,25,65,28,336.00,334.00,0.667,2.0,1585.4,48.8,,314,356,false,false,marker_partially_hidden;sd_unavailable
S5,1,temperature,25,light_blue,25,65,29,344.50,333.50,0.524,2.0,1597.6,48.8,,332,342,false,false,marker_partially_hidden;sd_unavailable
S5,1,temperature,25,light_blue,25,65,30,353.50,333.00,0.524,2.0,1609.8,48.8,,311,334,false,false,marker_partially_hidden;sd_unavailable
S5,1,temperature,25,light_blue,25,65,31,362.00,330.89,0.905,1.0,1661.1,24.4,,307,342,false,false,sd_unavailable
S5,1,temperature,25,light_blue,25,65,32,371.00,331.00,0.714,2.0,1658.5,48.8,634.1,308,357,false,true,marker_partially_hidden;sd_one_sided
S5,1,temperature,25,light_blue,25,65,33,378.84,329.84,0.905,1.0,1686.8,24.4,,317,356,false,false,sd_unavailable
S5,1,temperature,25,light_blue,25,65,34,388.00,329.21,0.905,1.0,1702.2,24.4,,308,332,false,false,sd_unavailable
S5,1,temperature,25,light_blue,25,65,35,396.00,329.00,0.810,2.0,1707.3,48.8,658.5,308,356,false,true,marker_partially_hidden;sd_one_sided
S5,1,temperature,25,light_blue,25,65,36,405.00,329.50,0.810,2.0,1695.1,48.8,,314,332,false,false,marker_partially_hidden;sd_unavailable
S5,1,temperature,25,light_blue,25,65,37,414.00,329.00,0.810,2.0,1707.3,48.8,,301,357,false,false,marker_partially_hidden;sd_unavailable
S5,1,temperature,25,light_blue,25,65,38,422.00,328.00,0.810,2.0,1731.7,48.8,,301,331,false,false,marker_partially_hidden;sd_unavailable
S5,1,temperature,25,light_blue,25,65,39,431.00,329.00,0.762,2.0,1707.3,48.8,,320,358,false,false,marker_partially_hidden;sd_unavailable
S5,1,temperature,25,light_blue,25,65,40,439.50,327.50,0.810,2.0,1743.9,48.8,,297,355,false,false,marker_partially_hidden;sd_unavailable
S5,1,temperature,25,light_blue,25,65,41,448.00,328.00,0.667,2.0,1731.7,48.8,,299,358,false,false,marker_partially_hidden;sd_unavailable
S5,1,temperature,25,light_blue,25,65,42,456.50,326.00,0.762,2.0,1780.5,48.8,682.9,299,354,false,true,marker_partially_hidden;sd_one_sided
S5,1,temperature,25,light_blue,25,65,43,465.50,325.00,0.714,2.0,1804.9,48.8,,301,331,false,false,marker_partially_hidden;sd_unavailable
S5,1,temperature,25,light_blue,25,65,44,473.50,325.50,0.571,2.0,1792.7,48.8,682.9,297,354,false,true,marker_partially_hidden;sd_one_sided
S5,1,temperature,25,light_blue,25,65,45,482.00,326.00,0.571,2.0,1780.5,48.8,682.9,298,354,true,true,marker_partially_hidden
S5,1,temperature,25,light_blue,25,65,46,490.50,326.00,0.571,2.0,1780.5,48.8,682.9,312,354,false,true,marker_partially_hidden;sd_one_sided
S5,1,temperature,25,light_blue,25,65,47,500.00,326.00,0.667,2.0,1780.5,48.8,707.3,304,355,false,true,marker_partially_hidden;sd_one_sided
S5,1,temperature,25,light_blue,25,65,48,508.00,324.50,0.619,2.0,1817.1,48.8,,303,356,false,false,marker_partially_hidden;sd_unavailable
S5,1,temperature,25,light_blue,25,65,49,517.00,325.00,0.571,2.0,1804.9,48.8,,316,356,false,false,marker_partially_hidden;sd_unavailable
S5,1,temperature,25,light_blue,25,65,50,526.00,326.00,0.762,2.0,1780.5,48.8,,323,328,false,false,marker_partially_hidden;sd_below_marker_radius
S5,1,temperature,25,light_blue,25,65,51,534.00,325.50,0.714,2.0,1792.7,48.8,,315,355,false,false,marker_partially_hidden;sd_unavailable
S5,1,temperature,25,light_blue,25,65,52,543.00,325.50,0.810,2.0,1792.7,48.8,,318,356,false,false,marker_partially_hidden;sd_unavailable
S5,1,temperature,25,light_blue,25,65,53,551.00,326.00,0.714,2.0,1780.5,48.8,682.9,323,354,false,true,marker_partially_hidden;sd_one_sided
S5,1,temperature,25,light_blue,25,65,54,560.00,326.00,0.810,2.0,1780.5,48.8,,304,357,false,false,marker_partially_hidden;sd_unavailable
S5,1,temperature,25,light_blue,25,65,55,568.00,325.00,0.810,2.0,1804.9,48.8,707.3,295,354,false,true,marker_partially_hidden;sd_one_sided
S5,1,temperature,25,light_blue,25,65,56,576.94,324.78,0.857,1.0,1810.3,24.4,,318,355,false,false,sd_unavailable
S5,1,temperature,25,light_blue,25,65,57,585.50,325.00,0.762,2.0,1804.9,48.8,731.7,296,355,false,true,marker_partially_hidden;sd_one_sided
S5,1,temperature,25,light_blue,25,65,58,594.50,324.00,0.810,2.0,1829.3,48.8,,321,355,false,false,marker_partially_hidden;sd_unavailable
S5,1,temperature,25,light_blue,25,65,59,602.89,323.72,0.857,1.0,1836.0,24.4,707.3,294,353,false,true,sd_one_sided
S5,1,temperature,25,light_blue,25,65,60,611.67,324.00,0.857,1.0,1829.3,24.4,,320,353,false,false,sd_unavailable
S5,1,temperature,25,light_blue,25,65,61,620.16,323.84,0.905,1.0,1833.1,24.4,,303,332,false,false,sd_unavailable
S5,1,temperature,25,light_blue,25,65,62,628.67,324.00,0.857,1.0,1829.3,24.4,585.4,304,352,true,true,sd_asymmetric_bar
S5,1,temperature,25,navy,25,70,3,122.00,393.00,0.619,2.0,146.3,48.8,,392,394,false,false,marker_partially_hidden;sd_below_marker_radius
S5,1,temperature,25,navy,25,70,4,130.50,391.50,0.476,2.0,182.9,48.8,,387,395,false,false,marker_partially_hidden;sd_unavailable
S5,1,temperature,25,navy,25,70,5,140.00,384.00,0.476,2.0,365.9,48.8,,384,386,false,false,marker_partially_hidden;sd_below_marker_radius
S5,1,temperature,25,navy,25,70,6,148.00,384.00,0.762,2.0,365.9,48.8,,382,386,false,false,marker_partially_hidden;sd_below_marker_radius
S5,1,temperature,25,navy,25,70,7,156.84,383.84,0.905,1.0,369.7,24.4,,381,386,false,false,sd_below_marker_radius
S5,1,temperature,25,navy,25,70,8,165.84,381.84,0.905,1.0,418.5,24.4,,380,384,false,false,sd_below_marker_radius
S5,1,temperature,25,navy,25,70,9,174.10,380.95,0.952,1.0,440.2,24.4,,378,384,false,false,sd_below_marker_radius
S5,1,temperature,25,navy,25,70,10,183.00,381.00,1.000,1.0,439.0,24.4,,379,383,false,false,sd_below_marker_radius
S5,1,temperature,25,navy,25,70,11,191.10,379.05,0.952,1.0,486.6,24.4,,368,381,false,false,sd_unavailable
S5,1,temperature,25,navy,25,70,12,199.89,379.72,0.857,1.0,470.2,24.4,,375,383,false,false,sd_unavailable
S5,1,temperature,25,navy,25,70,13,209.00,378.00,0.810,2.0,512.2,48.8,97.6,374,383,true,false,marker_partially_hidden;sd_one_sided
S5,1,temperature,25,navy,25,70,14,217.11,377.72,0.857,1.0,519.0,24.4,,368,383,false,false,sd_unavailable
S5,1,temperature,25,navy,25,70,15,226.00,377.00,0.810,2.0,536.6,48.8,97.6,373,381,false,true,marker_partially_hidden;sd_one_sided
S5,1,temperature,25,navy,25,70,16,235.00,376.00,0.810,2.0,561.0,48.8,,372,381,false,false,marker_partially_hidden;sd_unavailable
S5,1,temperature,25,navy,25,70,17,243.00,377.50,0.810,2.0,524.4,48.8,,372,383,false,false,marker_partially_hidden;sd_unavailable
S5,1,temperature,25,navy,25,70,18,251.00,376.50,0.810,2.0,548.8,48.8,122.0,371,381,false,true,marker_partially_hidden;sd_one_sided
S5,1,temperature,25,navy,25,70,19,260.50,376.00,0.810,2.0,561.0,48.8,97.6,371,380,false,true,marker_partially_hidden;sd_one_sided
S5,1,temperature,25,navy,25,70,20,268.89,376.28,0.857,1.0,554.2,24.4,122.0,371,381,false,true,sd_one_sided
S5,1,temperature,25,navy,25,70,21,277.11,376.28,0.857,1.0,554.2,24.4,122.0,371,382,true,false,sd_one_sided
S5,1,temperature,25,navy,25,70,22,286.28,375.89,0.857,1.0,563.7,24.4,,371,381,false,false,sd_unavailable
S5,1,temperature,25,navy,25,70,23,294.72,375.89,0.857,1.0,563.7,24.4,122.0,371,381,true,true,
S5,1,temperature,25,navy,25,70,24,303.00,375.79,0.905,1.0,566.1,24.4,122.0,370,381,false,true,sd_one_sided
S5,1,temperature,25,navy,25,70,25,312.00,376.50,0.810,2.0,548.8,48.8,122.0,371,382,true,false,marker_partially_hidden;sd_one_sided
S5,1,temperature,25,navy,25,70,26,320.00,376.00,0.810,2.0,561.0,48.8,122.0,371,381,true,true,marker_partially_hidden
S5,1,temperature,25,navy,25,70,27,328.84,375.84,0.905,1.0,564.8,24.4,,371,380,false,false,sd_unavailable
S5,1,temperature,25,navy,25,70,28,337.84,375.84,0.905,1.0,564.8,24.4,109.8,371,380,true,true,
S5,1,temperature,25,navy,25,70,29,346.28,375.89,0.857,1.0,563.7,24.4,,370,381,false,false,sd_unavailable
S5,1,temperature,25,navy,25,70,30,354.72,375.89,0.857,1.0,563.7,24.4,122.0,371,381,true,true,
S5,1,temperature,25,navy,25,70,31,363.72,375.11,0.857,1.0,582.7,24.4,109.8,371,380,true,true,
S5,1,temperature,25,navy,25,70,32,372.11,375.28,0.857,1.0,578.6,24.4,134.1,370,381,true,true,
S5,1,temperature,25,navy,25,70,33,380.50,376.00,0.810,2.0,561.0,48.8,122.0,371,381,true,true,marker_partially_hidden
S5,1,temperature,25,navy,25,70,34,389.50,375.00,0.762,2.0,585.4,48.8,122.0,370,380,true,true,marker_partially_hidden
S5,1,temperature,25,navy,25,70,35,397.89,375.28,0.857,1.0,578.6,24.4,109.8,371,380,true,true,
S5,1,temperature,25,navy,25,70,36,406.16,375.84,0.905,1.0,564.8,24.4,122.0,371,381,true,false,sd_one_sided
S5,1,temperature,25,navy,25,70,37,415.28,375.11,0.857,1.0,582.7,24.4,109.8,371,380,true,true,
S5,1,temperature,25,navy,25,70,38,423.50,375.00,0.810,2.0,585.4,48.8,109.8,371,380,true,true,marker_partially_hidden
S5,1,temperature,25,navy,25,70,39,432.05,375.10,0.952,1.0,582.9,24.4,109.8,371,380,true,true,
S5,1,temperature,25,navy,25,70,40,440.95,375.90,0.952,1.0,563.4,24.4,97.6,372,380,true,true,
S5,1,temperature,25,navy,25,70,41,449.28,375.11,0.857,1.0,582.7,24.4,122.0,370,380,false,true,sd_one_sided
S5,1,temperature,25,navy,25,70,42,457.89,375.28,0.857,1.0,578.6,24.4,,370,381,false,false,sd_unavailable
S5,1,temperature,25,navy,25,70,43,466.89,376.28,0.857,1.0,554.2,24.4,122.0,371,381,true,true,
S5,1,temperature,25,navy,25,70,44,475.16,375.16,0.905,1.0,581.5,24.4,,369,381,false,false,sd_unavailable
S5,1,temperature,25,navy,25,70,45,483.72,375.89,0.857,1.0,563.7,24.4,122.0,371,381,true,true,
S5,1,temperature,25,navy,25,70,46,492.72,375.11,0.857,1.0,582.7,24.4,122.0,370,381,true,false,sd_one_sided
S5,1,temperature,25,navy,25,70,47,501.05,375.10,0.952,1.0,582.9,24.4,109.8,371,380,true,true,
S5,1,temperature,25,navy,25,70,48,509.00,375.00,0.810,2.0,585.4,48.8,109.8,371,380,true,true,marker_partially_hidden
S5,1,temperature,25,navy,25,70,49,518.50,375.00,0.810,2.0,585.4,48.8,109.8,371,380,true,true,marker_partially_hidden
S5,1,temperature,25,navy,25,70,50,526.89,375.28,0.857,1.0,578.6,24.4,122.0,370,381,true,false,sd_one_sided
S5,1,temperature,25,navy,25,70,51,535.16,375.84,0.905,1.0,564.8,24.4,109.8,371,380,true,true,
S5,1,temperature,25,navy,25,70,52,544.00,374.50,0.810,2.0,597.6,48.8,122.0,370,380,true,true,marker_partially_hidden
S5,1,temperature,25,navy,25,70,53,552.72,375.89,0.857,1.0,563.7,24.4,122.0,370,381,false,true,sd_one_sided
S5,1,temperature,25,navy,25,70,54,561.00,375.00,0.810,2.0,585.4,48.8,122.0,370,380,true,false,marker_partially_hidden;sd_one_sided
S5,1,temperature,25,navy,25,70,55,569.95,375.10,0.952,1.0,582.9,24.4,134.1,370,381,true,true,
S5,1,temperature,25,navy,25,70,56,578.50,375.00,0.762,2.0,585.4,48.8,122.0,370,381,true,false,marker_partially_hidden;sd_one_sided
S5,1,temperature,25,navy,25,70,57,586.89,375.72,0.857,1.0,567.8,24.4,134.1,370,381,true,true,
S5,1,temperature,25,navy,25,70,58,595.89,375.28,0.857,1.0,578.6,24.4,,370,381,false,false,sd_unavailable
S5,1,temperature,25,navy,25,70,59,604.11,375.28,0.857,1.0,578.6,24.4,146.3,369,381,false,true,sd_one_sided
S5,1,temperature,25,navy,25,70,60,612.72,375.11,0.857,1.0,582.7,24.4,122.0,370,380,true,false,sd_one_sided
S5,1,temperature,25,navy,25,70,61,621.72,374.89,0.857,1.0,588.1,24.4,122.0,369,380,false,true,sd_one_sided
S5,1,temperature,25,navy,25,70,62,630.00,375.21,0.905,1.0,580.2,24.4,146.3,369,381,true,true,
S5,1,temperature,25,orange,25,75,1,108.00,396.00,0.619,2.0,73.2,48.8,122.0,391,397,true,false,marker_partially_hidden;sd_one_sided
S5,1,temperature,25,orange,25,75,2,116.00,395.67,0.857,1.0,81.3,24.4,,391,397,false,false,sd_unavailable
S5,1,temperature,25,orange,25,75,3,125.00,395.67,0.857,1.0,81.3,24.4,,392,397,false,false,sd_unavailable
S5,1,temperature,25,orange,25,75,4,134.00,391.00,1.000,1.0,195.1,24.4,97.6,387,393,true,false,sd_one_sided
S5,1,temperature,25,orange,25,75,5,142.00,382.00,1.000,1.0,414.6,24.4,97.6,380,386,false,true,sd_one_sided
S5,1,temperature,25,orange,25,75,6,151.05,381.10,0.952,1.0,436.6,24.4,,379,384,false,false,sd_below_marker_radius
S5,1,temperature,25,orange,25,75,7,160.00,378.00,1.000,1.0,512.2,24.4,,376,381,false,false,sd_below_marker_radius
S5,1,temperature,25,orange,25,75,8,168.00,376.00,1.000,1.0,561.0,24.4,,374,379,false,false,sd_below_marker_radius
S5,1,temperature,25,orange,25,75,9,177.05,372.10,0.952,1.0,656.1,24.4,,370,376,false,false,sd_unavailable
S5,1,temperature,25,orange,25,75,10,185.10,370.05,0.952,1.0,706.1,24.4,,368,373,false,false,sd_below_marker_radius
S5,1,temperature,25,orange,25,75,11,194.00,368.00,1.000,1.0,756.1,24.4,,364,374,false,false,sd_unavailable
S5,1,temperature,25,orange,25,75,12,202.00,365.00,1.000,1.0,829.3,24.4,170.7,358,375,true,false,sd_one_sided
S5,1,temperature,25,orange,25,75,13,211.00,361.00,1.000,1.0,926.8,24.4,,352,370,false,false,sd_unavailable
S5,1,temperature,25,orange,25,75,14,220.00,358.00,1.000,1.0,1000.0,24.4,292.7,345,370,false,true,sd_one_sided
S5,1,temperature,25,orange,25,75,15,228.10,354.95,0.952,1.0,1074.4,24.4,,342,367,false,false,sd_unavailable
S5,1,temperature,25,orange,25,75,16,237.10,352.95,0.952,1.0,1123.2,24.4,,338,368,false,false,sd_unavailable
S5,1,temperature,25,orange,25,75,17,245.90,350.05,0.952,1.0,1193.9,24.4,341.5,336,367,true,false,sd_one_sided
S5,1,temperature,25,orange,25,75,18,254.00,348.00,1.000,1.0,1243.9,24.4,390.2,332,364,true,true,
S5,1,temperature,25,orange,25,75,19,263.10,345.95,0.952,1.0,1293.9,24.4,,332,365,false,false,sd_unavailable
S5,1,temperature,25,orange,25,75,20,271.84,346.16,0.905,1.0,1288.8,24.4,,325,367,false,false,sd_unavailable
S5,1,temperature,25,orange,25,75,21,280.00,343.00,1.000,1.0,1365.9,24.4,536.6,324,365,false,true,sd_one_sided
S5,1,temperature,25,orange,25,75,22,289.00,343.00,1.000,1.0,1365.9,24.4,,323,363,false,false,sd_unavailable
S5,1,temperature,25,orange,25,75,23,297.67,341.00,0.857,1.0,1414.6,24.4,,321,362,false,false,sd_unavailable
S5,1,temperature,25,orange,25,75,24,305.90,342.05,0.952,1.0,1389.0,24.4,536.6,320,365,true,false,sd_one_sided
S5,1,temperature,25,orange,25,75,25,315.00,340.00,1.000,1.0,1439.0,24.4,,319,366,false,false,sd_unavailable
S5,1,temperature,25,orange,25,75,26,323.00,340.00,1.000,1.0,1439.0,24.4,536.6,313,362,false,true,sd_one_sided
S5,1,temperature,25,orange,25,75,27,331.90,338.05,0.952,1.0,1486.6,24.4,585.4,313,362,false,true,sd_one_sided
S5,1,temperature,25,orange,25,75,28,340.90,336.05,0.952,1.0,1535.4,24.4,,309,363,false,false,sd_unavailable
S5,1,temperature,25,orange,25,75,29,349.00,336.00,1.000,1.0,1536.6,24.4,,309,365,false,false,sd_unavailable
S5,1,temperature,25,orange,25,75,30,357.10,335.05,0.952,1.0,1559.8,24.4,487.8,315,363,true,false,sd_one_sided
S5,1,temperature,25,orange,25,75,31,366.10,334.95,0.952,1.0,1562.2,24.4,,310,364,false,false,sd_unavailable
S5,1,temperature,25,orange,25,75,32,375.00,336.00,1.000,1.0,1536.6,24.4,,308,365,false,false,sd_unavailable
S5,1,temperature,25,orange,25,75,33,383.00,334.00,1.000,1.0,1585.4,24.4,,309,367,false,false,sd_unavailable
S5,1,temperature,25,orange,25,75,34,392.00,334.00,1.000,1.0,1585.4,24.4,,308,366,false,false,sd_unavailable
S5,1,temperature,25,orange,25,75,35,400.00,334.00,1.000,1.0,1585.4,24.4,,308,365,false,false,sd_unavailable
S5,1,temperature,25,orange,25,75,36,409.00,334.00,1.000,1.0,1585.4,24.4,731.7,315,364,false,true,sd_one_sided
S5,1,temperature,25,orange,25,75,37,418.00,333.00,1.000,1.0,1609.8,24.4,,300,366,false,false,sd_unavailable
S5,1,temperature,25,orange,25,75,38,426.00,333.00,1.000,1.0,1609.8,24.4,865.9,296,367,true,true,sd_asymmetric_bar
S5,1,temperature,25,orange,25,75,39,435.00,332.00,1.000,1.0,1634.1,24.4,829.3,296,366,false,true,sd_one_sided
S5,1,temperature,25,orange,25,75,40,444.00,332.00,1.000,1.0,1634.1,24.4,853.7,295,367,false,true,sd_one_sided
S5,1,temperature,25,orange,25,75,41,452.00,330.00,1.000,1.0,1682.9,24.4,878.0,294,366,true,false,sd_one_sided
S5,1,temperature,25,orange,25,75,42,461.00,329.00,1.000,1.0,1707.3,24.4,878.0,293,366,true,false,sd_one_sided
S5,1,temperature,25,orange,25,75,43,469.10,328.05,0.952,1.0,1730.5,24.4,878.0,292,364,true,false,sd_one_sided
S5,1,temperature,25,orange,25,75,44,478.00,329.00,1.000,1.0,1707.3,24.4,780.5,294,361,false,true,sd_one_sided
S5,1,temperature,25,orange,25,75,45,486.00,326.00,1.000,1.0,1780.5,24.4,,288,363,false,false,sd_unavailable
S5,1,temperature,25,orange,25,75,46,495.21,326.05,0.905,1.0,1779.2,24.4,902.4,288,363,false,true,sd_one_sided
S5,1,temperature,25,orange,25,75,47,503.90,324.05,0.952,1.0,1828.0,24.4,,287,363,false,false,sd_unavailable
S5,1,temperature,25,orange,25,75,48,512.00,324.00,1.000,1.0,1829.3,24.4,902.4,287,365,true,false,sd_one_sided
S5,1,temperature,25,orange,25,75,49,521.00,323.00,1.000,1.0,1853.7,24.4,951.2,285,363,true,true,
S5,1,temperature,25,orange,25,75,50,529.90,322.05,0.952,1.0,1876.8,24.4,951.2,283,361,true,true,
S5,1,temperature,25,orange,25,75,51,538.00,322.00,1.000,1.0,1878.0,24.4,963.4,282,361,true,true,
S5,1,temperature,25,orange,25,75,52,547.00,322.00,1.000,1.0,1878.0,24.4,951.2,283,361,false,true,sd_one_sided
S5,1,temperature,25,orange,25,75,53,555.00,322.00,1.000,1.0,1878.0,24.4,,283,361,false,false,sd_unavailable
S5,1,temperature,25,orange,25,75,54,564.00,320.00,1.000,1.0,1926.8,24.4,1000.0,280,361,false,true,sd_one_sided
S5,1,temperature,25,orange,25,75,55,573.00,320.00,1.000,1.0,1926.8,24.4,987.8,280,361,true,true,
S5,1,temperature,25,orange,25,75,56,581.00,319.00,1.000,1.0,1951.2,24.4,,277,361,false,false,sd_unavailable
S5,1,temperature,25,orange,25,75,57,590.00,319.00,1.000,1.0,1951.2,24.4,1048.8,275,362,false,true,sd_one_sided
S5,1,temperature,25,orange,25,75,58,598.00,319.00,1.000,1.0,1951.2,24.4,,273,362,false,false,sd_unavailable
S5,1,temperature,25,orange,25,75,59,607.00,318.00,1.000,1.0,1975.6,24.4,1048.8,275,361,false,true,sd_one_sided
S5,1,temperature,25,orange,25,75,60,615.00,317.00,1.000,1.0,2000.0,24.4,1097.6,272,361,true,false,sd_one_sided
S5,1,temperature,25,orange,25,75,61,624.05,317.10,0.952,1.0,1997.6,24.4,1073.2,272,360,true,true,
S5,1,temperature,25,orange,25,75,62,633.00,317.00,1.000,1.0,2000.0,24.4,1097.6,272,364,true,false,sd_one_sided
S5,1,temperature,25,green,25,80,1,106.00,394.00,0.667,2.0,122.0,48.8,,392,395,false,false,marker_partially_hidden;sd_below_marker_radius
S5,1,temperature,25,green,25,80,2,114.20,392.60,0.476,2.0,156.1,48.8,,391,393,false,false,marker_partially_hidden;sd_below_marker_radius
S5,1,temperature,25,green,25,80,3,124.05,388.90,0.952,1.0,246.3,24.4,97.6,385,391,true,false,sd_one_sided
S5,1,temperature,25,green,25,80,4,132.84,383.16,0.905,1.0,386.4,24.4,97.6,379,386,true,false,sd_one_sided
S5,1,temperature,25,green,25,80,6,149.40,378.20,0.381,2.0,507.3,48.8,,375,379,false,false,marker_partially_hidden;sd_below_marker_radius
S5,1,temperature,25,green,25,80,7,158.00,375.00,0.619,2.0,585.4,48.8,146.3,369,375,true,false,marker_partially_hidden;sd_one_sided
S5,1,temperature,25,green,25,80,8,166.50,373.00,0.381,2.0,634.1,48.8,146.3,367,373,true,false,marker_partially_hidden;sd_one_sided
S5,1,temperature,25,green,25,80,9,175.33,368.67,0.476,2.0,739.8,48.8,,367,376,false,false,marker_partially_hidden;sd_unavailable
S5,1,temperature,25,green,25,80,10,184.11,364.28,0.857,1.0,846.9,24.4,,357,366,false,false,sd_unavailable
S5,1,temperature,25,green,25,80,11,192.89,359.28,0.857,1.0,968.8,24.4,170.7,352,363,true,false,sd_one_sided
S5,1,temperature,25,green,25,80,12,201.00,353.21,0.905,1.0,1116.8,24.4,97.6,346,357,false,true,sd_one_sided
S5,1,temperature,25,green,25,80,13,210.00,345.21,0.905,1.0,1311.9,24.4,243.9,335,350,true,false,sd_one_sided
S5,1,temperature,25,green,25,80,14,218.79,339.00,0.905,1.0,1463.4,24.4,109.8,335,344,true,true,
S5,1,temperature,25,green,25,80,15,226.89,333.72,0.857,1.0,1592.1,24.4,317.1,321,343,true,false,sd_one_sided
S5,1,temperature,25,green,25,80,16,236.00,327.50,0.810,2.0,1743.9,48.8,292.7,316,337,true,false,marker_partially_hidden;sd_one_sided
S5,1,temperature,25,green,25,80,17,244.50,324.50,0.714,2.0,1817.1,48.8,122.0,319,329,true,false,marker_partially_hidden;sd_one_sided
S5,1,temperature,25,green,25,80,18,252.89,318.28,0.857,1.0,1968.8,24.4,317.1,305,331,true,true,
S5,1,temperature,25,green,25,80,19,261.72,316.11,0.857,1.0,2021.7,24.4,268.3,303,327,false,true,sd_one_sided
S5,1,temperature,25,green,25,80,20,270.16,312.16,0.905,1.0,2118.1,24.4,,297,339,false,false,sd_unavailable
S5,1,temperature,25,green,25,80,21,278.50,311.00,0.762,2.0,2146.3,48.8,,304,324,false,false,marker_partially_hidden;sd_unavailable
S5,1,temperature,25,green,25,80,22,287.50,308.50,0.810,2.0,2207.3,48.8,341.5,304,322,false,true,marker_partially_hidden;sd_one_sided
S5,1,temperature,25,green,25,80,23,295.90,307.95,0.952,1.0,2220.7,24.4,439.0,290,320,true,false,sd_one_sided
S5,1,temperature,25,green,25,80,24,304.28,306.11,0.857,1.0,2265.6,24.4,,288,320,false,false,sd_unavailable
S5,1,temperature,25,green,25,80,25,313.28,305.89,0.857,1.0,2271.0,24.4,97.6,286,310,false,true,sd_one_sided
S5,1,temperature,25,green,25,80,26,321.83,305.72,0.857,1.0,2275.1,24.4,,298,312,false,false,sd_unavailable
S5,1,temperature,25,green,25,80,27,330.00,305.00,1.000,1.0,2292.7,24.4,,288,313,false,false,sd_unavailable
S5,1,temperature,25,green,25,80,28,339.11,304.28,0.857,1.0,2310.3,24.4,,286,316,false,false,sd_unavailable
S5,1,temperature,25,green,25,80,29,347.50,305.00,0.762,2.0,2292.7,48.8,,286,308,false,false,marker_partially_hidden;sd_unavailable
S5,1,temperature,25,green,25,80,30,356.05,306.10,0.952,1.0,2265.9,24.4,,288,315,false,false,sd_unavailable
S5,1,temperature,25,green,25,80,31,365.00,306.00,1.000,1.0,2268.3,24.4,,290,310,false,false,sd_unavailable
S5,1,temperature,25,green,25,80,32,373.16,304.84,0.905,1.0,2296.5,24.4,,286,326,false,false,sd_unavailable
S5,1,temperature,25,green,25,80,33,381.95,304.84,0.905,1.0,2296.5,24.4,439.0,286,323,false,true,sd_one_sided
S5,1,temperature,25,green,25,80,34,390.95,304.90,0.952,1.0,2295.1,24.4,268.3,288,316,false,true,sd_one_sided
S5,1,temperature,25,green,25,80,35,398.95,304.90,0.952,1.0,2295.1,24.4,,288,324,false,false,sd_unavailable
S5,1,temperature,25,green,25,80,36,407.72,308.11,0.857,1.0,2216.8,24.4,341.5,302,322,false,true,sd_one_sided
S5,1,temperature,25,green,25,80,37,416.67,306.00,0.857,1.0,2268.3,24.4,414.6,288,323,false,true,sd_one_sided
S5,1,temperature,25,green,25,80,38,425.00,306.00,1.000,1.0,2268.3,24.4,414.6,289,322,true,false,sd_one_sided
S5,1,temperature,25,green,25,80,39,433.16,307.84,0.905,1.0,2223.4,24.4,439.0,290,325,true,false,sd_one_sided
S5,1,temperature,25,green,25,80,40,442.05,309.10,0.952,1.0,2192.7,24.4,,292,323,false,false,sd_unavailable
S5,1,temperature,25,green,25,80,41,451.00,310.00,1.000,1.0,2170.7,24.4,,293,319,false,false,sd_unavailable
S5,1,temperature,25,green,25,80,42,459.05,308.90,0.952,1.0,2197.6,24.4,,306,325,false,false,sd_unavailable
S5,1,temperature,25,green,25,80,43,468.16,308.84,0.905,1.0,2199.0,24.4,,288,324,false,false,sd_unavailable
S5,1,temperature,25,green,25,80,44,477.00,310.00,1.000,1.0,2170.7,24.4,,292,318,false,false,sd_unavailable
S5,1,temperature,25,green,25,80,45,485.05,308.10,0.952,1.0,2217.1,24.4,,296,332,false,false,sd_unavailable
S5,1,temperature,25,green,25,80,46,493.90,308.95,0.952,1.0,2196.3,24.4,122.0,304,312,true,false,sd_one_sided
S5,1,temperature,25,green,25,80,47,502.00,311.00,1.000,1.0,2146.3,24.4,,303,327,false,false,sd_unavailable
S5,1,temperature,25,green,25,80,48,511.05,310.90,0.952,1.0,2148.8,24.4,,296,329,false,false,sd_unavailable
S5,1,temperature,25,green,25,80,49,519.67,312.00,0.857,1.0,2122.0,24.4,109.8,307,316,true,true,
S5,1,temperature,25,green,25,80,50,528.00,312.00,1.000,1.0,2122.0,24.4,,299,326,false,false,sd_unavailable
S5,1,temperature,25,green,25,80,51,536.90,311.95,0.952,1.0,2123.2,24.4,97.6,290,316,false,true,sd_one_sided
S5,1,temperature,25,green,25,80,52,545.67,313.00,0.857,1.0,2097.6,24.4,97.6,309,316,true,false,sd_one_sided
S5,1,temperature,25,green,25,80,53,553.95,313.84,0.905,1.0,2077.0,24.4,97.6,310,335,true,false,sd_one_sided
S5,1,temperature,25,green,25,80,54,562.28,312.11,0.857,1.0,2119.2,24.4,,294,324,false,false,sd_unavailable
S5,1,temperature,25,green,25,80,55,571.05,313.10,0.952,1.0,2095.1,24.4,,290,327,false,false,sd_unavailable
S5,1,temperature,25,green,25,80,56,579.79,313.00,0.905,1.0,2097.6,24.4,122.0,308,326,true,false,sd_one_sided
S5,1,temperature,25,green,25,80,57,588.00,314.00,0.905,1.0,2073.2,24.4,,306,327,false,false,sd_unavailable
S5,1,temperature,25,green,25,80,58,597.00,314.00,0.810,2.0,2073.2,48.8,97.6,310,331,true,false,marker_partially_hidden;sd_one_sided
S5,1,temperature,25,green,25,80,59,605.05,312.90,0.952,1.0,2100.0,24.4,,289,330,false,false,sd_unavailable
S5,1,temperature,25,green,25,80,60,613.00,314.00,0.429,2.0,2073.2,48.8,,311,315,false,false,marker_partially_hidden;sd_below_marker_radius
S5,1,temperature,25,green,25,80,61,623.00,313.00,0.714,2.0,2097.6,48.8,,311,335,false,false,marker_partially_hidden;sd_unavailable
S5,1,temperature,25,green,25,80,62,631.00,313.00,0.714,2.0,2097.6,48.8,,292,335,false,false,marker_partially_hidden;sd_unavailable
S5,2,temperature,20,light_blue,20,65,2,112.50,395.00,0.667,2.0,79.3,48.9,,393,396,false,false,marker_partially_hidden;sd_below_marker_radius
S5,2,temperature,20,light_blue,20,65,10,180.50,384.00,0.476,2.0,348.5,48.9,,382,385,false,false,marker_partially_hidden;sd_below_marker_radius
S5,2,temperature,20,light_blue,20,65,13,206.33,376.33,0.524,2.0,536.0,48.9,,369,378,false,false,marker_partially_hidden;sd_unavailable
S5,2,temperature,20,light_blue,20,65,14,215.00,374.00,0.762,2.0,593.1,48.9,244.7,372,384,false,true,marker_partially_hidden;sd_one_sided
S5,2,temperature,20,light_blue,20,65,15,224.00,371.50,0.667,2.0,654.3,48.9,342.5,358,374,true,false,marker_partially_hidden;sd_one_sided
S5,2,temperature,20,light_blue,20,65,16,233.00,368.00,0.762,2.0,739.9,48.9,,366,380,false,false,marker_partially_hidden;sd_unavailable
S5,2,temperature,20,light_blue,20,65,17,242.00,365.00,0.667,2.0,813.3,48.9,,363,379,false,false,marker_partially_hidden;sd_unavailable
S5,2,temperature,20,light_blue,20,65,18,250.00,362.00,0.762,2.0,886.7,48.9,416.0,361,379,false,true,marker_partially_hidden;sd_one_sided
S5,2,temperature,20,light_blue,20,65,19,259.00,358.00,0.762,2.0,984.6,48.9,,357,361,false,false,marker_partially_hidden;sd_below_marker_radius
S5,2,temperature,20,light_blue,20,65,20,268.00,357.00,0.714,2.0,1009.1,48.9,,355,358,false,false,marker_partially_hidden;sd_below_marker_radius
S5,2,temperature,20,light_blue,20,65,21,275.89,352.28,0.857,1.0,1124.6,24.5,,350,355,false,false,sd_below_marker_radius
S5,2,temperature,20,light_blue,20,65,22,285.00,348.00,0.619,2.0,1229.3,48.9,,347,372,false,false,marker_partially_hidden;sd_unavailable
S5,2,temperature,20,light_blue,20,65,23,293.83,344.28,0.857,1.0,1320.4,24.5,,342,368,false,false,sd_unavailable
S5,2,temperature,20,light_blue,20,65,24,301.50,342.00,0.619,2.0,1376.1,48.9,,340,371,false,false,marker_partially_hidden;sd_unavailable
S5,2,temperature,20,light_blue,20,65,25,310.50,338.00,0.810,2.0,1474.0,48.9,,328,342,false,false,marker_partially_hidden;sd_unavailable
S5,2,temperature,20,light_blue,20,65,26,318.84,336.16,0.905,1.0,1519.0,24.5,,333,340,false,false,sd_unavailable
S5,2,temperature,20,light_blue,20,65,27,327.90,332.95,0.952,1.0,1597.5,24.5,831.9,331,367,false,true,sd_one_sided
S5,2,temperature,20,light_blue,20,65,28,336.50,331.00,0.810,2.0,1645.2,48.9,,309,339,false,false,marker_partially_hidden;sd_unavailable
S5,2,temperature,20,light_blue,20,65,29,344.84,327.84,0.905,1.0,1722.5,24.5,,324,365,false,false,sd_unavailable
S5,2,temperature,20,light_blue,20,65,30,353.00,327.00,0.714,2.0,1743.1,48.9,,323,332,false,false,marker_partially_hidden;sd_unavailable
S5,2,temperature,20,light_blue,20,65,31,362.50,326.00,0.810,2.0,1767.6,48.9,,314,330,false,false,marker_partially_hidden;sd_unavailable
S5,2,temperature,20,light_blue,20,65,32,370.00,324.00,0.810,2.0,1816.5,48.9,,309,334,false,false,marker_partially_hidden;sd_unavailable
S5,2,temperature,20,light_blue,20,65,33,378.84,323.84,0.905,1.0,1820.4,24.5,,320,338,false,false,sd_unavailable
S5,2,temperature,20,light_blue,20,65,34,388.00,323.00,1.000,1.0,1841.0,24.5,,320,362,false,false,sd_unavailable
S5,2,temperature,20,light_blue,20,65,35,396.00,323.00,0.810,2.0,1841.0,48.9,,290,335,false,false,marker_partially_hidden;sd_unavailable
S5,2,temperature,20,light_blue,20,65,36,404.50,323.00,0.571,2.0,1841.0,48.9,,317,326,false,false,marker_partially_hidden;sd_unavailable
S5,2,temperature,20,light_blue,20,65,37,413.00,321.00,0.762,2.0,1889.9,48.9,,314,325,false,false,marker_partially_hidden;sd_unavailable
S5,2,temperature,20,light_blue,20,65,38,422.00,321.00,0.762,2.0,1889.9,48.9,,300,327,false,false,marker_partially_hidden;sd_unavailable
S5,2,temperature,20,light_blue,20,65,39,430.78,320.22,0.857,1.0,1909.0,24.5,,312,326,false,false,sd_unavailable
S5,2,temperature,20,light_blue,20,65,40,439.50,321.00,0.810,2.0,1889.9,48.9,1027.6,319,363,false,true,marker_partially_hidden;sd_one_sided
S5,2,temperature,20,light_blue,20,65,41,447.90,320.95,0.952,1.0,1891.1,24.5,,316,325,false,false,sd_unavailable
S5,2,temperature,20,light_blue,20,65,42,456.00,320.50,0.762,2.0,1902.2,48.9,,309,335,false,false,marker_partially_hidden;sd_unavailable
S5,2,temperature,20,light_blue,20,65,43,465.78,320.94,0.857,1.0,1891.3,24.5,,319,323,false,false,sd_below_marker_radius
S5,2,temperature,20,light_blue,20,65,44,474.00,321.00,0.810,2.0,1889.9,48.9,,316,326,false,false,marker_partially_hidden;sd_unavailable
S5,2,temperature,20,light_blue,20,65,45,482.00,320.89,0.905,1.0,1892.5,24.5,,280,362,false,false,sd_unavailable
S5,2,temperature,20,light_blue,20,65,46,491.00,319.00,0.762,2.0,1938.9,48.9,,315,324,false,false,marker_partially_hidden;sd_unavailable
S5,2,temperature,20,light_blue,20,65,47,500.00,321.00,0.810,2.0,1889.9,48.9,1003.2,319,362,false,true,marker_partially_hidden;sd_one_sided
S5,2,temperature,20,light_blue,20,65,48,507.90,320.95,0.952,1.0,1891.1,24.5,,303,330,false,false,sd_unavailable
S5,2,temperature,20,light_blue,20,65,49,516.50,321.00,0.762,2.0,1889.9,48.9,,280,335,false,false,marker_partially_hidden;sd_unavailable
S5,2,temperature,20,light_blue,20,65,50,525.00,322.00,0.810,2.0,1865.5,48.9,,319,327,false,false,marker_partially_hidden;sd_unavailable
S5,2,temperature,20,light_blue,20,65,51,534.00,321.00,0.762,2.0,1889.9,48.9,,315,327,false,false,marker_partially_hidden;sd_unavailable
S5,2,temperature,20,light_blue,20,65,52,542.84,321.84,0.905,1.0,1869.3,24.5,,308,328,false,false,sd_unavailable
S5,2,temperature,20,light_blue,20,65,53,551.00,322.00,0.810,2.0,1865.5,48.9,,319,325,false,false,marker_partially_hidden;sd_below_marker_radius
S5,2,temperature,20,light_blue,20,65,54,560.00,321.00,0.810,2.0,1889.9,48.9,,317,326,false,false,marker_partially_hidden;sd_unavailable
S5,2,temperature,20,light_blue,20,65,55,568.50,320.00,0.762,2.0,1914.4,48.9,,288,325,false,false,marker_partially_hidden;sd_unavailable
S5,2,temperature,20,light_blue,20,65,56,577.00,321.00,0.810,2.0,1889.9,48.9,,316,326,false,false,marker_partially_hidden;sd_unavailable
S5,2,temperature,20,light_blue,20,65,57,585.11,320.94,0.857,1.0,1891.3,24.5,,317,324,false,false,sd_unavailable
S5,2,temperature,20,light_blue,20,65,58,594.72,321.11,0.857,1.0,1887.2,24.5,122.3,316,324,true,false,sd_one_sided
S5,2,temperature,20,light_blue,20,65,59,603.00,321.00,0.762,2.0,1889.9,48.9,,316,325,false,false,marker_partially_hidden;sd_unavailable
S5,2,temperature,20,light_blue,20,65,60,610.78,320.22,0.857,1.0,1909.0,24.5,,316,325,false,false,sd_unavailable
S5,2,temperature,20,light_blue,20,65,61,620.00,320.50,0.810,2.0,1902.2,48.9,,316,326,false,false,marker_partially_hidden;sd_unavailable
S5,2,temperature,20,light_blue,20,65,62,628.00,320.00,0.762,2.0,1914.4,48.9,,314,348,false,false,marker_partially_hidden;sd_unavailable
S5,2,temperature,20,navy,20,70,1,108.50,392.00,0.619,2.0,152.7,48.9,,389,394,false,false,marker_partially_hidden;sd_below_marker_radius
S5,2,temperature,20,navy,20,70,2,116.95,392.90,0.952,1.0,130.7,24.5,,390,395,false,false,sd_below_marker_radius
S5,2,temperature,20,navy,20,70,3,125.50,393.00,0.619,2.0,128.2,48.9,,391,396,false,false,marker_partially_hidden;sd_below_marker_radius
S5,2,temperature,20,navy,20,70,4,135.50,391.00,0.619,2.0,177.2,48.9,,388,394,false,false,marker_partially_hidden;sd_below_marker_radius
S5,2,temperature,20,navy,20,70,5,142.67,388.67,0.619,2.0,234.3,48.9,,383,394,false,false,marker_partially_hidden;sd_unavailable
S5,2,temperature,20,navy,20,70,6,151.00,385.50,0.667,2.0,311.8,48.9,,380,386,false,false,marker_partially_hidden;sd_unavailable
S5,2,temperature,20,navy,20,70,7,160.00,381.50,0.667,2.0,409.6,48.9,,378,383,false,false,marker_partially_hidden;sd_unavailable
S5,2,temperature,20,navy,20,70,8,168.50,380.00,0.714,2.0,446.3,48.9,,374,382,false,false,marker_partially_hidden;sd_unavailable
S5,2,temperature,20,navy,20,70,9,176.67,378.67,0.714,2.0,479.0,48.9,171.3,372,381,true,false,marker_partially_hidden;sd_one_sided
S5,2,temperature,20,navy,20,70,10,187.00,378.50,0.762,2.0,483.0,48.9,,376,380,false,false,marker_partially_hidden;sd_below_marker_radius
S5,2,temperature,20,navy,20,70,11,194.50,377.00,0.762,2.0,519.7,48.9,122.3,372,379,true,false,marker_partially_hidden;sd_one_sided
S5,2,temperature,20,navy,20,70,12,202.50,375.00,0.667,2.0,568.7,48.9,97.9,371,378,true,false,marker_partially_hidden;sd_one_sided
S5,2,temperature,20,navy,20,70,13,211.50,372.00,0.619,2.0,642.1,48.9,,369,374,false,false,marker_partially_hidden;sd_below_marker_radius
S5,2,temperature,20,navy,20,70,14,220.00,371.00,0.762,2.0,666.5,48.9,,367,372,false,false,marker_partially_hidden;sd_unavailable
S5,2,temperature,20,navy,20,70,15,228.00,368.00,0.667,2.0,739.9,48.9,,363,371,false,false,marker_partially_hidden;sd_unavailable
S5,2,temperature,20,navy,20,70,16,237.00,365.50,0.762,2.0,801.1,48.9,,352,368,false,false,marker_partially_hidden;sd_unavailable
S5,2,temperature,20,navy,20,70,17,245.33,362.67,0.810,2.0,870.4,48.9,,355,365,false,false,marker_partially_hidden;sd_unavailable
S5,2,temperature,20,navy,20,70,18,254.11,360.00,0.905,1.0,935.7,24.5,,345,375,false,false,sd_unavailable
S5,2,temperature,20,navy,20,70,19,263.50,357.00,0.714,2.0,1009.1,48.9,,355,360,false,false,marker_partially_hidden;sd_below_marker_radius
S5,2,temperature,20,navy,20,70,20,271.11,353.94,0.857,1.0,1083.8,24.5,440.4,336,358,true,false,sd_one_sided
S5,2,temperature,20,navy,20,70,21,280.00,350.50,0.762,2.0,1168.1,48.9,,348,355,false,false,marker_partially_hidden;sd_unavailable
S5,2,temperature,20,navy,20,70,22,289.00,347.00,0.762,2.0,1253.8,48.9,489.4,327,367,true,false,marker_partially_hidden;sd_one_sided
S5,2,temperature,20,navy,20,70,23,298.00,344.00,0.714,2.0,1327.2,48.9,,330,348,false,false,marker_partially_hidden;sd_unavailable
S5,2,temperature,20,navy,20,70,24,305.33,342.67,0.810,2.0,1359.8,48.9,636.2,317,345,true,false,marker_partially_hidden;sd_one_sided
S5,2,temperature,20,navy,20,70,25,314.72,340.89,0.857,1.0,1403.3,24.5,,319,365,false,false,sd_unavailable
S5,2,temperature,20,navy,20,70,26,323.33,340.00,0.857,1.0,1425.0,24.5,,312,345,false,false,sd_unavailable
S5,2,temperature,20,navy,20,70,27,331.10,336.95,0.952,1.0,1499.7,24.5,709.6,308,340,true,false,sd_one_sided
S5,2,temperature,20,navy,20,70,28,341.00,335.00,0.714,2.0,1547.4,48.9,,314,339,false,false,marker_partially_hidden;sd_unavailable
S5,2,temperature,20,navy,20,70,29,349.28,333.17,0.857,1.0,1592.2,24.5,,301,338,false,false,sd_unavailable
S5,2,temperature,20,navy,20,70,30,357.00,331.00,1.000,1.0,1645.2,24.5,807.4,298,334,true,false,sd_one_sided
S5,2,temperature,20,navy,20,70,31,366.05,329.16,0.905,1.0,1690.3,24.5,,294,342,false,false,sd_unavailable
S5,2,temperature,20,navy,20,70,32,374.16,326.84,0.905,1.0,1747.0,24.5,,319,329,false,false,sd_unavailable
S5,2,temperature,20,navy,20,70,33,383.00,325.50,0.810,2.0,1779.8,48.9,,290,329,false,false,marker_partially_hidden;sd_unavailable
S5,2,temperature,20,navy,20,70,34,393.00,325.00,0.810,2.0,1792.1,48.9,,320,328,false,false,marker_partially_hidden;sd_unavailable
S5,2,temperature,20,navy,20,70,35,400.84,322.05,0.905,1.0,1864.2,24.5,,300,329,false,false,sd_unavailable
S5,2,temperature,20,navy,20,70,36,409.00,320.79,0.905,1.0,1895.1,24.5,,308,326,false,false,sd_unavailable
S5,2,temperature,20,navy,20,70,37,417.90,318.95,0.952,1.0,1940.1,24.5,,273,326,false,false,sd_unavailable
S5,2,temperature,20,navy,20,70,38,426.00,317.33,0.857,1.0,1979.6,24.5,,272,365,false,false,sd_unavailable
S5,2,temperature,20,navy,20,70,39,434.28,316.89,0.857,1.0,1990.5,24.5,,311,320,false,false,sd_unavailable
S5,2,temperature,20,navy,20,70,40,443.72,315.89,0.857,1.0,2015.0,24.5,,304,321,false,false,sd_unavailable
S5,2,temperature,20,navy,20,70,41,452.00,314.00,1.000,1.0,2061.2,24.5,,262,366,false,false,sd_unavailable
S5,2,temperature,20,navy,20,70,42,460.17,313.72,0.857,1.0,2068.0,24.5,,261,317,false,false,sd_unavailable
S5,2,temperature,20,navy,20,70,43,469.28,309.11,0.857,1.0,2180.8,24.5,,256,367,false,false,sd_unavailable
S5,2,temperature,20,navy,20,70,44,477.89,310.28,0.857,1.0,2152.3,24.5,,254,367,false,false,sd_unavailable
S5,2,temperature,20,navy,20,70,45,486.00,308.79,0.905,1.0,2188.7,24.5,,282,312,false,false,sd_unavailable
S5,2,temperature,20,navy,20,70,46,495.11,308.28,0.857,1.0,2201.2,24.5,,250,324,false,false,sd_unavailable
S5,2,temperature,20,navy,20,70,47,503.72,306.11,0.857,1.0,2254.2,24.5,,278,326,false,false,sd_unavailable
S5,2,temperature,20,navy,20,70,48,512.00,306.00,1.000,1.0,2256.9,24.5,,248,313,false,false,sd_unavailable
S5,2,temperature,20,navy,20,70,49,521.10,305.05,0.952,1.0,2280.2,24.5,,261,312,false,false,sd_unavailable
S5,2,temperature,20,navy,20,70,50,529.50,307.00,0.810,2.0,2232.5,48.9,,272,320,false,false,marker_partially_hidden;sd_unavailable
S5,2,temperature,20,navy,20,70,51,537.90,304.95,0.952,1.0,2282.6,24.5,,242,312,false,false,sd_unavailable
S5,2,temperature,20,navy,20,70,52,547.05,304.89,0.905,1.0,2284.0,24.5,,275,319,false,false,sd_unavailable
S5,2,temperature,20,navy,20,70,53,555.11,305.72,0.857,1.0,2263.7,24.5,342.5,287,320,false,true,sd_one_sided
S5,2,temperature,20,navy,20,70,54,564.00,304.00,0.810,2.0,2305.9,48.9,,240,336,false,false,marker_partially_hidden;sd_unavailable
S5,2,temperature,20,navy,20,70,55,573.00,303.00,0.810,2.0,2330.3,48.9,,283,308,false,false,marker_partially_hidden;sd_unavailable
S5,2,temperature,20,navy,20,70,56,581.33,303.00,0.857,1.0,2330.3,24.5,,239,324,false,false,sd_unavailable
S5,2,temperature,20,navy,20,70,57,589.17,302.28,0.857,1.0,2348.0,24.5,97.9,300,306,false,true,sd_one_sided
S5,2,temperature,20,navy,20,70,58,598.11,302.28,0.857,1.0,2348.0,24.5,,246,366,false,false,sd_unavailable
S5,2,temperature,20,navy,20,70,59,606.89,302.28,0.857,1.0,2348.0,24.5,,250,368,false,false,sd_unavailable
S5,2,temperature,20,navy,20,70,60,615.00,302.00,0.810,2.0,2354.8,48.9,,299,307,false,false,marker_partially_hidden;sd_unavailable
S5,2,temperature,20,navy,20,70,61,624.11,303.00,0.905,1.0,2330.3,24.5,,241,366,false,false,sd_unavailable
S5,2,temperature,20,navy,20,70,62,632.28,302.89,0.857,1.0,2333.1,24.5,,239,319,false,false,sd_unavailable
S5,2,temperature,20,orange,20,75,1,105.33,392.33,0.619,2.0,144.6,48.9,,389,394,false,false,marker_partially_hidden;sd_below_marker_radius
S5,2,temperature,20,orange,20,75,2,113.50,389.00,0.619,2.0,226.1,48.9,220.2,380,391,true,false,marker_partially_hidden;sd_one_sided
S5,2,temperature,20,orange,20,75,3,121.00,391.50,0.667,2.0,164.9,48.9,,389,393,false,false,marker_partially_hidden;sd_below_marker_radius
S5,2,temperature,20,orange,20,75,8,165.67,381.33,0.619,2.0,413.7,48.9,,378,383,false,false,marker_partially_hidden;sd_below_marker_radius
S5,2,temperature,20,orange,20,75,9,173.90,381.05,0.952,1.0,420.6,24.5,,375,383,false,false,sd_unavailable
S5,2,temperature,20,orange,20,75,10,183.00,379.50,0.714,2.0,458.6,48.9,,372,382,false,false,marker_partially_hidden;sd_unavailable
S5,2,temperature,20,orange,20,75,11,191.00,378.00,0.810,2.0,495.3,48.9,195.7,370,380,true,false,marker_partially_hidden;sd_one_sided
S5,2,temperature,20,orange,20,75,12,199.00,375.00,0.667,2.0,568.7,48.9,,366,377,false,false,marker_partially_hidden;sd_unavailable
S5,2,temperature,20,orange,20,75,13,208.33,371.67,0.619,2.0,650.2,48.9,195.7,364,375,true,false,marker_partially_hidden;sd_one_sided
S5,2,temperature,20,orange,20,75,14,216.50,369.00,0.667,2.0,715.5,48.9,269.1,358,371,true,false,marker_partially_hidden;sd_one_sided
S5,2,temperature,20,orange,20,75,15,225.28,365.17,0.857,1.0,809.3,24.5,,354,368,false,false,sd_unavailable
S5,2,temperature,20,orange,20,75,16,234.28,362.17,0.857,1.0,882.7,24.5,,353,365,false,false,sd_unavailable
S5,2,temperature,20,orange,20,75,17,242.50,359.00,0.810,2.0,960.1,48.9,97.9,355,361,true,false,marker_partially_hidden;sd_one_sided
S5,2,temperature,20,orange,20,75,18,251.00,356.00,1.000,1.0,1033.6,24.5,,353,358,false,false,sd_below_marker_radius
S5,2,temperature,20,orange,20,75,19,261.00,353.00,1.000,1.0,1107.0,24.5,,341,355,false,false,sd_unavailable
S5,2,temperature,20,orange,20,75,20,269.00,350.00,1.000,1.0,1180.4,24.5,,335,352,false,false,sd_unavailable
S5,2,temperature,20,orange,20,75,21,277.00,346.00,1.000,1.0,1278.2,24.5,,334,358,false,false,sd_unavailable
S5,2,temperature,20,orange,20,75,22,286.00,343.00,1.000,1.0,1351.6,24.5,,328,358,false,false,sd_unavailable
S5,2,temperature,20,orange,20,75,23,295.00,338.00,1.000,1.0,1474.0,24.5,391.5,322,354,true,true,
S5,2,temperature,20,orange,20,75,24,303.00,336.00,1.000,1.0,1522.9,24.5,,328,353,false,false,sd_unavailable
S5,2,temperature,20,orange,20,75,25,312.00,332.00,1.000,1.0,1620.8,24.5,318.1,306,345,false,true,sd_one_sided
S5,2,temperature,20,orange,20,75,26,320.00,329.00,1.000,1.0,1694.2,24.5,587.2,303,351,true,true,sd_asymmetric_bar
S5,2,temperature,20,orange,20,75,27,329.00,322.00,1.000,1.0,1865.5,24.5,685.1,295,350,false,true,sd_one_sided
S5,2,temperature,20,orange,20,75,28,338.00,321.00,1.000,1.0,1889.9,24.5,734.0,291,339,true,false,sd_one_sided
S5,2,temperature,20,orange,20,75,29,346.00,317.00,1.000,1.0,1987.8,24.5,734.0,284,347,false,true,sd_one_sided
S5,2,temperature,20,orange,20,75,30,355.00,314.00,1.000,1.0,2061.2,24.5,,275,321,false,false,sd_unavailable
S5,2,temperature,20,orange,20,75,31,364.00,309.00,1.000,1.0,2183.5,24.5,905.3,272,344,true,false,sd_one_sided
S5,2,temperature,20,orange,20,75,32,372.00,305.00,1.000,1.0,2281.4,24.5,929.8,256,343,false,true,sd_one_sided
S5,2,temperature,20,orange,20,75,33,380.00,303.00,1.000,1.0,2330.3,24.5,,256,344,false,false,sd_unavailable
S5,2,temperature,20,orange,20,75,34,389.00,299.00,1.000,1.0,2428.2,24.5,,295,342,false,false,sd_unavailable
S5,2,temperature,20,orange,20,75,35,398.00,296.00,1.000,1.0,2501.6,24.5,1101.0,247,341,false,true,sd_one_sided
S5,2,temperature,20,orange,20,75,36,406.00,292.00,1.000,1.0,2599.5,24.5,1272.3,240,342,true,false,sd_one_sided
S5,2,temperature,20,orange,20,75,37,416.00,291.00,1.000,1.0,2624.0,24.5,232.4,281,300,true,true,
S5,2,temperature,20,orange,20,75,38,424.00,288.00,1.000,1.0,2697.4,24.5,,230,314,false,false,sd_unavailable
S5,2,temperature,20,orange,20,75,39,432.00,284.00,1.000,1.0,2795.2,24.5,1406.9,224,339,true,true,sd_asymmetric_bar
S5,2,temperature,20,orange,20,75,40,441.00,280.00,1.000,1.0,2893.1,24.5,1468.1,218,340,false,true,sd_one_sided
S5,2,temperature,20,orange,20,75,41,449.10,278.95,0.952,1.0,2918.8,24.5,97.9,212,283,false,true,sd_one_sided
S5,2,temperature,20,orange,20,75,42,458.00,278.00,1.000,1.0,2942.0,24.5,1419.1,208,336,false,true,sd_one_sided
S5,2,temperature,20,orange,20,75,43,467.00,274.00,1.000,1.0,3039.9,24.5,1272.3,201,326,false,true,sd_one_sided
S5,2,temperature,20,orange,20,75,44,476.00,271.00,1.000,1.0,3113.3,24.5,954.2,258,336,true,true,sd_asymmetric_bar
S5,2,temperature,20,orange,20,75,45,484.00,267.00,1.000,1.0,3211.2,24.5,1761.7,191,335,true,true,sd_asymmetric_bar
S5,2,temperature,20,orange,20,75,46,493.00,265.00,1.000,1.0,3260.1,24.5,1871.8,184,337,true,true,sd_asymmetric_bar
S5,2,temperature,20,orange,20,75,47,501.00,262.00,1.000,1.0,3333.5,24.5,2079.8,177,347,true,true,
S5,2,temperature,20,orange,20,75,48,509.00,260.00,1.000,1.0,3382.5,24.5,232.4,255,274,true,true,sd_asymmetric_bar
S5,2,temperature,20,orange,20,75,49,518.00,257.00,1.000,1.0,3455.9,24.5,2251.0,165,349,true,false,sd_one_sided
S5,2,temperature,20,orange,20,75,50,527.00,258.00,1.000,1.0,3431.4,24.5,,165,335,false,false,sd_unavailable
S5,2,temperature,20,orange,20,75,51,536.00,252.00,1.000,1.0,3578.2,24.5,2373.4,155,316,true,false,sd_one_sided
S5,2,temperature,20,orange,20,75,52,544.00,252.00,1.000,1.0,3578.2,24.5,,155,350,false,false,sd_unavailable
S5,2,temperature,20,orange,20,75,53,553.00,249.00,1.000,1.0,3651.6,24.5,,145,349,false,false,sd_unavailable
S5,2,temperature,20,orange,20,75,54,561.00,248.00,1.000,1.0,3676.1,24.5,,147,299,false,false,sd_unavailable
S5,2,temperature,20,orange,20,75,55,570.00,246.00,1.000,1.0,3725.0,24.5,,139,313,false,false,sd_unavailable
S5,2,temperature,20,orange,20,75,56,578.00,244.00,1.000,1.0,3773.9,24.5,2618.0,137,351,true,true,
S5,2,temperature,20,orange,20,75,57,587.00,242.00,1.000,1.0,3822.9,24.5,,131,351,false,false,sd_unavailable
S5,2,temperature,20,orange,20,75,58,596.00,242.00,1.000,1.0,3822.9,24.5,2642.5,128,350,false,true,sd_one_sided
S5,2,temperature,20,orange,20,75,59,605.00,239.00,1.000,1.0,3896.3,24.5,2740.4,127,351,false,true,sd_one_sided
S5,2,temperature,20,orange,20,75,60,612.00,240.00,1.000,1.0,3871.8,24.5,2862.7,123,290,true,false,sd_one_sided
S5,2,temperature,20,orange,20,75,61,622.00,238.00,1.000,1.0,3920.7,24.5,122.3,233,315,true,false,sd_one_sided
S5,2,temperature,20,orange,20,75,62,630.00,236.00,1.000,1.0,3969.7,24.5,2875.0,116,351,true,true,sd_asymmetric_bar
S5,2,temperature,20,green,20,80,2,115.50,386.00,0.762,2.0,299.5,48.9,195.7,378,388,true,false,marker_partially_hidden;sd_one_sided
S5,2,temperature,20,green,20,80,3,124.00,388.00,0.762,2.0,250.6,48.9,,378,390,false,false,marker_partially_hidden;sd_unavailable
S5,2,temperature,20,green,20,80,4,132.00,387.00,0.619,2.0,275.1,48.9,,384,394,false,false,marker_partially_hidden;sd_unavailable
S5,2,temperature,20,green,20,80,7,158.22,386.22,0.857,1.0,294.1,24.5,,384,390,false,false,sd_unavailable
S5,2,temperature,20,green,20,80,8,167.00,386.00,1.000,1.0,299.5,24.5,,384,391,false,false,sd_unavailable
S5,2,temperature,20,green,20,80,9,175.00,385.33,0.857,1.0,315.8,24.5,,384,390,false,false,sd_unavailable
S5,2,temperature,20,green,20,80,10,184.00,384.33,0.857,1.0,340.3,24.5,97.9,383,388,false,true,sd_one_sided
S5,2,temperature,20,green,20,80,11,192.10,382.95,0.952,1.0,374.1,24.5,,381,388,false,false,sd_unavailable
S5,2,temperature,20,green,20,80,12,201.05,381.16,0.905,1.0,418.0,24.5,,378,386,false,false,sd_unavailable
S5,2,temperature,20,green,20,80,13,210.10,378.05,0.952,1.0,494.0,24.5,,376,383,false,false,sd_unavailable
S5,2,temperature,20,green,20,80,14,218.16,377.16,0.905,1.0,515.9,24.5,122.3,375,382,false,true,sd_one_sided
S5,2,temperature,20,green,20,80,15,227.00,375.00,1.000,1.0,568.7,24.5,,373,380,false,false,sd_unavailable
S5,2,temperature,20,green,20,80,16,235.90,372.95,0.952,1.0,618.8,24.5,,370,379,false,false,sd_unavailable
S5,2,temperature,20,green,20,80,17,244.00,371.00,0.810,2.0,666.5,48.9,97.9,367,377,true,false,marker_partially_hidden;sd_one_sided
S5,2,temperature,20,green,20,80,18,252.72,369.11,0.857,1.0,712.8,24.5,,352,376,false,false,sd_unavailable
S5,2,temperature,20,green,20,80,19,261.90,366.05,0.952,1.0,787.7,24.5,97.9,362,375,true,false,sd_one_sided
S5,2,temperature,20,green,20,80,20,270.05,364.90,0.952,1.0,815.8,24.5,146.8,359,371,true,false,sd_one_sided
S5,2,temperature,20,green,20,80,21,278.16,362.16,0.905,1.0,882.9,24.5,,355,368,false,false,sd_unavailable
S5,2,temperature,20,green,20,80,22,287.33,362.00,0.857,1.0,886.7,24.5,,350,366,false,false,sd_unavailable
S5,2,temperature,20,green,20,80,23,295.95,360.16,0.905,1.0,931.8,24.5,122.3,350,365,false,true,sd_one_sided
S5,2,temperature,20,green,20,80,24,304.00,358.00,1.000,1.0,984.6,24.5,,353,367,false,false,sd_unavailable
S5,2,temperature,20,green,20,80,25,313.10,356.05,0.952,1.0,1032.3,24.5,,336,367,false,false,sd_unavailable
S5,2,temperature,20,green,20,80,26,321.67,354.00,0.857,1.0,1082.5,24.5,,352,367,false,false,sd_unavailable
S5,2,temperature,20,green,20,80,27,330.05,353.90,0.952,1.0,1084.9,24.5,122.3,351,359,false,true,sd_one_sided
S5,2,temperature,20,green,20,80,28,338.95,352.84,0.905,1.0,1110.8,24.5,,351,367,false,false,sd_unavailable
S5,2,temperature,20,green,20,80,29,347.11,350.16,0.905,1.0,1176.5,24.5,,349,356,false,false,sd_unavailable
S5,2,temperature,20,green,20,80,30,355.90,349.05,0.952,1.0,1203.6,24.5,342.5,335,365,true,false,sd_one_sided
S5,2,temperature,20,green,20,80,31,364.90,349.05,0.952,1.0,1203.6,24.5,367.0,334,367,true,false,sd_one_sided
S5,2,temperature,20,green,20,80,32,373.10,348.05,0.952,1.0,1228.1,24.5,416.0,345,365,false,true,sd_one_sided
S5,2,temperature,20,green,20,80,33,381.79,348.00,0.905,1.0,1229.3,24.5,391.5,342,364,false,true,sd_one_sided
S5,2,temperature,20,green,20,80,34,390.79,347.00,0.905,1.0,1253.8,24.5,,328,366,false,false,sd_unavailable
S5,2,temperature,20,green,20,80,35,399.00,346.00,1.000,1.0,1278.2,24.5,,343,366,false,false,sd_unavailable
S5,2,temperature,20,green,20,80,36,407.67,346.00,0.857,1.0,1278.2,24.5,,342,352,false,false,sd_unavailable
S5,2,temperature,20,green,20,80,37,416.28,346.17,0.857,1.0,1274.2,24.5,,328,365,false,false,sd_unavailable
S5,2,temperature,20,green,20,80,38,424.67,345.00,0.857,1.0,1302.7,24.5,416.0,328,366,true,false,sd_one_sided
S5,2,temperature,20,green,20,80,39,433.00,345.00,1.000,1.0,1302.7,24.5,122.3,342,350,false,true,sd_one_sided
S5,2,temperature,20,green,20,80,40,442.00,345.00,1.000,1.0,1302.7,24.5,146.8,329,351,false,true,sd_one_sided
S5,2,temperature,20,green,20,80,41,450.79,344.05,0.905,1.0,1325.9,24.5,122.3,340,349,false,true,sd_one_sided
S5,2,temperature,20,green,20,80,42,459.00,345.00,1.000,1.0,1302.7,24.5,,340,364,false,false,sd_unavailable
S5,2,temperature,20,green,20,80,43,467.90,344.05,0.952,1.0,1325.9,24.5,256.9,330,351,true,true,sd_asymmetric_bar
S5,2,temperature,20,green,20,80,44,476.79,344.00,0.905,1.0,1327.2,24.5,,338,349,false,false,sd_unavailable
S5,2,temperature,20,green,20,80,45,484.95,343.84,0.905,1.0,1331.0,24.5,,337,363,false,false,sd_unavailable
S5,2,temperature,20,green,20,80,46,493.90,343.95,0.952,1.0,1328.4,24.5,97.9,331,348,false,true,sd_one_sided
S5,2,temperature,20,green,20,80,47,502.05,343.10,0.952,1.0,1349.2,24.5,146.8,337,362,true,false,sd_one_sided
S5,2,temperature,20,green,20,80,48,510.79,343.95,0.905,1.0,1328.5,24.5,,335,365,false,false,sd_unavailable
S5,2,temperature,20,green,20,80,49,519.21,343.00,0.905,1.0,1351.6,24.5,,341,351,false,false,sd_unavailable
S5,2,temperature,20,green,20,80,50,528.00,342.00,1.000,1.0,1376.1,24.5,,334,362,false,false,sd_unavailable
S5,2,temperature,20,green,20,80,51,536.67,343.00,0.857,1.0,1351.6,24.5,,324,361,false,false,sd_unavailable
S5,2,temperature,20,green,20,80,52,545.10,342.05,0.952,1.0,1374.9,24.5,122.3,325,347,false,true,sd_one_sided
S5,2,temperature,20,green,20,80,53,554.00,342.00,1.000,1.0,1376.1,24.5,,326,351,false,false,sd_unavailable
S5,2,temperature,20,green,20,80,54,562.00,342.00,1.000,1.0,1376.1,24.5,,337,351,false,false,sd_unavailable
S5,2,temperature,20,green,20,80,55,571.10,342.95,0.952,1.0,1352.9,24.5,,324,362,false,false,sd_unavailable
S5,2,temperature,20,green,20,80,56,579.79,343.00,0.905,1.0,1351.6,24.5,,338,352,false,false,sd_unavailable
S5,2,temperature,20,green,20,80,57,588.00,343.00,1.000,1.0,1351.6,24.5,,330,352,false,false,sd_unavailable
S5,2,temperature,20,green,20,80,58,597.00,342.00,1.000,1.0,1376.1,24.5,,323,365,false,false,sd_unavailable
S5,2,temperature,20,green,20,80,59,605.10,341.95,0.952,1.0,1377.3,24.5,,339,360,false,false,sd_unavailable
S5,2,temperature,20,green,20,80,60,613.90,342.05,0.952,1.0,1374.9,24.5,293.6,330,358,true,false,sd_one_sided
S5,2,temperature,20,green,20,80,61,622.90,342.05,0.952,1.0,1374.9,24.5,,330,360,false,false,sd_unavailable
S5,2,temperature,20,green,20,80,62,631.10,343.95,0.952,1.0,1328.4,24.5,122.3,339,366,true,false,sd_one_sided
S5,3,temperature,15,light_blue,15,65,1,108.00,395.50,0.762,2.0,85.4,48.8,,394,397,false,false,marker_partially_hidden;sd_below_marker_radius
S5,3,temperature,15,light_blue,15,65,2,117.00,396.00,0.810,2.0,73.2,48.8,,394,397,false,false,marker_partially_hidden;sd_below_marker_radius
S5,3,temperature,15,light_blue,15,65,3,125.00,395.67,0.857,1.0,81.3,24.4,,394,397,false,false,sd_below_marker_radius
S5,3,temperature,15,light_blue,15,65,4,134.16,394.84,0.905,1.0,101.4,24.4,,393,397,false,false,sd_below_marker_radius
S5,3,temperature,15,light_blue,15,65,5,142.79,393.00,0.905,1.0,146.3,24.4,,390,395,false,false,sd_below_marker_radius
S5,3,temperature,15,light_blue,15,65,6,150.89,390.28,0.857,1.0,212.7,24.4,,387,392,false,false,sd_below_marker_radius
S5,3,temperature,15,light_blue,15,65,7,159.89,388.28,0.857,1.0,261.5,24.4,,384,390,false,false,sd_unavailable
S5,3,temperature,15,light_blue,15,65,8,168.00,386.00,1.000,1.0,317.1,24.4,97.6,382,388,true,false,sd_one_sided
S5,3,temperature,15,light_blue,15,65,9,177.00,385.00,1.000,1.0,341.5,24.4,,380,387,false,false,sd_unavailable
S5,3,temperature,15,light_blue,15,65,10,185.90,383.95,0.952,1.0,367.1,24.4,,380,386,false,false,sd_unavailable
S5,3,temperature,15,light_blue,15,65,11,194.00,382.00,1.000,1.0,414.6,24.4,,379,385,false,false,sd_below_marker_radius
S5,3,temperature,15,light_blue,15,65,12,202.16,380.16,0.905,1.0,459.6,24.4,,378,382,false,false,sd_below_marker_radius
S5,3,temperature,15,light_blue,15,65,13,211.79,379.00,0.905,1.0,487.8,24.4,,376,381,false,false,sd_below_marker_radius
S5,3,temperature,15,light_blue,15,65,14,220.05,377.10,0.952,1.0,534.1,24.4,,374,379,false,false,sd_below_marker_radius
S5,3,temperature,15,light_blue,15,65,15,228.16,376.16,0.905,1.0,557.1,24.4,,374,378,false,false,sd_below_marker_radius
S5,3,temperature,15,light_blue,15,65,16,237.16,374.84,0.905,1.0,589.2,24.4,,373,377,false,false,sd_below_marker_radius
S5,3,temperature,15,light_blue,15,65,17,245.84,373.16,0.905,1.0,630.3,24.4,,369,375,false,false,sd_unavailable
S5,3,temperature,15,light_blue,15,65,18,254.00,371.67,0.857,1.0,666.7,24.4,,369,373,false,false,sd_below_marker_radius
S5,3,temperature,15,light_blue,15,65,19,263.05,370.10,0.952,1.0,704.9,24.4,,368,372,false,false,sd_below_marker_radius
S5,3,temperature,15,light_blue,15,65,20,271.84,368.16,0.905,1.0,752.2,24.4,,362,375,false,false,sd_unavailable
S5,3,temperature,15,light_blue,15,65,21,280.05,367.10,0.952,1.0,778.0,24.4,,360,369,false,false,sd_unavailable
S5,3,temperature,15,light_blue,15,65,22,288.84,365.16,0.905,1.0,825.4,24.4,,358,368,false,false,sd_unavailable
S5,3,temperature,15,light_blue,15,65,23,297.16,363.84,0.905,1.0,857.5,24.4,,354,367,false,false,sd_unavailable
S5,3,temperature,15,light_blue,15,65,24,305.84,361.84,0.905,1.0,906.3,24.4,243.9,352,372,true,false,sd_one_sided
S5,3,temperature,15,light_blue,15,65,25,314.84,359.84,0.905,1.0,955.1,24.4,268.3,349,366,true,false,sd_one_sided
S5,3,temperature,15,light_blue,15,65,26,323.00,358.00,1.000,1.0,1000.0,24.4,268.3,347,365,true,false,sd_one_sided
S5,3,temperature,15,light_blue,15,65,27,331.72,354.11,0.857,1.0,1094.9,24.4,,343,363,false,false,sd_unavailable
S5,3,temperature,15,light_blue,15,65,28,340.72,353.89,0.857,1.0,1100.3,24.4,268.3,343,363,true,false,sd_one_sided
S5,3,temperature,15,light_blue,15,65,29,348.95,351.10,0.952,1.0,1168.3,24.4,292.7,339,362,true,false,sd_one_sided
S5,3,temperature,15,light_blue,15,65,30,357.16,348.16,0.905,1.0,1240.1,24.4,317.1,335,360,true,false,sd_one_sided
S5,3,temperature,15,light_blue,15,65,31,366.11,346.72,0.857,1.0,1275.1,24.4,,333,360,false,false,sd_unavailable
S5,3,temperature,15,light_blue,15,65,32,374.84,344.84,0.905,1.0,1320.9,24.4,341.5,330,358,true,true,
S5,3,temperature,15,light_blue,15,65,33,383.16,341.84,0.905,1.0,1394.1,24.4,,327,357,false,false,sd_unavailable
S5,3,temperature,15,light_blue,15,65,34,392.11,338.28,0.857,1.0,1481.0,24.4,390.2,323,354,false,true,sd_one_sided
S5,3,temperature,15,light_blue,15,65,35,400.72,337.89,0.857,1.0,1490.5,24.4,390.2,322,354,false,true,sd_one_sided
S5,3,temperature,15,light_blue,15,65,36,408.89,335.28,0.857,1.0,1554.2,24.4,341.5,321,350,true,false,sd_one_sided
S5,3,temperature,15,light_blue,15,65,37,418.00,334.00,1.000,1.0,1585.4,24.4,365.9,319,349,true,true,
S5,3,temperature,15,light_blue,15,65,38,426.21,331.00,0.905,1.0,1658.5,24.4,365.9,316,347,true,false,sd_one_sided
S5,3,temperature,15,light_blue,15,65,39,434.84,329.16,0.905,1.0,1703.5,24.4,,314,344,false,false,sd_unavailable
S5,3,temperature,15,light_blue,15,65,40,443.95,328.10,0.952,1.0,1729.3,24.4,341.5,314,342,true,false,sd_one_sided
S5,3,temperature,15,light_blue,15,65,41,452.00,325.00,1.000,1.0,1804.9,24.4,365.9,310,340,true,true,
S5,3,temperature,15,light_blue,15,65,42,460.72,322.89,0.857,1.0,1856.4,24.4,365.9,307,338,false,true,sd_one_sided
S5,3,temperature,15,light_blue,15,65,43,469.72,323.11,0.857,1.0,1850.9,24.4,317.1,310,336,true,false,sd_one_sided
S5,3,temperature,15,light_blue,15,65,44,478.00,321.00,1.000,1.0,1902.4,24.4,317.1,308,333,true,false,sd_one_sided
S5,3,temperature,15,light_blue,15,65,45,486.16,319.84,0.905,1.0,1930.7,24.4,280.5,308,331,true,true,
S5,3,temperature,15,light_blue,15,65,46,495.21,318.00,0.905,1.0,1975.6,24.4,341.5,303,331,true,true,
S5,3,temperature,15,light_blue,15,65,47,503.84,317.84,0.905,1.0,1979.5,24.4,317.1,305,330,true,false,sd_one_sided
S5,3,temperature,15,light_blue,15,65,48,512.11,316.28,0.857,1.0,2017.6,24.4,292.7,304,329,true,false,sd_one_sided
S5,3,temperature,15,light_blue,15,65,49,521.00,316.00,1.000,1.0,2024.4,24.4,268.3,305,327,true,true,
S5,3,temperature,15,light_blue,15,65,50,529.84,316.16,0.905,1.0,2020.5,24.4,317.1,304,329,false,true,sd_one_sided
S5,3,temperature,15,light_blue,15,65,51,538.00,315.00,1.000,1.0,2048.8,24.4,280.5,304,327,true,true,
S5,3,temperature,15,light_blue,15,65,52,546.84,313.84,0.905,1.0,2077.0,24.4,292.7,301,326,false,true,sd_one_sided
S5,3,temperature,15,light_blue,15,65,53,555.16,315.05,0.905,1.0,2047.5,24.4,,303,327,false,false,sd_unavailable
S5,3,temperature,15,light_blue,15,65,54,564.00,314.00,1.000,1.0,2073.2,24.4,292.7,302,327,true,false,sd_one_sided
S5,3,temperature,15,light_blue,15,65,55,573.00,314.00,1.000,1.0,2073.2,24.4,256.1,303,324,true,true,
S5,3,temperature,15,light_blue,15,65,56,581.00,313.79,0.905,1.0,2078.3,24.4,304.9,301,326,true,true,
S5,3,temperature,15,light_blue,15,65,57,589.16,312.16,0.905,1.0,2118.1,24.4,292.7,300,324,true,true,
S5,3,temperature,15,light_blue,15,65,58,598.10,314.05,0.952,1.0,2072.0,24.4,268.3,303,325,true,true,
S5,3,temperature,15,light_blue,15,65,59,606.95,311.90,0.952,1.0,2124.4,24.4,292.7,300,324,true,true,
S5,3,temperature,15,light_blue,15,65,60,615.00,313.00,1.000,1.0,2097.6,24.4,280.5,301,324,true,true,
S5,3,temperature,15,light_blue,15,65,61,624.00,314.00,1.000,1.0,2073.2,24.4,317.1,301,327,true,true,
S5,3,temperature,15,light_blue,15,65,62,632.84,313.84,0.905,1.0,2077.0,24.4,304.9,301,326,true,true,
S5,3,temperature,15,navy,15,70,1,104.00,393.50,0.476,2.0,134.1,48.8,,392,394,false,false,marker_partially_hidden;sd_below_marker_radius
S5,3,temperature,15,navy,15,70,2,112.00,394.00,0.571,2.0,122.0,48.8,,392,395,false,false,marker_partially_hidden;sd_below_marker_radius
S5,3,temperature,15,navy,15,70,4,129.00,395.50,0.429,2.0,85.4,48.8,,394,397,false,false,marker_partially_hidden;sd_below_marker_radius
S5,3,temperature,15,navy,15,70,5,138.00,395.00,0.524,2.0,97.6,48.8,,392,397,false,false,marker_partially_hidden;sd_below_marker_radius
S5,3,temperature,15,navy,15,70,6,147.00,395.00,0.714,2.0,97.6,48.8,,394,397,false,false,marker_partially_hidden;sd_below_marker_radius
S5,3,temperature,15,navy,15,70,7,156.00,395.00,0.762,2.0,97.6,48.8,,394,397,false,false,marker_partially_hidden;sd_below_marker_radius
S5,3,temperature,15,navy,15,70,8,164.28,394.89,0.857,1.0,100.3,24.4,,392,397,false,false,sd_below_marker_radius
S5,3,temperature,15,navy,15,70,9,172.84,394.16,0.905,1.0,118.1,24.4,,392,397,false,false,sd_below_marker_radius
S5,3,temperature,15,navy,15,70,10,181.84,393.84,0.905,1.0,125.8,24.4,,391,396,false,false,sd_below_marker_radius
S5,3,temperature,15,navy,15,70,11,190.00,393.00,1.000,1.0,146.3,24.4,,390,395,false,false,sd_below_marker_radius
S5,3,temperature,15,navy,15,70,12,199.00,392.50,0.762,2.0,158.5,48.8,,390,395,false,false,marker_partially_hidden;sd_below_marker_radius
S5,3,temperature,15,navy,15,70,13,207.72,391.89,0.857,1.0,173.4,24.4,,389,394,false,false,sd_below_marker_radius
S5,3,temperature,15,navy,15,70,14,216.00,391.00,1.000,1.0,195.1,24.4,,388,394,false,false,sd_below_marker_radius
S5,3,temperature,15,navy,15,70,15,224.16,390.16,0.905,1.0,215.7,24.4,,388,393,false,false,sd_below_marker_radius
S5,3,temperature,15,navy,15,70,16,233.21,389.00,0.905,1.0,243.9,24.4,,387,392,false,false,sd_below_marker_radius
S5,3,temperature,15,navy,15,70,17,241.90,388.05,0.952,1.0,267.1,24.4,,385,391,false,false,sd_below_marker_radius
S5,3,temperature,15,navy,15,70,18,250.16,387.84,0.905,1.0,272.1,24.4,,384,390,false,false,sd_unavailable
S5,3,temperature,15,navy,15,70,19,259.11,386.28,0.857,1.0,310.3,24.4,97.6,383,390,false,true,sd_one_sided
S5,3,temperature,15,navy,15,70,20,267.72,385.89,0.857,1.0,319.8,24.4,,382,389,false,false,sd_unavailable
S5,3,temperature,15,navy,15,70,21,276.00,385.00,1.000,1.0,341.5,24.4,97.6,381,389,true,true,
S5,3,temperature,15,navy,15,70,22,284.95,383.90,0.952,1.0,368.3,24.4,97.6,379,388,false,true,sd_one_sided
S5,3,temperature,15,navy,15,70,23,293.11,382.28,0.857,1.0,407.9,24.4,122.0,377,387,false,true,sd_one_sided
S5,3,temperature,15,navy,15,70,24,301.84,381.84,0.905,1.0,418.5,24.4,97.6,378,386,true,true,
S5,3,temperature,15,navy,15,70,25,310.84,380.84,0.905,1.0,442.9,24.4,122.0,376,386,true,false,sd_one_sided
S5,3,temperature,15,navy,15,70,26,319.11,379.72,0.857,1.0,470.2,24.4,122.0,374,385,false,true,sd_one_sided
S5,3,temperature,15,navy,15,70,27,327.50,378.00,0.810,2.0,512.2,48.8,146.3,372,384,true,true,marker_partially_hidden
S5,3,temperature,15,navy,15,70,28,336.50,378.00,0.810,2.0,512.2,48.8,,371,384,false,false,marker_partially_hidden;sd_unavailable
S5,3,temperature,15,navy,15,70,29,344.89,376.28,0.857,1.0,554.2,24.4,158.5,370,383,true,true,
S5,3,temperature,15,navy,15,70,30,353.28,375.89,0.857,1.0,563.7,24.4,146.3,370,382,true,true,
S5,3,temperature,15,navy,15,70,31,362.28,375.11,0.857,1.0,582.7,24.4,170.7,368,382,true,true,
S5,3,temperature,15,navy,15,70,32,370.89,373.72,0.857,1.0,616.5,24.4,170.7,367,380,true,false,sd_one_sided
S5,3,temperature,15,navy,15,70,33,379.05,372.10,0.952,1.0,656.1,24.4,,364,380,false,false,sd_unavailable
S5,3,temperature,15,navy,15,70,34,388.11,371.72,0.857,1.0,665.3,24.4,182.9,364,379,true,true,
S5,3,temperature,15,navy,15,70,35,396.50,371.00,0.762,2.0,682.9,48.8,,363,379,false,false,marker_partially_hidden;sd_unavailable
S5,3,temperature,15,navy,15,70,36,404.89,369.72,0.857,1.0,714.1,24.4,207.3,361,378,true,true,
S5,3,temperature,15,navy,15,70,37,414.00,368.50,0.810,2.0,743.9,48.8,243.9,359,378,false,true,marker_partially_hidden;sd_one_sided
S5,3,temperature,15,navy,15,70,38,422.28,367.11,0.857,1.0,777.8,24.4,219.5,358,376,false,true,sd_one_sided
S5,3,temperature,15,navy,15,70,39,430.79,366.00,0.905,1.0,804.9,24.4,219.5,358,375,false,true,sd_one_sided
S5,3,temperature,15,navy,15,70,40,439.72,364.11,0.857,1.0,850.9,24.4,243.9,357,374,false,true,sd_one_sided
S5,3,temperature,15,navy,15,70,41,448.11,363.72,0.857,1.0,860.4,24.4,219.5,354,373,false,true,sd_one_sided
S5,3,temperature,15,navy,15,70,42,456.50,362.50,0.762,2.0,890.2,48.8,,360,365,false,false,marker_partially_hidden;sd_below_marker_radius
S5,3,temperature,15,navy,15,70,43,466.00,361.00,0.810,2.0,926.8,48.8,,351,373,false,false,marker_partially_hidden;sd_unavailable
S5,3,temperature,15,navy,15,70,44,473.89,360.72,0.857,1.0,933.6,24.4,,351,372,false,false,sd_unavailable
S5,3,temperature,15,navy,15,70,45,482.28,359.89,0.857,1.0,953.9,24.4,243.9,349,370,false,true,sd_one_sided
S5,3,temperature,15,navy,15,70,46,491.28,358.11,0.857,1.0,997.3,24.4,268.3,348,369,false,true,sd_one_sided
S5,3,temperature,15,navy,15,70,47,499.89,357.72,0.857,1.0,1006.8,24.4,243.9,346,368,false,true,sd_one_sided
S5,3,temperature,15,navy,15,70,48,508.11,357.72,0.857,1.0,1006.8,24.4,,345,370,false,false,sd_unavailable
S5,3,temperature,15,navy,15,70,49,517.11,355.72,0.857,1.0,1055.6,24.4,317.1,342,369,false,true,sd_one_sided
S5,3,temperature,15,navy,15,70,50,525.50,355.00,0.762,2.0,1073.2,48.8,,341,369,false,false,marker_partially_hidden;sd_unavailable
S5,3,temperature,15,navy,15,70,51,534.00,354.50,0.810,2.0,1085.4,48.8,365.9,340,369,false,true,marker_partially_hidden;sd_one_sided
S5,3,temperature,15,navy,15,70,52,543.00,353.00,0.762,2.0,1122.0,48.8,365.9,339,368,false,true,marker_partially_hidden;sd_one_sided
S5,3,temperature,15,navy,15,70,53,551.28,353.89,0.857,1.0,1100.3,24.4,341.5,339,368,false,true,sd_one_sided
S5,3,temperature,15,navy,15,70,54,559.00,353.00,0.667,2.0,1122.0,48.8,,351,355,false,false,marker_partially_hidden;sd_below_marker_radius
S5,3,temperature,15,navy,15,70,55,568.00,353.00,0.714,2.0,1122.0,48.8,341.5,338,367,false,true,marker_partially_hidden;sd_one_sided
S5,3,temperature,15,navy,15,70,56,577.00,352.00,0.810,2.0,1146.3,48.8,341.5,338,366,false,true,marker_partially_hidden;sd_one_sided
S5,3,temperature,15,navy,15,70,57,585.00,352.00,0.619,2.0,1146.3,48.8,,349,354,false,false,marker_partially_hidden;sd_below_marker_radius
S5,3,temperature,15,navy,15,70,58,594.50,352.00,0.619,2.0,1146.3,48.8,341.5,338,366,true,true,marker_partially_hidden
S5,3,temperature,15,navy,15,70,59,602.67,351.67,0.667,2.0,1154.5,48.8,341.5,336,366,false,true,marker_partially_hidden;sd_one_sided
S5,3,temperature,15,navy,15,70,60,611.00,351.00,0.667,2.0,1170.7,48.8,365.9,335,366,false,true,marker_partially_hidden;sd_one_sided
S5,3,temperature,15,navy,15,70,61,620.00,350.50,0.619,2.0,1182.9,48.8,,336,366,false,false,marker_partially_hidden;sd_unavailable
S5,3,temperature,15,navy,15,70,62,628.00,351.00,0.714,2.0,1170.7,48.8,,349,353,false,false,marker_partially_hidden;sd_below_marker_radius
S5,3,temperature,15,orange,15,75,3,121.67,393.33,0.476,2.0,138.2,48.8,,390,393,false,false,marker_partially_hidden;sd_below_marker_radius
S5,3,temperature,15,orange,15,75,4,131.00,392.00,0.810,2.0,170.7,48.8,,390,393,false,false,marker_partially_hidden;sd_below_marker_radius
S5,3,temperature,15,orange,15,75,5,140.00,389.00,1.000,1.0,243.9,24.4,97.6,385,391,true,false,sd_one_sided
S5,3,temperature,15,orange,15,75,6,148.00,384.00,1.000,1.0,365.9,24.4,,380,388,false,false,sd_unavailable
S5,3,temperature,15,orange,15,75,7,157.00,382.00,1.000,1.0,414.6,24.4,,379,384,false,false,sd_below_marker_radius
S5,3,temperature,15,orange,15,75,8,166.00,380.00,1.000,1.0,463.4,24.4,,377,383,false,false,sd_below_marker_radius
S5,3,temperature,15,orange,15,75,9,174.00,379.00,1.000,1.0,487.8,24.4,,377,382,false,false,sd_below_marker_radius
S5,3,temperature,15,orange,15,75,10,183.00,377.00,1.000,1.0,536.6,24.4,,374,380,false,false,sd_below_marker_radius
S5,3,temperature,15,orange,15,75,11,191.84,376.16,0.905,1.0,557.1,24.4,,374,379,false,false,sd_below_marker_radius
S5,3,temperature,15,orange,15,75,12,200.00,376.00,1.000,1.0,561.0,24.4,,373,378,false,false,sd_below_marker_radius
S5,3,temperature,15,orange,15,75,13,208.95,374.90,0.952,1.0,587.8,24.4,,372,377,false,false,sd_below_marker_radius
S5,3,temperature,15,orange,15,75,14,217.00,373.00,1.000,1.0,634.1,24.4,,371,376,false,false,sd_below_marker_radius
S5,3,temperature,15,orange,15,75,15,225.84,371.84,0.905,1.0,662.4,24.4,,369,374,false,false,sd_below_marker_radius
S5,3,temperature,15,orange,15,75,16,234.21,371.00,0.905,1.0,682.9,24.4,,368,373,false,false,sd_below_marker_radius
S5,3,temperature,15,orange,15,75,17,243.00,368.00,1.000,1.0,756.1,24.4,,366,371,false,false,sd_below_marker_radius
S5,3,temperature,15,orange,15,75,18,251.00,367.00,1.000,1.0,780.5,24.4,,364,370,false,false,sd_below_marker_radius
S5,3,temperature,15,orange,15,75,19,260.00,366.00,1.000,1.0,804.9,24.4,,363,369,false,false,sd_below_marker_radius
S5,3,temperature,15,orange,15,75,20,268.95,363.90,0.952,1.0,856.1,24.4,122.0,359,367,true,false,sd_one_sided
S5,3,temperature,15,orange,15,75,21,277.00,361.00,1.000,1.0,926.8,24.4,122.0,356,366,true,false,sd_one_sided
S5,3,temperature,15,orange,15,75,22,286.00,360.00,1.000,1.0,951.2,24.4,122.0,355,365,true,false,sd_one_sided
S5,3,temperature,15,orange,15,75,23,295.00,358.00,1.000,1.0,1000.0,24.4,,352,362,false,false,sd_unavailable
S5,3,temperature,15,orange,15,75,24,303.00,356.00,1.000,1.0,1048.8,24.4,170.7,349,361,true,false,sd_one_sided
S5,3,temperature,15,orange,15,75,25,312.00,353.00,1.000,1.0,1122.0,24.4,195.1,345,360,true,false,sd_one_sided
S5,3,temperature,15,orange,15,75,26,320.05,351.10,0.952,1.0,1168.3,24.4,207.3,343,360,true,true,
S5,3,temperature,15,orange,15,75,27,329.00,349.00,1.000,1.0,1219.5,24.4,195.1,341,358,true,false,sd_one_sided
S5,3,temperature,15,orange,15,75,28,338.00,348.00,1.000,1.0,1243.9,24.4,231.7,338,357,true,true,
S5,3,temperature,15,orange,15,75,29,346.00,345.00,1.000,1.0,1317.1,24.4,219.5,336,354,true,true,
S5,3,temperature,15,orange,15,75,30,354.16,344.16,0.905,1.0,1337.6,24.4,219.5,335,355,true,false,sd_one_sided
S5,3,temperature,15,orange,15,75,31,363.16,343.16,0.905,1.0,1362.0,24.4,292.7,331,355,true,true,
S5,3,temperature,15,orange,15,75,32,372.00,340.00,1.000,1.0,1439.0,24.4,317.1,327,353,true,false,sd_one_sided
S5,3,temperature,15,orange,15,75,33,380.00,339.50,0.810,2.0,1451.2,48.8,304.9,327,352,true,true,marker_partially_hidden
S5,3,temperature,15,orange,15,75,34,389.00,337.50,0.714,2.0,1500.0,48.8,341.5,324,352,true,false,marker_partially_hidden;sd_one_sided
S5,3,temperature,15,orange,15,75,35,397.33,337.33,0.619,2.0,1504.1,48.8,317.1,324,351,true,false,marker_partially_hidden;sd_one_sided
S5,3,temperature,15,orange,15,75,36,406.00,337.00,0.762,2.0,1512.2,48.8,317.1,323,350,false,true,marker_partially_hidden;sd_one_sided
S5,3,temperature,15,orange,15,75,37,415.00,336.00,0.810,2.0,1536.6,48.8,341.5,322,350,true,false,marker_partially_hidden;sd_one_sided
S5,3,temperature,15,orange,15,75,38,424.00,336.00,1.000,1.0,1536.6,24.4,,322,350,false,false,sd_unavailable
S5,3,temperature,15,orange,15,75,39,432.00,335.00,1.000,1.0,1561.0,24.4,353.7,321,350,true,true,
S5,3,temperature,15,orange,15,75,40,441.00,334.00,1.000,1.0,1585.4,24.4,365.9,319,350,true,false,sd_one_sided
S5,3,temperature,15,orange,15,75,41,449.84,335.84,0.905,1.0,1540.4,24.4,365.9,321,351,true,true,
S5,3,temperature,15,orange,15,75,42,458.00,334.00,1.000,1.0,1585.4,24.4,390.2,318,350,true,false,sd_one_sided
S5,3,temperature,15,orange,15,75,43,467.00,334.00,1.000,1.0,1585.4,24.4,390.2,318,350,true,false,sd_one_sided
S5,3,temperature,15,orange,15,75,44,475.00,334.00,1.000,1.0,1585.4,24.4,414.6,316,350,true,true,
S5,3,temperature,15,orange,15,75,45,484.00,333.00,1.000,1.0,1609.8,24.4,390.2,317,349,true,false,sd_one_sided
S5,3,temperature,15,orange,15,75,46,492.95,333.90,0.952,1.0,1587.8,24.4,,319,351,false,false,sd_unavailable
S5,3,temperature,15,orange,15,75,47,501.00,332.00,1.000,1.0,1634.1,24.4,414.6,315,350,true,false,sd_one_sided
S5,3,temperature,15,orange,15,75,48,509.00,332.00,1.000,1.0,1634.1,24.4,,314,348,false,false,sd_unavailable
S5,3,temperature,15,orange,15,75,49,518.16,332.16,0.905,1.0,1630.3,24.4,,316,349,false,false,sd_unavailable
S5,3,temperature,15,orange,15,75,50,527.00,332.00,1.000,1.0,1634.1,24.4,,318,348,false,false,sd_unavailable
S5,3,temperature,15,orange,15,75,51,535.00,333.00,1.000,1.0,1609.8,24.4,,316,348,false,false,sd_unavailable
S5,3,temperature,15,orange,15,75,52,544.00,332.00,1.000,1.0,1634.1,24.4,,314,348,false,false,sd_unavailable
S5,3,temperature,15,orange,15,75,53,552.95,332.10,0.952,1.0,1631.7,24.4,,317,347,false,false,sd_unavailable
S5,3,temperature,15,orange,15,75,54,561.00,332.00,1.000,1.0,1634.1,24.4,,315,347,false,false,sd_unavailable
S5,3,temperature,15,orange,15,75,55,570.00,332.00,1.000,1.0,1634.1,24.4,,315,347,false,false,sd_unavailable
S5,3,temperature,15,orange,15,75,56,578.05,333.90,0.952,1.0,1587.8,24.4,,317,347,false,false,sd_unavailable
S5,3,temperature,15,orange,15,75,57,587.00,333.00,1.000,1.0,1609.8,24.4,414.6,316,347,true,false,sd_one_sided
S5,3,temperature,15,orange,15,75,58,596.00,334.00,1.000,1.0,1585.4,24.4,390.2,318,347,true,false,sd_one_sided
S5,3,temperature,15,orange,15,75,59,604.00,333.00,1.000,1.0,1609.8,24.4,390.2,317,346,true,false,sd_one_sided
S5,3,temperature,15,orange,15,75,60,612.95,332.10,0.952,1.0,1631.7,24.4,,316,346,false,false,sd_unavailable
S5,3,temperature,15,orange,15,75,61,622.00,333.00,1.000,1.0,1609.8,24.4,414.6,316,345,true,false,sd_one_sided
S5,3,temperature,15,orange,15,75,62,630.00,333.00,1.000,1.0,1609.8,24.4,,316,346,false,false,sd_unavailable
S5,3,temperature,15,green,15,80,5,140.33,395.33,0.524,2.0,89.4,48.8,,392,397,false,false,marker_partially_hidden;sd_below_marker_radius
S5,3,temperature,15,green,15,80,6,149.67,393.67,0.619,2.0,130.1,48.8,,393,397,false,false,marker_partially_hidden;sd_below_marker_radius
S5,3,temperature,15,green,15,80,7,158.50,392.50,0.762,2.0,158.5,48.8,,391,394,false,false,marker_partially_hidden;sd_below_marker_radius
S5,3,temperature,15,green,15,80,8,167.00,391.00,1.000,1.0,195.1,24.4,,389,395,false,false,sd_unavailable
S5,3,temperature,15,green,15,80,9,175.16,389.84,0.905,1.0,223.4,24.4,,388,392,false,false,sd_below_marker_radius
S5,3,temperature,15,green,15,80,10,184.16,388.84,0.905,1.0,247.8,24.4,,386,392,false,false,sd_below_marker_radius
S5,3,temperature,15,green,15,80,11,192.89,387.72,0.857,1.0,275.1,24.4,,385,392,false,false,sd_unavailable
S5,3,temperature,15,green,15,80,12,201.00,385.00,1.000,1.0,341.5,24.4,97.6,383,389,false,true,sd_one_sided
S5,3,temperature,15,green,15,80,13,210.00,384.00,1.000,1.0,365.9,24.4,97.6,382,388,false,true,sd_one_sided
S5,3,temperature,15,green,15,80,14,218.84,381.84,0.905,1.0,418.5,24.4,,380,387,false,false,sd_unavailable
S5,3,temperature,15,green,15,80,15,227.00,381.21,0.905,1.0,433.9,24.4,,379,387,false,false,sd_unavailable
S5,3,temperature,15,green,15,80,16,235.89,379.72,0.857,1.0,470.2,24.4,97.6,377,384,false,true,sd_one_sided
S5,3,temperature,15,green,15,80,17,243.95,377.21,0.905,1.0,531.5,24.4,146.3,376,383,false,true,sd_one_sided
S5,3,temperature,15,green,15,80,18,252.95,375.90,0.952,1.0,563.4,24.4,170.7,374,383,false,true,sd_one_sided
S5,3,temperature,15,green,15,80,19,261.95,374.21,0.905,1.0,604.6,24.4,,373,383,false,false,sd_unavailable
S5,3,temperature,15,green,15,80,20,269.95,372.21,0.905,1.0,653.4,24.4,219.5,371,381,false,true,sd_one_sided
S5,3,temperature,15,green,15,80,21,278.28,372.11,0.857,1.0,655.8,24.4,219.5,370,381,false,true,sd_one_sided
S5,3,temperature,15,green,15,80,22,287.72,370.89,0.857,1.0,685.6,24.4,219.5,369,380,false,true,sd_one_sided
S5,3,temperature,15,green,15,80,23,296.00,370.00,1.000,1.0,707.3,24.4,219.5,361,379,false,true,sd_one_sided
S5,3,temperature,15,green,15,80,24,304.16,368.16,0.905,1.0,752.2,24.4,243.9,359,378,false,true,sd_one_sided
S5,3,temperature,15,green,15,80,25,313.16,368.16,0.905,1.0,752.2,24.4,,357,379,false,false,sd_unavailable
S5,3,temperature,15,green,15,80,26,321.84,367.84,0.905,1.0,759.9,24.4,,361,380,false,false,sd_unavailable
S5,3,temperature,15,green,15,80,27,330.00,366.00,1.000,1.0,804.9,24.4,317.1,358,379,false,true,sd_one_sided
S5,3,temperature,15,green,15,80,28,339.16,365.16,0.905,1.0,825.4,24.4,,356,379,false,false,sd_unavailable
S5,3,temperature,15,green,15,80,29,347.72,364.89,0.857,1.0,832.0,24.4,,354,378,false,false,sd_unavailable
S5,3,temperature,15,green,15,80,30,356.00,363.79,0.905,1.0,858.8,24.4,,351,378,false,false,sd_unavailable
S5,3,temperature,15,green,15,80,31,365.00,363.00,1.000,1.0,878.0,24.4,,349,377,false,false,sd_unavailable
S5,3,temperature,15,green,15,80,32,373.16,362.16,0.905,1.0,898.6,24.4,341.5,349,376,false,true,sd_one_sided
S5,3,temperature,15,green,15,80,33,381.89,360.28,0.857,1.0,944.4,24.4,365.9,347,375,false,true,sd_one_sided
S5,3,temperature,15,green,15,80,34,390.84,359.16,0.905,1.0,971.8,24.4,,346,373,false,false,sd_unavailable
S5,3,temperature,15,green,15,80,35,399.05,358.90,0.952,1.0,978.0,24.4,,344,373,false,false,sd_unavailable
S5,3,temperature,15,green,15,80,36,407.84,357.84,0.905,1.0,1003.9,24.4,341.5,343,372,false,true,sd_one_sided
S5,3,temperature,15,green,15,80,37,416.84,357.84,0.905,1.0,1003.9,24.4,317.1,344,371,false,true,sd_one_sided
S5,3,temperature,15,green,15,80,38,425.00,356.00,1.000,1.0,1048.8,24.4,341.5,343,370,false,true,sd_one_sided
S5,3,temperature,15,green,15,80,39,433.16,355.84,0.905,1.0,1052.6,24.4,,343,369,false,false,sd_unavailable
S5,3,temperature,15,green,15,80,40,442.10,355.05,0.952,1.0,1072.0,24.4,317.1,342,368,false,true,sd_one_sided
S5,3,temperature,15,green,15,80,41,450.84,355.84,0.905,1.0,1052.6,24.4,304.9,343,368,true,true,
S5,3,temperature,15,green,15,80,42,459.00,355.00,1.000,1.0,1073.2,24.4,292.7,343,367,false,true,sd_one_sided
S5,3,temperature,15,green,15,80,43,468.00,354.21,0.905,1.0,1092.4,24.4,317.1,341,367,false,true,sd_one_sided
S5,3,temperature,15,green,15,80,44,476.28,353.89,0.857,1.0,1100.3,24.4,304.9,341,366,true,true,
S5,3,temperature,15,green,15,80,45,485.00,353.00,1.000,1.0,1122.0,24.4,317.1,341,366,false,true,sd_one_sided
S5,3,temperature,15,green,15,80,46,494.00,354.00,1.000,1.0,1097.6,24.4,280.5,342,365,true,true,
S5,3,temperature,15,green,15,80,47,502.16,352.84,0.905,1.0,1125.8,24.4,256.1,342,363,true,true,
S5,3,temperature,15,green,15,80,48,511.00,352.00,1.000,1.0,1146.3,24.4,,341,364,false,false,sd_unavailable
S5,3,temperature,15,green,15,80,49,519.89,351.72,0.857,1.0,1153.1,24.4,280.5,340,363,true,true,
S5,3,temperature,15,green,15,80,50,528.05,350.90,0.952,1.0,1173.2,24.4,268.3,339,362,false,true,sd_one_sided
S5,3,temperature,15,green,15,80,51,536.16,350.84,0.905,1.0,1174.6,24.4,268.3,349,362,false,true,sd_one_sided
S5,3,temperature,15,green,15,80,52,545.84,350.84,0.905,1.0,1174.6,24.4,268.3,339,362,false,true,sd_one_sided
S5,3,temperature,15,green,15,80,53,553.89,349.72,0.857,1.0,1201.9,24.4,243.9,339,360,false,true,sd_one_sided
S5,3,temperature,15,green,15,80,54,562.05,350.10,0.952,1.0,1192.7,24.4,268.3,339,362,true,false,sd_one_sided
S5,3,temperature,15,green,15,80,55,571.28,350.11,0.857,1.0,1192.4,24.4,,339,362,false,false,sd_unavailable
S5,3,temperature,15,green,15,80,56,579.89,349.72,0.857,1.0,1201.9,24.4,268.3,338,361,false,true,sd_one_sided
S5,3,temperature,15,green,15,80,57,588.16,349.84,0.905,1.0,1199.0,24.4,256.1,339,360,true,true,
S5,3,temperature,15,green,15,80,58,597.11,349.72,0.857,1.0,1201.9,24.4,243.9,340,360,false,true,sd_one_sided
S5,3,temperature,15,green,15,80,59,605.72,348.89,0.857,1.0,1222.2,24.4,268.3,338,360,true,true,
S5,3,temperature,15,green,15,80,60,614.00,349.00,1.000,1.0,1219.5,24.4,,338,360,false,false,sd_unavailable
S5,3,temperature,15,green,15,80,61,622.95,348.10,0.952,1.0,1241.5,24.4,243.9,338,358,false,true,sd_one_sided
S5,3,temperature,15,green,15,80,62,631.16,348.16,0.905,1.0,1240.1,24.4,243.9,338,359,true,false,sd_one_sided
S5,4,humidity,80,light_blue,15,80,1,103.33,395.67,0.381,2.0,81.3,48.8,,394,397,false,false,marker_partially_hidden;sd_below_marker_radius
S5,4,humidity,80,light_blue,15,80,2,112.50,396.00,0.524,2.0,73.2,48.8,,394,397,false,false,marker_partially_hidden;sd_below_marker_radius
S5,4,humidity,80,light_blue,15,80,3,121.21,394.95,0.905,1.0,98.8,24.4,,393,397,false,false,sd_below_marker_radius
S5,4,humidity,80,light_blue,15,80,4,130.00,395.00,1.000,1.0,97.6,24.4,,393,397,false,false,sd_below_marker_radius
S5,4,humidity,80,light_blue,15,80,5,138.90,394.05,0.952,1.0,120.7,24.4,,392,397,false,false,sd_below_marker_radius
S5,4,humidity,80,light_blue,15,80,6,147.00,393.00,1.000,1.0,146.3,24.4,97.6,391,397,false,true,sd_one_sided
S5,4,humidity,80,light_blue,15,80,7,155.95,392.10,0.952,1.0,168.3,24.4,97.6,390,396,false,true,sd_one_sided
S5,4,humidity,80,light_blue,15,80,8,163.95,391.10,0.952,1.0,192.7,24.4,97.6,389,395,false,true,sd_one_sided
S5,4,humidity,80,light_blue,15,80,9,172.95,390.10,0.952,1.0,217.1,24.4,97.6,388,394,false,true,sd_one_sided
S5,4,humidity,80,light_blue,15,80,10,182.00,389.00,0.810,2.0,243.9,48.8,97.6,388,393,false,true,marker_partially_hidden;sd_one_sided
S5,4,humidity,80,light_blue,15,80,11,190.00,388.00,0.810,2.0,268.3,48.8,97.6,386,392,false,true,marker_partially_hidden;sd_one_sided
S5,4,humidity,80,light_blue,15,80,12,198.67,385.67,0.714,2.0,325.2,48.8,,385,389,false,false,marker_partially_hidden;sd_below_marker_radius
S5,4,humidity,80,light_blue,15,80,13,207.84,383.84,0.905,1.0,369.7,24.4,97.6,382,388,false,true,sd_one_sided
S5,4,humidity,80,light_blue,15,80,14,215.95,382.10,0.952,1.0,412.2,24.4,122.0,380,387,false,true,sd_one_sided
S5,4,humidity,80,light_blue,15,80,15,224.16,381.84,0.905,1.0,418.5,24.4,,379,387,false,false,sd_unavailable
S5,4,humidity,80,light_blue,15,80,16,233.16,379.16,0.905,1.0,484.0,24.4,122.0,376,384,false,true,sd_one_sided
S5,4,humidity,80,light_blue,15,80,17,242.00,377.00,1.000,1.0,536.6,24.4,146.3,375,383,false,true,sd_one_sided
S5,4,humidity,80,light_blue,15,80,18,250.00,376.00,1.000,1.0,561.0,24.4,,372,384,false,false,sd_unavailable
S5,4,humidity,80,light_blue,15,80,19,259.00,374.00,1.000,1.0,609.8,24.4,219.5,370,383,false,true,sd_one_sided
S5,4,humidity,80,light_blue,15,80,20,267.90,372.05,0.952,1.0,657.3,24.4,219.5,368,381,false,true,sd_one_sided
S5,4,humidity,80,light_blue,15,80,21,276.00,372.00,1.000,1.0,658.5,24.4,219.5,366,381,false,true,sd_one_sided
S5,4,humidity,80,light_blue,15,80,22,285.00,371.00,1.000,1.0,682.9,24.4,219.5,365,380,false,true,sd_one_sided
S5,4,humidity,80,light_blue,15,80,23,293.16,369.84,0.905,1.0,711.2,24.4,219.5,364,379,false,true,sd_one_sided
S5,4,humidity,80,light_blue,15,80,24,301.89,368.28,0.857,1.0,749.3,24.4,243.9,362,378,false,true,sd_one_sided
S5,4,humidity,80,light_blue,15,80,25,310.84,368.16,0.905,1.0,752.2,24.4,292.7,360,380,false,true,sd_one_sided
S5,4,humidity,80,light_blue,15,80,26,319.00,368.00,1.000,1.0,756.1,24.4,292.7,358,380,false,true,sd_one_sided
S5,4,humidity,80,light_blue,15,80,27,327.79,366.00,0.905,1.0,804.9,24.4,317.1,357,379,false,true,sd_one_sided
S5,4,humidity,80,light_blue,15,80,28,336.84,365.84,0.905,1.0,808.7,24.4,317.1,357,379,false,true,sd_one_sided
S5,4,humidity,80,light_blue,15,80,29,345.00,365.00,1.000,1.0,829.3,24.4,317.1,354,378,false,true,sd_one_sided
S5,4,humidity,80,light_blue,15,80,30,353.16,363.84,0.905,1.0,857.5,24.4,341.5,353,378,false,true,sd_one_sided
S5,4,humidity,80,light_blue,15,80,31,362.00,363.00,1.000,1.0,878.0,24.4,341.5,353,377,false,true,sd_one_sided
S5,4,humidity,80,light_blue,15,80,32,370.84,362.16,0.905,1.0,898.6,24.4,341.5,352,376,false,true,sd_one_sided
S5,4,humidity,80,light_blue,15,80,33,379.05,360.90,0.952,1.0,929.3,24.4,341.5,351,375,false,true,sd_one_sided
S5,4,humidity,80,light_blue,15,80,34,388.00,359.00,1.000,1.0,975.6,24.4,341.5,350,373,false,true,sd_one_sided
S5,4,humidity,80,light_blue,15,80,35,396.84,358.84,0.905,1.0,979.5,24.4,341.5,344,373,false,true,sd_one_sided
S5,4,humidity,80,light_blue,15,80,36,405.05,357.10,0.952,1.0,1022.0,24.4,353.7,343,372,true,true,
S5,4,humidity,80,light_blue,15,80,37,414.00,357.79,0.905,1.0,1005.1,24.4,317.1,344,371,false,true,sd_one_sided
S5,4,humidity,80,light_blue,15,80,38,422.16,356.16,0.905,1.0,1044.9,24.4,341.5,343,370,false,true,sd_one_sided
S5,4,humidity,80,light_blue,15,80,39,430.84,355.84,0.905,1.0,1052.6,24.4,317.1,343,369,false,true,sd_one_sided
S5,4,humidity,80,light_blue,15,80,40,440.00,355.00,1.000,1.0,1073.2,24.4,317.1,342,369,true,false,sd_one_sided
S5,4,humidity,80,light_blue,15,80,41,448.05,355.90,0.952,1.0,1051.2,24.4,292.7,343,368,false,true,sd_one_sided
S5,4,humidity,80,light_blue,15,80,42,456.79,355.00,0.905,1.0,1073.2,24.4,292.7,343,367,false,true,sd_one_sided
S5,4,humidity,80,light_blue,15,80,43,465.84,354.16,0.905,1.0,1093.7,24.4,317.1,341,367,true,true,
S5,4,humidity,80,light_blue,15,80,44,474.00,354.00,1.000,1.0,1097.6,24.4,292.7,341,366,false,true,sd_one_sided
S5,4,humidity,80,light_blue,15,80,45,482.05,353.10,0.952,1.0,1119.5,24.4,304.9,341,366,true,true,
S5,4,humidity,80,light_blue,15,80,46,491.16,353.84,0.905,1.0,1101.4,24.4,,347,366,false,false,sd_unavailable
S5,4,humidity,80,light_blue,15,80,47,499.84,352.84,0.905,1.0,1125.8,24.4,243.9,341,363,false,true,sd_one_sided
S5,4,humidity,80,light_blue,15,80,48,508.00,352.00,1.000,1.0,1146.3,24.4,268.3,341,364,true,false,sd_one_sided
S5,4,humidity,80,light_blue,15,80,49,517.05,351.10,0.952,1.0,1168.3,24.4,292.7,340,363,false,true,sd_one_sided
S5,4,humidity,80,light_blue,15,80,50,525.84,350.84,0.905,1.0,1174.6,24.4,243.9,339,361,false,true,sd_one_sided
S5,4,humidity,80,light_blue,15,80,51,534.00,351.00,1.000,1.0,1170.7,24.4,292.7,339,362,true,false,sd_one_sided
S5,4,humidity,80,light_blue,15,80,52,543.00,351.00,1.000,1.0,1170.7,24.4,,339,362,false,false,sd_unavailable
S5,4,humidity,80,light_blue,15,80,53,551.16,349.84,0.905,1.0,1199.0,24.4,268.3,339,361,true,false,sd_one_sided
S5,4,humidity,80,light_blue,15,80,54,560.00,350.00,1.000,1.0,1195.1,24.4,,338,361,false,false,sd_unavailable
S5,4,humidity,80,light_blue,15,80,55,569.00,350.00,1.000,1.0,1195.1,24.4,268.3,339,361,true,true,
S5,4,humidity,80,light_blue,15,80,56,577.16,349.84,0.905,1.0,1199.0,24.4,,338,361,false,false,sd_unavailable
S5,4,humidity,80,light_blue,15,80,57,585.84,349.84,0.905,1.0,1199.0,24.4,,339,360,false,false,sd_unavailable
S5,4,humidity,80,light_blue,15,80,58,594.16,349.84,0.905,1.0,1199.0,24.4,243.9,339,360,false,true,sd_one_sided
S5,4,humidity,80,light_blue,15,80,59,603.00,349.00,1.000,1.0,1219.5,24.4,,338,360,false,false,sd_unavailable
S5,4,humidity,80,light_blue,15,80,60,611.00,349.00,1.000,1.0,1219.5,24.4,,338,360,false,false,sd_unavailable
S5,4,humidity,80,light_blue,15,80,61,620.16,348.16,0.905,1.0,1240.1,24.4,243.9,338,358,false,true,sd_one_sided
S5,4,humidity,80,light_blue,15,80,62,628.95,348.21,0.905,1.0,1238.8,24.4,243.9,338,359,true,false,sd_one_sided
S5,4,humidity,80,navy,20,80,2,114.00,387.50,0.810,2.0,280.5,48.8,341.5,374,391,true,false,marker_partially_hidden;sd_one_sided
S5,4,humidity,80,navy,20,80,4,131.28,389.89,0.857,1.0,222.2,24.4,,386,392,false,false,sd_unavailable
S5,4,humidity,80,navy,20,80,5,140.00,388.00,1.000,1.0,268.3,24.4,,386,391,false,false,sd_below_marker_radius
S5,4,humidity,80,navy,20,80,6,148.00,388.00,1.000,1.0,268.3,24.4,,386,390,false,false,sd_below_marker_radius
S5,4,humidity,80,navy,20,80,7,157.00,387.00,1.000,1.0,292.7,24.4,,384,389,false,false,sd_below_marker_radius
S5,4,humidity,80,navy,20,80,8,165.72,386.89,0.857,1.0,295.4,24.4,97.6,383,389,true,false,sd_one_sided
S5,4,humidity,80,navy,20,80,9,174.00,385.79,0.905,1.0,322.2,24.4,122.0,381,388,true,false,sd_one_sided
S5,4,humidity,80,navy,20,80,10,183.00,385.00,1.000,1.0,341.5,24.4,97.6,381,387,true,false,sd_one_sided
S5,4,humidity,80,navy,20,80,11,191.28,383.89,0.857,1.0,368.6,24.4,97.6,380,386,true,false,sd_one_sided
S5,4,humidity,80,navy,20,80,12,200.00,382.00,1.000,1.0,414.6,24.4,122.0,377,384,true,false,sd_one_sided
S5,4,humidity,80,navy,20,80,13,208.95,378.90,0.952,1.0,490.2,24.4,122.0,374,381,true,false,sd_one_sided
S5,4,humidity,80,navy,20,80,14,217.16,377.84,0.905,1.0,516.0,24.4,146.3,372,380,true,false,sd_one_sided
S5,4,humidity,80,navy,20,80,15,225.72,375.89,0.857,1.0,563.7,24.4,,371,379,false,false,sd_unavailable
S5,4,humidity,80,navy,20,80,16,234.84,373.16,0.905,1.0,630.3,24.4,,368,377,false,false,sd_unavailable
S5,4,humidity,80,navy,20,80,17,243.00,372.00,1.000,1.0,658.5,24.4,146.3,366,374,true,false,sd_one_sided
S5,4,humidity,80,navy,20,80,18,251.16,369.84,0.905,1.0,711.2,24.4,170.7,363,372,true,false,sd_one_sided
S5,4,humidity,80,navy,20,80,19,260.16,367.05,0.905,1.0,779.2,24.4,195.1,359,371,true,false,sd_one_sided
S5,4,humidity,80,navy,20,80,20,268.89,365.72,0.857,1.0,811.7,24.4,243.9,356,375,true,false,sd_one_sided
S5,4,humidity,80,navy,20,80,21,277.11,363.72,0.857,1.0,860.4,24.4,,354,369,false,false,sd_unavailable
S5,4,humidity,80,navy,20,80,22,286.11,362.28,0.857,1.0,895.7,24.4,243.9,352,368,true,false,sd_one_sided
S5,4,humidity,80,navy,20,80,23,294.72,361.11,0.857,1.0,924.1,24.4,243.9,351,372,true,false,sd_one_sided
S5,4,humidity,80,navy,20,80,24,302.95,358.90,0.952,1.0,978.0,24.4,268.3,348,366,true,false,sd_one_sided
S5,4,humidity,80,navy,20,80,25,312.00,357.00,1.000,1.0,1024.4,24.4,292.7,345,366,true,false,sd_one_sided
S5,4,humidity,80,navy,20,80,26,320.28,355.11,0.857,1.0,1070.5,24.4,317.1,342,365,true,false,sd_one_sided
S5,4,humidity,80,navy,20,80,27,328.89,354.28,0.857,1.0,1090.8,24.4,365.9,339,370,true,false,sd_one_sided
S5,4,humidity,80,navy,20,80,28,337.84,353.84,0.905,1.0,1101.4,24.4,365.9,339,368,true,false,sd_one_sided
S5,4,humidity,80,navy,20,80,29,346.16,351.16,0.905,1.0,1166.9,24.4,365.9,336,362,true,false,sd_one_sided
S5,4,humidity,80,navy,20,80,30,354.72,350.11,0.857,1.0,1192.4,24.4,390.2,334,366,true,false,sd_one_sided
S5,4,humidity,80,navy,20,80,31,363.72,350.11,0.857,1.0,1192.4,24.4,414.6,332,367,false,true,sd_one_sided
S5,4,humidity,80,navy,20,80,32,372.00,349.00,1.000,1.0,1219.5,24.4,414.6,332,366,true,false,sd_one_sided
S5,4,humidity,80,navy,20,80,33,380.28,348.11,0.857,1.0,1241.2,24.4,414.6,331,365,true,true,
S5,4,humidity,80,navy,20,80,34,389.28,347.89,0.857,1.0,1246.6,24.4,439.0,330,366,true,false,sd_one_sided
S5,4,humidity,80,navy,20,80,35,397.79,347.00,0.905,1.0,1268.3,24.4,463.4,328,366,false,true,sd_one_sided
S5,4,humidity,80,navy,20,80,36,406.00,347.00,1.000,1.0,1268.3,24.4,487.8,327,367,false,true,sd_one_sided
S5,4,humidity,80,navy,20,80,37,415.10,347.05,0.952,1.0,1267.1,24.4,463.4,328,366,false,true,sd_one_sided
S5,4,humidity,80,navy,20,80,38,423.72,345.89,0.857,1.0,1295.4,24.4,487.8,329,366,false,true,sd_one_sided
S5,4,humidity,80,navy,20,80,39,432.00,346.00,1.000,1.0,1292.7,24.4,,328,365,false,false,sd_unavailable
S5,4,humidity,80,navy,20,80,40,441.00,346.00,1.000,1.0,1292.7,24.4,463.4,327,365,false,true,sd_one_sided
S5,4,humidity,80,navy,20,80,41,449.21,346.00,0.905,1.0,1292.7,24.4,,327,365,false,false,sd_unavailable
S5,4,humidity,80,navy,20,80,42,457.72,345.89,0.857,1.0,1295.4,24.4,463.4,328,365,false,true,sd_one_sided
S5,4,humidity,80,navy,20,80,43,466.84,345.84,0.905,1.0,1296.5,24.4,439.0,327,364,false,true,sd_one_sided
S5,4,humidity,80,navy,20,80,44,475.11,344.28,0.857,1.0,1334.7,24.4,,326,365,false,false,sd_unavailable
S5,4,humidity,80,navy,20,80,45,483.50,345.00,0.810,2.0,1317.1,48.8,463.4,327,364,false,true,marker_partially_hidden;sd_one_sided
S5,4,humidity,80,navy,20,80,46,492.33,344.00,0.857,1.0,1341.5,24.4,,325,364,false,false,sd_unavailable
S5,4,humidity,80,navy,20,80,47,501.00,344.00,1.000,1.0,1341.5,24.4,439.0,328,362,false,true,sd_one_sided
S5,4,humidity,80,navy,20,80,48,509.21,344.00,0.905,1.0,1341.5,24.4,463.4,329,363,false,true,sd_one_sided
S5,4,humidity,80,navy,20,80,49,518.21,344.00,0.905,1.0,1341.5,24.4,,326,362,false,false,sd_unavailable
S5,4,humidity,80,navy,20,80,50,526.84,342.84,0.905,1.0,1369.7,24.4,463.4,323,362,false,true,sd_one_sided
S5,4,humidity,80,navy,20,80,51,535.16,343.16,0.905,1.0,1362.0,24.4,,326,362,false,false,sd_unavailable
S5,4,humidity,80,navy,20,80,52,544.10,342.95,0.952,1.0,1367.1,24.4,,324,362,false,false,sd_unavailable
S5,4,humidity,80,navy,20,80,53,552.72,342.89,0.857,1.0,1368.6,24.4,,323,363,false,false,sd_unavailable
S5,4,humidity,80,navy,20,80,54,561.00,343.00,1.000,1.0,1365.9,24.4,,323,363,false,false,sd_unavailable
S5,4,humidity,80,navy,20,80,55,570.05,343.16,0.905,1.0,1362.0,24.4,487.8,324,363,false,true,sd_one_sided
S5,4,humidity,80,navy,20,80,56,578.28,343.11,0.857,1.0,1363.1,24.4,463.4,324,362,false,true,sd_one_sided
S5,4,humidity,80,navy,20,80,57,587.00,344.00,1.000,1.0,1341.5,24.4,463.4,328,363,false,true,sd_one_sided
S5,4,humidity,80,navy,20,80,58,595.84,342.84,0.905,1.0,1369.7,24.4,463.4,323,362,false,true,sd_one_sided
S5,4,humidity,80,navy,20,80,59,604.10,342.95,0.952,1.0,1367.1,24.4,439.0,325,361,false,true,sd_one_sided
S5,4,humidity,80,navy,20,80,60,612.72,343.83,0.857,1.0,1345.5,24.4,414.6,328,361,false,true,sd_one_sided
S5,4,humidity,80,navy,20,80,61,621.72,342.89,0.857,1.0,1368.6,24.4,414.6,328,360,false,true,sd_one_sided
S5,4,humidity,80,navy,20,80,62,630.00,344.00,1.000,1.0,1341.5,24.4,439.0,327,362,false,true,sd_one_sided
S5,4,humidity,80,orange,25,80,1,107.00,394.00,0.571,2.0,122.0,48.8,,392,394,false,false,marker_partially_hidden;sd_below_marker_radius
S5,4,humidity,80,orange,25,80,2,115.00,393.00,0.714,2.0,146.3,48.8,,391,394,false,false,marker_partially_hidden;sd_below_marker_radius
S5,4,humidity,80,orange,25,80,3,123.83,387.83,0.857,1.0,272.4,24.4,,385,389,false,false,sd_below_marker_radius
S5,4,humidity,80,orange,25,80,4,132.00,381.50,0.476,2.0,426.8,48.8,122.0,379,387,false,true,marker_partially_hidden;sd_one_sided
S5,4,humidity,80,orange,25,80,5,140.50,383.00,0.571,2.0,390.2,48.8,146.3,377,385,true,false,marker_partially_hidden;sd_one_sided
S5,4,humidity,80,orange,25,80,6,149.00,382.00,0.476,2.0,414.6,48.8,170.7,375,384,true,false,marker_partially_hidden;sd_one_sided
S5,4,humidity,80,orange,25,80,7,157.50,375.00,0.476,2.0,585.4,48.8,158.5,369,382,true,true,marker_partially_hidden
S5,4,humidity,80,orange,25,80,8,167.00,374.50,0.714,2.0,597.6,48.8,170.7,367,381,true,true,marker_partially_hidden
S5,4,humidity,80,orange,25,80,9,174.95,370.10,0.952,1.0,704.9,24.4,170.7,362,377,false,true,sd_one_sided
S5,4,humidity,80,orange,25,80,10,184.00,365.00,0.762,2.0,829.3,48.8,170.7,357,372,false,true,marker_partially_hidden;sd_one_sided
S5,4,humidity,80,orange,25,80,11,192.00,360.00,0.524,2.0,951.2,48.8,170.7,351,367,false,true,marker_partially_hidden;sd_one_sided
S5,4,humidity,80,orange,25,80,12,201.75,347.75,0.476,2.0,1250.0,48.8,341.5,345,362,false,true,marker_partially_hidden;sd_one_sided
S5,4,humidity,80,orange,25,80,13,209.95,344.90,0.952,1.0,1319.5,24.4,243.9,335,356,true,false,sd_one_sided
S5,4,humidity,80,orange,25,80,14,218.00,339.00,1.000,1.0,1463.4,24.4,243.9,329,349,true,true,
S5,4,humidity,80,orange,25,80,15,227.00,334.00,1.000,1.0,1585.4,24.4,292.7,322,345,true,false,sd_one_sided
S5,4,humidity,80,orange,25,80,16,235.95,327.90,0.952,1.0,1734.1,24.4,292.7,316,338,true,false,sd_one_sided
S5,4,humidity,80,orange,25,80,17,244.05,324.10,0.952,1.0,1826.8,24.4,292.7,312,335,true,false,sd_one_sided
S5,4,humidity,80,orange,25,80,18,252.95,318.10,0.952,1.0,1973.2,24.4,317.1,305,332,true,false,sd_one_sided
S5,4,humidity,80,orange,25,80,19,262.00,316.00,1.000,1.0,2024.4,24.4,353.7,301,330,true,true,
S5,4,humidity,80,orange,25,80,20,270.00,312.00,1.000,1.0,2122.0,24.4,365.9,297,328,true,false,sd_one_sided
S5,4,humidity,80,orange,25,80,21,278.00,311.00,1.000,1.0,2146.3,24.4,365.9,296,326,true,false,sd_one_sided
S5,4,humidity,80,orange,25,80,22,287.84,308.16,0.905,1.0,2215.7,24.4,402.4,292,325,true,true,
S5,4,humidity,80,orange,25,80,23,296.00,308.00,1.000,1.0,2219.5,24.4,463.4,289,327,true,false,sd_one_sided
S5,4,humidity,80,orange,25,80,24,304.00,306.00,1.000,1.0,2268.3,24.4,439.0,288,324,false,true,sd_one_sided
S5,4,humidity,80,orange,25,80,25,313.00,306.00,1.000,1.0,2268.3,24.4,500.0,285,326,true,true,
S5,4,humidity,80,orange,25,80,26,321.95,305.90,0.952,1.0,2270.7,24.4,426.8,288,323,true,true,
S5,4,humidity,80,orange,25,80,27,330.00,305.00,1.000,1.0,2292.7,24.4,487.8,285,325,true,false,sd_one_sided
S5,4,humidity,80,orange,25,80,28,339.00,304.00,1.000,1.0,2317.1,24.4,439.0,286,323,true,false,sd_one_sided
S5,4,humidity,80,orange,25,80,29,348.00,305.00,1.000,1.0,2292.7,24.4,463.4,286,324,true,true,
S5,4,humidity,80,orange,25,80,30,356.00,306.00,1.000,1.0,2268.3,24.4,439.0,287,324,false,true,sd_one_sided
S5,4,humidity,80,orange,25,80,31,365.00,306.00,1.000,1.0,2268.3,24.4,414.6,289,323,false,true,sd_one_sided
S5,4,humidity,80,orange,25,80,32,373.00,304.00,1.000,1.0,2317.1,24.4,451.2,286,323,true,true,
S5,4,humidity,80,orange,25,80,33,382.00,304.00,1.000,1.0,2317.1,24.4,451.2,286,323,true,true,
S5,4,humidity,80,orange,25,80,34,391.00,305.00,1.000,1.0,2292.7,24.4,463.4,286,324,true,true,
S5,4,humidity,80,orange,25,80,35,399.00,305.00,1.000,1.0,2292.7,24.4,414.6,288,322,true,true,
S5,4,humidity,80,orange,25,80,36,408.00,308.00,1.000,1.0,2219.5,24.4,463.4,289,323,true,false,sd_one_sided
S5,4,humidity,80,orange,25,80,37,417.00,307.00,1.000,1.0,2243.9,24.4,414.6,289,323,true,true,
S5,4,humidity,80,orange,25,80,38,425.00,306.00,1.000,1.0,2268.3,24.4,390.2,290,323,true,false,sd_one_sided
S5,4,humidity,80,orange,25,80,39,433.00,307.00,1.000,1.0,2243.9,24.4,414.6,290,324,true,false,sd_one_sided
S5,4,humidity,80,orange,25,80,40,442.00,309.00,1.000,1.0,2195.1,24.4,365.9,294,323,true,false,sd_one_sided
S5,4,humidity,80,orange,25,80,41,451.00,310.00,1.000,1.0,2170.7,24.4,390.2,294,323,true,false,sd_one_sided
S5,4,humidity,80,orange,25,80,42,459.00,309.00,1.000,1.0,2195.1,24.4,463.4,290,323,true,false,sd_one_sided
S5,4,humidity,80,orange,25,80,43,468.00,309.00,1.000,1.0,2195.1,24.4,439.0,291,323,true,false,sd_one_sided
S5,4,humidity,80,orange,25,80,44,476.16,310.16,0.905,1.0,2166.9,24.4,414.6,293,329,true,false,sd_one_sided
S5,4,humidity,80,orange,25,80,45,485.00,309.00,1.000,1.0,2195.1,24.4,463.4,290,322,true,false,sd_one_sided
S5,4,humidity,80,orange,25,80,46,493.95,308.10,0.952,1.0,2217.1,24.4,414.6,291,324,true,false,sd_one_sided
S5,4,humidity,80,orange,25,80,47,502.00,311.00,1.000,1.0,2146.3,24.4,414.6,294,322,true,false,sd_one_sided
S5,4,humidity,80,orange,25,80,48,510.95,310.10,0.952,1.0,2168.3,24.4,439.0,292,324,true,false,sd_one_sided
S5,4,humidity,80,orange,25,80,49,520.00,311.00,1.000,1.0,2146.3,24.4,,296,322,false,false,sd_unavailable
S5,4,humidity,80,orange,25,80,50,528.00,312.00,1.000,1.0,2122.0,24.4,414.6,295,329,true,false,sd_one_sided
S5,4,humidity,80,orange,25,80,51,536.16,311.84,0.905,1.0,2125.8,24.4,463.4,293,329,true,false,sd_one_sided
S5,4,humidity,80,orange,25,80,52,546.00,313.00,1.000,1.0,2097.6,24.4,378.0,297,328,true,true,
S5,4,humidity,80,orange,25,80,53,554.00,313.00,1.000,1.0,2097.6,24.4,463.4,294,332,true,false,sd_one_sided
S5,4,humidity,80,orange,25,80,54,562.00,312.00,1.000,1.0,2122.0,24.4,414.6,295,330,true,false,sd_one_sided
S5,4,humidity,80,orange,25,80,55,571.00,314.00,1.000,1.0,2073.2,24.4,439.0,296,332,true,false,sd_one_sided
S5,4,humidity,80,orange,25,80,56,580.00,313.00,1.000,1.0,2097.6,24.4,463.4,294,333,true,false,sd_one_sided
S5,4,humidity,80,orange,25,80,57,588.00,314.00,1.000,1.0,2073.2,24.4,536.6,292,337,true,false,sd_one_sided
S5,4,humidity,80,orange,25,80,58,597.00,315.00,1.000,1.0,2048.8,24.4,439.0,297,333,true,false,sd_one_sided
S5,4,humidity,80,orange,25,80,59,606.00,312.00,1.000,1.0,2122.0,24.4,512.2,291,333,true,false,sd_one_sided
S5,4,humidity,80,orange,25,80,60,614.00,315.00,1.000,1.0,2048.8,24.4,475.6,295,334,true,true,
S5,4,humidity,80,orange,25,80,61,622.95,313.90,0.952,1.0,2075.6,24.4,536.6,292,335,true,false,sd_one_sided
S5,4,humidity,80,orange,25,80,62,631.00,314.00,1.000,1.0,2073.2,24.4,,292,335,false,false,sd_unavailable
S5,4,humidity,80,green,30,80,1,108.00,396.00,0.762,2.0,73.2,48.8,,394,397,false,false,marker_partially_hidden;sd_below_marker_radius
S5,4,humidity,80,green,30,80,2,117.00,396.00,0.810,2.0,73.2,48.8,,394,397,false,false,marker_partially_hidden;sd_below_marker_radius
S5,4,humidity,80,green,30,80,3,125.00,392.00,1.000,1.0,170.7,24.4,,390,395,false,false,sd_below_marker_radius
S5,4,humidity,80,green,30,80,4,134.16,383.84,0.905,1.0,369.7,24.4,,382,386,false,false,sd_below_marker_radius
S5,4,humidity,80,green,30,80,5,143.00,381.00,0.810,2.0,439.0,48.8,,378,383,false,false,marker_partially_hidden;sd_below_marker_radius
S5,4,humidity,80,green,30,80,6,151.05,378.90,0.952,1.0,490.2,24.4,,376,381,false,false,sd_below_marker_radius
S5,4,humidity,80,green,30,80,7,159.95,375.10,0.952,1.0,582.9,24.4,,373,378,false,false,sd_below_marker_radius
S5,4,humidity,80,green,30,80,8,168.16,371.16,0.905,1.0,679.1,24.4,,368,373,false,false,sd_below_marker_radius
S5,4,humidity,80,green,30,80,9,176.79,366.00,0.905,1.0,804.9,24.4,97.6,362,368,true,false,sd_one_sided
S5,4,humidity,80,green,30,80,10,185.83,361.28,0.857,1.0,920.1,24.4,146.3,356,368,true,true,
S5,4,humidity,80,green,30,80,11,194.00,358.00,1.000,1.0,1000.0,24.4,195.1,350,366,true,false,sd_one_sided
S5,4,humidity,80,green,30,80,12,202.72,353.89,0.857,1.0,1100.3,24.4,243.9,344,364,true,true,
S5,4,humidity,80,green,30,80,13,211.72,348.89,0.857,1.0,1222.2,24.4,292.7,338,361,false,true,sd_one_sided
S5,4,humidity,80,green,30,80,14,219.95,345.10,0.952,1.0,1314.6,24.4,353.7,331,360,true,true,
S5,4,humidity,80,green,30,80,15,228.16,341.84,0.905,1.0,1394.1,24.4,390.2,326,358,true,false,sd_one_sided
S5,4,humidity,80,green,30,80,16,237.11,340.28,0.857,1.0,1432.2,24.4,390.2,324,356,false,true,sd_one_sided
S5,4,humidity,80,green,30,80,17,245.84,337.16,0.905,1.0,1508.3,24.4,439.0,319,355,false,true,sd_one_sided
S5,4,humidity,80,green,30,80,18,254.00,335.00,1.000,1.0,1561.0,24.4,463.4,321,354,false,true,sd_one_sided
S5,4,humidity,80,green,30,80,19,263.00,333.79,0.905,1.0,1590.5,24.4,487.8,319,354,false,true,sd_one_sided
S5,4,humidity,80,green,30,80,20,271.21,333.00,0.905,1.0,1609.8,24.4,439.0,315,351,true,true,
S5,4,humidity,80,green,30,80,21,280.00,332.00,1.000,1.0,1634.1,24.4,487.8,314,352,false,true,sd_one_sided
S5,4,humidity,80,green,30,80,22,288.84,330.84,0.905,1.0,1662.4,24.4,463.4,311,350,false,true,sd_one_sided
S5,4,humidity,80,green,30,80,23,297.00,330.00,1.000,1.0,1682.9,24.4,463.4,311,349,false,true,sd_one_sided
S5,4,humidity,80,green,30,80,24,305.84,331.16,0.905,1.0,1654.7,24.4,487.8,311,351,false,true,sd_one_sided
S5,4,humidity,80,green,30,80,25,314.90,329.95,0.952,1.0,1684.1,24.4,,310,350,false,false,sd_unavailable
S5,4,humidity,80,green,30,80,26,323.00,329.21,0.905,1.0,1702.2,24.4,512.2,309,350,false,true,sd_one_sided
S5,4,humidity,80,green,30,80,27,331.16,329.84,0.905,1.0,1686.8,24.4,475.6,310,349,true,true,
S5,4,humidity,80,green,30,80,28,340.16,329.16,0.905,1.0,1703.5,24.4,512.2,308,350,false,true,sd_one_sided
S5,4,humidity,80,green,30,80,29,348.95,328.90,0.952,1.0,1709.8,24.4,487.8,308,349,false,true,sd_one_sided
S5,4,humidity,80,green,30,80,30,357.16,327.84,0.905,1.0,1735.6,24.4,,310,349,false,false,sd_unavailable
S5,4,humidity,80,green,30,80,31,366.11,327.72,0.857,1.0,1738.5,24.4,487.8,309,348,false,true,sd_one_sided
S5,4,humidity,80,green,30,80,32,374.84,328.16,0.905,1.0,1727.9,24.4,,308,348,false,false,sd_unavailable
S5,4,humidity,80,green,30,80,33,383.05,326.10,0.952,1.0,1778.0,24.4,,307,347,false,false,sd_unavailable
S5,4,humidity,80,green,30,80,34,392.00,326.21,0.905,1.0,1775.4,24.4,,308,347,false,false,sd_unavailable
S5,4,humidity,80,green,30,80,35,400.16,326.16,0.905,1.0,1776.6,24.4,,323,345,false,false,sd_unavailable
S5,4,humidity,80,green,30,80,36,408.84,325.84,0.905,1.0,1784.3,24.4,,305,346,false,false,sd_unavailable
S5,4,humidity,80,green,30,80,37,417.84,325.84,0.905,1.0,1784.3,24.4,536.6,304,347,true,false,sd_one_sided
S5,4,humidity,80,green,30,80,38,426.16,326.16,0.905,1.0,1776.6,24.4,536.6,309,348,false,true,sd_one_sided
S5,4,humidity,80,green,30,80,39,434.89,326.28,0.857,1.0,1773.7,24.4,,310,346,false,false,sd_unavailable
S5,4,humidity,80,green,30,80,40,443.84,325.84,0.905,1.0,1784.3,24.4,512.2,305,346,true,false,sd_one_sided
S5,4,humidity,80,green,30,80,41,452.05,326.10,0.952,1.0,1778.0,24.4,536.6,305,348,false,true,sd_one_sided
S5,4,humidity,80,green,30,80,42,460.16,325.84,0.905,1.0,1784.3,24.4,,324,343,false,false,sd_unavailable
S5,4,humidity,80,green,30,80,43,469.16,325.84,0.905,1.0,1784.3,24.4,,304,348,false,false,sd_unavailable
S5,4,humidity,80,green,30,80,44,478.00,325.00,1.000,1.0,1804.9,24.4,,304,347,false,false,sd_unavailable
S5,4,humidity,80,green,30,80,45,486.00,325.00,1.000,1.0,1804.9,24.4,,322,343,false,false,sd_unavailable
S5,4,humidity,80,green,30,80,46,495.16,326.16,0.905,1.0,1776.6,24.4,512.2,306,347,false,true,sd_one_sided
S5,4,humidity,80,green,30,80,47,503.84,325.16,0.905,1.0,1801.0,24.4,512.2,303,346,false,true,sd_one_sided
S5,4,humidity,80,green,30,80,48,512.00,327.00,1.000,1.0,1756.1,24.4,463.4,307,346,false,true,sd_one_sided
S5,4,humidity,80,green,30,80,49,521.00,325.00,1.000,1.0,1804.9,24.4,,303,346,false,false,sd_unavailable
S5,4,humidity,80,green,30,80,50,529.16,326.16,0.905,1.0,1776.6,24.4,463.4,324,345,false,true,sd_one_sided
S5,4,humidity,80,green,30,80,51,537.89,325.72,0.857,1.0,1787.3,24.4,512.2,304,347,false,true,sd_one_sided
S5,4,humidity,80,green,30,80,52,547.00,325.00,1.000,1.0,1804.9,24.4,475.6,306,345,true,true,
S5,4,humidity,80,green,30,80,53,555.05,326.10,0.952,1.0,1778.0,24.4,,306,347,false,false,sd_unavailable
S5,4,humidity,80,green,30,80,54,563.84,325.84,0.905,1.0,1784.3,24.4,463.4,305,345,false,true,sd_one_sided
S5,4,humidity,80,green,30,80,55,572.84,326.16,0.905,1.0,1776.6,24.4,475.6,307,346,true,true,
S5,4,humidity,80,green,30,80,56,581.05,325.90,0.952,1.0,1782.9,24.4,,306,345,false,false,sd_unavailable
S5,4,humidity,80,green,30,80,57,589.16,326.16,0.905,1.0,1776.6,24.4,487.8,306,346,true,true,
S5,4,humidity,80,green,30,80,58,598.16,326.16,0.905,1.0,1776.6,24.4,463.4,307,345,true,true,
S5,4,humidity,80,green,30,80,59,607.00,325.00,1.000,1.0,1804.9,24.4,,305,345,false,false,sd_unavailable
S5,4,humidity,80,green,30,80,60,615.05,325.90,0.952,1.0,1782.9,24.4,,323,328,false,false,sd_below_marker_radius
S5,4,humidity,80,green,30,80,61,624.05,325.90,0.952,1.0,1782.9,24.4,,305,346,false,false,sd_unavailable
S5,4,humidity,80,green,30,80,62,632.84,325.84,0.905,1.0,1784.3,24.4,439.0,308,344,true,false,sd_one_sided
S5,5,humidity,75,light_blue,15,75,1,103.33,395.67,0.429,2.0,81.3,48.8,,392,397,false,false,marker_partially_hidden;sd_unavailable
S5,5,humidity,75,light_blue,15,75,3,121.00,395.00,0.571,2.0,97.6,48.8,,395,397,false,false,marker_partially_hidden;sd_below_marker_radius
S5,5,humidity,75,light_blue,15,75,4,130.00,394.00,0.762,2.0,122.0,48.8,,393,396,false,false,marker_partially_hidden;sd_below_marker_radius
S5,5,humidity,75,light_blue,15,75,6,147.00,384.00,0.762,2.0,365.9,48.8,,380,385,false,false,marker_partially_hidden;sd_unavailable
S5,5,humidity,75,light_blue,15,75,7,155.95,381.90,0.952,1.0,417.1,24.4,,379,384,false,false,sd_below_marker_radius
S5,5,humidity,75,light_blue,15,75,8,164.00,380.00,0.762,2.0,463.4,48.8,,378,381,false,false,marker_partially_hidden;sd_below_marker_radius
S5,5,humidity,75,light_blue,15,75,9,172.67,379.33,0.524,2.0,479.7,48.8,,377,379,false,false,marker_partially_hidden;sd_below_marker_radius
S5,5,humidity,75,light_blue,15,75,10,182.00,377.00,0.714,2.0,536.6,48.8,,375,377,false,false,marker_partially_hidden;sd_below_marker_radius
S5,5,humidity,75,light_blue,15,75,11,190.00,376.00,0.714,2.0,561.0,48.8,,374,376,false,false,marker_partially_hidden;sd_below_marker_radius
S5,5,humidity,75,light_blue,15,75,13,207.00,375.00,0.476,2.0,585.4,48.8,,375,377,false,false,marker_partially_hidden;sd_below_marker_radius
S5,5,humidity,75,light_blue,15,75,14,216.00,374.00,0.762,2.0,609.8,48.8,,373,376,false,false,marker_partially_hidden;sd_below_marker_radius
S5,5,humidity,75,light_blue,15,75,15,224.16,371.84,0.905,1.0,662.4,24.4,,369,374,false,false,sd_below_marker_radius
S5,5,humidity,75,light_blue,15,75,16,233.00,371.00,1.000,1.0,682.9,24.4,,369,373,false,false,sd_below_marker_radius
S5,5,humidity,75,light_blue,15,75,17,241.84,368.16,0.905,1.0,752.2,24.4,,366,371,false,false,sd_below_marker_radius
S5,5,humidity,75,light_blue,15,75,18,250.00,367.00,0.810,2.0,780.5,48.8,,365,370,false,false,marker_partially_hidden;sd_below_marker_radius
S5,5,humidity,75,light_blue,15,75,19,259.00,366.00,0.762,2.0,804.9,48.8,,363,369,false,false,marker_partially_hidden;sd_below_marker_radius
S5,5,humidity,75,light_blue,15,75,20,267.00,363.50,0.619,2.0,865.9,48.8,122.0,359,368,true,false,marker_partially_hidden;sd_one_sided
S5,5,humidity,75,light_blue,15,75,21,276.00,361.00,0.810,2.0,926.8,48.8,,356,367,false,false,marker_partially_hidden;sd_unavailable
S5,5,humidity,75,light_blue,15,75,22,284.78,359.78,0.857,1.0,956.6,24.4,122.0,355,365,false,true,sd_one_sided
S5,5,humidity,75,light_blue,15,75,23,293.00,358.00,1.000,1.0,1000.0,24.4,122.0,353,362,true,false,sd_one_sided
S5,5,humidity,75,light_blue,15,75,24,301.84,355.84,0.905,1.0,1052.6,24.4,122.0,349,361,false,true,sd_one_sided
S5,5,humidity,75,light_blue,15,75,25,310.95,352.90,0.952,1.0,1124.4,24.4,,345,360,false,false,sd_unavailable
S5,5,humidity,75,light_blue,15,75,26,319.05,351.10,0.952,1.0,1168.3,24.4,219.5,343,360,false,true,sd_one_sided
S5,5,humidity,75,light_blue,15,75,27,327.90,349.05,0.952,1.0,1218.3,24.4,195.1,341,357,false,true,sd_one_sided
S5,5,humidity,75,light_blue,15,75,28,336.84,347.84,0.905,1.0,1247.8,24.4,219.5,339,357,true,true,
S5,5,humidity,75,light_blue,15,75,29,345.00,345.00,1.000,1.0,1317.1,24.4,219.5,336,354,false,true,sd_one_sided
S5,5,humidity,75,light_blue,15,75,30,353.16,344.16,0.905,1.0,1337.6,24.4,,335,355,false,false,sd_unavailable
S5,5,humidity,75,light_blue,15,75,31,362.16,343.84,0.905,1.0,1345.3,24.4,268.3,331,355,false,true,sd_one_sided
S5,5,humidity,75,light_blue,15,75,32,371.00,340.00,1.000,1.0,1439.0,24.4,,327,353,false,false,sd_unavailable
S5,5,humidity,75,light_blue,15,75,33,379.00,340.00,1.000,1.0,1439.0,24.4,304.9,327,352,true,true,
S5,5,humidity,75,light_blue,15,75,34,388.00,338.00,1.000,1.0,1487.8,24.4,341.5,324,352,false,true,sd_one_sided
S5,5,humidity,75,light_blue,15,75,35,396.84,337.84,0.905,1.0,1491.7,24.4,341.5,324,351,true,false,sd_one_sided
S5,5,humidity,75,light_blue,15,75,36,405.00,337.00,1.000,1.0,1512.2,24.4,317.1,323,350,false,true,sd_one_sided
S5,5,humidity,75,light_blue,15,75,37,413.90,336.05,0.952,1.0,1535.4,24.4,341.5,322,350,false,true,sd_one_sided
S5,5,humidity,75,light_blue,15,75,38,422.10,336.05,0.952,1.0,1535.4,24.4,317.1,323,350,true,false,sd_one_sided
S5,5,humidity,75,light_blue,15,75,39,430.89,335.72,0.857,1.0,1543.4,24.4,341.5,321,350,false,true,sd_one_sided
S5,5,humidity,75,light_blue,15,75,40,439.72,334.17,0.857,1.0,1581.3,24.4,,319,350,false,false,sd_unavailable
S5,5,humidity,75,light_blue,15,75,41,448.16,335.84,0.905,1.0,1540.4,24.4,365.9,321,351,true,true,
S5,5,humidity,75,light_blue,15,75,42,456.16,333.84,0.905,1.0,1589.2,24.4,390.2,318,350,false,true,sd_one_sided
S5,5,humidity,75,light_blue,15,75,43,465.84,334.16,0.905,1.0,1581.5,24.4,378.0,319,350,true,true,
S5,5,humidity,75,light_blue,15,75,44,474.00,334.00,1.000,1.0,1585.4,24.4,390.2,316,350,false,true,sd_one_sided
S5,5,humidity,75,light_blue,15,75,45,482.00,333.00,1.000,1.0,1609.8,24.4,390.2,317,349,true,true,
S5,5,humidity,75,light_blue,15,75,46,491.16,333.84,0.905,1.0,1589.2,24.4,414.6,316,351,false,true,sd_one_sided
S5,5,humidity,75,light_blue,15,75,47,499.84,332.16,0.905,1.0,1630.3,24.4,414.6,315,351,true,false,sd_one_sided
S5,5,humidity,75,light_blue,15,75,48,508.00,332.00,1.000,1.0,1634.1,24.4,,314,349,false,false,sd_unavailable
S5,5,humidity,75,light_blue,15,75,49,517.16,332.16,0.905,1.0,1630.3,24.4,,316,349,false,false,sd_unavailable
S5,5,humidity,75,light_blue,15,75,50,525.84,332.16,0.905,1.0,1630.3,24.4,390.2,316,350,true,false,sd_one_sided
S5,5,humidity,75,light_blue,15,75,51,534.00,333.00,1.000,1.0,1609.8,24.4,414.6,316,350,true,false,sd_one_sided
S5,5,humidity,75,light_blue,15,75,52,543.00,332.00,1.000,1.0,1634.1,24.4,,314,350,false,false,sd_unavailable
S5,5,humidity,75,light_blue,15,75,53,551.16,332.16,0.905,1.0,1630.3,24.4,,315,349,false,false,sd_unavailable
S5,5,humidity,75,light_blue,15,75,54,560.00,332.00,1.000,1.0,1634.1,24.4,,315,350,false,false,sd_unavailable
S5,5,humidity,75,light_blue,15,75,55,568.84,332.16,0.905,1.0,1630.3,24.4,439.0,315,350,false,true,sd_one_sided
S5,5,humidity,75,light_blue,15,75,56,577.05,333.90,0.952,1.0,1587.8,24.4,,318,350,false,false,sd_unavailable
S5,5,humidity,75,light_blue,15,75,57,585.79,333.00,0.905,1.0,1609.8,24.4,,316,350,false,false,sd_unavailable
S5,5,humidity,75,light_blue,15,75,58,594.84,333.84,0.905,1.0,1589.2,24.4,378.0,318,349,true,true,
S5,5,humidity,75,light_blue,15,75,59,603.00,333.00,1.000,1.0,1609.8,24.4,,317,350,false,false,sd_unavailable
S5,5,humidity,75,light_blue,15,75,60,611.16,332.16,0.905,1.0,1630.3,24.4,365.9,317,349,true,false,sd_one_sided
S5,5,humidity,75,light_blue,15,75,61,620.00,333.00,1.000,1.0,1609.8,24.4,414.6,316,350,false,true,sd_one_sided
S5,5,humidity,75,light_blue,15,75,62,629.00,333.00,1.000,1.0,1609.8,24.4,414.6,317,350,false,true,sd_one_sided
S5,5,humidity,75,navy,20,75,1,105.33,393.67,0.667,2.0,130.1,48.8,97.6,390,395,true,false,marker_partially_hidden;sd_one_sided
S5,5,humidity,75,navy,20,75,2,114.00,390.00,1.000,1.0,219.5,24.4,195.1,382,394,true,false,sd_one_sided
S5,5,humidity,75,navy,20,75,3,122.00,392.00,0.810,2.0,170.7,48.8,,389,394,false,false,marker_partially_hidden;sd_below_marker_radius
S5,5,humidity,75,navy,20,75,4,130.50,390.00,0.524,2.0,219.5,48.8,,389,392,false,false,marker_partially_hidden;sd_below_marker_radius
S5,5,humidity,75,navy,20,75,5,139.89,388.28,0.857,1.0,261.5,24.4,,385,395,false,false,sd_unavailable
S5,5,humidity,75,navy,20,75,6,148.00,388.00,1.000,1.0,268.3,24.4,97.6,386,392,false,true,sd_one_sided
S5,5,humidity,75,navy,20,75,7,157.16,386.16,0.905,1.0,313.2,24.4,146.3,384,392,false,true,sd_one_sided
S5,5,humidity,75,navy,20,75,8,165.84,383.84,0.905,1.0,369.7,24.4,146.3,378,390,false,true,sd_one_sided
S5,5,humidity,75,navy,20,75,9,174.00,382.00,1.000,1.0,414.6,24.4,146.3,375,388,false,true,sd_one_sided
S5,5,humidity,75,navy,20,75,10,183.00,380.00,1.000,1.0,463.4,24.4,146.3,374,386,true,true,
S5,5,humidity,75,navy,20,75,11,191.28,378.89,0.857,1.0,490.5,24.4,,371,387,false,false,sd_unavailable
S5,5,humidity,75,navy,20,75,12,199.84,375.84,0.905,1.0,564.8,24.4,195.1,372,384,false,true,sd_one_sided
S5,5,humidity,75,navy,20,75,13,209.00,373.50,0.810,2.0,622.0,48.8,195.1,372,382,false,true,marker_partially_hidden;sd_one_sided
S5,5,humidity,75,navy,20,75,14,217.00,370.50,0.810,2.0,695.1,48.8,243.9,360,380,true,true,marker_partially_hidden
S5,5,humidity,75,navy,20,75,15,225.00,367.00,0.381,2.0,780.5,48.8,243.9,367,377,false,true,marker_partially_hidden;sd_one_sided
S5,5,humidity,75,navy,20,75,16,234.33,363.67,0.429,2.0,861.8,48.8,243.9,354,374,false,true,marker_partially_hidden;sd_one_sided
S5,5,humidity,75,navy,20,75,17,243.00,360.00,0.762,2.0,951.2,48.8,,351,371,false,false,marker_partially_hidden;sd_unavailable
S5,5,humidity,75,navy,20,75,18,251.28,356.89,0.857,1.0,1027.1,24.4,,346,360,false,false,sd_unavailable
S5,5,humidity,75,navy,20,75,19,260.28,353.11,0.857,1.0,1119.2,24.4,243.9,343,361,true,false,sd_one_sided
S5,5,humidity,75,navy,20,75,20,268.95,350.10,0.952,1.0,1192.7,24.4,317.1,337,361,true,false,sd_one_sided
S5,5,humidity,75,navy,20,75,21,277.00,347.21,0.905,1.0,1263.2,24.4,317.1,334,358,true,false,sd_one_sided
S5,5,humidity,75,navy,20,75,22,286.00,345.00,0.667,2.0,1317.1,48.8,390.2,329,357,true,false,marker_partially_hidden;sd_one_sided
S5,5,humidity,75,navy,20,75,23,294.50,339.00,0.571,2.0,1463.4,48.8,390.2,323,355,true,false,marker_partially_hidden;sd_one_sided
S5,5,humidity,75,navy,20,75,24,303.00,336.79,0.905,1.0,1517.3,24.4,487.8,317,353,true,false,sd_one_sided
S5,5,humidity,75,navy,20,75,25,312.11,332.28,0.857,1.0,1627.4,24.4,536.6,310,350,true,false,sd_one_sided
S5,5,humidity,75,navy,20,75,26,320.28,329.11,0.857,1.0,1704.6,24.4,609.8,304,355,true,false,sd_one_sided
S5,5,humidity,75,navy,20,75,27,329.00,323.21,0.905,1.0,1848.5,24.4,658.5,296,346,true,false,sd_one_sided
S5,5,humidity,75,navy,20,75,28,337.89,321.72,0.857,1.0,1884.8,24.4,731.7,292,351,true,false,sd_one_sided
S5,5,humidity,75,navy,20,75,29,346.16,317.84,0.905,1.0,1979.5,24.4,,285,350,false,false,sd_unavailable
S5,5,humidity,75,navy,20,75,30,355.00,314.00,0.810,2.0,2073.2,48.8,865.9,279,350,true,true,marker_partially_hidden
S5,5,humidity,75,navy,20,75,31,363.72,309.89,0.857,1.0,2173.4,24.4,878.0,274,346,true,false,sd_one_sided
S5,5,humidity,75,navy,20,75,32,372.00,305.50,0.810,2.0,2280.5,48.8,975.6,266,346,true,true,marker_partially_hidden
S5,5,humidity,75,navy,20,75,33,380.28,303.89,0.857,1.0,2319.8,24.4,1036.6,261,346,true,true,
S5,5,humidity,75,navy,20,75,34,389.00,300.00,0.810,2.0,2414.6,48.8,,255,345,false,false,marker_partially_hidden;sd_unavailable
S5,5,humidity,75,navy,20,75,35,397.89,296.28,0.857,1.0,2505.4,24.4,1158.5,249,344,true,true,
S5,5,humidity,75,navy,20,75,36,406.16,292.84,0.905,1.0,2589.2,24.4,,240,346,false,false,sd_unavailable
S5,5,humidity,75,navy,20,75,37,415.11,291.72,0.857,1.0,2616.5,24.4,1329.3,237,346,true,true,
S5,5,humidity,75,navy,20,75,38,424.00,289.00,0.810,2.0,2682.9,48.8,1402.4,231,346,true,true,marker_partially_hidden
S5,5,humidity,75,navy,20,75,39,432.05,284.90,0.952,1.0,2782.9,24.4,1463.4,225,345,true,true,
S5,5,humidity,75,navy,20,75,40,441.00,281.00,1.000,1.0,2878.0,24.4,1524.4,219,344,true,true,
S5,5,humidity,75,navy,20,75,41,449.28,279.11,0.857,1.0,2924.1,24.4,,215,344,false,false,sd_unavailable
S5,5,humidity,75,navy,20,75,42,457.89,278.28,0.857,1.0,2944.4,24.4,1634.1,211,346,true,false,sd_one_sided
S5,5,humidity,75,navy,20,75,43,466.89,274.28,0.857,1.0,3042.0,24.4,1756.1,202,346,false,true,sd_one_sided
S5,5,humidity,75,navy,20,75,44,475.16,271.84,0.905,1.0,3101.4,24.4,1829.3,197,347,true,true,
S5,5,humidity,75,navy,20,75,45,483.89,267.72,0.857,1.0,3201.9,24.4,1865.9,191,344,true,true,
S5,5,humidity,75,navy,20,75,46,492.84,265.84,0.905,1.0,3247.8,24.4,1951.2,185,346,false,true,sd_one_sided
S5,5,humidity,75,navy,20,75,47,501.00,262.79,0.905,1.0,3322.2,24.4,,178,348,false,false,sd_unavailable
S5,5,humidity,75,navy,20,75,48,509.28,260.89,0.857,1.0,3368.6,24.4,2109.8,174,347,true,true,
S5,5,humidity,75,navy,20,75,49,518.28,257.11,0.857,1.0,3460.7,24.4,2219.5,166,349,true,false,sd_one_sided
S5,5,humidity,75,navy,20,75,50,526.84,257.84,0.905,1.0,3442.9,24.4,,169,347,false,false,sd_unavailable
S5,5,humidity,75,navy,20,75,51,535.16,252.16,0.905,1.0,3581.5,24.4,2341.5,156,349,true,false,sd_one_sided
S5,5,humidity,75,navy,20,75,52,544.10,252.95,0.952,1.0,3562.2,24.4,2341.5,157,349,true,true,
S5,5,humidity,75,navy,20,75,53,552.84,249.16,0.905,1.0,3654.7,24.4,2439.0,149,349,true,false,sd_one_sided
S5,5,humidity,75,navy,20,75,54,561.00,248.79,0.905,1.0,3663.7,24.4,,148,349,false,false,sd_unavailable
S5,5,humidity,75,navy,20,75,55,570.00,246.21,0.905,1.0,3726.6,24.4,2585.4,140,352,true,false,sd_one_sided
S5,5,humidity,75,navy,20,75,56,578.00,245.00,0.810,2.0,3756.1,48.8,,138,351,false,false,marker_partially_hidden;sd_unavailable
S5,5,humidity,75,navy,20,75,57,586.84,243.16,0.905,1.0,3801.0,24.4,2658.5,134,352,true,false,sd_one_sided
S5,5,humidity,75,navy,20,75,58,595.89,242.28,0.857,1.0,3822.5,24.4,2658.5,133,352,true,false,sd_one_sided
S5,5,humidity,75,navy,20,75,59,604.16,240.16,0.905,1.0,3874.2,24.4,2731.7,128,353,true,false,sd_one_sided
S5,5,humidity,75,navy,20,75,60,612.72,240.11,0.857,1.0,3875.3,24.4,2780.5,126,354,true,false,sd_one_sided
S5,5,humidity,75,navy,20,75,61,621.84,238.16,0.905,1.0,3923.0,24.4,,124,350,false,false,sd_unavailable
S5,5,humidity,75,navy,20,75,62,630.00,236.00,1.000,1.0,3975.6,24.4,2902.4,117,355,true,false,sd_one_sided
S5,5,humidity,75,orange,25,75,1,108.00,396.00,0.571,2.0,73.2,48.8,,395,397,false,false,marker_partially_hidden;sd_below_marker_radius
S5,5,humidity,75,orange,25,75,2,117.00,396.00,0.810,2.0,73.2,48.8,,393,397,false,false,marker_partially_hidden;sd_below_marker_radius
S5,5,humidity,75,orange,25,75,3,125.05,395.10,0.952,1.0,95.1,24.4,,393,397,false,false,sd_below_marker_radius
S5,5,humidity,75,orange,25,75,4,134.10,390.05,0.952,1.0,218.3,24.4,,388,393,false,false,sd_below_marker_radius
S5,5,humidity,75,orange,25,75,5,142.05,383.10,0.952,1.0,387.8,24.4,,381,386,false,false,sd_below_marker_radius
S5,5,humidity,75,orange,25,75,6,151.00,381.00,1.000,1.0,439.0,24.4,,379,384,false,false,sd_below_marker_radius
S5,5,humidity,75,orange,25,75,7,160.00,378.00,1.000,1.0,512.2,24.4,,376,381,false,false,sd_below_marker_radius
S5,5,humidity,75,orange,25,75,8,168.00,376.00,1.000,1.0,561.0,24.4,,374,378,false,false,sd_below_marker_radius
S5,5,humidity,75,orange,25,75,9,177.00,372.00,1.000,1.0,658.5,24.4,,370,375,false,false,sd_below_marker_radius
S5,5,humidity,75,orange,25,75,10,186.00,370.00,1.000,1.0,707.3,24.4,,368,373,false,false,sd_below_marker_radius
S5,5,humidity,75,orange,25,75,11,194.05,368.10,0.952,1.0,753.7,24.4,109.8,364,373,true,true,
S5,5,humidity,75,orange,25,75,12,202.90,364.95,0.952,1.0,830.5,24.4,170.7,358,372,true,false,sd_one_sided
S5,5,humidity,75,orange,25,75,13,211.00,361.00,1.000,1.0,926.8,24.4,170.7,354,364,true,false,sd_one_sided
S5,5,humidity,75,orange,25,75,14,220.00,357.00,1.000,1.0,1024.4,24.4,268.3,346,369,true,false,sd_one_sided
S5,5,humidity,75,orange,25,75,15,228.00,355.00,1.000,1.0,1073.2,24.4,292.7,343,363,true,false,sd_one_sided
S5,5,humidity,75,orange,25,75,16,237.00,353.00,1.000,1.0,1122.0,24.4,292.7,341,363,true,false,sd_one_sided
S5,5,humidity,75,orange,25,75,17,246.00,350.00,1.000,1.0,1195.1,24.4,341.5,336,362,true,false,sd_one_sided
S5,5,humidity,75,orange,25,75,18,254.00,348.00,1.000,1.0,1243.9,24.4,365.9,333,362,true,false,sd_one_sided
S5,5,humidity,75,orange,25,75,19,263.00,346.00,1.000,1.0,1292.7,24.4,390.2,330,362,true,false,sd_one_sided
S5,5,humidity,75,orange,25,75,20,271.90,345.95,0.952,1.0,1293.9,24.4,,327,361,false,false,sd_unavailable
S5,5,humidity,75,orange,25,75,21,280.00,343.00,1.000,1.0,1365.9,24.4,439.0,325,361,true,false,sd_one_sided
S5,5,humidity,75,orange,25,75,22,289.00,343.00,1.000,1.0,1365.9,24.4,463.4,324,360,true,false,sd_one_sided
S5,5,humidity,75,orange,25,75,23,297.00,341.00,1.000,1.0,1414.6,24.4,,320,360,false,false,sd_unavailable
S5,5,humidity,75,orange,25,75,24,305.95,341.90,0.952,1.0,1392.7,24.4,,320,361,false,false,sd_unavailable
S5,5,humidity,75,orange,25,75,25,315.00,340.00,1.000,1.0,1439.0,24.4,561.0,317,361,true,false,sd_one_sided
S5,5,humidity,75,orange,25,75,26,323.00,339.00,1.000,1.0,1463.4,24.4,536.6,317,360,true,false,sd_one_sided
S5,5,humidity,75,orange,25,75,27,331.00,338.00,1.000,1.0,1487.8,24.4,609.8,313,359,true,false,sd_one_sided
S5,5,humidity,75,orange,25,75,28,340.00,336.00,1.000,1.0,1536.6,24.4,609.8,311,360,true,false,sd_one_sided
S5,5,humidity,75,orange,25,75,29,349.00,335.00,1.000,1.0,1561.0,24.4,,309,360,false,false,sd_unavailable
S5,5,humidity,75,orange,25,75,30,357.00,335.00,1.000,1.0,1561.0,24.4,,307,359,false,false,sd_unavailable
S5,5,humidity,75,orange,25,75,31,366.00,335.00,1.000,1.0,1561.0,24.4,658.5,308,359,true,false,sd_one_sided
S5,5,humidity,75,orange,25,75,32,375.00,336.00,1.000,1.0,1536.6,24.4,682.9,308,359,true,false,sd_one_sided
S5,5,humidity,75,orange,25,75,33,383.00,334.00,1.000,1.0,1585.4,24.4,756.1,303,359,true,false,sd_one_sided
S5,5,humidity,75,orange,25,75,34,392.00,334.00,1.000,1.0,1585.4,24.4,707.3,305,359,true,false,sd_one_sided
S5,5,humidity,75,orange,25,75,35,400.00,334.00,1.000,1.0,1585.4,24.4,682.9,306,358,true,false,sd_one_sided
S5,5,humidity,75,orange,25,75,36,409.00,334.00,1.000,1.0,1585.4,24.4,731.7,304,364,true,false,sd_one_sided
S5,5,humidity,75,orange,25,75,37,418.00,333.00,1.000,1.0,1609.8,24.4,,302,359,false,false,sd_unavailable
S5,5,humidity,75,orange,25,75,38,426.00,332.00,1.000,1.0,1634.1,24.4,829.3,298,366,true,true,
S5,5,humidity,75,orange,25,75,39,435.00,332.00,1.000,1.0,1634.1,24.4,804.9,298,365,false,true,sd_one_sided
S5,5,humidity,75,orange,25,75,40,444.00,332.00,1.000,1.0,1634.1,24.4,829.3,297,366,false,true,sd_one_sided
S5,5,humidity,75,orange,25,75,41,452.00,329.00,1.000,1.0,1707.3,24.4,817.1,296,363,true,true,
S5,5,humidity,75,orange,25,75,42,460.00,329.00,1.000,1.0,1707.3,24.4,841.5,294,363,true,true,
S5,5,humidity,75,orange,25,75,43,469.84,327.84,0.905,1.0,1735.6,24.4,853.7,291,363,false,true,sd_one_sided
S5,5,humidity,75,orange,25,75,44,478.00,328.00,1.000,1.0,1731.7,24.4,804.9,295,357,true,false,sd_one_sided
S5,5,humidity,75,orange,25,75,45,486.00,326.00,1.000,1.0,1780.5,24.4,878.0,289,362,false,true,sd_one_sided
S5,5,humidity,75,orange,25,75,46,495.00,326.00,1.000,1.0,1780.5,24.4,878.0,290,362,true,true,
S5,5,humidity,75,orange,25,75,47,504.00,324.00,1.000,1.0,1829.3,24.4,,287,357,false,false,sd_unavailable
S5,5,humidity,75,orange,25,75,48,512.00,324.00,1.000,1.0,1829.3,24.4,926.8,286,357,true,false,sd_one_sided
S5,5,humidity,75,orange,25,75,49,521.00,323.00,1.000,1.0,1853.7,24.4,926.8,285,361,true,false,sd_one_sided
S5,5,humidity,75,orange,25,75,50,530.00,322.00,1.000,1.0,1878.0,24.4,926.8,284,357,true,false,sd_one_sided
S5,5,humidity,75,orange,25,75,51,538.00,322.00,1.000,1.0,1878.0,24.4,951.2,283,356,true,false,sd_one_sided
S5,5,humidity,75,orange,25,75,52,547.00,322.00,1.000,1.0,1878.0,24.4,,283,357,false,false,sd_unavailable
S5,5,humidity,75,orange,25,75,53,555.00,322.00,1.000,1.0,1878.0,24.4,926.8,284,356,true,false,sd_one_sided
S5,5,humidity,75,orange,25,75,54,564.00,320.00,1.000,1.0,1926.8,24.4,951.2,281,357,true,false,sd_one_sided
S5,5,humidity,75,orange,25,75,55,573.00,320.00,1.000,1.0,1926.8,24.4,975.6,280,361,true,false,sd_one_sided
S5,5,humidity,75,orange,25,75,56,581.00,319.00,1.000,1.0,1951.2,24.4,1000.0,278,357,true,false,sd_one_sided
S5,5,humidity,75,orange,25,75,57,589.00,319.00,1.000,1.0,1951.2,24.4,1024.4,277,357,true,false,sd_one_sided
S5,5,humidity,75,orange,25,75,58,598.00,319.00,1.000,1.0,1951.2,24.4,1024.4,277,356,true,false,sd_one_sided
S5,5,humidity,75,orange,25,75,59,607.00,319.00,1.000,1.0,1951.2,24.4,1024.4,277,356,true,false,sd_one_sided
S5,5,humidity,75,orange,25,75,60,615.05,316.10,0.952,1.0,2022.0,24.4,1024.4,274,355,true,false,sd_one_sided
S5,5,humidity,75,orange,25,75,61,624.05,316.10,0.952,1.0,2022.0,24.4,1048.8,273,357,true,false,sd_one_sided
S5,5,humidity,75,orange,25,75,62,633.00,317.00,1.000,1.0,2000.0,24.4,1073.2,273,362,true,false,sd_one_sided
S5,5,humidity,75,green,30,75,3,123.84,385.84,0.905,1.0,320.9,24.4,,383,388,false,false,sd_below_marker_radius
S5,5,humidity,75,green,30,75,4,132.89,381.28,0.857,1.0,432.2,24.4,,379,384,false,false,sd_below_marker_radius
S5,5,humidity,75,green,30,75,5,141.00,379.00,0.714,2.0,487.8,48.8,,377,380,false,false,marker_partially_hidden;sd_below_marker_radius
S5,5,humidity,75,green,30,75,6,149.72,375.89,0.857,1.0,563.7,24.4,,374,378,false,false,sd_below_marker_radius
S5,5,humidity,75,green,30,75,7,158.89,373.28,0.857,1.0,627.4,24.4,,371,375,false,false,sd_below_marker_radius
S5,5,humidity,75,green,30,75,8,167.00,371.67,0.857,1.0,666.7,24.4,,369,373,false,false,sd_below_marker_radius
S5,5,humidity,75,green,30,75,9,175.00,370.00,0.524,2.0,707.3,48.8,,368,370,false,false,marker_partially_hidden;sd_below_marker_radius
S5,5,humidity,75,green,30,75,10,183.50,368.00,0.476,2.0,756.1,48.8,,365,368,false,false,marker_partially_hidden;sd_below_marker_radius
S5,5,humidity,75,green,30,75,12,201.00,368.50,0.714,2.0,743.9,48.8,,368,371,false,false,marker_partially_hidden;sd_below_marker_radius
S5,5,humidity,75,green,30,75,13,210.10,366.95,0.952,1.0,781.7,24.4,,364,371,false,false,sd_unavailable
S5,5,humidity,75,green,30,75,14,218.28,365.89,0.857,1.0,807.6,24.4,,362,368,false,false,sd_unavailable
S5,5,humidity,75,green,30,75,15,227.00,365.21,0.905,1.0,824.1,24.4,,361,370,false,false,sd_unavailable
S5,5,humidity,75,green,30,75,16,236.00,366.00,1.000,1.0,804.9,24.4,,361,371,false,false,sd_unavailable
S5,5,humidity,75,green,30,75,17,244.16,364.16,0.905,1.0,849.8,24.4,,362,367,false,false,sd_below_marker_radius
S5,5,humidity,75,green,30,75,18,252.90,364.95,0.952,1.0,830.5,24.4,,361,368,false,false,sd_unavailable
S5,5,humidity,75,green,30,75,19,261.95,364.10,0.952,1.0,851.2,24.4,,360,369,false,false,sd_unavailable
S5,5,humidity,75,green,30,75,20,270.11,363.72,0.857,1.0,860.4,24.4,122.0,359,369,false,true,sd_one_sided
S5,5,humidity,75,green,30,75,21,278.84,363.84,0.905,1.0,857.5,24.4,97.6,359,368,false,true,sd_one_sided
S5,5,humidity,75,green,30,75,22,287.78,362.94,0.857,1.0,879.4,24.4,122.0,361,368,false,true,sd_one_sided
S5,5,humidity,75,green,30,75,23,296.00,363.00,1.000,1.0,878.0,24.4,,358,368,false,false,sd_unavailable
S5,5,humidity,75,green,30,75,24,304.16,363.84,0.905,1.0,857.5,24.4,146.3,358,370,false,true,sd_one_sided
S5,5,humidity,75,green,30,75,25,313.16,363.84,0.905,1.0,857.5,24.4,122.0,358,369,false,true,sd_one_sided
S5,5,humidity,75,green,30,75,26,321.84,362.16,0.905,1.0,898.6,24.4,146.3,356,368,false,true,sd_one_sided
S5,5,humidity,75,green,30,75,27,330.05,362.10,0.952,1.0,900.0,24.4,,356,368,false,false,sd_unavailable
S5,5,humidity,75,green,30,75,28,339.11,362.28,0.857,1.0,895.7,24.4,,356,369,false,false,sd_unavailable
S5,5,humidity,75,green,30,75,29,347.84,362.16,0.905,1.0,898.6,24.4,146.3,356,368,false,true,sd_one_sided
S5,5,humidity,75,green,30,75,30,356.00,362.21,0.905,1.0,897.3,24.4,170.7,356,369,false,true,sd_one_sided
S5,5,humidity,75,green,30,75,31,365.00,362.00,1.000,1.0,902.4,24.4,170.7,354,369,false,true,sd_one_sided
S5,5,humidity,75,green,30,75,32,373.16,361.84,0.905,1.0,906.3,24.4,170.7,355,369,false,true,sd_one_sided
S5,5,humidity,75,green,30,75,33,381.84,361.84,0.905,1.0,906.3,24.4,146.3,355,368,false,true,sd_one_sided
S5,5,humidity,75,green,30,75,34,390.95,361.90,0.952,1.0,904.9,24.4,146.3,356,368,true,true,
S5,5,humidity,75,green,30,75,35,399.00,361.00,1.000,1.0,926.8,24.4,170.7,355,368,false,true,sd_one_sided
S5,5,humidity,75,green,30,75,36,407.89,360.28,0.857,1.0,944.4,24.4,195.1,353,368,false,true,sd_one_sided
S5,5,humidity,75,green,30,75,37,416.84,361.84,0.905,1.0,906.3,24.4,170.7,360,369,false,true,sd_one_sided
S5,5,humidity,75,green,30,75,38,425.00,361.00,1.000,1.0,926.8,24.4,,354,368,false,false,sd_unavailable
S5,5,humidity,75,green,30,75,39,433.16,361.16,0.905,1.0,923.0,24.4,170.7,354,368,false,true,sd_one_sided
S5,5,humidity,75,green,30,75,40,442.11,360.28,0.857,1.0,944.4,24.4,195.1,353,368,false,true,sd_one_sided
S5,5,humidity,75,green,30,75,41,450.95,359.90,0.952,1.0,953.7,24.4,195.1,352,368,false,true,sd_one_sided
S5,5,humidity,75,green,30,75,42,459.11,360.28,0.857,1.0,944.4,24.4,195.1,353,368,false,true,sd_one_sided
S5,5,humidity,75,green,30,75,43,468.00,359.21,0.905,1.0,970.5,24.4,219.5,351,368,false,true,sd_one_sided
S5,5,humidity,75,green,30,75,44,476.28,359.83,0.857,1.0,955.3,24.4,195.1,352,367,true,false,sd_one_sided
S5,5,humidity,75,green,30,75,45,484.95,358.90,0.952,1.0,978.0,24.4,170.7,352,366,false,true,sd_one_sided
S5,5,humidity,75,green,30,75,46,493.95,359.10,0.952,1.0,973.2,24.4,195.1,352,367,false,true,sd_one_sided
S5,5,humidity,75,green,30,75,47,502.16,359.16,0.905,1.0,971.8,24.4,,352,367,false,false,sd_unavailable
S5,5,humidity,75,green,30,75,48,511.00,360.00,1.000,1.0,951.2,24.4,195.1,351,368,false,true,sd_one_sided
S5,5,humidity,75,green,30,75,49,519.95,358.90,0.952,1.0,978.0,24.4,195.1,351,367,true,false,sd_one_sided
S5,5,humidity,75,green,30,75,50,528.05,359.10,0.952,1.0,973.2,24.4,195.1,351,367,false,true,sd_one_sided
S5,5,humidity,75,green,30,75,51,536.28,358.89,0.857,1.0,978.3,24.4,219.5,350,368,false,true,sd_one_sided
S5,5,humidity,75,green,30,75,52,545.84,359.16,0.905,1.0,971.8,24.4,219.5,357,368,false,true,sd_one_sided
S5,5,humidity,75,green,30,75,53,553.95,358.90,0.952,1.0,978.0,24.4,,349,368,false,false,sd_unavailable
S5,5,humidity,75,green,30,75,54,562.16,359.84,0.905,1.0,955.1,24.4,195.1,350,368,false,true,sd_one_sided
S5,5,humidity,75,green,30,75,55,571.10,358.05,0.952,1.0,998.8,24.4,219.5,348,367,false,true,sd_one_sided
S5,5,humidity,75,green,30,75,56,579.84,359.16,0.905,1.0,971.8,24.4,195.1,351,367,false,true,sd_one_sided
S5,5,humidity,75,green,30,75,57,588.00,360.00,1.000,1.0,951.2,24.4,195.1,351,368,false,true,sd_one_sided
S5,5,humidity,75,green,30,75,58,597.00,358.79,0.905,1.0,980.7,24.4,219.5,350,368,false,true,sd_one_sided
S5,5,humidity,75,green,30,75,59,605.72,358.11,0.857,1.0,997.3,24.4,,349,367,false,false,sd_unavailable
S5,5,humidity,75,green,30,75,60,614.00,358.00,1.000,1.0,1000.0,24.4,219.5,349,367,false,true,sd_one_sided
S5,5,humidity,75,green,30,75,61,622.95,359.10,0.952,1.0,973.2,24.4,195.1,351,367,false,true,sd_one_sided
S5,5,humidity,75,green,30,75,62,631.11,358.28,0.857,1.0,993.2,24.4,243.9,350,368,false,true,sd_one_sided
S5,6,humidity,70,light_blue,15,70,3,121.00,395.00,0.429,2.0,97.6,48.8,,395,397,false,false,marker_partially_hidden;sd_below_marker_radius
S5,6,humidity,70,light_blue,15,70,4,129.95,395.10,0.952,1.0,95.1,24.4,,393,397,false,false,sd_below_marker_radius
S5,6,humidity,70,light_blue,15,70,5,138.90,394.95,0.952,1.0,98.8,24.4,,392,397,false,false,sd_below_marker_radius
S5,6,humidity,70,light_blue,15,70,6,147.00,395.00,1.000,1.0,97.6,24.4,,392,397,false,false,sd_below_marker_radius
S5,6,humidity,70,light_blue,15,70,7,156.00,395.00,1.000,1.0,97.6,24.4,,392,397,false,false,sd_below_marker_radius
S5,6,humidity,70,light_blue,15,70,8,164.16,394.84,0.905,1.0,101.4,24.4,,392,397,false,false,sd_below_marker_radius
S5,6,humidity,70,light_blue,15,70,9,173.00,394.00,1.000,1.0,122.0,24.4,,391,397,false,false,sd_below_marker_radius
S5,6,humidity,70,light_blue,15,70,10,181.84,393.84,0.905,1.0,125.8,24.4,,391,396,false,false,sd_below_marker_radius
S5,6,humidity,70,light_blue,15,70,11,190.00,393.00,1.000,1.0,146.3,24.4,,390,395,false,false,sd_below_marker_radius
S5,6,humidity,70,light_blue,15,70,12,198.84,392.16,0.905,1.0,166.9,24.4,,390,395,false,false,sd_below_marker_radius
S5,6,humidity,70,light_blue,15,70,13,207.84,391.84,0.905,1.0,174.6,24.4,,389,394,false,false,sd_below_marker_radius
S5,6,humidity,70,light_blue,15,70,14,216.00,391.00,1.000,1.0,195.1,24.4,,388,394,false,false,sd_below_marker_radius
S5,6,humidity,70,light_blue,15,70,15,224.16,390.16,0.905,1.0,215.7,24.4,,387,393,false,false,sd_below_marker_radius
S5,6,humidity,70,light_blue,15,70,16,233.10,389.95,0.952,1.0,220.7,24.4,,387,392,false,false,sd_below_marker_radius
S5,6,humidity,70,light_blue,15,70,17,242.00,388.00,1.000,1.0,268.3,24.4,,385,391,false,false,sd_below_marker_radius
S5,6,humidity,70,light_blue,15,70,18,250.00,387.00,1.000,1.0,292.7,24.4,,384,391,false,false,sd_unavailable
S5,6,humidity,70,light_blue,15,70,19,259.00,386.00,1.000,1.0,317.1,24.4,97.6,382,390,false,true,sd_one_sided
S5,6,humidity,70,light_blue,15,70,20,267.84,385.84,0.905,1.0,320.9,24.4,,383,389,false,false,sd_below_marker_radius
S5,6,humidity,70,light_blue,15,70,21,276.00,385.00,1.000,1.0,341.5,24.4,97.6,382,389,false,true,sd_one_sided
S5,6,humidity,70,light_blue,15,70,22,285.00,384.00,1.000,1.0,365.9,24.4,97.6,382,388,false,true,sd_one_sided
S5,6,humidity,70,light_blue,15,70,23,293.16,382.84,0.905,1.0,394.1,24.4,97.6,379,387,false,true,sd_one_sided
S5,6,humidity,70,light_blue,15,70,24,301.84,382.16,0.905,1.0,410.8,24.4,97.6,379,386,false,true,sd_one_sided
S5,6,humidity,70,light_blue,15,70,25,310.78,380.94,0.857,1.0,440.4,24.4,122.0,379,386,false,true,sd_one_sided
S5,6,humidity,70,light_blue,15,70,26,319.00,380.00,0.762,2.0,463.4,48.8,122.0,378,385,false,true,marker_partially_hidden;sd_one_sided
S5,6,humidity,70,light_blue,15,70,27,327.00,378.50,0.524,2.0,500.0,48.8,146.3,372,384,false,true,marker_partially_hidden;sd_one_sided
S5,6,humidity,70,light_blue,15,70,28,336.00,378.50,0.429,2.0,500.0,48.8,146.3,372,384,false,true,marker_partially_hidden;sd_one_sided
S5,6,humidity,70,light_blue,15,70,32,370.25,372.25,0.381,2.0,652.4,48.8,122.0,367,380,true,false,marker_partially_hidden;sd_one_sided
S5,6,humidity,70,light_blue,15,70,33,378.95,371.79,0.905,1.0,663.7,24.4,195.1,364,379,true,false,sd_one_sided
S5,6,humidity,70,light_blue,15,70,34,388.00,371.00,0.762,2.0,682.9,48.8,170.7,364,379,true,false,marker_partially_hidden;sd_one_sided
S5,6,humidity,70,light_blue,15,70,35,396.50,370.50,0.810,2.0,695.1,48.8,170.7,363,379,true,false,marker_partially_hidden;sd_one_sided
S5,6,humidity,70,light_blue,15,70,36,404.84,369.84,0.905,1.0,711.2,24.4,219.5,361,373,true,false,sd_one_sided
S5,6,humidity,70,light_blue,15,70,37,414.00,368.21,0.905,1.0,751.0,24.4,219.5,359,378,true,false,sd_one_sided
S5,6,humidity,70,light_blue,15,70,38,422.16,367.16,0.905,1.0,776.6,24.4,219.5,358,372,true,false,sd_one_sided
S5,6,humidity,70,light_blue,15,70,39,430.90,366.05,0.952,1.0,803.7,24.4,219.5,357,372,true,false,sd_one_sided
S5,6,humidity,70,light_blue,15,70,40,439.90,364.05,0.952,1.0,852.4,24.4,219.5,355,373,true,true,
S5,6,humidity,70,light_blue,15,70,41,448.05,363.90,0.952,1.0,856.1,24.4,243.9,354,372,true,false,sd_one_sided
S5,6,humidity,70,light_blue,15,70,42,456.28,362.11,0.857,1.0,899.7,24.4,243.9,352,372,true,false,sd_one_sided
S5,6,humidity,70,light_blue,15,70,43,465.72,361.11,0.857,1.0,924.1,24.4,,349,370,false,false,sd_unavailable
S5,6,humidity,70,light_blue,15,70,44,474.00,360.79,0.905,1.0,932.0,24.4,292.7,349,372,true,false,sd_one_sided
S5,6,humidity,70,light_blue,15,70,45,482.00,360.00,1.000,1.0,951.2,24.4,243.9,349,370,false,true,sd_one_sided
S5,6,humidity,70,light_blue,15,70,46,491.00,358.00,1.000,1.0,1000.0,24.4,268.3,347,369,false,true,sd_one_sided
S5,6,humidity,70,light_blue,15,70,47,499.89,357.72,0.857,1.0,1006.8,24.4,268.3,347,369,true,false,sd_one_sided
S5,6,humidity,70,light_blue,15,70,48,508.16,357.84,0.905,1.0,1003.9,24.4,,346,370,false,false,sd_unavailable
S5,6,humidity,70,light_blue,15,70,49,517.05,355.90,0.952,1.0,1051.2,24.4,329.3,342,369,true,true,
S5,6,humidity,70,light_blue,15,70,50,525.79,355.00,0.905,1.0,1073.2,24.4,341.5,341,369,true,false,sd_one_sided
S5,6,humidity,70,light_blue,15,70,51,534.05,354.10,0.952,1.0,1095.1,24.4,353.7,340,369,true,true,
S5,6,humidity,70,light_blue,15,70,52,543.00,353.00,1.000,1.0,1122.0,24.4,353.7,339,368,true,true,
S5,6,humidity,70,light_blue,15,70,53,551.16,353.84,0.905,1.0,1101.4,24.4,353.7,339,368,true,true,
S5,6,humidity,70,light_blue,15,70,54,559.84,352.84,0.905,1.0,1125.8,24.4,365.9,338,368,true,true,
S5,6,humidity,70,light_blue,15,70,55,568.84,352.16,0.905,1.0,1142.5,24.4,353.7,338,367,true,true,
S5,6,humidity,70,light_blue,15,70,56,577.00,352.00,1.000,1.0,1146.3,24.4,341.5,338,366,true,true,
S5,6,humidity,70,light_blue,15,70,57,585.72,351.83,0.857,1.0,1150.4,24.4,329.3,338,365,true,true,
S5,6,humidity,70,light_blue,15,70,58,594.79,352.00,0.905,1.0,1146.3,24.4,341.5,338,366,true,true,
S5,6,humidity,70,light_blue,15,70,59,603.05,351.10,0.952,1.0,1168.3,24.4,365.9,336,366,true,true,
S5,6,humidity,70,light_blue,15,70,60,611.16,350.84,0.905,1.0,1174.6,24.4,390.2,335,367,true,false,sd_one_sided
S5,6,humidity,70,light_blue,15,70,61,620.00,350.00,1.000,1.0,1195.1,24.4,378.0,335,366,true,true,
S5,6,humidity,70,light_blue,15,70,62,628.84,350.84,0.905,1.0,1174.6,24.4,365.9,336,366,true,true,
S5,6,humidity,70,navy,20,70,1,108.11,393.28,0.857,1.0,139.6,24.4,,390,395,false,false,sd_below_marker_radius
S5,6,humidity,70,navy,20,70,2,116.72,392.17,0.857,1.0,166.7,24.4,,390,395,false,false,sd_below_marker_radius
S5,6,humidity,70,navy,20,70,3,125.10,392.05,0.952,1.0,169.5,24.4,,389,394,false,false,sd_below_marker_radius
S5,6,humidity,70,navy,20,70,4,133.95,391.90,0.952,1.0,173.2,24.4,,389,396,false,false,sd_unavailable
S5,6,humidity,70,navy,20,70,5,142.28,389.11,0.857,1.0,241.2,24.4,146.3,387,395,false,true,sd_one_sided
S5,6,humidity,70,navy,20,70,6,150.84,386.84,0.905,1.0,296.5,24.4,146.3,380,393,false,true,sd_one_sided
S5,6,humidity,70,navy,20,70,7,159.95,381.90,0.952,1.0,417.1,24.4,146.3,376,388,true,true,
S5,6,humidity,70,navy,20,70,8,168.16,380.84,0.905,1.0,442.9,24.4,146.3,375,387,false,true,sd_one_sided
S5,6,humidity,70,navy,20,70,9,176.89,379.72,0.857,1.0,470.2,24.4,158.5,373,386,true,true,
S5,6,humidity,70,navy,20,70,10,185.72,378.89,0.857,1.0,490.5,24.4,,373,385,false,false,sd_unavailable
S5,6,humidity,70,navy,20,70,11,194.11,377.72,0.857,1.0,519.0,24.4,146.3,372,384,false,true,sd_one_sided
S5,6,humidity,70,navy,20,70,12,202.28,375.89,0.857,1.0,563.7,24.4,146.3,370,378,true,false,sd_one_sided
S5,6,humidity,70,navy,20,70,13,211.11,373.72,0.857,1.0,616.5,24.4,170.7,368,381,false,true,sd_one_sided
S5,6,humidity,70,navy,20,70,14,219.89,371.72,0.857,1.0,665.3,24.4,195.1,367,380,false,true,sd_one_sided
S5,6,humidity,70,navy,20,70,15,228.11,368.28,0.857,1.0,749.3,24.4,243.9,358,379,true,false,sd_one_sided
S5,6,humidity,70,navy,20,70,16,237.16,366.16,0.905,1.0,801.0,24.4,317.1,353,379,false,true,sd_one_sided
S5,6,humidity,70,navy,20,70,17,245.72,362.89,0.857,1.0,880.8,24.4,341.5,349,377,true,false,sd_one_sided
S5,6,humidity,70,navy,20,70,18,254.00,361.00,0.810,2.0,926.8,48.8,,346,375,false,false,marker_partially_hidden;sd_unavailable
S5,6,humidity,70,navy,20,70,19,263.00,358.00,0.810,2.0,1000.0,48.8,378.0,342,373,true,true,marker_partially_hidden
S5,6,humidity,70,navy,20,70,20,271.50,354.50,0.762,2.0,1085.4,48.8,426.8,337,372,true,true,marker_partially_hidden
S5,6,humidity,70,navy,20,70,21,279.89,351.28,0.857,1.0,1164.0,24.4,463.4,332,370,true,true,
S5,6,humidity,70,navy,20,70,22,288.84,348.16,0.905,1.0,1240.1,24.4,500.0,328,369,true,true,
S5,6,humidity,70,navy,20,70,23,297.16,345.16,0.905,1.0,1313.2,24.4,548.8,323,368,true,true,
S5,6,humidity,70,navy,20,70,24,305.89,343.72,0.857,1.0,1348.2,24.4,634.1,318,370,true,false,sd_one_sided
S5,6,humidity,70,navy,20,70,25,314.84,341.84,0.905,1.0,1394.1,24.4,682.9,314,369,true,false,sd_one_sided
S5,6,humidity,70,navy,20,70,26,323.00,340.21,0.905,1.0,1433.9,24.4,670.7,313,368,true,true,
S5,6,humidity,70,navy,20,70,27,331.28,337.11,0.857,1.0,1509.5,24.4,682.9,309,340,true,false,sd_one_sided
S5,6,humidity,70,navy,20,70,28,340.00,336.00,0.810,2.0,1536.6,48.8,756.1,305,367,true,true,marker_partially_hidden
S5,6,humidity,70,navy,20,70,29,348.89,333.72,0.857,1.0,1592.1,24.4,792.7,301,366,true,true,
S5,6,humidity,70,navy,20,70,30,357.16,331.84,0.905,1.0,1638.0,24.4,804.9,298,365,false,true,sd_one_sided
S5,6,humidity,70,navy,20,70,31,366.10,329.95,0.952,1.0,1684.1,24.4,865.9,294,365,true,true,
S5,6,humidity,70,navy,20,70,32,374.84,327.84,0.905,1.0,1735.6,24.4,878.0,292,364,true,false,sd_one_sided
S5,6,humidity,70,navy,20,70,33,383.00,326.21,0.905,1.0,1775.4,24.4,,288,364,false,false,sd_unavailable
S5,6,humidity,70,navy,20,70,34,392.00,325.79,0.905,1.0,1785.6,24.4,951.2,286,365,false,true,sd_one_sided
S5,6,humidity,70,navy,20,70,35,400.28,322.89,0.857,1.0,1856.4,24.4,,279,327,false,false,sd_unavailable
S5,6,humidity,70,navy,20,70,36,408.89,321.72,0.857,1.0,1884.8,24.4,1085.4,277,366,true,true,
S5,6,humidity,70,navy,20,70,37,417.89,319.72,0.857,1.0,1933.6,24.4,1109.8,274,365,true,true,
S5,6,humidity,70,navy,20,70,38,426.16,317.84,0.905,1.0,1979.5,24.4,1195.1,269,367,true,false,sd_one_sided
S5,6,humidity,70,navy,20,70,39,434.72,317.11,0.857,1.0,1997.3,24.4,1207.3,268,367,true,true,
S5,6,humidity,70,navy,20,70,40,443.84,316.84,0.905,1.0,2003.9,24.4,1243.9,264,368,false,true,sd_one_sided
S5,6,humidity,70,navy,20,70,41,452.00,314.79,0.905,1.0,2053.9,24.4,1268.3,263,367,true,true,
S5,6,humidity,70,navy,20,70,42,460.00,314.00,0.810,2.0,2073.2,48.8,1292.7,261,368,true,false,marker_partially_hidden;sd_one_sided
S5,6,humidity,70,navy,20,70,43,469.28,309.89,0.857,1.0,2173.4,24.4,1414.6,252,368,true,true,
S5,6,humidity,70,navy,20,70,44,478.00,311.00,1.000,1.0,2146.3,24.4,1390.2,254,368,true,true,
S5,6,humidity,70,navy,20,70,45,486.16,309.16,0.905,1.0,2191.3,24.4,,251,325,false,false,sd_unavailable
S5,6,humidity,70,navy,20,70,46,495.16,309.16,0.905,1.0,2191.3,24.4,1463.4,249,369,false,true,sd_one_sided
S5,6,humidity,70,navy,20,70,47,503.72,306.89,0.857,1.0,2246.6,24.4,1463.4,246,367,false,true,sd_one_sided
S5,6,humidity,70,navy,20,70,48,512.05,306.90,0.952,1.0,2246.3,24.4,1439.0,248,366,true,true,
S5,6,humidity,70,navy,20,70,49,521.00,305.50,0.810,2.0,2280.5,48.8,1500.0,244,367,true,true,marker_partially_hidden
S5,6,humidity,70,navy,20,70,50,529.28,307.11,0.857,1.0,2241.2,24.4,1463.4,247,323,true,false,sd_one_sided
S5,6,humidity,70,navy,20,70,51,537.89,305.72,0.857,1.0,2275.1,24.4,1524.4,243,368,true,true,
S5,6,humidity,70,navy,20,70,52,546.89,305.72,0.857,1.0,2275.1,24.4,1500.0,244,367,true,true,
S5,6,humidity,70,navy,20,70,53,555.16,306.16,0.905,1.0,2264.4,24.4,1512.2,244,368,false,true,sd_one_sided
S5,6,humidity,70,navy,20,70,54,563.72,304.11,0.857,1.0,2314.4,24.4,1548.8,241,368,true,true,
S5,6,humidity,70,navy,20,70,55,572.84,303.84,0.905,1.0,2320.9,24.4,1585.4,239,369,true,false,sd_one_sided
S5,6,humidity,70,navy,20,70,56,581.00,303.79,0.905,1.0,2322.2,24.4,1573.2,239,368,true,true,
S5,6,humidity,70,navy,20,70,57,589.00,303.00,0.810,2.0,2341.5,48.8,1536.6,240,366,true,true,marker_partially_hidden
S5,6,humidity,70,navy,20,70,58,598.00,303.00,0.810,2.0,2341.5,48.8,1536.6,240,366,true,true,marker_partially_hidden
S5,6,humidity,70,navy,20,70,59,607.00,303.00,1.000,1.0,2341.5,24.4,1609.8,237,369,true,true,
S5,6,humidity,70,navy,20,70,60,615.00,303.00,1.000,1.0,2341.5,24.4,1585.4,238,321,true,false,sd_one_sided
S5,6,humidity,70,navy,20,70,61,624.11,303.72,0.857,1.0,2323.8,24.4,1524.4,241,366,true,true,
S5,6,humidity,70,navy,20,70,62,633.00,303.00,0.810,2.0,2341.5,48.8,1561.0,239,367,true,false,marker_partially_hidden;sd_one_sided
S5,6,humidity,70,orange,25,70,1,105.00,393.00,0.619,2.0,146.3,48.8,,390,395,false,false,marker_partially_hidden;sd_below_marker_radius
S5,6,humidity,70,orange,25,70,2,113.00,393.00,0.667,2.0,146.3,48.8,,390,395,false,false,marker_partially_hidden;sd_below_marker_radius
S5,6,humidity,70,orange,25,70,3,121.67,391.33,0.524,2.0,187.0,48.8,,389,393,false,false,marker_partially_hidden;sd_below_marker_radius
S5,6,humidity,70,orange,25,70,4,131.00,390.00,0.714,2.0,219.5,48.8,,387,392,false,false,marker_partially_hidden;sd_below_marker_radius
S5,6,humidity,70,orange,25,70,5,140.00,384.00,1.000,1.0,365.9,24.4,,382,387,false,false,sd_below_marker_radius
S5,6,humidity,70,orange,25,70,6,148.00,383.00,1.000,1.0,390.2,24.4,,381,386,false,false,sd_below_marker_radius
S5,6,humidity,70,orange,25,70,7,157.00,383.00,0.714,2.0,390.2,48.8,,380,386,false,false,marker_partially_hidden;sd_below_marker_radius
S5,6,humidity,70,orange,25,70,8,165.00,382.00,0.714,2.0,414.6,48.8,,379,384,false,false,marker_partially_hidden;sd_below_marker_radius
S5,6,humidity,70,orange,25,70,9,174.00,381.00,0.762,2.0,439.0,48.8,,378,383,false,false,marker_partially_hidden;sd_below_marker_radius
S5,6,humidity,70,orange,25,70,10,183.00,381.00,0.810,2.0,439.0,48.8,,378,383,false,false,marker_partially_hidden;sd_below_marker_radius
S5,6,humidity,70,orange,25,70,11,190.94,380.11,0.857,1.0,460.7,24.4,,376,383,false,false,sd_unavailable
S5,6,humidity,70,orange,25,70,12,199.90,379.95,0.952,1.0,464.6,24.4,,377,383,false,false,sd_below_marker_radius
S5,6,humidity,70,orange,25,70,13,209.00,378.00,1.000,1.0,512.2,24.4,122.0,375,383,false,true,sd_one_sided
S5,6,humidity,70,orange,25,70,14,217.00,378.00,1.000,1.0,512.2,24.4,122.0,373,383,false,true,sd_one_sided
S5,6,humidity,70,orange,25,70,15,226.00,377.00,1.000,1.0,536.6,24.4,97.6,373,381,false,true,sd_one_sided
S5,6,humidity,70,orange,25,70,16,234.16,376.16,0.905,1.0,557.1,24.4,122.0,372,382,true,true,
S5,6,humidity,70,orange,25,70,17,243.00,378.00,1.000,1.0,512.2,24.4,122.0,372,383,false,true,sd_one_sided
S5,6,humidity,70,orange,25,70,18,251.84,376.16,0.905,1.0,557.1,24.4,122.0,371,381,false,true,sd_one_sided
S5,6,humidity,70,orange,25,70,19,260.00,376.00,1.000,1.0,561.0,24.4,97.6,371,380,false,true,sd_one_sided
S5,6,humidity,70,orange,25,70,20,269.00,376.00,1.000,1.0,561.0,24.4,122.0,371,382,true,false,sd_one_sided
S5,6,humidity,70,orange,25,70,21,277.00,376.00,1.000,1.0,561.0,24.4,134.1,371,382,true,true,
S5,6,humidity,70,orange,25,70,22,286.00,376.00,1.000,1.0,561.0,24.4,122.0,371,381,true,false,sd_one_sided
S5,6,humidity,70,orange,25,70,23,295.00,376.00,1.000,1.0,561.0,24.4,109.8,371,380,true,true,
S5,6,humidity,70,orange,25,70,24,303.00,376.00,1.000,1.0,561.0,24.4,146.3,370,379,true,false,sd_one_sided
S5,6,humidity,70,orange,25,70,25,312.00,376.00,1.000,1.0,561.0,24.4,122.0,371,378,true,false,sd_one_sided
S5,6,humidity,70,orange,25,70,26,320.90,375.95,0.952,1.0,562.2,24.4,122.0,371,378,true,false,sd_one_sided
S5,6,humidity,70,orange,25,70,27,329.00,376.00,1.000,1.0,561.0,24.4,122.0,371,381,true,false,sd_one_sided
S5,6,humidity,70,orange,25,70,28,338.00,376.00,1.000,1.0,561.0,24.4,122.0,371,381,true,false,sd_one_sided
S5,6,humidity,70,orange,25,70,29,346.16,375.84,0.905,1.0,564.8,24.4,122.0,370,381,false,true,sd_one_sided
S5,6,humidity,70,orange,25,70,30,355.00,376.00,1.000,1.0,561.0,24.4,122.0,371,381,true,true,
S5,6,humidity,70,orange,25,70,31,364.00,375.00,1.000,1.0,585.4,24.4,109.8,371,380,true,true,
S5,6,humidity,70,orange,25,70,32,372.00,375.00,1.000,1.0,585.4,24.4,146.3,370,381,false,true,sd_one_sided
S5,6,humidity,70,orange,25,70,33,380.00,376.00,1.000,1.0,561.0,24.4,122.0,374,381,false,true,sd_one_sided
S5,6,humidity,70,orange,25,70,34,389.90,375.05,0.952,1.0,584.1,24.4,146.3,373,381,false,true,sd_one_sided
S5,6,humidity,70,orange,25,70,35,398.00,375.00,1.000,1.0,585.4,24.4,122.0,373,380,false,true,sd_one_sided
S5,6,humidity,70,orange,25,70,36,406.00,376.00,1.000,1.0,561.0,24.4,122.0,373,381,false,true,sd_one_sided
S5,6,humidity,70,orange,25,70,37,415.00,375.00,1.000,1.0,585.4,24.4,109.8,371,380,true,true,
S5,6,humidity,70,orange,25,70,38,424.00,375.00,1.000,1.0,585.4,24.4,,370,381,false,false,sd_unavailable
S5,6,humidity,70,orange,25,70,39,432.00,375.00,1.000,1.0,585.4,24.4,109.8,371,380,true,true,
S5,6,humidity,70,orange,25,70,40,441.00,376.00,1.000,1.0,561.0,24.4,122.0,371,381,false,true,sd_one_sided
S5,6,humidity,70,orange,25,70,41,449.90,375.05,0.952,1.0,584.1,24.4,122.0,370,380,true,true,
S5,6,humidity,70,orange,25,70,42,458.00,375.00,1.000,1.0,585.4,24.4,134.1,370,381,true,true,
S5,6,humidity,70,orange,25,70,43,467.00,376.00,1.000,1.0,561.0,24.4,122.0,371,381,true,true,
S5,6,humidity,70,orange,25,70,44,475.00,375.00,1.000,1.0,585.4,24.4,134.1,370,381,true,true,
S5,6,humidity,70,orange,25,70,45,484.00,376.00,1.000,1.0,561.0,24.4,122.0,371,381,true,true,
S5,6,humidity,70,orange,25,70,46,493.00,375.00,1.000,1.0,585.4,24.4,122.0,370,381,true,false,sd_one_sided
S5,6,humidity,70,orange,25,70,47,501.00,375.00,1.000,1.0,585.4,24.4,109.8,371,380,true,true,
S5,6,humidity,70,orange,25,70,48,509.00,375.00,1.000,1.0,585.4,24.4,134.1,370,381,true,true,
S5,6,humidity,70,orange,25,70,49,518.00,375.00,1.000,1.0,585.4,24.4,122.0,370,381,true,false,sd_one_sided
S5,6,humidity,70,orange,25,70,50,527.00,375.00,1.000,1.0,585.4,24.4,134.1,370,381,true,true,
S5,6,humidity,70,orange,25,70,51,535.00,376.00,1.000,1.0,561.0,24.4,109.8,371,380,true,true,
S5,6,humidity,70,orange,25,70,52,544.00,375.00,1.000,1.0,585.4,24.4,134.1,369,380,true,true,
S5,6,humidity,70,orange,25,70,53,553.00,376.00,1.000,1.0,561.0,24.4,134.1,370,381,true,true,
S5,6,humidity,70,orange,25,70,54,561.00,375.00,1.000,1.0,585.4,24.4,134.1,369,380,true,true,
S5,6,humidity,70,orange,25,70,55,570.00,375.00,1.000,1.0,585.4,24.4,134.1,370,381,true,true,
S5,6,humidity,70,orange,25,70,56,578.00,375.00,1.000,1.0,585.4,24.4,134.1,370,381,true,true,
S5,6,humidity,70,orange,25,70,57,587.00,376.00,1.000,1.0,561.0,24.4,134.1,370,381,true,true,
S5,6,humidity,70,orange,25,70,58,596.00,375.00,1.000,1.0,585.4,24.4,134.1,370,381,true,true,
S5,6,humidity,70,orange,25,70,59,604.00,375.00,1.000,1.0,585.4,24.4,146.3,369,381,true,true,
S5,6,humidity,70,orange,25,70,60,613.00,375.00,1.000,1.0,585.4,24.4,134.1,370,381,true,true,
S5,6,humidity,70,orange,25,70,61,621.95,374.90,0.952,1.0,587.8,24.4,122.0,369,380,false,true,sd_one_sided
S5,6,humidity,70,orange,25,70,62,630.00,375.00,1.000,1.0,585.4,24.4,146.3,369,381,true,true,
S5,6,humidity,70,green,30,70,1,107.00,396.00,0.476,2.0,73.2,48.8,,396,397,false,false,marker_partially_hidden;sd_below_marker_radius
S5,6,humidity,70,green,30,70,2,115.00,396.00,0.476,2.0,73.2,48.8,,396,397,false,false,marker_partially_hidden;sd_below_marker_radius
S5,6,humidity,70,green,30,70,3,124.00,395.00,0.667,2.0,97.6,48.8,,395,397,false,false,marker_partially_hidden;sd_below_marker_radius
S5,6,humidity,70,green,30,70,4,132.84,384.16,0.905,1.0,362.0,24.4,122.0,379,387,true,false,sd_one_sided
S5,6,humidity,70,green,30,70,5,141.00,376.00,1.000,1.0,561.0,24.4,341.5,362,381,true,false,sd_one_sided
S5,6,humidity,70,green,30,70,6,149.72,370.89,0.857,1.0,685.6,24.4,512.2,350,392,true,true,
S5,6,humidity,70,green,30,70,7,158.84,370.16,0.905,1.0,703.5,24.4,,351,375,false,false,sd_unavailable
S5,6,humidity,70,green,30,70,8,166.89,371.72,0.857,1.0,665.3,24.4,,356,386,false,false,sd_unavailable
S5,6,humidity,70,green,30,70,9,175.00,369.00,1.000,1.0,731.7,24.4,,356,377,false,false,sd_unavailable
S5,6,humidity,70,green,30,70,10,184.11,368.28,0.857,1.0,749.3,24.4,219.5,359,376,true,false,sd_one_sided
S5,6,humidity,70,green,30,70,11,192.95,367.90,0.952,1.0,758.5,24.4,182.9,360,375,true,true,
S5,6,humidity,70,green,30,70,12,201.16,365.16,0.905,1.0,825.4,24.4,195.1,358,373,false,true,sd_one_sided
S5,6,humidity,70,green,30,70,13,210.00,365.00,1.000,1.0,829.3,24.4,195.1,357,371,true,false,sd_one_sided
S5,6,humidity,70,green,30,70,14,218.28,364.11,0.857,1.0,850.9,24.4,243.9,354,369,true,false,sd_one_sided
S5,6,humidity,70,green,30,70,15,227.00,363.00,1.000,1.0,878.0,24.4,292.7,351,374,true,false,sd_one_sided
S5,6,humidity,70,green,30,70,16,236.00,361.00,1.000,1.0,926.8,24.4,341.5,347,373,true,false,sd_one_sided
S5,6,humidity,70,green,30,70,17,244.00,359.00,0.762,2.0,975.6,48.8,365.9,344,375,true,false,marker_partially_hidden;sd_one_sided
S5,6,humidity,70,green,30,70,18,252.89,356.28,0.857,1.0,1042.0,24.4,390.2,340,373,true,false,sd_one_sided
S5,6,humidity,70,green,30,70,19,261.50,355.00,0.571,2.0,1073.2,48.8,,338,372,false,false,marker_partially_hidden;sd_unavailable
S5,6,humidity,70,green,30,70,20,269.00,353.00,0.381,2.0,1122.0,48.8,,352,356,false,false,marker_partially_hidden;sd_below_marker_radius
S5,6,humidity,70,green,30,70,22,287.67,352.67,0.762,2.0,1130.1,48.8,,351,355,false,false,marker_partially_hidden;sd_below_marker_radius
S5,6,humidity,70,green,30,70,23,296.00,351.00,1.000,1.0,1170.7,24.4,,334,367,false,false,sd_unavailable
S5,6,humidity,70,green,30,70,24,304.16,349.84,0.905,1.0,1199.0,24.4,439.0,332,368,true,false,sd_one_sided
S5,6,humidity,70,green,30,70,25,313.16,349.84,0.905,1.0,1199.0,24.4,,332,367,false,false,sd_unavailable
S5,6,humidity,70,green,30,70,26,321.84,348.16,0.905,1.0,1240.1,24.4,,331,366,false,false,sd_unavailable
S5,6,humidity,70,green,30,70,27,330.00,349.00,1.000,1.0,1219.5,24.4,439.0,331,367,false,true,sd_one_sided
S5,6,humidity,70,green,30,70,28,339.00,349.00,1.000,1.0,1219.5,24.4,,331,366,false,false,sd_unavailable
S5,6,humidity,70,green,30,70,29,347.84,349.84,0.905,1.0,1199.0,24.4,,337,365,false,false,sd_unavailable
S5,6,humidity,70,green,30,70,30,356.05,347.90,0.952,1.0,1246.3,24.4,,335,365,false,false,sd_unavailable
S5,6,humidity,70,green,30,70,31,364.95,348.10,0.952,1.0,1241.5,24.4,,333,366,false,false,sd_unavailable
S5,6,humidity,70,green,30,70,32,373.16,348.16,0.905,1.0,1240.1,24.4,414.6,330,365,false,true,sd_one_sided
S5,6,humidity,70,green,30,70,33,382.00,349.00,1.000,1.0,1219.5,24.4,439.0,330,367,false,true,sd_one_sided
S5,6,humidity,70,green,30,70,34,390.84,348.16,0.905,1.0,1240.1,24.4,439.0,330,366,false,true,sd_one_sided
S5,6,humidity,70,green,30,70,35,399.16,346.16,0.905,1.0,1288.8,24.4,439.0,328,365,true,false,sd_one_sided
S5,6,humidity,70,green,30,70,36,407.72,345.89,0.857,1.0,1295.4,24.4,,328,365,false,false,sd_unavailable
S5,6,humidity,70,green,30,70,37,416.84,347.84,0.905,1.0,1247.8,24.4,,345,350,false,false,sd_below_marker_radius
S5,6,humidity,70,green,30,70,38,425.00,346.00,1.000,1.0,1292.7,24.4,,327,365,false,false,sd_unavailable
S5,6,humidity,70,green,30,70,39,433.16,345.84,0.905,1.0,1296.5,24.4,,326,364,false,false,sd_unavailable
S5,6,humidity,70,green,30,70,40,442.16,344.84,0.905,1.0,1320.9,24.4,,324,362,false,false,sd_unavailable
S5,6,humidity,70,green,30,70,41,450.84,344.84,0.905,1.0,1320.9,24.4,,324,365,false,false,sd_unavailable
S5,6,humidity,70,green,30,70,42,459.05,345.10,0.952,1.0,1314.6,24.4,475.6,326,365,true,true,
S5,6,humidity,70,green,30,70,43,468.00,345.00,1.000,1.0,1317.1,24.4,,325,366,false,false,sd_unavailable
S5,6,humidity,70,green,30,70,44,476.79,344.00,0.905,1.0,1341.5,24.4,500.0,324,365,true,true,
S5,6,humidity,70,green,30,70,45,485.00,346.00,1.000,1.0,1292.7,24.4,475.6,326,365,true,true,
S5,6,humidity,70,green,30,70,46,493.95,344.90,0.952,1.0,1319.5,24.4,,324,365,false,false,sd_unavailable
S5,6,humidity,70,green,30,70,47,502.16,345.16,0.905,1.0,1313.2,24.4,512.2,324,366,true,true,
S5,6,humidity,70,green,30,70,48,510.84,345.16,0.905,1.0,1313.2,24.4,,325,365,false,false,sd_unavailable
S5,6,humidity,70,green,30,70,49,519.84,344.84,0.905,1.0,1320.9,24.4,500.0,324,365,true,true,
S5,6,humidity,70,green,30,70,50,528.05,344.90,0.952,1.0,1319.5,24.4,,324,365,false,false,sd_unavailable
S5,6,humidity,70,green,30,70,51,536.16,344.84,0.905,1.0,1320.9,24.4,,325,365,false,false,sd_unavailable
S5,6,humidity,70,green,30,70,52,545.79,344.00,0.905,1.0,1341.5,24.4,,341,347,false,false,sd_below_marker_radius
S5,6,humidity,70,green,30,70,53,553.89,343.72,0.857,1.0,1348.2,24.4,,322,365,false,false,sd_unavailable
S5,6,humidity,70,green,30,70,54,562.00,344.00,1.000,1.0,1341.5,24.4,512.2,323,365,true,false,sd_one_sided
S5,6,humidity,70,green,30,70,55,571.16,343.16,0.905,1.0,1362.0,24.4,475.6,324,363,true,true,
S5,6,humidity,70,green,30,70,56,579.89,343.72,0.857,1.0,1348.2,24.4,,323,365,false,false,sd_unavailable
S5,6,humidity,70,green,30,70,57,588.05,343.90,0.952,1.0,1343.9,24.4,487.8,323,363,true,true,
S5,6,humidity,70,green,30,70,58,597.05,344.90,0.952,1.0,1319.5,24.4,,325,364,false,false,sd_unavailable
S5,6,humidity,70,green,30,70,59,605.79,344.00,0.905,1.0,1341.5,24.4,,323,365,false,false,sd_unavailable
S5,6,humidity,70,green,30,70,60,614.00,343.00,1.000,1.0,1365.9,24.4,512.2,322,364,true,true,
S5,6,humidity,70,green,30,70,61,623.00,343.21,0.905,1.0,1360.7,24.4,,323,364,false,false,sd_unavailable
S5,6,humidity,70,green,30,70,62,631.05,342.10,0.952,1.0,1387.8,24.4,512.2,321,364,true,false,sd_one_sided
S5,7,humidity,65,light_blue,15,65,1,108.50,396.00,0.667,2.0,73.2,48.8,,394,397,false,false,marker_partially_hidden;sd_below_marker_radius
S5,7,humidity,65,light_blue,15,65,2,117.00,396.00,0.810,2.0,73.2,48.8,,394,397,false,false,marker_partially_hidden;sd_below_marker_radius
S5,7,humidity,65,light_blue,15,65,3,125.00,396.00,0.762,2.0,73.2,48.8,,394,397,false,false,marker_partially_hidden;sd_below_marker_radius
S5,7,humidity,65,light_blue,15,65,4,134.00,395.00,1.000,1.0,97.6,24.4,,393,397,false,false,sd_below_marker_radius
S5,7,humidity,65,light_blue,15,65,5,142.10,392.95,0.952,1.0,147.6,24.4,,390,397,false,false,sd_unavailable
S5,7,humidity,65,light_blue,15,65,6,150.89,390.28,0.857,1.0,212.7,24.4,122.0,387,395,false,true,sd_one_sided
S5,7,humidity,65,light_blue,15,65,7,159.95,388.90,0.952,1.0,246.3,24.4,97.6,386,393,false,true,sd_one_sided
S5,7,humidity,65,light_blue,15,65,8,168.16,386.16,0.905,1.0,313.2,24.4,122.0,384,391,false,true,sd_one_sided
S5,7,humidity,65,light_blue,15,65,9,177.00,385.00,1.000,1.0,341.5,24.4,122.0,380,390,false,true,sd_one_sided
S5,7,humidity,65,light_blue,15,65,10,185.90,383.95,0.952,1.0,367.1,24.4,,380,387,false,false,sd_unavailable
S5,7,humidity,65,light_blue,15,65,11,194.00,382.00,1.000,1.0,414.6,24.4,,379,385,false,false,sd_below_marker_radius
S5,7,humidity,65,light_blue,15,65,12,202.21,380.00,0.905,1.0,463.4,24.4,97.6,376,384,true,true,
S5,7,humidity,65,light_blue,15,65,13,211.79,379.00,0.905,1.0,487.8,24.4,,376,382,false,false,sd_below_marker_radius
S5,7,humidity,65,light_blue,15,65,14,220.00,377.00,1.000,1.0,536.6,24.4,97.6,373,381,false,true,sd_one_sided
S5,7,humidity,65,light_blue,15,65,15,228.05,376.10,0.952,1.0,558.5,24.4,97.6,372,381,true,false,sd_one_sided
S5,7,humidity,65,light_blue,15,65,16,237.16,374.84,0.905,1.0,589.2,24.4,97.6,371,379,true,false,sd_one_sided
S5,7,humidity,65,light_blue,15,65,17,245.84,373.84,0.905,1.0,613.6,24.4,109.8,369,378,true,true,
S5,7,humidity,65,light_blue,15,65,18,254.00,371.79,0.905,1.0,663.7,24.4,134.1,366,377,true,true,
S5,7,humidity,65,light_blue,15,65,19,263.00,370.00,1.000,1.0,707.3,24.4,122.0,365,375,true,true,
S5,7,humidity,65,light_blue,15,65,20,271.84,368.16,0.905,1.0,752.2,24.4,,362,375,false,false,sd_unavailable
S5,7,humidity,65,light_blue,15,65,21,280.00,367.00,1.000,1.0,780.5,24.4,170.7,360,374,false,true,sd_one_sided
S5,7,humidity,65,light_blue,15,65,22,288.84,365.16,0.905,1.0,825.4,24.4,195.1,358,373,false,true,sd_one_sided
S5,7,humidity,65,light_blue,15,65,23,297.16,363.84,0.905,1.0,857.5,24.4,207.3,355,372,true,true,
S5,7,humidity,65,light_blue,15,65,24,305.84,361.84,0.905,1.0,906.3,24.4,,352,372,false,false,sd_unavailable
S5,7,humidity,65,light_blue,15,65,25,314.84,359.84,0.905,1.0,955.1,24.4,243.9,349,369,true,true,
S5,7,humidity,65,light_blue,15,65,26,323.00,358.00,1.000,1.0,1000.0,24.4,243.9,347,368,false,true,sd_one_sided
S5,7,humidity,65,light_blue,15,65,27,331.72,354.11,0.857,1.0,1094.9,24.4,268.3,343,365,false,true,sd_one_sided
S5,7,humidity,65,light_blue,15,65,28,340.72,353.89,0.857,1.0,1100.3,24.4,243.9,344,364,false,true,sd_one_sided
S5,7,humidity,65,light_blue,15,65,29,348.95,351.10,0.952,1.0,1168.3,24.4,292.7,343,363,false,true,sd_one_sided
S5,7,humidity,65,light_blue,15,65,30,357.16,348.16,0.905,1.0,1240.1,24.4,341.5,337,362,false,true,sd_one_sided
S5,7,humidity,65,light_blue,15,65,31,366.11,346.28,0.857,1.0,1285.9,24.4,317.1,334,360,true,true,
S5,7,humidity,65,light_blue,15,65,32,374.84,344.84,0.905,1.0,1320.9,24.4,317.1,330,358,false,true,sd_one_sided
S5,7,humidity,65,light_blue,15,65,33,383.16,341.84,0.905,1.0,1394.1,24.4,,327,357,false,false,sd_unavailable
S5,7,humidity,65,light_blue,15,65,34,392.11,338.28,0.857,1.0,1481.0,24.4,390.2,323,354,false,true,sd_one_sided
S5,7,humidity,65,light_blue,15,65,35,400.72,337.89,0.857,1.0,1490.5,24.4,390.2,322,354,false,true,sd_one_sided
S5,7,humidity,65,light_blue,15,65,36,408.89,335.28,0.857,1.0,1554.2,24.4,,321,350,false,false,sd_unavailable
S5,7,humidity,65,light_blue,15,65,37,418.00,334.00,1.000,1.0,1585.4,24.4,365.9,319,349,true,true,
S5,7,humidity,65,light_blue,15,65,38,426.28,331.11,0.857,1.0,1655.8,24.4,365.9,316,347,true,false,sd_one_sided
S5,7,humidity,65,light_blue,15,65,39,434.84,329.16,0.905,1.0,1703.5,24.4,,314,344,false,false,sd_unavailable
S5,7,humidity,65,light_blue,15,65,40,444.00,328.21,0.905,1.0,1726.6,24.4,341.5,314,337,true,false,sd_one_sided
S5,7,humidity,65,light_blue,15,65,41,452.05,324.90,0.952,1.0,1807.3,24.4,365.9,310,337,true,false,sd_one_sided
S5,7,humidity,65,light_blue,15,65,42,460.17,322.28,0.857,1.0,1871.3,24.4,365.9,307,337,false,true,sd_one_sided
S5,7,humidity,65,light_blue,15,65,43,469.72,323.11,0.857,1.0,1850.9,24.4,317.1,310,336,true,false,sd_one_sided
S5,7,humidity,65,light_blue,15,65,44,478.00,321.00,1.000,1.0,1902.4,24.4,317.1,308,334,true,false,sd_one_sided
S5,7,humidity,65,light_blue,15,65,45,486.10,319.95,0.952,1.0,1928.0,24.4,280.5,308,331,true,true,
S5,7,humidity,65,light_blue,15,65,46,495.21,318.00,0.905,1.0,1975.6,24.4,365.9,303,332,true,false,sd_one_sided
S5,7,humidity,65,light_blue,15,65,47,503.84,317.84,0.905,1.0,1979.5,24.4,317.1,305,330,true,false,sd_one_sided
S5,7,humidity,65,light_blue,15,65,48,512.11,316.28,0.857,1.0,2017.6,24.4,292.7,304,328,true,true,
S5,7,humidity,65,light_blue,15,65,49,521.00,316.00,1.000,1.0,2024.4,24.4,268.3,305,327,true,false,sd_one_sided
S5,7,humidity,65,light_blue,15,65,50,529.84,316.16,0.905,1.0,2020.5,24.4,317.1,304,329,false,true,sd_one_sided
S5,7,humidity,65,light_blue,15,65,51,538.00,315.00,1.000,1.0,2048.8,24.4,268.3,304,327,true,false,sd_one_sided
S5,7,humidity,65,light_blue,15,65,52,546.84,313.84,0.905,1.0,2077.0,24.4,,301,326,false,false,sd_unavailable
S5,7,humidity,65,light_blue,15,65,53,555.28,315.11,0.857,1.0,2046.1,24.4,,303,323,false,false,sd_unavailable
S5,7,humidity,65,light_blue,15,65,54,564.00,314.00,1.000,1.0,2073.2,24.4,292.7,302,327,true,false,sd_one_sided
S5,7,humidity,65,light_blue,15,65,55,573.00,314.00,1.000,1.0,2073.2,24.4,268.3,303,324,true,false,sd_one_sided
S5,7,humidity,65,light_blue,15,65,56,581.11,313.72,0.857,1.0,2079.9,24.4,317.1,301,323,true,false,sd_one_sided
S5,7,humidity,65,light_blue,15,65,57,589.72,312.11,0.857,1.0,2119.2,24.4,292.7,300,324,true,false,sd_one_sided
S5,7,humidity,65,light_blue,15,65,58,598.33,314.00,0.857,1.0,2073.2,24.4,268.3,303,321,true,false,sd_one_sided
S5,7,humidity,65,light_blue,15,65,59,606.95,311.90,0.952,1.0,2124.4,24.4,292.7,300,322,true,false,sd_one_sided
S5,7,humidity,65,light_blue,15,65,60,615.21,313.00,0.905,1.0,2097.6,24.4,292.7,301,317,true,false,sd_one_sided
S5,7,humidity,65,light_blue,15,65,61,624.21,314.00,0.905,1.0,2073.2,24.4,317.1,301,327,true,false,sd_one_sided
S5,7,humidity,65,light_blue,15,65,62,632.84,313.16,0.905,1.0,2093.7,24.4,304.9,301,326,true,true,
S5,7,humidity,65,navy,20,65,5,138.00,390.00,0.476,2.0,219.5,48.8,,381,397,false,false,marker_partially_hidden;sd_unavailable
S5,7,humidity,65,navy,20,65,6,147.00,389.00,0.714,2.0,243.9,48.8,195.1,380,397,false,true,marker_partially_hidden;sd_one_sided
S5,7,humidity,65,navy,20,65,7,156.00,388.00,0.810,2.0,268.3,48.8,219.5,379,397,true,true,marker_partially_hidden
S5,7,humidity,65,navy,20,65,8,164.00,386.50,0.714,2.0,304.9,48.8,268.3,375,397,true,true,marker_partially_hidden
S5,7,humidity,65,navy,20,65,9,172.50,385.50,0.762,2.0,329.3,48.8,,374,388,false,false,marker_partially_hidden;sd_unavailable
S5,7,humidity,65,navy,20,65,10,181.50,384.50,0.762,2.0,353.7,48.8,280.5,373,396,true,true,marker_partially_hidden
S5,7,humidity,65,navy,20,65,11,190.00,381.00,0.810,2.0,439.0,48.8,292.7,370,393,false,true,marker_partially_hidden;sd_one_sided
S5,7,humidity,65,navy,20,65,12,198.00,379.50,0.762,2.0,475.6,48.8,,373,391,false,false,marker_partially_hidden;sd_unavailable
S5,7,humidity,65,navy,20,65,13,207.50,377.00,0.762,2.0,536.6,48.8,268.3,375,388,false,true,marker_partially_hidden;sd_one_sided
S5,7,humidity,65,navy,20,65,14,215.89,374.72,0.857,1.0,592.1,24.4,317.1,365,388,false,true,sd_one_sided
S5,7,humidity,65,navy,20,65,15,224.28,372.89,0.857,1.0,636.9,24.4,317.1,362,386,false,true,sd_one_sided
S5,7,humidity,65,navy,20,65,16,233.28,369.11,0.857,1.0,729.0,24.4,341.5,358,383,false,true,sd_one_sided
S5,7,humidity,65,navy,20,65,17,241.84,364.84,0.905,1.0,833.1,24.4,390.2,354,381,false,true,sd_one_sided
S5,7,humidity,65,navy,20,65,18,250.00,363.00,1.000,1.0,878.0,24.4,,346,381,false,false,sd_unavailable
S5,7,humidity,65,navy,20,65,19,259.11,358.72,0.857,1.0,982.4,24.4,439.0,341,377,false,true,sd_one_sided
S5,7,humidity,65,navy,20,65,20,267.50,357.00,0.810,2.0,1024.4,48.8,524.4,335,378,true,true,marker_partially_hidden
S5,7,humidity,65,navy,20,65,21,275.89,352.72,0.857,1.0,1128.7,24.4,573.2,329,376,true,true,
S5,7,humidity,65,navy,20,65,22,284.89,348.28,0.857,1.0,1237.1,24.4,609.8,323,373,true,true,
S5,7,humidity,65,navy,20,65,23,293.00,345.00,0.762,2.0,1317.1,48.8,634.1,319,371,true,true,marker_partially_hidden
S5,7,humidity,65,navy,20,65,24,301.00,343.00,0.476,2.0,1365.9,48.8,,342,345,false,false,marker_partially_hidden;sd_below_marker_radius
S5,7,humidity,65,navy,20,65,27,327.00,333.00,0.714,2.0,1609.8,48.8,,299,335,false,false,marker_partially_hidden;sd_unavailable
S5,7,humidity,65,navy,20,65,28,336.50,331.00,0.667,2.0,1658.5,48.8,853.7,296,367,true,false,marker_partially_hidden;sd_one_sided
S5,7,humidity,65,navy,20,65,29,345.00,328.00,1.000,1.0,1731.7,24.4,902.4,291,366,true,false,sd_one_sided
S5,7,humidity,65,navy,20,65,30,353.16,327.84,0.905,1.0,1735.6,24.4,926.8,289,366,false,true,sd_one_sided
S5,7,humidity,65,navy,20,65,31,362.28,326.11,0.857,1.0,1777.8,24.4,939.0,288,365,true,true,
S5,7,humidity,65,navy,20,65,32,370.79,325.00,0.905,1.0,1804.9,24.4,975.6,285,365,true,true,
S5,7,humidity,65,navy,20,65,33,379.16,324.16,0.905,1.0,1825.4,24.4,963.4,285,364,true,true,
S5,7,humidity,65,navy,20,65,34,388.16,323.16,0.905,1.0,1849.8,24.4,1000.0,282,365,true,false,sd_one_sided
S5,7,humidity,65,navy,20,65,35,396.50,324.00,0.810,2.0,1829.3,48.8,975.6,284,364,false,true,marker_partially_hidden;sd_one_sided
S5,7,humidity,65,navy,20,65,36,405.05,323.10,0.952,1.0,1851.2,24.4,,282,364,false,false,sd_unavailable
S5,7,humidity,65,navy,20,65,37,413.89,321.28,0.857,1.0,1895.7,24.4,1012.2,280,363,true,true,
S5,7,humidity,65,navy,20,65,38,422.16,321.84,0.905,1.0,1881.9,24.4,975.6,280,362,false,true,sd_one_sided
S5,7,humidity,65,navy,20,65,39,430.84,320.84,0.905,1.0,1906.3,24.4,975.6,281,361,true,false,sd_one_sided
S5,7,humidity,65,navy,20,65,40,440.00,321.50,0.810,2.0,1890.2,48.8,1024.4,280,364,true,false,marker_partially_hidden;sd_one_sided
S5,7,humidity,65,navy,20,65,41,448.16,321.16,0.905,1.0,1898.6,24.4,1024.4,280,363,false,true,sd_one_sided
S5,7,humidity,65,navy,20,65,42,456.50,321.00,0.762,2.0,1902.4,48.8,,318,323,false,false,marker_partially_hidden;sd_below_marker_radius
S5,7,humidity,65,navy,20,65,43,465.50,321.00,0.762,2.0,1902.4,48.8,1048.8,278,364,true,true,marker_partially_hidden
S5,7,humidity,65,navy,20,65,44,474.00,321.00,0.810,2.0,1902.4,48.8,1048.8,278,364,true,false,marker_partially_hidden;sd_one_sided
S5,7,humidity,65,navy,20,65,45,482.50,321.00,0.762,2.0,1902.4,48.8,1000.0,280,362,false,true,marker_partially_hidden;sd_one_sided
S5,7,humidity,65,navy,20,65,46,491.16,319.84,0.905,1.0,1930.7,24.4,1024.4,277,362,false,true,sd_one_sided
S5,7,humidity,65,navy,20,65,47,500.00,322.00,0.762,2.0,1878.0,48.8,1061.0,278,365,true,true,marker_partially_hidden
S5,7,humidity,65,navy,20,65,48,508.00,321.00,0.714,2.0,1902.4,48.8,1073.2,277,365,false,true,marker_partially_hidden;sd_one_sided
S5,7,humidity,65,navy,20,65,49,517.00,321.00,0.714,2.0,1902.4,48.8,1012.2,280,363,true,true,marker_partially_hidden
S5,7,humidity,65,navy,20,65,50,525.00,323.00,0.571,2.0,1853.7,48.8,1012.2,282,365,true,true,marker_partially_hidden
S5,7,humidity,65,navy,20,65,51,534.00,321.00,0.667,2.0,1902.4,48.8,1036.6,279,364,true,true,marker_partially_hidden
S5,7,humidity,65,navy,20,65,52,542.67,322.33,0.524,2.0,1869.9,48.8,1036.6,280,365,true,true,marker_partially_hidden
S5,7,humidity,65,navy,20,65,53,551.00,322.00,0.619,2.0,1878.0,48.8,,280,365,false,false,marker_partially_hidden;sd_unavailable
S5,7,humidity,65,navy,20,65,54,559.89,321.28,0.857,1.0,1895.7,24.4,1048.8,279,365,true,true,
S5,7,humidity,65,navy,20,65,55,569.00,321.00,0.714,2.0,1902.4,48.8,1048.8,278,364,true,true,marker_partially_hidden
S5,7,humidity,65,navy,20,65,56,577.00,321.00,0.762,2.0,1902.4,48.8,1061.0,278,365,true,true,marker_partially_hidden
S5,7,humidity,65,navy,20,65,57,585.00,321.00,0.714,2.0,1902.4,48.8,,319,323,false,false,marker_partially_hidden;sd_below_marker_radius
S5,7,humidity,65,navy,20,65,58,594.00,321.00,0.619,2.0,1902.4,48.8,1024.4,279,363,true,true,marker_partially_hidden
S5,7,humidity,65,navy,20,65,59,602.33,320.67,0.381,2.0,1910.6,48.8,,319,321,false,false,marker_partially_hidden;sd_below_marker_radius
S5,7,humidity,65,navy,20,65,60,611.00,320.00,0.667,2.0,1926.8,48.8,1024.4,278,337,true,false,marker_partially_hidden;sd_one_sided
S5,7,humidity,65,navy,20,65,61,620.00,320.00,0.571,2.0,1926.8,48.8,1048.8,278,364,true,true,marker_partially_hidden
S5,7,humidity,65,navy,20,65,62,629.00,321.00,0.667,2.0,1902.4,48.8,1073.2,277,365,true,true,marker_partially_hidden
S5,7,humidity,65,orange,25,65,2,113.00,394.50,0.429,2.0,109.8,48.8,,393,396,false,false,marker_partially_hidden;sd_below_marker_radius
S5,7,humidity,65,orange,25,65,3,121.94,392.89,0.857,1.0,149.1,24.4,,390,396,false,false,sd_below_marker_radius
S5,7,humidity,65,orange,25,65,4,131.84,390.84,0.905,1.0,199.0,24.4,,388,393,false,false,sd_below_marker_radius
S5,7,humidity,65,orange,25,65,5,140.00,388.00,1.000,1.0,268.3,24.4,,385,390,false,false,sd_below_marker_radius
S5,7,humidity,65,orange,25,65,6,148.00,385.00,1.000,1.0,341.5,24.4,,382,387,false,false,sd_below_marker_radius
S5,7,humidity,65,orange,25,65,7,157.00,384.00,1.000,1.0,365.9,24.4,97.6,380,386,true,false,sd_one_sided
S5,7,humidity,65,orange,25,65,8,165.95,381.90,0.952,1.0,417.1,24.4,,378,384,false,false,sd_unavailable
S5,7,humidity,65,orange,25,65,9,174.00,379.00,1.000,1.0,487.8,24.4,,373,383,false,false,sd_unavailable
S5,7,humidity,65,orange,25,65,10,183.00,377.00,1.000,1.0,536.6,24.4,122.0,372,382,true,false,sd_one_sided
S5,7,humidity,65,orange,25,65,11,192.00,374.00,1.000,1.0,609.8,24.4,170.7,367,379,true,false,sd_one_sided
S5,7,humidity,65,orange,25,65,12,200.00,369.00,1.000,1.0,731.7,24.4,170.7,362,376,false,true,sd_one_sided
S5,7,humidity,65,orange,25,65,13,209.00,366.00,1.000,1.0,804.9,24.4,,359,375,false,false,sd_unavailable
S5,7,humidity,65,orange,25,65,14,217.00,362.00,1.000,1.0,902.4,24.4,243.9,356,372,false,true,sd_one_sided
S5,7,humidity,65,orange,25,65,15,225.95,358.90,0.952,1.0,978.0,24.4,219.5,354,368,false,true,sd_one_sided
S5,7,humidity,65,orange,25,65,16,234.95,355.90,0.952,1.0,1051.2,24.4,,352,365,false,false,sd_unavailable
S5,7,humidity,65,orange,25,65,17,243.00,351.79,0.905,1.0,1151.5,24.4,,343,360,false,false,sd_unavailable
S5,7,humidity,65,orange,25,65,18,251.00,350.50,0.714,2.0,1182.9,48.8,219.5,341,357,true,false,marker_partially_hidden;sd_one_sided
S5,7,humidity,65,orange,25,65,19,260.00,348.00,0.571,2.0,1243.9,48.8,,338,356,false,false,marker_partially_hidden;sd_unavailable
S5,7,humidity,65,orange,25,65,20,268.00,346.50,0.381,2.0,1280.5,48.8,,338,352,false,false,marker_partially_hidden;sd_unavailable
S5,7,humidity,65,orange,25,65,21,277.00,342.50,0.714,2.0,1378.0,48.8,,334,350,false,false,marker_partially_hidden;sd_unavailable
S5,7,humidity,65,orange,25,65,22,286.00,341.00,0.667,2.0,1414.6,48.8,,331,353,false,false,marker_partially_hidden;sd_unavailable
S5,7,humidity,65,orange,25,65,23,294.00,340.00,0.571,2.0,1439.0,48.8,,327,355,false,false,marker_partially_hidden;sd_unavailable
S5,7,humidity,65,orange,25,65,24,303.00,338.50,0.667,2.0,1475.6,48.8,292.7,326,354,true,false,marker_partially_hidden;sd_one_sided
S5,7,humidity,65,orange,25,65,25,312.00,339.00,0.810,2.0,1463.4,48.8,,324,354,false,false,marker_partially_hidden;sd_unavailable
S5,7,humidity,65,orange,25,65,26,320.11,336.06,0.857,1.0,1535.2,24.4,439.0,318,356,true,false,sd_one_sided
S5,7,humidity,65,orange,25,65,27,329.00,336.89,0.857,1.0,1514.9,24.4,,315,359,false,false,sd_unavailable
S5,7,humidity,65,orange,25,65,28,338.00,335.00,1.000,1.0,1561.0,24.4,512.2,314,355,true,false,sd_one_sided
S5,7,humidity,65,orange,25,65,29,346.00,334.00,1.000,1.0,1585.4,24.4,536.6,312,356,true,true,
S5,7,humidity,65,orange,25,65,30,355.00,334.00,1.000,1.0,1585.4,24.4,585.4,310,358,true,false,sd_one_sided
S5,7,humidity,65,orange,25,65,31,364.00,331.00,1.000,1.0,1658.5,24.4,585.4,307,355,true,false,sd_one_sided
S5,7,humidity,65,orange,25,65,32,372.00,332.00,1.000,1.0,1634.1,24.4,,305,358,false,false,sd_unavailable
S5,7,humidity,65,orange,25,65,33,380.00,330.00,1.000,1.0,1682.9,24.4,609.8,305,354,true,false,sd_one_sided
S5,7,humidity,65,orange,25,65,34,389.05,329.10,0.952,1.0,1704.9,24.4,,302,357,false,false,sd_unavailable
S5,7,humidity,65,orange,25,65,35,398.00,329.00,1.000,1.0,1707.3,24.4,,302,356,false,false,sd_unavailable
S5,7,humidity,65,orange,25,65,36,406.00,330.00,1.000,1.0,1682.9,24.4,,303,356,false,false,sd_unavailable
S5,7,humidity,65,orange,25,65,37,415.00,329.00,1.000,1.0,1707.3,24.4,658.5,302,357,true,false,sd_one_sided
S5,7,humidity,65,orange,25,65,38,423.10,328.05,0.952,1.0,1730.5,24.4,,325,331,false,false,sd_below_marker_radius
S5,7,humidity,65,orange,25,65,39,431.50,329.00,0.667,2.0,1707.3,48.8,658.5,302,358,true,false,marker_partially_hidden;sd_one_sided
S5,7,humidity,65,orange,25,65,40,441.00,327.00,0.714,2.0,1756.1,48.8,682.9,299,355,true,false,marker_partially_hidden;sd_one_sided
S5,7,humidity,65,orange,25,65,41,449.00,329.00,1.000,1.0,1707.3,24.4,731.7,299,358,true,false,sd_one_sided
S5,7,humidity,65,orange,25,65,42,457.84,326.16,0.905,1.0,1776.6,24.4,,298,355,false,false,sd_unavailable
S5,7,humidity,65,orange,25,65,43,466.50,326.00,0.762,2.0,1780.5,48.8,707.3,297,353,true,false,marker_partially_hidden;sd_one_sided
S5,7,humidity,65,orange,25,65,44,475.00,326.00,1.000,1.0,1780.5,24.4,707.3,297,354,true,false,sd_one_sided
S5,7,humidity,65,orange,25,65,45,483.84,325.84,0.905,1.0,1784.3,24.4,,297,354,false,false,sd_unavailable
S5,7,humidity,65,orange,25,65,46,492.16,325.84,0.905,1.0,1784.3,24.4,707.3,297,354,true,false,sd_one_sided
S5,7,humidity,65,orange,25,65,47,501.00,326.00,1.000,1.0,1780.5,24.4,,295,356,false,false,sd_unavailable
S5,7,humidity,65,orange,25,65,48,509.84,324.84,0.905,1.0,1808.7,24.4,,294,355,false,false,sd_unavailable
S5,7,humidity,65,orange,25,65,49,518.05,325.10,0.952,1.0,1802.4,24.4,731.7,295,355,true,false,sd_one_sided
S5,7,humidity,65,orange,25,65,50,527.00,326.00,1.000,1.0,1780.5,24.4,,297,353,false,false,sd_unavailable
S5,7,humidity,65,orange,25,65,51,535.05,324.90,0.952,1.0,1807.3,24.4,756.1,294,355,true,false,sd_one_sided
S5,7,humidity,65,orange,25,65,52,544.00,325.00,1.000,1.0,1804.9,24.4,,294,356,false,false,sd_unavailable
S5,7,humidity,65,orange,25,65,53,553.00,325.00,1.000,1.0,1804.9,24.4,682.9,297,354,true,false,sd_one_sided
S5,7,humidity,65,orange,25,65,54,561.00,326.00,1.000,1.0,1780.5,24.4,707.3,297,355,true,false,sd_one_sided
S5,7,humidity,65,orange,25,65,55,569.95,324.90,0.952,1.0,1807.3,24.4,,295,354,false,false,sd_unavailable
S5,7,humidity,65,orange,25,65,56,578.16,324.84,0.905,1.0,1808.7,24.4,719.5,295,354,true,true,
S5,7,humidity,65,orange,25,65,57,587.00,325.00,1.000,1.0,1804.9,24.4,707.3,296,355,true,false,sd_one_sided
S5,7,humidity,65,orange,25,65,58,596.00,324.00,1.000,1.0,1829.3,24.4,,292,355,false,false,sd_unavailable
S5,7,humidity,65,orange,25,65,59,604.16,323.84,0.905,1.0,1833.1,24.4,731.7,294,353,true,false,sd_one_sided
S5,7,humidity,65,orange,25,65,60,613.00,324.00,1.000,1.0,1829.3,24.4,,294,353,false,false,sd_unavailable
S5,7,humidity,65,orange,25,65,61,621.90,323.05,0.952,1.0,1852.4,24.4,731.7,293,354,true,false,sd_one_sided
S5,7,humidity,65,orange,25,65,62,630.00,324.00,1.000,1.0,1829.3,24.4,731.7,294,353,true,false,sd_one_sided
S5,7,humidity,65,green,30,65,1,107.00,393.00,0.667,2.0,146.3,48.8,,390,393,false,false,marker_partially_hidden;sd_below_marker_radius
S5,7,humidity,65,green,30,65,2,115.00,392.00,0.810,2.0,170.7,48.8,,390,394,false,false,marker_partially_hidden;sd_below_marker_radius
S5,7,humidity,65,green,30,65,3,124.00,385.00,1.000,1.0,341.5,24.4,,382,388,false,false,sd_below_marker_radius
S5,7,humidity,65,green,30,65,4,132.84,382.16,0.905,1.0,410.8,24.4,,380,385,false,false,sd_below_marker_radius
S5,7,humidity,65,green,30,65,5,141.00,381.00,1.000,1.0,439.0,24.4,,378,383,false,false,sd_below_marker_radius
S5,7,humidity,65,green,30,65,6,149.79,377.00,0.905,1.0,536.6,24.4,,374,380,false,false,sd_below_marker_radius
S5,7,humidity,65,green,30,65,7,158.21,375.00,0.905,1.0,585.4,24.4,,372,378,false,false,sd_below_marker_radius
S5,7,humidity,65,green,30,65,8,167.00,372.00,1.000,1.0,658.5,24.4,,369,376,false,false,sd_unavailable
S5,7,humidity,65,green,30,65,9,175.00,369.00,1.000,1.0,731.7,24.4,,366,372,false,false,sd_below_marker_radius
S5,7,humidity,65,green,30,65,10,184.10,366.05,0.952,1.0,803.7,24.4,122.0,360,371,false,true,sd_one_sided
S5,7,humidity,65,green,30,65,11,192.84,362.16,0.905,1.0,898.6,24.4,170.7,355,369,true,true,
S5,7,humidity,65,green,30,65,12,201.05,359.10,0.952,1.0,973.2,24.4,195.1,351,366,true,false,sd_one_sided
S5,7,humidity,65,green,30,65,13,210.00,356.00,1.000,1.0,1048.8,24.4,243.9,346,363,true,false,sd_one_sided
S5,7,humidity,65,green,30,65,14,218.28,353.83,0.857,1.0,1101.6,24.4,292.7,342,359,true,false,sd_one_sided
S5,7,humidity,65,green,30,65,15,227.00,351.21,0.905,1.0,1165.6,24.4,292.7,339,363,true,false,sd_one_sided
S5,7,humidity,65,green,30,65,16,236.00,349.00,1.000,1.0,1219.5,24.4,292.7,337,361,true,false,sd_one_sided
S5,7,humidity,65,green,30,65,17,244.11,347.28,0.857,1.0,1261.5,24.4,329.3,334,361,true,true,
S5,7,humidity,65,green,30,65,18,253.00,347.00,1.000,1.0,1268.3,24.4,317.1,334,360,true,true,
S5,7,humidity,65,green,30,65,19,262.05,345.90,0.952,1.0,1295.1,24.4,,332,359,false,false,sd_unavailable
S5,7,humidity,65,green,30,65,20,270.11,344.28,0.857,1.0,1334.7,24.4,353.7,330,359,true,true,
S5,7,humidity,65,green,30,65,21,278.50,346.00,0.810,2.0,1292.7,48.8,390.2,330,360,true,false,marker_partially_hidden;sd_one_sided
S5,7,humidity,65,green,30,65,22,287.84,343.84,0.905,1.0,1345.3,24.4,341.5,327,358,false,true,sd_one_sided
S5,7,humidity,65,green,30,65,23,296.05,342.21,0.905,1.0,1385.1,24.4,390.2,326,359,true,false,sd_one_sided
S5,7,humidity,65,green,30,65,24,304.28,341.89,0.857,1.0,1393.0,24.4,,340,344,false,false,sd_below_marker_radius
S5,7,humidity,65,green,30,65,25,313.11,342.72,0.857,1.0,1372.6,24.4,,325,357,false,false,sd_unavailable
S5,7,humidity,65,green,30,65,26,321.84,339.84,0.905,1.0,1442.9,24.4,,321,355,false,false,sd_unavailable
S5,7,humidity,65,green,30,65,27,330.11,340.72,0.857,1.0,1421.4,24.4,463.4,321,360,false,true,sd_one_sided
S5,7,humidity,65,green,30,65,28,339.00,341.00,1.000,1.0,1414.6,24.4,463.4,322,361,true,false,sd_one_sided
S5,7,humidity,65,green,30,65,29,347.84,340.16,0.905,1.0,1435.2,24.4,463.4,321,359,true,false,sd_one_sided
S5,7,humidity,65,green,30,65,30,356.05,339.90,0.952,1.0,1441.5,24.4,463.4,319,359,false,true,sd_one_sided
S5,7,humidity,65,green,30,65,31,365.00,340.00,1.000,1.0,1439.0,24.4,487.8,320,359,true,false,sd_one_sided
S5,7,humidity,65,green,30,65,32,373.16,340.16,0.905,1.0,1435.2,24.4,475.6,321,360,true,true,
S5,7,humidity,65,green,30,65,33,381.00,339.00,0.429,2.0,1463.4,48.8,,339,340,false,false,marker_partially_hidden;sd_below_marker_radius
S5,7,humidity,65,green,30,65,34,390.00,340.00,0.381,2.0,1439.0,48.8,,337,342,false,false,marker_partially_hidden;sd_below_marker_radius
S5,7,humidity,65,green,30,65,35,398.67,340.67,0.571,2.0,1422.8,48.8,439.0,321,359,false,true,marker_partially_hidden;sd_one_sided
S5,7,humidity,65,green,30,65,36,407.16,339.84,0.905,1.0,1442.9,24.4,487.8,320,360,true,true,
S5,7,humidity,65,green,30,65,37,416.84,340.16,0.905,1.0,1435.2,24.4,487.8,321,360,false,true,sd_one_sided
S5,7,humidity,65,green,30,65,38,425.00,340.00,1.000,1.0,1439.0,24.4,463.4,320,359,false,true,sd_one_sided
S5,7,humidity,65,green,30,65,39,433.16,338.16,0.905,1.0,1484.0,24.4,512.2,318,359,false,true,sd_one_sided
S5,7,humidity,65,green,30,65,40,442.05,339.90,0.952,1.0,1441.5,24.4,,323,358,false,false,sd_unavailable
S5,7,humidity,65,green,30,65,41,450.84,339.84,0.905,1.0,1442.9,24.4,463.4,321,359,false,true,sd_one_sided
S5,7,humidity,65,green,30,65,42,459.05,339.90,0.952,1.0,1441.5,24.4,439.0,330,358,false,true,sd_one_sided
S5,7,humidity,65,green,30,65,43,468.05,339.90,0.952,1.0,1441.5,24.4,439.0,328,358,false,true,sd_one_sided
S5,7,humidity,65,green,30,65,44,476.28,339.89,0.857,1.0,1441.7,24.4,439.0,338,358,false,true,sd_one_sided
S5,7,humidity,65,green,30,65,45,485.00,340.21,0.905,1.0,1433.9,24.4,463.4,323,359,false,true,sd_one_sided
S5,7,humidity,65,green,30,65,46,494.00,340.00,1.000,1.0,1439.0,24.4,439.0,321,358,false,true,sd_one_sided
S5,7,humidity,65,green,30,65,47,502.05,339.10,0.952,1.0,1461.0,24.4,487.8,320,359,false,true,sd_one_sided
S5,7,humidity,65,green,30,65,48,510.95,339.10,0.952,1.0,1461.0,24.4,487.8,319,359,false,true,sd_one_sided
S5,7,humidity,65,green,30,65,49,519.95,339.10,0.952,1.0,1461.0,24.4,487.8,319,359,false,true,sd_one_sided
S5,7,humidity,65,green,30,65,50,528.00,338.21,0.905,1.0,1482.7,24.4,561.0,319,361,false,true,sd_one_sided
S5,7,humidity,65,green,30,65,51,536.28,337.89,0.857,1.0,1490.5,24.4,512.2,336,359,false,true,sd_one_sided
S5,7,humidity,65,green,30,65,52,545.72,337.89,0.857,1.0,1490.5,24.4,512.2,317,359,false,true,sd_one_sided
S5,7,humidity,65,green,30,65,53,553.89,338.28,0.857,1.0,1481.0,24.4,,318,361,false,false,sd_unavailable
S5,7,humidity,65,green,30,65,54,562.16,338.16,0.905,1.0,1484.0,24.4,536.6,316,360,false,true,sd_one_sided
S5,7,humidity,65,green,30,65,55,571.11,338.28,0.857,1.0,1481.0,24.4,536.6,317,360,false,true,sd_one_sided
S5,7,humidity,65,green,30,65,56,579.89,338.28,0.857,1.0,1481.0,24.4,536.6,317,360,false,true,sd_one_sided
S5,7,humidity,65,green,30,65,57,588.00,338.00,1.000,1.0,1487.8,24.4,,317,360,false,false,sd_unavailable
S5,7,humidity,65,green,30,65,58,597.00,338.00,1.000,1.0,1487.8,24.4,536.6,317,360,false,true,sd_one_sided
S5,7,humidity,65,green,30,65,59,605.84,338.16,0.905,1.0,1484.0,24.4,561.0,316,361,false,true,sd_one_sided
S5,7,humidity,65,green,30,65,60,614.00,339.00,1.000,1.0,1463.4,24.4,,317,361,false,false,sd_unavailable
S5,7,humidity,65,green,30,65,61,623.00,338.00,1.000,1.0,1487.8,24.4,536.6,317,360,false,true,sd_one_sided
S5,7,humidity,65,green,30,65,62,631.05,337.90,0.952,1.0,1490.2,24.4,512.2,316,359,false,true,sd_one_sided
