gelain_hydrolysis_k_h,gelain_hydrolysis_Kh,gelain_hydrolysis_Y,gelain_hydrolysis_kd,gelain_hydrolysis_K_ind,gelain_hydrolysis_qF,gelain_hydrolysis_kF,gelain_hydrolysis_qB,gelain_hydrolysis_kB,noise_scale:all_observables
0.016988931512795808,15.720759370457284,0.46847964029493466,0.020419052602799508,0.01129749211344517,5.569473703273973,0.0019060008639436357,11.179170012358453,0.0008133050256899834,1.9959607820570673
0.015949144146096578,15.210359587738951,0.44039312862883595,0.02127515500820299,0.011327486901172511,6.206578128929939,2.235336822938567e-06,14.73136259478684,4.984464620334874e-06,1.995374576601263
0.009891104484808566,8.26694196123887,0.4029254992496076,0.01764192352352345,0.011455701404646777,6.663360948109119,0.0004617859448179451,16.050923635643823,5.726077620406571e-06,2.0652333206939737
0.017860975054962945,17.832548631350388,0.41788447077073104,0.01961146104546836,0.011811023616178471,5.7327580073174556,0.0002122993613587907,13.710251518663195,3.103361352079154e-06,2.0253350826461136
0.011115398240071097,8.753409824522755,0.4499433066340327,0.023243365309138956,0.01503028353063843,6.224498885105868,3.744833924860317e-06,15.672110699003497,7.634294042367945e-06,2.114689310075952
0.05393923310698639,63.734470605393184,0.46832797254632436,0.02072799007718106,0.015399891006502681,4.560825909270003,1.5262540748968918e-06,11.29348249644699,2.4410811768881114e-05,2.4600099633546053
0.03698402961110872,35.25631865722737,0.5070095721617051,0.02675266211445542,0.04033628236251671,4.44186550697453,0.0005440368216587907,11.59496048723725,0.0009869686270934023,2.5945905380339838
0.01589163136883436,16.067115564037003,0.431705478653403,0.02227302897416508,0.029179761355257544,5.190824581934246,7.057194879713983e-05,15.330323544808106,0.0006328057510987287,1.972641827083962
0.044971305138035565,41.32200854336835,0.5533490794480644,0.03028163521065552,0.01166928801486858,4.028828397990796,0.0006289159672351126,9.990394532305563,8.632585041569609e-06,2.0066038614335464
0.028053809470845924,27.506635274392387,0.40667476521067863,0.015486638280885107,0.043290046962173465,5.290609702150371,0.00015598884904079313,14.526581148508223,2.950643107107468e-05,2.458004992394639
0.045941330173833714,82.03004548754534,0.3476777509422786,0.013239214589593542,0.07771469458783388,6.159391463168113,0.0001643735247063459,15.393109540392844,0.003452094265763903,2.4168074344365995
0.00977216594968212,11.171662311424535,0.48041709152226525,0.023074994109489714,0.2668658971028055,7.674828933049969,4.6818923808126186e-05,14.979713078467878,3.103957869842273e-06,2.3772439396511023
0.010821253821787453,9.820387939855909,0.48836744231355417,0.019642768140545577,0.013351705640567119,6.306457776148047,0.0010418829124112774,12.307150625415435,0.00017029827039655022,2.171480168483196
0.013428438257326822,11.590438895266326,0.5390478401037447,0.029729967702614057,0.011351122057894635,5.705701100765424,0.00010748485346501092,12.41825312618048,4.782153491629494e-05,2.4583982396851445
0.01838559113570698,20.0314337470716,0.5493666272239116,0.02729745586619696,0.019180928618897888,5.338977979754685,0.0009524642095747058,14.084206282457435,0.0012156959536654536,2.2083024906255053
0.017254153704037423,17.63301536673089,0.5519081449500544,0.03197807447521995,0.021427389824615596,5.1833241208544925,0.002964847170174519,13.113186146649307,0.0005799747336878582,2.1262700151585854
0.014766555471084679,17.372722048459718,0.4543400344218421,0.021217876065293066,0.01867607715222377,6.5612187640956785,0.002564089595529255,12.995971226229061,8.702917313160706e-05,2.3183417565639473
0.026268032073957705,41.42281374991526,0.4807323814407872,0.026693065682493605,0.09858441982606908,6.070529297041624,7.046848678352307e-06,13.082385780817056,8.955000035824137e-05,2.1747019279900535
0.03173952069197824,35.0389513620537,0.421314086055019,0.02096636249434232,0.014156986225374953,5.798113943617048,1.4559852840095519e-06,12.11703475201339,0.0002763596413248954,2.185034583518684
0.03332264246586443,33.32531779266732,0.5370777955243478,0.02480580179228609,0.01064607617965535,4.6724033794957185,0.0009583294625522303,11.262485896372842,0.0003320901390455893,1.8215908274460964
0.010145280122820425,7.036373927474058,0.31748275353875427,0.008802457391886226,0.03325629780967922,6.863008942965773,4.0610447628344573e-05,18.23666874989954,6.31119183652127e-05,2.1837648233278286
0.012894613390097303,16.292748279902472,0.5519053380868523,0.029766288933120836,0.026772379368219426,5.544101350472349,1.9810736598663434e-05,10.70397429672607,0.000741690367907074,2.317526407047228
0.014112245333926835,14.220183381772808,0.5813654385244169,0.030273581428718672,0.011498537269870386,5.188685152137925,0.0003247603404831873,11.837014653033155,0.00028930498602937907,2.366005920613387
0.03591291110013182,37.41690530058591,0.5673749131597823,0.030612659052952147,0.012115664032657257,4.475152142647118,0.0018414107276832228,10.549826548383484,0.0014924485470129123,2.3970496323073918
0.008411381350880485,4.665911589113466,0.4602412668498631,0.027279522477081243,0.020118395411449698,6.682130295118089,2.7057945081027772e-05,17.13053957877726,2.7096543181774447e-06,2.050166075885949
0.007007554367431417,2.9626257209928837,0.4737154019275332,0.031108430768204628,0.011074235997614146,7.5724461478589085,1.5788610937280399e-06,17.287657080574274,2.111899177667513e-05,2.3079311079468936
0.006322884535527164,2.653284352373295,0.4695068383037198,0.028898823707670912,0.010151278459895377,7.254278993295627,2.33841826244367e-05,17.60626129739406,0.00015152175280022288,2.256854369994234
0.00798337758948275,4.805070567691895,0.5167337948457249,0.03612752292660853,0.012167225262323675,6.611736075094915,0.0005225512437043746,15.119859189202781,6.221154430936954e-05,2.0964369782837298
0.009627218493964189,7.608442123429809,0.5071128851038588,0.03138393528487289,0.010366586903687854,5.95247348486599,0.0007985478211673477,14.33625249827501,0.00019827002230875243,2.186610548711123
0.013018249530671502,13.094067638819663,0.5398750813044453,0.0317217660382408,0.011011285350204512,5.349010586013328,0.0005532207433010672,13.431850252801,0.00022479380518522312,2.216674606625759
0.022732940259933374,24.69267275648339,0.42482054728547936,0.019067343974088678,0.019209107706625414,6.1424882522344975,0.00044458577115019036,14.787270173511144,6.643416722104243e-06,2.1092241935010425
0.016336297580973175,21.57954335016721,0.46654012423806224,0.018313473484784213,0.046446204512645646,6.00727517167359,0.00010623493628315284,13.342277468923205,3.230531530646247e-05,2.513116504269227
0.024772577210140645,26.43562403638356,0.633901399669872,0.037159923453384695,0.018472713732349724,4.536772767500823,0.00015533588739658437,10.484772281452493,0.00039227319908400005,2.203650848717502
0.011940261952172765,10.241746375389363,0.518851679858173,0.02723093208524466,0.026199206553854968,5.718316216493027,0.00012930468616735645,14.10042213779108,5.960662792910138e-05,2.151331674089167
0.01909055779789546,17.902859285799998,0.5088054799751486,0.024183981013795913,0.015564720829050322,5.507800769718898,1.6142184568661887e-05,13.775251520079806,0.0011676733667285125,2.084857212227079
0.02861792425500447,31.73225741922126,0.45836955851651595,0.021864898104201353,0.011643947892815759,5.240795633793075,0.0008726052187152947,12.325691055581633,0.0001490636079777974,2.1509875507767724
0.025414378995557423,29.741771810916973,0.4603544599621436,0.0204770878892264,0.019666971965710208,5.617244080058313,0.001198285390839287,12.880852402504617,0.0006351713034164747,2.076440667026623
0.021015702607985267,17.457045666705284,0.6353337567305154,0.028169796783523573,0.011474582915373819,4.035009094688636,0.000276003039286414,11.443126726765176,7.123783344449645e-06,2.248902620421477
0.021017504510633077,20.594213877054422,0.4937684611211272,0.020651165490986046,0.01463029969341929,4.948416445475195,0.00042227882117915066,12.151144744356024,8.81069079349857e-06,2.3547579536722987
0.013909285349725424,14.777498934286532,0.5218741182815072,0.024397077793308082,0.012988409012867184,6.368021271815318,0.00528327286057285,13.127112697139049,8.457826516886347e-06,2.287012769791467
0.019098482648074656,21.950202629305007,0.5647372285978035,0.027876527155095126,0.09147280648856114,5.535071886532344,0.00035345601403453,12.769001098745385,0.0008841574117420012,2.3362875471886535
0.012662725625949773,12.254679158037955,0.3425103096402727,0.016122489752871505,0.02263248234919635,7.44138070344854,1.113051147725037e-06,16.884881125208473,6.008827010235711e-05,2.421513809752733
0.04000866633697748,44.44043956879548,0.4945958225137293,0.021796674721358038,0.023901406160336324,5.155683507962522,7.2232918090943715e-06,11.145837765874937,7.318815434345188e-05,2.5194792185465995
0.023636563893251257,22.102922257692455,0.4914532344704481,0.01909806735060126,0.035383979584919824,4.324564626413123,1.0626371330927205e-05,10.327127629504947,0.0008230982581234768,2.175163680334303
0.03296632746736145,42.09293575970214,0.41370643097198884,0.017790765593524435,0.014035432893794641,5.199351729345799,2.2588303942594803e-06,12.87250492565448,3.937442854790829e-06,2.231148250950277
0.01422566661748951,9.886311055903432,0.46067069298298174,0.019948792305954557,0.01650281524669058,6.470226761355675,3.611795706504144e-06,16.274456545542503,2.328897783893868e-05,2.6204500052705884
0.017297084888592437,16.96244424328005,0.37295306892829205,0.014766281044522222,0.05628227470948239,7.118192227649362,2.658870355512058e-06,18.91955555899699,0.0002421001397447724,2.2877265052077456
0.01695475809418437,15.816151334795325,0.4747472555892823,0.0220402414667456,0.011591983913390037,5.649041482451865,2.2566569444029792e-05,13.899638344692855,0.00172617525627763,2.0469663498850537
0.023865299596894377,29.460220253113455,0.5402173343653895,0.03140957116620145,0.017879537405089088,5.073944496413849,1.165056007411021e-06,11.250785671750403,0.00018035639326496446,2.2638770794056757
0.008865769130829676,5.374118985703,0.5413110550673166,0.030517700993848713,0.015218835884057647,6.129576957660269,1.4250854821438994e-06,13.73584877609806,2.172099182272777e-05,2.310189041499706
0.006173735611549025,3.695615442023286,0.43318564925710623,0.020382242699620426,0.019315751780852493,7.133618791423127,0.0005221677263328075,15.791572107762862,2.361059742804256e-06,2.49657443886308
0.017905448289788465,16.922772414321948,0.5540023015845428,0.033846213860106854,0.014471842816834514,4.841779140243424,0.00028500798481092345,11.327242210912095,0.00011855725891384862,2.120127791899775
0.03765775176868628,46.926841393935625,0.5536665589312171,0.030105839241665246,0.02740343209132157,4.720448327493104,3.475183013365281e-05,10.999845435442673,1.0176769827722352e-05,2.232128507210618
0.018514869681477555,21.54720611906422,0.6189522362147876,0.03689121363299013,0.018067166982625164,5.4849270058292685,0.001728911116104107,9.92631801243773,9.19637994771406e-06,1.9379480578179706
0.025401000804027636,27.23763032983791,0.3901552819927465,0.019453966893915434,0.023009994174368224,6.0596351712381535,9.058251197998021e-06,13.15283115142797,1.3331620512173083e-06,2.24777006268092
0.010557264635610918,8.591168478749891,0.5874837394768433,0.027785929737405398,0.013530398518256997,5.126455310308412,9.831009699159164e-06,11.525605736181799,2.6000572358937834e-05,2.0128101402533995
0.014368647650029178,14.97873648375618,0.5172764179469144,0.024310538561610435,0.034381144944760335,5.863198408237591,1.2667599902827959e-05,14.039381391702342,0.00021099151176046002,1.9740532899956984
0.01790728854684426,17.313281470306325,0.6522303724465863,0.03672952204121063,0.015087348750468433,4.538631706311614,0.00011096856168948128,11.586470585653021,0.0008443874389263435,2.0228677352569577
0.012812974002152339,9.15170650469361,0.5912310542938408,0.029817801462311354,0.012276526710272231,4.887178426927642,0.0007353756778229175,13.372212865003611,3.405529555674708e-05,2.1321375762895047
0.012511137401637975,14.822761014047645,0.45540531916987437,0.024684534321741825,0.11928632547967152,6.992014891802224,0.0036270015195732567,15.709892873843872,0.00012867753293609275,2.3024550272115523
0.016490949233945045,12.225975170017865,0.4703180640288964,0.020534613268955896,0.014891926899030381,6.315954396229183,0.00016349196233210038,16.678952254928646,0.0007527539765928947,2.5387256671905467
0.02005288096418375,17.333163445426603,0.5607378844676427,0.03170006603109001,0.014181203973682367,4.730055722009123,0.0015347785788411244,13.506311261427259,0.0028929807975160917,2.2962661577303263
0.019268634596043624,20.389954747978607,0.5100439165857572,0.018531697218755906,0.01662931279047189,4.74318443823454,6.140933501934992e-05,12.038403491375934,0.00042094914100871273,2.156272627834171
0.015585008967798072,18.582659132604725,0.5012170094356793,0.018676532314776173,0.03549406118410978,6.41874243550888,0.003850889033578965,12.47885827597307,0.00045721395590508793,2.255847839988887
0.02261070688962496,22.541230998009546,0.44827269038630696,0.023733296942909283,0.017114524373767422,5.462085148780663,4.3926562106850875e-06,13.510998118662465,7.234119362015222e-06,2.260400103332545
0.03543534955598447,37.98192208944747,0.4212902657406343,0.016729044380873196,0.010149919040731878,5.424388537470953,1.5482595881465605e-05,13.214237015862585,8.25165739107655e-06,2.410462491958218
0.03820003908087368,39.54820534031897,0.4920934447910692,0.02306805486784039,0.010309445360329938,4.892922872023272,2.5894697613184846e-05,10.934362825210805,2.2491145500480393e-06,2.117557209111295
0.05041834823420434,56.85143974078275,0.5845514949781664,0.03346217415724931,0.014194718056213054,4.3553998097219235,5.803045795028907e-06,9.73236518206536,1.2476034999154141e-06,2.409960499566468
0.022167908232905223,17.49869480513993,0.5867329344854885,0.030327507394065478,0.01869669334724437,4.997492737016539,5.7507691699256075e-06,11.40522829151297,4.221951444894101e-06,2.3841487634877176
0.021954432372430888,16.30197652719663,0.47694387132223226,0.02095916293145134,0.014493827684436557,6.013183467863968,4.200374184470919e-05,13.722674262634614,2.342581509770188e-06,2.3385113513569267
0.043682606118374066,67.29303064008585,0.4506572792176306,0.028230561056230816,0.17274801122512473,5.9024228325026415,0.00015225895247742902,15.850319985501775,1.8177097798849355e-06,2.1752562779239155
0.044704169054587364,64.20082278404654,0.45774655421963795,0.02040738459188383,0.08268504020042002,5.420536826411697,0.0010575038027734083,12.691649382774843,5.32432288429026e-06,2.3590230241301446
0.023674792247998993,22.489192918208747,0.6036071659739842,0.027146904784111046,0.042659745587814824,4.30185363353032,0.000369733243793655,10.906945708086669,6.312325025523908e-06,2.309496015545933
0.026811108218634513,34.234334664255464,0.5100627040799178,0.028909431664276213,0.023495156062101584,4.841010838277545,5.758355530615215e-05,12.252311658739833,0.0010801966742662497,1.9855408792411582
0.017529439673937143,21.99429110066674,0.39771695275529756,0.020307738746451903,0.037721660175362784,5.870873130446093,0.00014187198047014503,15.2950099837617,0.0007188060487542216,2.1259297680284295
0.012078964433473782,10.17401107410333,0.37643343533963947,0.013624935819830408,0.03655085499992797,6.336258781044904,1.3250163238952821e-06,16.450362997395636,0.0004152274504842312,2.33487072057354
0.02978422412806408,36.597804751510466,0.4476799077808054,0.02207041701951376,0.11308322946133574,6.045224540628443,6.081699384677204e-06,15.0903408998234,9.156380723432343e-05,2.2676298063087623
0.014256668700769888,13.419189140348031,0.523012418831921,0.021173336106458173,0.04701378652878804,5.291996676224221,5.608384810364646e-06,13.87869572023211,8.42512065387663e-06,2.243563966418352
0.009662948731165242,7.233895682370564,0.6668116115716913,0.04539016304427239,0.02070520986315367,5.592836048130546,1.2555495204114024e-05,13.158902906776104,2.6457402388674865e-05,2.072841490862079
0.02635000010606096,28.12075835465532,0.46408277498445505,0.02652066650682704,0.012117709877756566,5.515815929052166,2.2676811696886874e-06,12.165447086151843,0.0016331011050602087,2.0969012248334473
0.010231021623198186,4.870385945671861,0.45155590850527266,0.022553542109118783,0.01026330291298217,6.357866808329008,0.0001198118280620798,16.680418733632294,1.0825586321350502e-06,2.5681223283941494
0.008508298201877595,5.8309678422495335,0.38094452953204744,0.017214075777388146,0.012246752613591566,7.165160960345497,0.00011574127000310902,17.859020617307877,1.0879047372309367e-05,2.1926844648515207
0.00853910659757655,6.1150790240825925,0.5156280747029097,0.026674375268623273,0.018290380429261902,6.27783028023825,2.9391101327541603e-06,16.192278130657474,4.531611607371372e-06,2.2395312523099293
0.009747003677630116,6.600434771443023,0.3189592147760465,0.010160938343450396,0.012438658251566335,6.885099824106357,0.0002663883516628326,17.759954295392678,3.0736800266522053e-06,2.0565100005859005
0.022811564840891377,19.70376924722703,0.47301607395387185,0.01899387988635645,0.015793852192294247,5.352137183431164,6.904793744386116e-06,11.454488598674644,0.0005647708007020108,2.0457997663894325
0.010964874959256713,8.545804109572305,0.4386730377732244,0.02096485870069812,0.03634870195445158,6.609781904158396,1.7539437943205176e-06,16.3809045938387,6.235997085387771e-06,2.3536526626037126
0.012104603034729683,13.118175424204871,0.35172785910622617,0.013841057470596668,0.02693155278762522,6.9053708475780065,3.9711807528933816e-06,18.70354318604303,0.0013172532082484957,2.6246983487035225
0.015518395207614628,15.989147093853688,0.4360187301427938,0.020605027839285403,0.037887874118214634,6.476477071240446,3.294330568319152e-05,14.887761071287592,0.00017945746505051597,2.182305760372958
0.016157399318159505,11.747464445654101,0.5133851178243493,0.020072550177047573,0.014506119447094418,5.449837686570437,7.331575532629664e-06,11.830420368843138,1.261909240018295e-06,2.241389413747117
0.024894197840730447,25.67227765897789,0.5535729121771626,0.021730376720218395,0.010906033823641846,4.248986692089783,3.008636961007826e-06,10.60019821528786,4.277636342018324e-06,2.0930250743456034
0.0325426946441518,28.671355625901228,0.5888743079304418,0.026655064195761736,0.011523599851530635,4.436386806874274,0.0005151203201291392,10.766236600425708,1.1040161769585325e-05,2.210782633122804
0.055168373157752165,58.35222562472537,0.5202839812660793,0.0239644601961479,0.03513098298215036,4.305645090133458,0.0001406671013245674,11.249215430232331,0.0005796278741083956,2.196276530030296
0.019913765462462384,19.24542319327352,0.3177996813342068,0.010429227440899,0.029782471547029354,7.816095537078324,0.00012295166886338617,15.48141125336067,1.8525148531542984e-05,2.14728172629331
0.01830143786457726,15.712202145677189,0.3843259426124725,0.015060615485714983,0.018552248314990274,6.250268032435886,6.823420349602268e-06,13.58921832846071,1.3329519961714432e-06,2.156287700491195
0.005473885731480498,1.9922010242832209,0.2982130842078828,0.008532735019579355,0.027065700462050264,9.576990845574683,7.133607676469497e-05,24.66234067695697,1.2874885616049241e-06,2.43660505606174
0.05144660560120238,63.29768682788853,0.677405868039396,0.03902998586564251,0.06871996201410066,3.9303631063333766,1.0264747072185678e-05,8.941658866958601,4.413342692152549e-05,2.5065832719200833
0.059138584277421885,63.11227396428768,0.41034723126376144,0.017962384550690526,0.021228212530180736,4.580965230497146,9.255947803964786e-05,11.731787251844237,0.00021021956850185986,1.9483829543975886
0.030229395525408383,34.380923356032795,0.368385858220846,0.02000071052471088,0.012831855042662065,5.796462142402816,0.0008364845621769439,14.365989238775358,0.00031911395487639566,2.084198216886208
0.012383903436457464,9.299102668752754,0.40513090914520555,0.02021698479220742,0.010363673264514848,7.1167331018150595,0.0018319310726112566,14.482691479352704,0.00017939752629637001,1.9481169722143896
0.013649195185556115,12.482770061897929,0.5167962417030986,0.02809881716496134,0.02155488923994409,5.658833223195325,2.234440591597618e-05,13.307491699430317,1.1448304128655226e-05,2.132563317463222
0.017369631655627746,15.842494071554787,0.6687706730346112,0.04573532790979225,0.05354550680877667,5.119485921270681,0.00048740108390092434,11.565596791462088,9.42517572233707e-05,2.2252630973339387
0.022697979374884318,24.31091260940723,0.49538944440614346,0.026131913903591025,0.01764266808515035,5.664122054879541,0.00018279473392707023,12.254059715289365,0.0011586753540003888,1.9355920228063026
0.01961291704187968,16.39155065858563,0.40999478532889944,0.017633486293873995,0.015362350378111766,5.693510542766195,2.219394351149923e-05,15.638244243137867,0.0005146817698947344,2.0552850343753506
0.014439824677016933,16.874490232306492,0.37875924321017596,0.018234304402398607,0.07079410795645419,7.316394379866849,1.3443625427015776e-05,15.853101031454768,1.935445066170536e-06,2.355960198603942
0.011561651815091974,8.204773250851979,0.3842750829625258,0.021272334245252128,0.0118013528310938,6.3586958188577505,3.0213185277676746e-06,15.392437667783588,0.00014515427665439808,2.3531036128893783
0.013552487961008011,13.802176343439164,0.41334752708219086,0.016469356556524987,0.05220301442275352,6.624875286164537,1.607229102089228e-06,16.524236358003858,0.0004563083669268214,2.6599203205917927
0.04690867692714706,67.4549428627596,0.5488959648136127,0.03129695305339371,0.05666349333025355,4.865917483788459,0.0022489848243490837,12.717606040044094,0.002760630258328467,2.6359947494056026
0.021223696594124646,32.316583341461104,0.4051995286139272,0.02750633288324262,0.100687543923922,6.696076269496582,8.995757955251577e-05,15.96503138405053,7.412202908390506e-05,2.6288233529543126
0.016821698482696046,14.391964199642208,0.49169377988355983,0.020217449224339646,0.01867206504175278,5.053307809523601,4.755029590188983e-05,13.137519870865127,1.498377565285605e-05,2.3999810561087336
0.01321734952297861,10.68712434930161,0.4733232455069553,0.025763405363346863,0.017466218661546334,6.692570876180391,1.9272452261299762e-06,13.439558079201145,0.00010274602446025612,2.212380702158618
0.004048744937819147,1.7589883418678505,0.6596354351494522,0.04318387912320139,0.02473489591762261,8.306980656438736,0.00015084833805854706,19.06032223336804,0.00205874615583969,2.385907260846621
0.022959811166120225,25.2388949142869,0.5617298370545549,0.034546127118640496,0.022922176867828794,5.099302029158904,5.4317589559052695e-05,10.830387265193133,0.0005239528636759577,2.144382297938095
0.01551424369684567,15.911101879226681,0.49711940814321043,0.024419891323824904,0.019929591925830617,5.795718187610266,0.0019133515600154344,11.765208582230414,0.00021916370298997133,2.191415824004909
0.019925334747764614,23.06157596609895,0.5736701452321239,0.028144732286927657,0.028318890445332152,5.123962378685551,0.00010161679695401192,10.689079464112687,1.9962059279879928e-05,2.1922019161004394
0.018375763440848982,13.070555016414778,0.4637944703826961,0.020314701927080746,0.01121897242160172,4.970180904548738,0.0003215522916360381,14.699880290225398,3.343337428562827e-05,2.6173210910002935
0.015875779517487195,10.345715532467707,0.4108759120880843,0.0219738734919021,0.01685960969857253,6.375120382988273,8.01081846936179e-06,15.27332911291129,1.981770257869254e-05,2.2755557473799444
0.014859271091513668,12.347550762973727,0.4243448986636504,0.016283079700831607,0.02221472859702661,5.757063641489569,0.00027742469392123175,14.934509808305066,0.00017635249475495934,2.0745856327047183
0.018824470839092576,17.106933125135324,0.3682746255171403,0.01054004752352289,0.02082429554645178,5.487070959896319,0.0004286305848395892,13.509785165375058,0.00033795022731475556,2.168358077429976
0.007328167260646877,4.20498557377929,0.5043178059619955,0.03490524733537042,0.01625177568652722,7.080203280317808,4.24868624208515e-06,18.567474346761582,0.00014387436990242013,2.184175857375068
0.012433606743911148,13.755888688719772,0.529282423893834,0.03180567240498724,0.10952973919972177,5.953052943910239,2.929319459009466e-05,14.880126716301756,0.000421713843740239,2.349053143150617
0.03432674111807677,38.22997904921812,0.6224213685946502,0.041609753226409446,0.012764676210643611,4.352733703882863,0.00014736922064474166,11.154709998226393,3.148199728851157e-05,2.190077587845578
0.019047783372679036,21.51804862498294,0.5030446337228625,0.027701360739064106,0.020405398997744535,5.65613850810961,0.0013720807755925285,12.829116650082659,0.0004821248850040651,2.38670850491828
0.01686151647332875,17.244672394356396,0.6150295352542551,0.031579364089636734,0.015611812060414678,4.6355302315552755,0.00040562286546976894,11.526172546664784,0.0001996259815994301,2.1717261305194
0.03354247581902179,36.47704840694879,0.5040875185609092,0.022964134878840286,0.017790584782411117,4.793412988120751,0.00012076929907765737,11.684629272001027,9.01554993659793e-05,2.0898870165672085
0.018614382063280605,14.572546824735273,0.4704633259177717,0.020110833925269026,0.017798388732674374,5.116057247953585,0.0005144805253476616,13.228279080648578,0.0008823970185509766,2.101858075821837
0.029140528715510452,34.38007302156317,0.47001129360237476,0.0203302620203126,0.021147914583783088,4.745718125368647,0.0009868441733115265,13.217609634137661,0.0023681996518755293,2.054357767510014
0.026567994432222727,23.836399771257497,0.42919761038055215,0.017083340333709875,0.011119796202927905,5.108021641758254,9.020968140524043e-06,13.906574288375094,0.00167125804720446,2.0519466866618643
0.011323793787431823,8.695575341834168,0.4138711287275802,0.01731183488791841,0.01201721790730821,6.190465662094678,2.1074381102004526e-05,15.01749393426032,0.0011285320606665777,2.3215289916640187
0.015400401916454759,15.609346297014044,0.5054963224925747,0.01983921584693204,0.023035581501666163,5.0690945392765,0.000464203507082373,12.452236965103552,0.00047953969748754116,2.2264618070099584
0.01839343240251221,19.12955840519569,0.4922548982662704,0.024605370204416038,0.015426458234741917,4.488362713247116,0.00026214739273283606,11.293246571857694,5.6269527762636124e-05,2.418058177528922
0.019157352588839348,15.30882620338291,0.43433720479160853,0.01714357678639827,0.010834234920110663,4.851625754522909,0.00018813736054692937,11.923967380670215,1.3921552130399419e-06,2.4144392756406603
0.020716865290342907,20.7546783980778,0.3962488454055667,0.016064155473273372,0.020743757531331,5.723407452459865,8.967972867592905e-05,12.75038346358137,2.242140625906917e-05,2.4935048768345256
0.022284693845448355,24.33415864424211,0.37702031149419885,0.015128518638459473,0.027476480605515736,5.591729103381151,2.520913701300976e-06,14.2793094910849,0.0020210056816871258,2.354432223259336
0.021377405527545523,24.193256153200686,0.5037634839081739,0.029108913650380475,0.018714976282704982,5.327832501505987,3.443533585747251e-05,13.817064427623247,0.0005698281950910516,2.4381769479886386
0.007652583467866227,5.607096072952109,0.47369087810562543,0.028344968087957383,0.0101420624495885,7.414335109481864,1.6416608239926455e-06,16.417306065992022,0.0047679337086114,2.1769443895391603
0.023202814680297112,26.132683555908454,0.3925736480376008,0.017415921534470018,0.013352419625612936,5.542499041081185,2.6705310775264446e-06,12.755269144876456,0.00031577993450271894,2.100597734437381
0.014442208251683214,9.99519565317871,0.46104549494763547,0.0175149773578283,0.010834598824866782,5.148534511583289,1.0822314492031444e-06,12.984483436932452,8.334070803592073e-05,2.271720325054537
0.01103358048246886,8.540353923581321,0.5708607423592977,0.02736370569928364,0.018185282128364632,5.387208088545481,1.7315534487105934e-05,11.19900025377525,2.847699876088359e-05,2.386397712443872
0.015343745698997331,7.2570456960072445,0.43517351594649384,0.020830358534470465,0.018939263458720216,6.106312600071593,2.847827786870068e-05,18.982680049104015,2.556733975854959e-06,2.5497086280075685
0.014112016143214853,14.324590210984388,0.42012184491523386,0.01593110107169076,0.022706141960355412,6.47134887333529,1.0238512648597276e-05,14.602808132375356,6.536821084077252e-05,2.0450571284720156
0.03618287213162557,42.03108004465564,0.5920439220697086,0.03219358044477199,0.011579113572337846,4.812407787817073,0.0009517951749663761,11.24458203405865,0.00019614280759094475,1.93367490011435
0.01984066414703336,24.992313552143305,0.3766782702091705,0.021892984899894368,0.015023814536897787,7.394867552350809,0.004070897130537965,15.147741475691815,8.702563350051114e-05,2.215844786503074
0.020517544888517064,21.98815179295952,0.5914092703709473,0.03221734436083366,0.01166029949886633,4.729091319092103,0.0002085114463579918,10.372617951065596,8.982282344645014e-06,2.175815866603459
0.016865812701253792,16.945059372641264,0.6075750322657196,0.03348737312754888,0.03144611297979156,4.688587817151139,0.0002704752996338232,12.348012149668662,1.3459113974746282e-06,2.022216064780596
0.017173708435816185,22.24919078694969,0.5491257214385833,0.032365326541783285,0.0760660233717211,5.6798752678543005,0.0006992312118597061,12.563120170123112,0.0008321628447643201,2.1386209932577502
0.019474864955134844,21.576209194339828,0.36661466103538703,0.021273813669109083,0.016640301397554482,6.1372439966040435,3.3462995912477698e-06,15.553997200874784,8.82746721636147e-05,2.1539705398740545
0.016618400661136956,14.884162367839734,0.5321173719041451,0.027454568836390605,0.016505014660182407,4.978742960531552,1.701378427576157e-06,10.052322985071942,5.56997396484149e-05,2.215545571778609
0.02783214219628168,33.16163613799005,0.5030682873287943,0.027691376404507164,0.02334485907878707,4.903480330056421,5.286245031025849e-05,10.4618638920853,8.456320250888473e-06,2.259349866752856
0.024376001433202562,31.653654624722947,0.5884369844795191,0.027416975520301524,0.07352228360732507,5.04168236301933,0.0014838917207781602,9.8909853973487,0.000166638524321248,2.2229668723534353
0.023412331408486767,25.27584851356209,0.4780657790361901,0.021659571022705833,0.01932660173984286,4.681778905363363,0.0009065976368437385,9.866035800522676,2.390892273504321e-06,2.0799527127479656
0.018434423077891518,19.048202703186636,0.47520229110042167,0.025940771446504085,0.015596437332873482,5.4512981827913505,9.82628742200164e-06,12.697713593513592,2.044565711760579e-05,2.0606738931565562
0.03156210154340294,39.87779969991099,0.4281036657561476,0.020082420217109372,0.01800566533946147,5.084977597379245,2.017957614969907e-05,11.519536731832739,0.0002285755374861803,2.330440760048227
0.021925067059806617,20.377602741874206,0.4234689660597032,0.014802655016324547,0.018162223986339963,4.957978135752508,1.079122248350461e-05,11.380825322417138,0.0009227499804501676,2.3241937905613703
0.026536814562271284,31.67971339630837,0.5831657797560108,0.029601369348968287,0.06456934635150054,4.954897945800105,4.635260030612571e-06,9.550868263875461,1.402534997961976e-06,2.214356868514397
0.020215365731035505,29.336519478395758,0.4697931460011464,0.024270294728161074,0.10818129097080866,5.940485816270467,5.691385578197459e-06,13.750721686049298,2.9412669028306514e-06,2.078253510438562
0.01574661647417004,22.35736911902263,0.4980942841322236,0.025593869624097775,0.17351488115799696,6.2619104469673115,2.1822708971113933e-06,15.336665109106082,3.4330051472371325e-06,2.331426556381339
0.020964622176770278,30.78999655519644,0.4525220176031411,0.024841579637392853,0.09522184097955777,6.1180189056992935,1.9042511801484055e-05,15.665850777066021,1.4066871475582716e-05,2.389821873936023
0.02840467033810833,27.991785759435317,0.5021875478308102,0.024077121202351226,0.02125288957508112,4.934295587536729,3.762090800717077e-05,13.20228988918054,5.1232171250848036e-05,2.1934472271517285
0.031010307763402738,36.109832752761164,0.4489605139515679,0.0306946639705153,0.015460029342616873,4.923082363940476,1.5840886923588637e-05,13.695924184577068,4.706018730322928e-05,2.245443435114293
0.019245266170169213,18.64198634448791,0.4609538829884688,0.021990972626403326,0.011694640287354405,5.339345211725123,2.9716698243986425e-05,13.431133360616236,2.4983110867310163e-05,2.2188869311959056
0.013438454935407781,13.305086730461143,0.6104478133938176,0.032181131216439965,0.031202557567923797,4.921288656578783,2.5743715111421766e-06,13.34749755197432,0.00316382263154082,2.3860595427049374
0.02638214791377873,28.998261035992396,0.6267019395002867,0.03692689054548937,0.024388171255914436,4.518969114556825,2.8860756408417928e-05,10.923605395383731,0.0001183368094078302,2.3208206417650565
0.04489063894655267,63.28219953879586,0.4572581562388252,0.027128453953273853,0.08050009280038575,6.143052146973674,1.261440851296633e-06,13.20569720796166,1.551569802611092e-05,2.0994287290224394
0.06659352120873906,77.91958806741037,0.5881219554656364,0.0339425366820236,0.014153757690085771,4.597187577044169,2.08809981669289e-06,11.381167726377404,9.19432673176e-05,2.2703330683879734
0.018414307726677712,18.8303457384682,0.4722664501230673,0.025194078022886406,0.011675735905963904,5.9633229540304695,0.00024239315481409428,13.232627600544644,4.4261301302210626e-06,2.4323520624058483
0.043084579893261594,52.44582136079084,0.5815701512327256,0.030741022002287864,0.05299600650921448,4.513266931967027,1.886757694591271e-05,11.300570250849454,1.2498976801370973e-06,2.6034223216239973
0.019823599971261513,24.559162806243776,0.44972833979641413,0.02484320704333989,0.03827903109401466,6.484621496151199,4.517465310553532e-06,14.96004563655485,1.039759187151421e-05,2.238154141490847
0.015404620732365412,14.502094615467936,0.5575904241170414,0.03128426421940683,0.04025818453229635,5.819269765073908,2.944204753930567e-06,12.819722580745859,5.106118949577388e-06,2.4803779460991193
0.03131671791118577,28.088147467919203,0.653278934119636,0.029022612116554162,0.026935977953253813,4.058757243345365,1.2912348855459104e-05,11.049484395804962,2.4238095923889695e-05,1.9418483216072346
0.014175770860882815,12.01554238285805,0.45373819770867296,0.018828782915365248,0.013662343288939054,5.593477240594819,0.0037458819137102264,14.12511089045504,4.419024001455127e-06,2.3457711799713223
0.011485637787941854,12.535215523289557,0.5464341563922694,0.02876213135812037,0.016678247368396522,6.218066080885001,0.0002069875841246414,12.7809392417463,1.512553327340359e-05,2.3406841314926927
0.012471462473492458,9.90742419288016,0.7969298571034006,0.04890832296610465,0.014360515340359556,4.74938700182946,0.0017523464065893875,10.128715105360596,1.94619780338706e-06,2.3943603149935453
0.015205723697333254,9.922644200286856,0.7553325974947167,0.04444354797722483,0.014889291758066605,3.949528010078534,0.00015187957641949742,10.5226260518553,2.65277729973199e-06,2.482265428420313
0.010598007896680377,7.457521335465587,0.5279577836031254,0.02715584723558786,0.010507106808428581,5.509040013658512,1.9780553270172654e-05,15.641383992976776,0.0015038742570973767,2.1314122783162666
0.013552642906803213,13.562596218353201,0.3951357778906465,0.02016559498374484,0.03492254682217936,6.3674593042008585,0.0009584569027177093,18.27671134623675,4.753839629453535e-05,2.727139013113792
0.027253219285829144,29.662402140893864,0.5316232367861136,0.02859628967070509,0.010691784555579212,4.686873079679819,4.3875992531569075e-05,12.150467146361418,0.0004621812404669786,2.5084889105055104
0.024427765237280914,31.040274159309657,0.45975318408531807,0.024886706072851577,0.07797414157793518,6.002756158985491,0.0014379574762284934,13.972141315319671,3.9179320215534324e-05,1.8926452246156207
0.016915051055452754,16.83645668353956,0.5009883662008082,0.023828794176298195,0.020088222294559054,5.76722982337298,0.00036694496093745153,13.85970963125575,1.296368004051936e-05,2.236139085803516
0.014381189080615593,13.915416684825706,0.5589915781492726,0.031973402167588046,0.016663635446447115,5.37569495976038,8.23751877858117e-06,12.607297321100335,0.002217188685506545,2.104351660152279
0.02173696028092979,20.128140112641457,0.4605586861072546,0.020442344912381026,0.025841191276165958,4.797021382955713,4.6934978060999574e-06,12.836453436629952,9.354197480543439e-06,2.23038583003448
0.025245164036111538,19.918690884221135,0.5383559296652399,0.026936999934395855,0.013483950902999491,4.400552881628588,0.0006818035109921973,11.762884827478489,0.00023376738422304814,2.302938011644319
0.013332899805723757,10.207486582521685,0.600806959761585,0.0366783396695061,0.013041196862701084,4.868492438203216,0.0011350223752773542,12.816838580042765,0.0001366340392587281,2.2177074320206485
0.01265756182287737,8.036507269691635,0.5804088100719957,0.027518721051827705,0.015430220125408234,5.423821481692704,2.0833530515300457e-05,13.97064977132067,5.5842198059275845e-06,2.3473260032893903
0.00868103818535899,4.154928218510255,0.45343448949806053,0.023757268217106386,0.014141063879633311,7.6906978556773735,2.0910152663766854e-06,19.52568590582478,0.00017604605916979693,2.333551205721347
0.016348285213938992,15.393402453200677,0.5261653178734008,0.027340101049286504,0.013785465783085387,5.593544102819999,1.0123230107124532e-05,13.731768726807625,0.004867752604673577,2.4246354212672085
0.0309183765246238,32.226727662497645,0.5550377605366628,0.025328131119252292,0.01689786224091324,4.36846746325455,9.5832441310222e-05,11.957313598121381,6.708313707644015e-05,2.537761523974342
0.014910979813858386,12.469412393177787,0.47657122491278264,0.025931095563915617,0.01917651892944195,5.5505023314078,3.472169635503651e-06,14.12125245159062,7.577172454779492e-05,2.377129159350447
0.02002413836316647,19.65869720623414,0.5707746710099205,0.03810578841994224,0.015079065547136094,4.818003128137024,0.000499857882128437,10.456463360782678,7.116058510593404e-05,2.280787096019506
0.015786315133270244,14.099190272438413,0.3994735976580255,0.01861780542918851,0.02577721342521264,6.680726054338826,3.5384054689139575e-05,14.90100058026891,1.2130622503762473e-05,2.6554852711921866
0.0061301537431421565,4.531040750830168,0.3760386763027883,0.01815052765254834,0.04790881027630135,9.172018120807527,0.002954364044831611,17.13588011088336,2.389108343822976e-06,2.2857318959799398
0.008561086692692725,5.564384006475591,0.4382551608529505,0.023737340680834343,0.012759251934632327,6.823102250325004,2.1127098215379304e-06,14.968985254600957,1.713863792013863e-05,2.2825390199872926
0.024134577577608826,24.81502227647577,0.5872039124795007,0.03576115702805375,0.016334094395234297,4.891978434994354,1.0159800767828972e-05,12.31446941032856,1.1664427121632198e-06,2.378029524795477
0.01408725557179982,16.66613825474225,0.43325957862256553,0.01970497495249786,0.042789052313321266,5.909023363769087,0.00011551653319486753,14.485070233972992,0.00011886947877906373,2.5873696422256214
0.02458626940953081,30.04464914274469,0.550585543146031,0.02657712240332658,0.0458540335693792,4.518138016190618,0.0016282017600097605,11.904204807263167,0.00041374194138278327,2.2298537018935884
0.025848396397449628,31.06361071508691,0.671063183440242,0.04644609956083831,0.02302779414620435,4.272663242927235,0.00019441807899763392,10.786459948295787,6.77971304464384e-06,2.1591477286620453
0.02195743401398638,29.488066328524503,0.6191944779459748,0.03372466785585432,0.10165036784739263,4.738528309001288,1.1452725220810835e-05,12.062873752264435,4.099757353122539e-05,2.5338368953734203
0.03257779895392001,50.24471948677143,0.48260323288167883,0.02160482914253982,0.026905288807161285,5.325231303402832,2.3600749296026e-06,10.531741348115062,1.0445140602759891e-05,2.7338649500181402
0.04962860198883937,65.94079945953634,0.5141586418066946,0.022711046719056514,0.02326998190347569,5.048303743461091,1.578190382734146e-05,10.546609191940856,1.5199601678001399e-05,2.1400296923171997
0.021380196623321274,19.664896305572633,0.5347807762688747,0.02489274217194168,0.011805338655480647,5.348599292595518,0.008791170035560314,10.634856124411582,0.00012411086093925617,2.5263048496350238
0.008480122565656098,5.790834058818669,0.49582579997017673,0.02975086067655929,0.025347534893989474,7.37818712317167,0.0006418966069111477,16.575770380859378,0.0007450621260250642,2.2894283768503727
0.016235112286845887,15.54733497313776,0.6263888545982542,0.038990176443984184,0.06963168888873858,4.801354756638223,0.00017742554771453566,13.66656018781772,0.000214352250212367,2.308922408587659
0.007718366914452305,4.979680485738289,0.4190456921746225,0.020088479392495875,0.05289818141867268,6.811360100342388,0.0004964961189014193,16.255744230874843,4.336102608064059e-06,2.365805148006139
0.01827049253422531,11.28164226126482,0.6614600737228471,0.04401492307279206,0.022457484930648922,4.318237654456816,0.0009477034669617004,13.478331725611243,3.273525993455432e-06,2.3299170937451867
0.014712423966642739,10.67791669305545,0.6333087179422179,0.032526255676371366,0.029744714424417937,4.484921712554551,0.0002844625142751312,13.153389954421641,8.633464139216585e-06,2.1759503144731567
0.07008848610865238,86.44028756131675,0.5285104131909255,0.029851876341438134,0.12442496554861074,4.327792621714605,1.963311886590118e-06,13.089613684766102,5.213582603308416e-06,2.207697312920599
0.015943883837795804,25.573578199190028,0.4206370224046615,0.026252818086075207,0.11523787576224766,6.46149402799838,2.2525841200616096e-06,15.554659678203752,0.001789611673240515,2.203375512127637
0.03251610404255642,36.59847382565149,0.5178360720969312,0.029003396925916178,0.04007817186323987,4.60774090300769,1.1318318932644804e-06,12.642466156660317,0.00023960595405598463,2.5941837628652205
0.03161561519141778,28.684269102491307,0.6139569672227811,0.03692849683694131,0.010211762446671985,3.7827915460172488,1.3312825923232793e-05,12.188091898531095,0.0031482496001305985,2.236301474051546
0.024241974064862604,25.65286683122199,0.5080802890771056,0.021098084764945617,0.051798491462147496,5.016625534111001,3.9700266903802204e-05,16.01721426979951,0.002225052719194893,2.224377127928392
0.0312263585495509,45.968051498005195,0.3812406199925058,0.02349972314472528,0.02164998178688798,6.398484683587002,1.9476070679065947e-06,13.667388888417706,7.229922569569544e-05,2.4362555531423187
0.010449958413366767,11.42594356394965,0.6363990798624571,0.03864332978683788,0.01747895016306425,5.490520507740552,3.936230347594807e-05,14.801560107997993,0.00515167467405684,2.1459552340259673
0.012689291592664624,9.774597622890566,0.49846899964890995,0.027213278082189176,0.03723636804689922,5.873053121128029,0.00010605413983453249,14.553697850424014,7.742382636525991e-06,2.0539014544676957
0.019300280379048705,15.334606789738116,0.6667549229950354,0.043536244637525985,0.0170574862418887,4.69953832930627,1.4805278817273555e-06,11.726583456771323,4.535363665855554e-06,2.231218064036242
0.011045668884380773,8.151079844390033,0.5666481472913181,0.031130631285063468,0.02546271339160508,4.887284580279449,3.401072237656718e-06,12.874714146153869,1.8298115951753617e-05,2.3169093091490107
0.008305455584318562,4.526530724116263,0.4825655830309435,0.0230153340029653,0.021150188093205458,6.638638047638992,0.0005857208084967683,14.964993110102474,1.1310795068535965e-05,2.482618385969607
0.020476804731284198,15.195226257771083,0.4632098211961135,0.021804175252403815,0.010467276414071256,5.0168243854973715,9.23923283400688e-06,11.37134171751333,0.0001281764913545744,2.5414688283400935
0.011383737071713047,7.675497511476439,0.4474623488624827,0.026350709172855504,0.018406970868519685,6.79939232047068,1.3310578489337462e-05,16.692608521633222,0.0029540467765910437,2.4176559376417606
0.008994253358695482,7.062698572242137,0.3327336749318126,0.014717339811272993,0.011159544931655852,6.996150646259535,0.00017248314207522078,20.5044115555911,0.002910181726687898,2.061847971587533
0.043841843836596235,43.87627935438624,0.46054033198616573,0.017209283647718288,0.022454639545523097,4.821904410038718,1.0333301386819282e-05,11.235717115714142,8.70206448197375e-06,2.0962200187126014
0.03456390280602768,45.818827831693646,0.5309374447592776,0.03509081872149499,0.012091104849763223,4.5824971184137535,0.00016529425954827832,12.642722738914012,2.6275541863800722e-06,1.97360708697142
0.0125248569575394,12.16355754721929,0.4889776691589237,0.02555365303939054,0.01225313554625512,6.0815173959817015,0.00031088068568760205,14.175985295228708,7.930959396592258e-05,2.4701627390519643
0.013032604672608068,12.566642631226804,0.506416865991346,0.024902413967704675,0.02404257318126332,6.261728391747169,0.00243603785837828,12.624982368341016,1.0393229977407464e-05,2.3582376878956475
0.005883946057318648,4.875648205063179,0.47886462877489755,0.02517433313465212,0.3419419424720118,7.840559983693945,0.0024529219325929662,20.34845911797858,0.005760789673263682,2.1618228170849183
0.008444000624171473,7.738641214183585,0.29477387109277026,0.007388042410048222,0.01858097245012148,9.553490898733834,0.0003982327622558762,18.486277716787104,0.0002743133293570185,2.2930448416818163
0.01917209873992315,20.805126731965856,0.4614002343808413,0.022949866894108634,0.017332545233161363,6.103835910624757,0.003033232835213437,13.334986954049254,5.8899192013976726e-05,2.240779131944017
0.009635330949171277,7.201809398532981,0.48850195882712666,0.019846060926126216,0.010467255927759975,6.435140676520701,1.2198916000610437e-06,14.724448196181,5.1658771742802895e-06,2.343392383282072
0.020861602618321727,18.646781707586502,0.5024143480746227,0.02525190529284483,0.012061761133201633,5.432058659326141,0.00010499730638218724,13.272522764522861,3.1970607085249513e-06,2.242351591899299
0.03394203770389323,34.209875582484315,0.4656295024798319,0.022086233864431693,0.02177802585851651,4.794185960978026,1.8261243646397857e-05,11.32943008930197,0.00013455351993438513,2.2879190853769176
0.017235368609774992,20.307150862472977,0.5195441222765973,0.024562426008145125,0.0635163965808389,5.704261344134622,0.0008314745850771044,10.133948842058702,3.2333504295738005e-05,2.5806856701244625
0.03655943142755027,38.23199884100571,0.4819894393670001,0.0254751656579819,0.014743050467703857,5.144560272223096,0.00020832091951102793,10.874639723607482,1.0031829196302436e-05,2.2517752881840427
0.027785829377448838,34.58501629527717,0.49755676932394705,0.023743693050982145,0.05080370048656357,5.747958246351448,0.000726578813151802,11.263386314093708,9.726827794250845e-05,2.4842559206602957
0.04316749829885459,51.52374301898802,0.47359343965957934,0.01930507355526622,0.01179655404861062,4.897275565862271,0.00040154356914539095,9.985963934182475,0.000840893475385295,2.2027497833313476
0.01614202897155733,14.092102661797844,0.46238494967509386,0.02463647024193669,0.016472757155575335,5.739712488132237,0.00027891117040420893,15.032055077195496,0.0002370473258875783,2.325157038157217
0.007661758228585379,6.7402365142447795,0.28381989588275996,0.007135574724939664,0.042328242186101886,9.018503710153077,4.847728517464415e-05,20.005618587824422,0.0013920952133322233,2.0801396556634897
0.027882299561283255,32.07339868928484,0.3943721566898901,0.013888259580740093,0.02893832320300905,6.055724743883293,7.57519015962057e-06,14.253149288286656,0.00011409731749491461,2.2260568291524856
0.021051720544631537,21.007386974785092,0.3362521864481463,0.00882215121153446,0.027621766111474884,5.484913670266474,2.848548489978078e-06,15.172761654936343,1.3291480295503395e-06,2.396659424167776
0.0200755771234337,21.288274353718368,0.42037040891526023,0.01702375436236188,0.011498546620665653,5.263411815332336,0.00040410939876848795,11.658277523743049,6.543782422388599e-06,2.1851881304403338
0.020123436127756363,19.733410223600636,0.520547822202344,0.029510534513568568,0.021290472676865103,5.751360093069285,0.0021791485687540236,13.181106282630168,0.00011720114934562347,2.037882990464316
0.029443897703724253,31.085803347840724,0.5522310879058081,0.03287322984010861,0.012880226433504114,4.3749909464897705,1.1945148237836147e-05,10.926444349629094,1.6347519943836351e-06,2.02913934024992
0.028330833545204118,37.0528100533389,0.6064951655058721,0.03076581395835398,0.028890750712823682,4.495459794703363,1.2954837661341968e-06,10.079353364670371,1.0519116638328861e-06,2.1467798115383223
0.02774010279297049,23.895160835082184,0.6857418051445787,0.045841857407087704,0.014194443315040993,3.6921228700270827,2.1552919386203522e-06,11.118491975488965,7.300204558444588e-06,2.4210801753964066
0.02277073076178834,20.814283100748455,0.5863169693501131,0.03112822315524377,0.01146005272904234,4.239068463981649,1.2611311105118964e-06,10.435890428784258,1.7452541126131494e-06,2.2779376789031835
0.011681656613599134,13.91155850106802,0.4285744149102125,0.01652560660342224,0.036006237112747946,6.080644636530465,1.223979913377082e-05,12.371706233348487,1.5950610978606551e-06,2.2739728027131467
0.023902386636672792,26.16819525140379,0.43207809787653295,0.01741709200946907,0.02393819278533392,4.800663621300596,1.3766062657312225e-05,12.226343244869762,0.00027400058530907377,2.13559240688288
0.02070900667018454,24.21388420698415,0.5824075613942891,0.028290114148763902,0.053126317798079324,5.062847012109409,1.9728232232647983e-05,11.338965525489861,3.898724171258235e-06,2.09144817096756
0.02550273039615803,34.06196702677495,0.5079274899640028,0.022090186732862022,0.016411918701056957,4.9756985669270035,6.7541734442999745e-06,10.760884356201716,1.7942691669907716e-06,2.3435748292340537
0.03923912067211123,58.42369425952374,0.46702456423410404,0.0149069165604498,0.03789555101647191,5.0540557479852115,0.002065819370595924,12.942684618326297,0.0015417917406702615,2.3381914844145113
0.025674249540745025,29.80773089214044,0.5710386052076516,0.021453606321728796,0.011269191194639698,5.24143501313199,5.820261144577872e-05,10.012093740692494,0.0002794793761261182,2.3969525344345315
0.025430844676003057,44.696441892768405,0.6947008105912287,0.0367824822615138,0.09785690597824015,5.368526056000848,0.004074571470134188,9.41116827249356,7.597934487671298e-06,2.399015301047316
0.01335948333209644,13.180225943704404,0.5210517802616212,0.03276157147174268,0.026546355199398533,6.981148061274598,0.004168869540015355,14.271410740550342,3.256008875860139e-05,2.15724338991951
0.009186216247967447,7.537767643344839,0.46565788141664005,0.023382077158242726,0.013391818184305742,7.445165975698214,0.0032189167239794246,14.068820381655222,3.8748920402497316e-05,2.2117238854725625
0.012486530565040059,11.253959790179886,0.49867171978481145,0.02384961336478042,0.011055976445297974,6.122629805153876,0.00023313806102131582,12.149051064770088,0.0004373982435633477,2.2868063480176253
0.017603998869717224,18.290358811833787,0.5264015720526822,0.03219342791338061,0.010544286564649253,5.037926340220716,0.000381987619224271,11.104522241079806,3.303624553240489e-06,2.1518016014802437
0.052253349716054824,60.87527304182592,0.49805276554862965,0.020009190753354028,0.010670659738989294,4.1538797946766035,3.5323197098205986e-06,9.236913572305165,0.0002472512323425955,2.4571957811433287
0.035219084212937644,40.624307081585656,0.5222660204591133,0.02418782096328801,0.02778628596971355,4.748197715178106,1.9981638743940353e-06,11.34529085370752,0.00035022639540647983,2.206385049964023
0.04376918146183241,51.692862367140116,0.5622323403214766,0.027896838830970452,0.030353062041185395,4.381786205689585,1.6477605802813908e-06,11.465832559454698,0.00032532920207311016,2.163187486924717
0.032491742125854824,35.423746370162,0.49336258988376047,0.020801930518529806,0.031319351251632474,5.3628569428205655,0.0007841880068252834,12.860480476439752,0.0004264151141437221,2.1376118058105718
0.00804973969386628,5.884455198882807,0.5597815357865265,0.03338776673926666,0.1421632842029159,7.48992056698157,5.164854337801631e-05,16.73801196826207,5.811848699521238e-06,2.2687419866905185
0.009339036846190299,7.049657004037399,0.4140682803834577,0.019976639701876915,0.06884849079843253,6.588714321649735,7.039763324644883e-05,15.970509667664047,6.915904453820538e-06,1.9650137403777004
0.012082283394345705,10.288651364009,0.32268204232937026,0.006889288768839247,0.013147894489258589,6.962739995495367,3.4216174723498825e-05,18.011629956069637,7.942376412921695e-06,2.065500540234775
0.018380649982935867,21.141735343786717,0.44482906469059086,0.02397789120915575,0.014083977318572884,6.0255764717074465,1.0730800766308502e-05,12.808363599892616,7.827431357778653e-05,2.0573093290849576
0.024262418806726114,23.46135480965252,0.4286937859639771,0.014840959495970708,0.019350984432261506,5.416744840171166,1.0391485800500721e-06,13.088463611582696,0.00018382576232664325,2.3594079889756134
0.018403703571441218,21.438652427048726,0.3968113192914437,0.017031399760809876,0.013535822454759842,5.847515640050949,7.03334044704522e-05,12.836955904638828,1.7288012600167513e-06,2.373058467992001
0.01576162315274053,11.79545492374989,0.4136958837552887,0.026170999547848215,0.013381000860531716,6.173784410093442,2.7424869884968727e-06,15.80471926628115,2.5657311035120943e-05,2.358570643980063
0.016324960202146965,13.637764347538049,0.4657893158975259,0.029747032239577767,0.013707186375216987,5.9116207794159825,8.932587794755128e-06,15.250037954690907,1.2139793323431459e-06,2.182605986396046
0.019459157286135544,18.390119426287765,0.4717891559920162,0.02892547020802864,0.01157302351161824,5.444514640138078,0.0004544046933609536,13.281755823619003,1.912625293277775e-05,2.0185257555628464
0.05702530420857442,58.88043904178992,0.5549841469626615,0.028799415343737148,0.011850717262814541,4.112225668746438,0.00014219604138109677,11.602461856730146,0.00032793889947039227,1.9837345550530143
0.05063813078482633,57.99104197720656,0.6444338933859456,0.0343109160415713,0.0266139895147821,3.9418140696751327,0.00019261361088005193,10.557821246662051,2.604349343777075e-06,2.16512615132389
0.04214758267733276,59.59623406948731,0.5030432746171981,0.022884459982594016,0.15271517410864513,5.290551955946259,0.00041817575282790886,12.694088809725177,4.492247198747385e-06,2.4728888822378545
0.03389444158547548,28.167553867042493,0.4942425947302818,0.022557262538891367,0.06388766434017475,4.679061513713623,0.0001243403127561667,13.217738196887002,2.655697699876204e-05,2.510485969721596
0.01874444152934954,17.884246836426218,0.38867750523975575,0.017938232928964893,0.018863688132215818,6.1318421107484,2.3292604574527983e-06,14.733613059025632,3.1822862040734e-06,2.3874946676914623
0.021371027518817684,23.1078813611072,0.4284972457706894,0.01751915413572236,0.015729866446641472,5.718484656852614,2.6184148557782773e-05,13.028913984417965,3.581333332951152e-06,2.5005133804777264
0.03104238829095537,42.52278609268138,0.3951054197495304,0.01674651816927363,0.010832850618638994,5.6237453584190416,1.1881463215474487e-05,12.49504301177884,1.7448453715030655e-06,2.277882075234876
0.02360876533215848,28.29747983026008,0.44470881095993087,0.023366037676953645,0.012637851356908125,5.235243955024537,3.789191727638881e-05,12.287570678691797,0.0005593805679958981,1.9339908125132557
0.014945972365940694,14.675179775615526,0.4289747867109882,0.021020486613012278,0.011857628761277675,5.70653369122969,2.664450884785779e-06,15.041195959218813,4.867301809561673e-05,2.004415047144782
0.02474502147583423,29.585156502592124,0.4195838915389526,0.016988141437390546,0.03468648821890923,5.354045749940646,1.8786657708272713e-06,13.771508150077436,7.895992747318547e-05,2.149627574629426
0.05794122932297035,96.37343356752771,0.3992654828923804,0.020365668030837763,0.1940235740593023,7.216883515504752,1.4484190266223994e-05,15.499877487672451,0.00026180608261479793,2.142402911140794
0.04681140395558478,50.096222238600525,0.4329228969768635,0.019224531903945588,0.03626738504251766,5.31472087098742,0.00017202399841316832,14.681449133386767,0.0008597742791471009,2.308430711866417
0.021223737387135785,18.818246474921928,0.46698915483539855,0.028317100712954617,0.03226487749656513,4.859341652812712,2.206917727371315e-06,13.053779065770142,1.1555301395711466e-06,2.219673212342815
0.0621486563692414,84.47361479444669,0.5051213085430001,0.024880445574162816,0.016283382218333933,4.676617249023943,0.00023248448093845205,11.267210966975165,0.0012405969688373832,1.9041691004124
0.015062395479301067,16.921355634425183,0.534160923347155,0.028975321457503707,0.030657074798655228,5.6728778247418985,0.0008588442380557024,12.774909898568476,0.00012308999598618328,2.1079358257436414
0.019323176023295877,18.86062969185363,0.5790177983955259,0.034042014421983055,0.06256751673599173,5.410286358945406,1.9156106788038867e-06,12.664847206489787,5.609060608840709e-06,2.0869995433143607
0.013305568492654324,11.237828958211239,0.5410047436755372,0.02342542405073971,0.029811846498043842,6.042264066348643,0.0005439514957272157,13.831164719324153,0.0006567649454556211,2.473091323256872
0.050712297737580785,87.4095715258218,0.32816024871164434,0.012239131664288512,0.034184012699928226,6.736665274577,9.909119562215873e-05,14.891293161423166,0.0007525458395920809,2.2999544002669117
0.02650727713061791,32.68670392267787,0.4596693291599364,0.020657910534455346,0.03375991477670374,5.186582377540012,0.00016354722906637473,11.54780550629292,0.00015001506786025133,2.225622362304904
0.029652321340024268,57.8948887127662,0.3366550639095011,0.016084552259186813,0.12007396105712152,7.012056958894987,0.000984013076276834,15.803037437867397,0.0008526976964464667,2.429313709096498
0.0383207079604796,50.94639523455213,0.3478203726350473,0.01048310811888122,0.244160744674309,6.207850592054712,5.747033622708285e-06,18.22353530248264,0.0005554683636303862,2.1786152502438214
0.014045490314763313,16.159165480197284,0.451057999976907,0.024353676648738724,0.04938562087547752,6.416119298290617,7.719634048596345e-05,14.360888393766013,0.0004999561252066033,2.0502990312820826
0.019135195820702413,23.777778391642784,0.5987867540799968,0.030350848250507698,0.013857343377619877,5.226579072779931,0.00034417366043836613,10.2947275745761,2.4928231115854948e-06,2.1523652166087457
0.028052447084579404,27.569050254466614,0.6460271682036616,0.031384613013644036,0.011548182665796984,4.170850553990447,5.947538885848696e-06,10.75893290776066,2.6425401456332485e-06,2.2606186123022334
0.015473544127085468,17.246391753562385,0.47704815729115696,0.021898124403636976,0.010761626830822562,5.939783839651517,0.004667719219994065,12.105035298604504,7.4278408598366826e-06,2.3152511563560876
0.01331160641539913,9.951355528541656,0.40776353223627476,0.01604662245987,0.016668103822867136,6.402224614192737,0.00033165628048567304,14.727435331925884,0.00014364780603246988,2.257378616023462
0.006145980929029728,2.813712641826679,0.4994374888185235,0.019768599007083883,0.011213339694295077,6.68609719122928,1.1915401848578503e-05,16.557207711199567,0.0017522261999245935,2.033981430295868
0.006802632618074583,4.924960580152641,0.41029963840990236,0.018821014545833282,0.017301049196758428,8.478803482990253,0.001273925846251521,15.864140474145978,0.0005950637325705166,2.380017787709271
0.026570614079700943,32.50083045803634,0.4249181104460417,0.01740347586657503,0.020651846966388127,5.514831094351796,2.1232847961149193e-05,12.7356787316444,0.001736681459639312,1.9928607528946571
0.012695390831894224,7.975609744272583,0.4518405820662315,0.01834350751659041,0.015876682680360375,5.9685507413814545,2.0204610594523802e-06,16.222496130925812,0.00046188186733014437,2.0424609493626282
0.00996307364050416,7.679963571641823,0.5572546793989747,0.02848270184614623,0.014450282582846046,5.782025962630373,3.476562704607817e-06,14.115271528639344,0.0030374411064090705,2.064667895092369
0.02856109576748952,26.50615788513743,0.7732084734165091,0.04793732709672615,0.03133969582441042,3.5774977940309443,0.001187841726351245,9.530819723757764,4.776069930290797e-05,2.329896035417525
0.019462687645185158,16.445434857384218,0.42160428790503357,0.021128538064975173,0.014074650890203873,5.360081257949938,0.00035415988558019267,14.189779018589038,0.00014754239427204241,2.2641456854711595
0.014402002536556992,14.947895179725728,0.3908913844785574,0.02586134333163149,0.011512883314588026,6.2535555239336755,1.4802895330973161e-06,16.264550453166382,0.0011865937028528745,2.1561050639079795
0.024640097461956723,26.782340667234497,0.46274125659046905,0.02080069785614249,0.02878367586871649,6.196675773887313,0.00515418253157707,13.71350238803396,4.294119010606369e-05,2.3321275106777453
0.04866090804119647,71.93850474605648,0.38398264711759206,0.017730010210685675,0.02970320655468217,6.090125945555586,0.000654364207075658,13.438640323245506,0.0001486630542852582,2.38674455119295
0.06083336989431742,74.00328280133319,0.511777427585636,0.02207974788176411,0.02784670311208576,5.111163738968291,0.00020619476115597208,10.764456851377169,7.96339768719323e-05,2.2902041661722072
0.014277714654262303,13.762533120313357,0.592104330946604,0.022102892941000023,0.01471148994565635,4.644206609189988,9.363178605090766e-06,11.772733117721838,0.008519362601616145,2.461559940210768
0.010572230108358118,10.558650271464007,0.55748280013734,0.035502258900826145,0.03384769548454645,5.560181215653637,2.237373557613616e-06,17.173521659856004,0.006982210972117384,2.4050057344245737
0.014906456119538971,14.601361810656098,0.411089991692358,0.02084683415691012,0.026262102365246173,6.353123755728668,3.4377295189067146e-05,14.269171728259016,4.041395906309222e-05,2.1554004512466487
0.017165899629605356,19.62224365902871,0.4213592647942876,0.01897877656988679,0.013512885575394758,5.423371915148606,0.0004606331242482393,11.739403282382083,1.538328682231388e-05,2.1863079422635368
0.022163174793878703,31.00159459540462,0.38008177001821375,0.012598029114169153,0.03348673237953408,6.317334338120982,9.442319556536971e-05,11.337422795748504,1.3952838287288776e-06,2.213366461874725
0.06467662251765356,86.42232793738371,0.34525063563026465,0.012725425110476191,0.034946754351089404,5.839177925880085,0.002932559606628216,13.213278593930564,8.938251911436607e-05,2.269053048719574
0.021200348828137087,21.081128456785855,0.5972431259865424,0.028808407924681523,0.07987893176859871,5.644824767521475,0.001904431946212966,13.620276345943084,0.00012388079651235243,2.2663960574918267
0.01259437428144412,19.15267186129444,0.4032382310250337,0.02753479355492797,0.14684858104953008,7.254474583013228,0.003069434650893861,15.164446773733948,2.3682546674695283e-05,2.3339392962431704
0.023481344655606824,26.65520568878189,0.42603618676810007,0.014720763869264084,0.02173792531724373,5.769912835354049,0.0006010419864401599,13.131771721557495,0.00019783922682206214,2.232468700166685
0.012098191180830538,14.494234794542807,0.31770681502802745,0.013242610519804373,0.03948295846318452,8.005097249072653,9.31867388646651e-06,20.159149433025664,0.0020088293026547465,2.6659469301381873
0.04146080871877298,42.62110698222447,0.5174042134278757,0.025582404407939564,0.014425445370512458,4.444478473439355,0.00011971035012676145,12.494589798170775,4.25829226539878e-06,2.057910093762488
0.02806057381796905,27.584500497179608,0.46980757066907,0.01985843798570408,0.013486294635901211,5.295456597628617,0.001259974521150451,11.748103678432054,4.639144003472773e-06,2.0599691706163354
0.022204554551267536,26.432342568126003,0.38527431391286576,0.015591290835869239,0.012495215274876435,6.154416932310696,0.0002274995105137478,11.213782404326448,4.667149380376151e-05,2.270161514738783
0.009271204792010166,10.671354331483776,0.4133284633626027,0.020385328869629904,0.04915281929902865,8.433418103921097,0.005685426387783459,15.127046775576352,3.9242638139058246e-05,2.182114652266983
0.02585075295502929,31.727374122546163,0.5226771782136839,0.03571976045729511,0.018334077221627318,5.673384723287051,0.0002076690942297566,10.591412275219652,1.1005008740066875e-05,2.2681826788529635
0.03201602342838701,42.92614774471664,0.5977195626710883,0.037164160073509755,0.05205043774938551,5.181133252869278,0.0005337304614039956,10.262289698488214,2.6263466100944137e-06,2.2138340596971258
0.008850426093907132,7.38842723641917,0.6249379442041761,0.03495914780171267,0.019991161329230688,6.218566849987153,0.00010797185003287995,12.328328985327083,8.814166895579993e-05,1.9036334695880854
0.02037341675611495,26.918198405470676,0.5587960826786902,0.03136596175825033,0.03139338952055951,6.208813486058526,0.005792919101525981,10.714757589077,9.599220795763387e-06,2.321975364153827
0.008274385768678644,5.992042207216934,0.39572795470625827,0.01673903410577415,0.01549093669707056,8.084938660251996,0.0005755114808902641,17.29597129268516,3.157226144241463e-06,2.2434819725941466
0.016038072098775946,14.565529190507037,0.5166213909064805,0.02266555218565583,0.01977891905555078,5.53725645581233,0.002292820277589878,12.110891611273876,3.097572182241638e-05,2.466251461095754
0.012763770260727317,10.208105710132166,0.5322771246627144,0.02642211473399988,0.04511116910284336,5.780997763618908,0.0005675419423113558,13.369403811854978,2.640481891654102e-05,2.095809642020933
0.01717008932661566,16.352178921088047,0.4875403790894658,0.01955554257916303,0.010843199850101366,4.896427118117015,0.0014429587209818867,11.435800549572749,0.0008109156630899699,2.267836883176515
0.01723365621236777,19.691698932011477,0.5434715608313551,0.024217899965114784,0.04376346613262338,4.927236664730178,0.0001326660583966983,11.96951606205701,0.0014853691319266274,2.1758510328672886
0.01564536669932135,12.355118318468417,0.4650567153322363,0.018697708627453007,0.011485864792054948,5.537262768475246,1.4514307560504107e-05,12.655791530181173,0.0006407109199043294,2.3518960111211547
0.02552184408661102,21.68894566738438,0.48781828480407075,0.019478672809841297,0.012500268017049154,4.839177135792853,0.0002294383503630981,12.316425236613977,0.00023458316554170297,2.2532674454770794
0.03680058762229899,50.418817399173065,0.3992418682151208,0.01683058522673071,0.019363865683165508,5.096802021608961,0.0012732380906111695,11.695907490222023,1.9028525365056188e-06,2.0063479489694536
0.011648644355049453,12.666630778926177,0.41056222267279047,0.022715487574457096,0.017094673704807075,6.958843162191546,0.0014410033066032558,14.015147570922636,3.1051126452390553e-06,2.0780087698749616
0.01939327085040949,25.932523168916067,0.41519753258229086,0.017919970756195194,0.02278238029081939,6.384147914551403,0.004363537718431091,15.288049084960223,0.00020227730755546035,2.097863416614514
0.01425421182862381,15.055329678519547,0.504590106699304,0.026146993379265158,0.03271662091809737,5.619938201987566,0.0001625620101529645,15.473756309350744,1.3462106865947848e-06,2.2475148026398784
0.02252677347319782,22.099205560904657,0.5064145860248028,0.022519576495290475,0.02216381413940464,4.920220915020641,4.671987282804591e-06,13.214509594716883,4.9987963376671545e-06,2.0186690313840407
0.032156514873662,34.94388926505421,0.5235639034317151,0.026239759997066698,0.03624594309731039,5.096357785535999,3.679515294766388e-06,12.339473522181356,3.170447547280002e-05,1.9917814057544805
0.06384285664270758,91.87639095797027,0.590323526208168,0.02683390502961466,0.10461952509789864,3.994489313596291,0.0005234210765280715,10.588805632989995,0.00016296650376378406,2.020516394287167
0.009677716690516635,9.06323610927859,0.5842979568662805,0.030634512585760536,0.1835480646678345,6.088267619267742,7.863828787572809e-06,13.874669617825868,7.616277997613054e-05,2.2091255699889327
0.01546276878435491,16.90761469970034,0.4561932946148582,0.019725490085460443,0.03062988615235732,5.964938991241465,4.450727991012016e-05,13.895885832779115,0.0020145366518352034,2.0673165534761466
0.02421991599545645,19.955207513165345,0.4629156104229217,0.01901279213274659,0.012850100090950018,5.216192852759951,0.00023436751981580566,13.030386545917626,0.003041662818802888,2.227472124069662
0.04212187146272077,42.538170098200474,0.44871968826920644,0.014636009963755763,0.01085222892780175,4.448239798370676,1.1983695916188443e-06,12.929484725256074,1.0184167553398742e-05,2.177724994163754
0.0285254416487067,27.815389964003533,0.5346081574844523,0.021632728100918347,0.016651922253590724,4.827119997553875,5.17298943200871e-06,12.186637272917718,0.000797154742692988,2.133820332804717
0.02727097869073081,29.494335041274475,0.507889135418634,0.027554019519461535,0.023981442508313043,4.999236479607086,7.2815277770049415e-06,14.273838029658604,6.338476034073206e-06,2.3967213789004544
0.03159590376379318,37.03995905865655,0.2932707322422518,0.007794655621953359,0.021267005633125613,6.696228888994762,4.750625667146322e-05,16.922592985313653,1.3572645574298156e-05,2.344110923544484
0.03184622900933397,39.1172721169839,0.33840844878218324,0.012246235650116776,0.018461405734272095,5.882103422409809,0.0013679639535060942,15.170069288368767,7.299436105995556e-06,2.3250169516714316
0.036589608899647186,40.75223394356787,0.4544326245401881,0.020149032079690807,0.014343195980061934,5.018585351774168,0.001970415536381511,12.215551923842646,0.000491841681895176,2.46581164691362
0.028837285497845047,22.564383281164517,0.48550268032290056,0.019704630882683736,0.010461268184562951,4.775687525636222,7.187799160904092e-05,13.293977869917118,0.00039269304264097127,2.1054264978397828
0.014487440580391364,15.41225329038512,0.4058600982230782,0.019799560875039902,0.02175264382522491,6.642129073020167,0.000665808570371655,14.797203517078524,0.0010348388701764272,2.230142244011642
0.03175755179476056,41.01421972580175,0.35742148081280406,0.015562032082266341,0.012803478096715887,6.650176868201052,0.0026396192192145087,12.931084828331821,0.0006368493347623579,2.3350752123437206
0.013574843476123496,11.584267384709973,0.3688361065334074,0.019269388034129822,0.022874198955120325,8.284891491566496,1.039803881875449e-05,18.903342283990096,5.378926171266213e-05,2.4924946449828314
0.034016737704662854,31.54282390824939,0.351655010477867,0.015080593382698284,0.04154622539062301,6.851557089223989,4.324486330038073e-06,17.57381638992523,0.00011973890289923507,2.364658562806613
0.04759657135254398,60.87912516606636,0.47183826482450786,0.024705599250543418,0.04525379207181099,5.518929717190884,4.0767500754669634e-05,12.77760621127044,4.6253338104549985e-05,2.268868422684612
0.04087725371858629,44.409929060360604,0.5773017756663195,0.030402931257533315,0.051748760834976176,4.535082615961976,1.8407938980227108e-06,10.012050319251744,8.335738493671329e-05,2.4380494510791912
0.026539805112459642,23.84569773780965,0.4498424028014572,0.018718484558075846,0.014454613774008576,5.173579336675612,0.00047768558807982354,11.562040351368207,2.23014478510252e-06,2.2881100903792992
0.01975465390054494,20.706011593268972,0.4977100419321731,0.021538520890314012,0.03638251706066091,5.245030722553118,7.218187734092521e-06,12.579202066534405,0.00015498812959441753,2.299889282591095
0.011145733233710755,10.100237445405819,0.5287331046578819,0.027604291925578728,0.02651165711336777,6.256960262764285,0.00018638338032317877,13.003466588655098,1.3759990440111506e-05,2.22243105936462
0.029546617986148976,34.19891892164167,0.4077085219297682,0.013093067267001237,0.024882172025722495,5.847708032967738,1.5829760162154671e-06,12.68467077364428,0.0001690759054560373,2.201337770344126
0.011858247821844112,10.365730625560186,0.4237106742294633,0.02318736869320419,0.02020628865556502,7.222562729860044,0.0001720878056280448,16.56208584646895,1.626844289534015e-05,2.28991903480644
0.008482152023844064,6.29338827098192,0.42352536916623884,0.02072506469845428,0.02195690703786496,7.971773963623506,0.00018598689146715716,17.29709818889086,6.115291974536863e-06,2.157379571525191
0.018696359265956808,21.387902854756977,0.27212525654318476,0.008852604572017482,0.12761199954627409,8.71418368719218,9.929845910083131e-05,20.989168772210604,1.1498389034097477e-06,2.310107420711843
0.02976169180382158,29.93193702321531,0.45269113767728236,0.020430140172708378,0.015559617327416118,4.745994348810008,8.91245491047748e-05,14.751858918108415,0.0029098094343959252,2.158750601307601
0.020062115562850903,21.311091574933986,0.4315601113889027,0.01924984223433989,0.023148691400656937,5.3392038219100595,3.809990882589933e-05,13.84826330138563,0.002333068071223485,1.985429387440755
0.030523194612059216,34.77435375926375,0.5790241037957765,0.029336725725848847,0.03302029501923331,4.328634089721521,6.635585371563505e-05,9.195975344655933,0.00011631125111632503,2.0345935421006245
0.005869532958305662,4.481724559472459,0.4971453038853726,0.030574657144390234,0.20278045535194944,7.846655841066436,1.2155693756399335e-05,19.310070146631272,7.836453182514057e-06,2.3158068631639055
0.010274460586994499,9.278294054376635,0.47367398541394085,0.0274522613944935,0.044772192311596126,7.311359804176922,3.180256586435646e-06,18.40577435136307,0.0029138496619345033,2.0894487429919395
0.013573897833488155,12.811137010776953,0.5258850831168385,0.027420738052622,0.02611204745414189,5.320074409330531,3.6274562157129642e-06,12.357184671489135,6.802147706180544e-05,2.1372110365395676
0.026695936856568837,20.435181037530253,0.5177337732726178,0.023635878289140336,0.015909741760338856,4.398471614636771,3.066269813569277e-05,13.82812691598932,0.00031490734666685675,2.1378505645302086
0.055642356465508705,66.65014437336812,0.6215979456263367,0.035966452912652325,0.011312005877915124,4.051245107232566,0.00020972337202975004,10.947056230545842,0.0035925702570182554,2.1693848460508245
0.053922619144062774,65.0349547771803,0.5052611320246504,0.023010730098884668,0.021824813017357503,4.2581495893450185,1.1061286620142425e-05,11.884200327094215,0.0011521623743122166,1.8577692956284741
0.041016997339085835,53.28055238829406,0.5641478838760835,0.03217800270699432,0.16165524250302868,5.242856744350946,1.7763199641850312e-06,12.99799571072783,1.2672061777134952e-05,2.091792385360579
0.0606436650063201,78.93056813180303,0.4823893029657701,0.023366712195770908,0.01744022264342022,3.8988756930608606,6.548635453350707e-05,8.939501921293791,1.4494513374671175e-06,2.403941419743067
0.017356200778846403,19.85055036674556,0.42663307764619685,0.020297673560163532,0.016989732371445538,5.543895080879185,0.0014436828635374435,11.10864639205721,3.5980782860811438e-06,2.4309653158970588
0.010994682607495608,9.15497397120357,0.572337572859941,0.03145150392269421,0.01280340626309075,4.967752353990099,9.211655740178851e-05,11.180563799873358,8.238834559821201e-06,2.5636479085219235
0.009439906688779767,5.0097246112331435,0.5381880506520571,0.02890840487599751,0.012383362795336573,6.03191642117241,0.00010423346756620883,13.152159504841768,1.4958292263938706e-06,2.372249725263975
0.0234041256024115,17.658764245606843,0.5467513947503048,0.0315923195808238,0.021201491761754697,4.633887043043285,1.726720184806623e-06,12.800223759724858,1.6147565125757493e-05,1.9355763601520364
0.011918125856003171,8.70486979815608,0.42371516475549253,0.021519177155937364,0.012927023793546379,6.609604532832757,1.1872107475824634e-05,14.646637706502519,1.692813979140753e-05,1.9578968035659525
0.006380998253363464,3.11599398211212,0.3982204626543616,0.02060084193044778,0.03423104585568541,8.662497865245339,5.1146426892595185e-06,20.86822227694566,1.0084893374740715e-05,2.173408255371099
0.012783096383363618,8.16390756942949,0.4759111571638494,0.022219306519276925,0.024921825322623728,6.091542121858533,6.656455141127274e-05,16.112952416559303,0.0005790765733493419,2.1898818260269053
0.01386979592855508,9.582148229731667,0.38279286318641464,0.016200809221890537,0.0426184985778591,6.791363380206485,4.8776427737125276e-05,15.655217447586711,0.00013124625254961453,2.408107057292875
0.018203600709785085,17.71679446761155,0.6095790279658442,0.034379104926731324,0.03488031409869536,5.542900609841135,4.156961168628795e-05,13.137888353754509,0.00032030810394990207,2.051261014153434
0.012991848164335374,10.128619912097477,0.4920750086122246,0.025622349942298308,0.013204479434546855,5.813392667975452,8.605490694662566e-05,13.451237527756083,1.2239207647377107e-05,2.208915293242238
0.018195674903433857,17.766812449656708,0.5552061594014226,0.03389896122206037,0.011030404237716101,5.3694650916818185,0.0008930207445740324,11.548718577070693,1.7641495442284602e-06,2.3553869401026692
0.010798145957556191,10.214410270417696,0.28464094948979207,0.011301301778183831,0.03505232388243483,7.948894983675708,3.857678392219575e-06,19.03747598834285,0.00020123440355404967,2.4834639845081865
0.013699559184833728,9.827248118666745,0.4712298393107492,0.023897882151081806,0.026116874092136585,5.53589767304524,0.00011599821188736133,14.325408869703866,7.938951021336992e-05,2.456228810348072
0.008061659817904293,5.174065232342532,0.43366083736131344,0.024640550461703215,0.03013848248298105,7.253436451943142,2.9234602480268775e-06,16.96613888899752,0.0002851958697725783,2.0666535101207133
0.0060658097520054554,4.3067803695545726,0.3378152727939516,0.01924288538812645,0.05233966259021866,10.698275504368135,3.408031160727395e-05,24.308196999290978,2.2961053930425625e-05,2.36897273267176
0.01929721222271428,18.893719394710207,0.4676616588625244,0.02658271642495849,0.028266870492448682,5.5597825521149185,0.00040200255366551626,14.19245507706917,2.748309824320099e-06,2.042376137150388
0.009763130625288342,8.084309741264299,0.4126666656858704,0.022681574068702633,0.010986714958508524,6.3701234572238,2.162602567161432e-06,14.714741278173031,0.00045741280262938367,2.006832219468617
0.01702264387570429,20.432911356095637,0.4303422027988748,0.02211971102579457,0.04915042793736748,6.536685393891591,1.789217384425823e-05,11.946061482799598,0.00034507120125879724,2.38917612334291
0.035422858196990425,38.20399379910823,0.5089043433989706,0.02109871875009657,0.018618470767997577,4.818808898773068,1.8082766350631975e-06,12.288692824112356,0.0009410100432147364,2.282041827761606
0.0417776274317638,48.49831101931257,0.5204622760520621,0.023309171387500334,0.011314496079357054,4.268138911069393,3.8014756507022173e-06,10.0161945198002,0.00010524494795643581,2.044208721499849
0.051184748802891665,71.9228378431825,0.5293696024284993,0.028213448604554724,0.023068487929944037,4.464538213755969,2.4226230598048477e-05,10.655696880346094,4.496420509576984e-05,2.135168039675457
0.010440753032262202,9.921836735654693,0.5102563666272116,0.02522099595761413,0.09244053393931623,5.5633136949255535,1.510027668602203e-06,13.636015004950348,3.488707500036018e-05,2.237285587448898
0.06311153307120773,70.07966467481782,0.4568386844556107,0.02598554812075103,0.013979133055535931,4.687594581960821,0.00046744913208253717,12.139740719745793,0.00010980280955081524,2.159574692305211
0.0658258104169645,83.31811644371452,0.4292202762872164,0.022140474659262766,0.026649461192159198,5.528683572729206,0.0018612942859400367,13.254500782909357,2.8625657828946322e-05,2.4042488566639046
0.06366334674516959,93.38092400192636,0.3851058005867463,0.01897631351535707,0.026465096574269303,5.705475848450791,0.0013415452662729832,13.446180075342088,1.5992644997050516e-05,2.3101591298186266
0.049208542985459354,78.21407128525263,0.3613120975109686,0.017205130414976493,0.020047184480499854,7.16059798900536,0.008081727720103385,14.71909440678718,0.00012244758451009509,2.292551977953272
0.022128129099203107,33.4853874223424,0.4171168232154951,0.025088591321335355,0.025252029970787484,6.466869886645719,0.00035657281218459463,13.989804927412175,0.0010063641225894083,2.484925508302555
0.024505693467940234,26.19482252513857,0.4000681772676965,0.019606387349715718,0.026349583363057292,5.659049223989339,4.344204951390234e-05,13.1950441952967,3.0931792496072624e-05,2.2764513164049243
0.011193884268664337,7.583249341578691,0.49524776612368854,0.02483635886357114,0.01152055389920351,6.14903573238962,1.7048592665490565e-06,15.280560282097158,0.0011079114510049919,2.032368337522464
0.035029593266390435,27.862990192928493,0.43597845149857956,0.01901706323100356,0.017049520844302325,5.217144830592348,1.7098539921560248e-06,14.208720203966376,4.809174059610666e-05,2.0852517719232884
0.012613727961504943,10.091718747451326,0.4092830376444739,0.0240030314632528,0.012584122920176976,6.549754882758678,0.0014478015007296544,16.65727419363361,0.0009667489631979554,2.4308191947376683
0.012909873074620389,15.456430934472701,0.5493818179369242,0.03735686115160819,0.02570226095001353,5.609189740077041,0.0006129236512172193,12.33545221543264,1.2900935761208241e-05,2.441632979964725
0.010330456564366885,7.810790249640761,0.4342080508823223,0.023453383852203764,0.010764589837774945,5.955222596352162,0.0004214545952157463,14.526066236785828,1.3562861514306234e-06,2.3367183042400557
0.010215903501964675,8.253045523475658,0.5417323642747153,0.030060089266253105,0.028764005987727784,5.931267655023912,3.6498841549309434e-05,15.445316597147228,8.605062080872376e-06,2.321860994943776
0.011503884520648613,8.249415722137824,0.639579594685621,0.04807036276831689,0.010336728199341914,5.3736459506337075,0.00011085750792998174,12.632395236698798,0.0001884244341375197,2.5453072304094118
0.022814013343667026,34.33800136732637,0.5852333515923585,0.03517022872702849,0.031100044553683565,5.533411433626814,0.006005589737816885,11.06613773075011,3.878179343806222e-06,2.345682621992513
0.032779976408653384,50.49442218209596,0.5838697146200912,0.043134321677979995,0.06293716609879695,6.108534556353598,0.0015379671094280518,10.943481621207198,5.531945923554425e-05,2.5811823229972735
0.016167261715706278,15.081975427083332,0.4500919329904198,0.025466730254335723,0.08520988707341069,7.069940512171961,6.25611311275355e-05,15.691580829599596,6.512156856055354e-05,2.4325144885080996
0.026699122317924973,31.3863601335705,0.5963438857213178,0.030679093823328053,0.03372373293689766,4.752202571695339,0.0012859194326204136,13.01870175429511,0.003486140729718964,2.1610851569576317
0.030384469302029222,31.061816424646704,0.5494122001836235,0.030185840938250216,0.010587496637196053,5.102421365566405,0.0015287549631072316,11.445427794958206,9.374533169926662e-05,2.2937575479339416
0.010456167604584222,13.482330913551094,0.5547010735364792,0.02220430934264248,0.01043063015606865,6.417733539837531,0.006377415381030027,12.008466287347854,1.259786455402562e-06,2.1724082124872335
0.01881094174213344,18.72417137312136,0.46707278876305697,0.027720207753701747,0.015995862723454542,5.229534615733213,1.9207155549780614e-05,13.675702437526896,3.327259700245173e-05,1.9859606050271867
0.0193405564870468,18.144925461873008,0.4997477703923385,0.022898757520065482,0.027642159770175555,5.333759493325551,3.5830650484575984e-06,13.611008145170791,1.0197205364015717e-05,1.8028944005228071
0.015370722486359352,15.538840533346272,0.4336284204129078,0.02491381458242261,0.02572985683754577,5.546188646553065,0.0015123221408669695,16.438738847212566,0.0013998244615549132,2.5219240775228937
0.009613535451568454,5.866582721487933,0.4833972260636785,0.031144178108161273,0.015900498947993325,6.080529224131301,0.0002483113447074176,17.38303688579696,3.7699622380411018e-06,1.9297096439117083
0.0232621406112493,26.63914505036649,0.44092904430522323,0.025549832490810297,0.018029577113288828,5.720805519381937,0.0013770170177016571,13.308103982984637,1.0467132104887615e-05,2.3859242415760598
0.027040497597522126,30.361414407428548,0.3822262769104735,0.019737134486133696,0.012472843892376637,6.011708670547835,0.001093486879092932,14.990309583979663,0.0002402202379520109,2.5591545318242828
0.03983891123616474,48.79213237176217,0.42088179549660737,0.019102193336563374,0.015239223171947333,4.879955211505895,0.0011089565392273474,11.72484626181734,0.0003638338016861701,2.5400993899791664
0.015275234458849998,13.743984684564225,0.5690230731735493,0.03152309288780382,0.029185852745315956,5.554720711063623,6.494017568918694e-06,11.644467335088788,0.00011001388107676651,2.145168908922076
0.012171540302812043,9.359194025306936,0.5490929278124271,0.03207251906591533,0.016852722248458962,5.736809928885518,1.596591611329549e-06,14.017304933674577,4.202663310421567e-06,2.028490597622636
0.011883791407375156,14.06501098885551,0.45371640538159336,0.02515150752936729,0.16401018040942147,6.8712557731402635,2.204112697060463e-05,17.653423311990466,3.2557762319346933e-06,1.9942667250569066
0.027622039980057495,29.435707979232646,0.562277160739737,0.031082172905215588,0.022388730654684174,5.130248607426442,1.453605778631428e-05,10.972327247934249,1.7763960444915536e-06,2.1927498551735867
0.027606335881473813,40.237801398662,0.5413433383515303,0.02770940596485069,0.03375022998405257,4.570843966464977,0.0005796749181269662,10.690335711686592,0.00042284078607615746,2.184476712123319
0.009039929629447328,7.423275629298383,0.4575298546432444,0.029935063552520704,0.03761454748747561,7.1114504609623905,3.0017825709517956e-06,16.31490829058142,1.2803060730148533e-05,2.3390861901022824
0.04388958990517779,65.40812202048143,0.44438281153163384,0.020902759563041922,0.07125060613192975,5.342954873568113,1.0423510505827005e-06,12.619587809947289,5.042049969787154e-06,2.3844842321078477
0.05614617587749212,80.41231560202829,0.5394028012462947,0.025896772702196622,0.06286381479375729,4.839661960923154,1.526820164582572e-05,10.62605400863307,4.6192203509123e-05,2.2449106799703835
0.04844560097910529,63.33400402521987,0.49223123732172913,0.020522787592886546,0.03067595062798959,4.752728872885959,2.5928860188263875e-06,11.175338355853574,1.538554258943935e-06,1.9567765993908435
0.05436835059590779,67.95198397996765,0.3225286086013598,0.01328744284360133,0.015479109229857188,5.986886562741046,0.0001559800624723713,15.6046134872844,4.667890428535957e-06,2.1397478083540293
0.022366976348058898,30.067354608095673,0.3613150611346407,0.011960088801972761,0.03017162916585618,7.044981301445173,0.0001781736995528022,14.707920760770765,0.0006381175246119321,2.1147296341941937
0.016179222892747362,13.855204433899475,0.5751831641758477,0.025956788824863245,0.015426549332325623,5.16843854332567,9.526042580554934e-05,12.427120792627054,1.5574186905904897e-05,1.782922833803471
0.014334698551029179,10.265481994403517,0.4209173130300522,0.026285382712567605,0.02073087325864267,6.178021918282563,1.3995895570520787e-05,17.285697597913153,1.2207565430761933e-05,2.0242631784187117
0.008615684068414193,7.810968549623363,0.33573791886781956,0.01050385009851438,0.06446261438624874,7.824459237325083,4.319085584622346e-05,17.47435682068242,1.7732582457013944e-05,2.028854511221719
0.034903131012361484,46.61456361282754,0.4982088943022437,0.028477394878261154,0.0790240229832252,5.054148538148395,0.0016752497880617634,12.510348283386167,3.622142653169993e-05,2.3518953002895966
0.016631061337946267,19.23813299017097,0.4260642517696591,0.017787529277775518,0.13186535634346552,6.183718421219322,8.764890119856258e-05,14.696502434889643,0.00014550752830242935,2.0906376672440956
0.01547496777159338,16.06499859291034,0.40102122519575056,0.01805825911070006,0.02146207737552063,6.056202407080694,0.0045252499764307855,13.70123168515922,0.00035180287409995585,2.093722895252809
0.013836024779797762,13.537668129236712,0.6064658976842598,0.03194156047551083,0.05231001682333392,5.275205840913762,0.00018020629033835205,11.878559507692305,4.246739256976295e-06,2.2256088771726046
0.009640159366127946,7.392340685070471,0.537124256715638,0.030212045157142976,0.019509506837518585,6.146098859074228,0.00012200039850019626,13.728396444993662,1.5732331317157266e-06,2.0320534096535483
0.008206390264265694,5.008637252160121,0.6607652730201068,0.040163436547143695,0.01934598361346887,5.580185315022753,3.5360901784586634e-05,11.98328545587063,0.00017509092007040634,2.3181780200761426
0.013352289132443473,11.465228015870794,0.5420758376498896,0.03190794744076519,0.018228304201225246,5.301481173636509,1.4525037393299619e-05,13.009991461402265,0.0016384708834085125,2.1074399292872217
0.0255448187400842,36.48819842528798,0.5031949286791392,0.02459583651494679,0.018674357086123947,5.4800911062916215,1.6400576814526672e-06,10.758545658269794,1.8766594769888217e-05,2.2258481042820373
0.04939934088270935,60.44451912474954,0.5440120693191407,0.032950239775203234,0.011557687447659174,4.755306498874511,1.0863270135893158e-05,12.516081806184255,0.005576162875892249,2.2089722784984147
0.0697244034455483,97.78447088655037,0.5518057796045919,0.03239965851218684,0.026038060255086825,4.378042472837117,1.6082916257155346e-05,9.79578397484776,5.780080093759358e-06,2.437283631773487
0.03349335228788138,36.03633168791772,0.565690826759246,0.029171962974336312,0.016921906917676907,4.807049477017613,3.3877086013766274e-05,11.567827335859116,1.3486690676044083e-05,2.3542808945636633
0.06206559453551266,71.04819504634587,0.4671137304171949,0.023805757853991878,0.015272577301665497,4.443343492355052,7.095976207896942e-05,10.675518235974293,1.6036662210017351e-06,2.255534584558897
0.01334476437697539,10.717149427963962,0.43172257185499313,0.024761881328627847,0.0150262093374215,5.745290577007026,4.1965943202763745e-06,16.41202514217968,0.00402119267380739,2.380769149126594
0.01879482903673018,17.53258190963862,0.48361964682029934,0.020371367255450263,0.029590425048169132,5.592277482993169,0.0003587562020241022,13.882511015126301,4.2048491033109186e-06,2.4956896597004534
0.04095128646543555,52.39271749873373,0.5198075839330483,0.02407556878986984,0.023796354696464843,4.818167849694109,0.0016387261177406125,9.700356244307619,9.861894368000406e-06,2.3161697044031198
0.033099915650453254,43.32008954819943,0.36970632438447043,0.01756719048129425,0.023149356533164356,5.101428171053196,9.623907806838907e-06,13.854214243900323,5.374850300293961e-05,2.30520704659661
0.025449204634108206,27.07820225610003,0.43691536296510464,0.025997737392597677,0.013442412881065747,5.254656591993673,1.5690443539500027e-05,11.426236719150781,2.862839616908822e-06,2.450167596888828
0.021403309379871765,19.611070910493133,0.46917176783682657,0.02449429917995258,0.013132849040010292,5.101468617821102,2.1901110598797716e-06,11.774721329060228,0.00012094572763051979,2.097401594211996
0.01846512589663607,21.61293600928206,0.4146531558356984,0.01740110932636985,0.017821118616712584,5.553230280350312,0.0001313866968149528,12.106581804054537,1.2180176512330685e-05,2.199652960023893
0.06457017409280594,88.5534277334609,0.5549521595825269,0.02458096253384139,0.02565785502681433,4.3941126911783615,4.701255837495028e-06,10.183040807572956,1.5202797564008992e-05,2.294107328350397
0.03737065686287007,73.19822824624036,0.42774372067614425,0.016807900787864812,0.20486510171506542,6.090256719647148,4.343915523901855e-05,14.250153005331134,2.7836884500524266e-06,2.1288095422690723
0.07817456881751202,99.61499508455577,0.39436149181059044,0.011598583438897596,0.01689092926434955,5.239501319478231,0.001095047125259721,12.714996935717323,0.00017866205121813933,2.5368713789118167
0.01827609318735937,16.523592572251435,0.33848820191100454,0.012967719082216677,0.01461169131736278,6.5211232978102345,0.002802054901316572,16.22536084010084,3.214678990153224e-05,2.3947846016625545
0.017694809581447823,18.0061293757801,0.3600995640084786,0.018561938246489492,0.013065975904663995,6.2174117211061315,0.0004963900532985918,14.230485521801375,3.5548647453208272e-06,2.308378563253962
0.01301481968306025,13.028879935580909,0.2665527273913402,0.00820540363948507,0.012501284078793494,6.819581797927823,2.395766053582117e-06,18.281576439963114,0.0037186918010707654,2.193009969976675
0.015181494092496018,17.923073270770754,0.4887513874278286,0.024238777471949868,0.02233275518002956,5.498823556500879,2.5764617718010058e-06,14.457624847045338,0.0023075969082459583,2.5457457163257384
0.009797239295979988,8.15940285244625,0.49065372232864596,0.025219717390254335,0.028473742476127495,6.0486036920546296,0.0001327183454478545,15.685161857034176,0.00035123370596755135,2.210098578095533
0.016995165069856967,14.521702919950323,0.48948502967374524,0.03210498636718447,0.013940969381110805,5.744088870468657,0.00020311742159319842,16.042429276489948,0.0008676629486281099,2.1612339162198517
0.019855532592400325,24.384054022352274,0.5517856376517637,0.034615978139787965,0.01939902973286432,5.517226651126648,0.0001274108807157605,12.543164632360087,0.001795052410416602,2.5552855404819197
0.025010025214635183,16.41783376107852,0.5502659557710592,0.024032149589409232,0.018250994177042464,3.869108788368063,2.511969283533119e-06,10.106066328730892,0.0003473395952961827,2.394665173152607
0.01309207014606743,11.441430348634315,0.3944061857780952,0.02009637855367648,0.01672491784926188,5.753279158126141,0.0017457693988188509,14.664654377295573,0.0001739769011540143,2.2756113908219504
0.019556807827285624,17.10075746551957,0.44279861881377175,0.024960595982927963,0.0118527465133403,5.506289739479687,1.9216906432544356e-05,15.614917631580871,7.46757081607093e-05,2.0457311391508326
0.012288026248545806,10.588217374299743,0.4888774246702527,0.02422495551193259,0.011865507409115473,5.795858117136413,0.0002639614583635223,15.141928837838048,4.876935226377393e-05,1.9672123817700302
0.021086486379210487,21.346969358506765,0.4217221268618633,0.01969282903757447,0.02528716936483049,5.5656562765869735,3.987921292271494e-06,13.791924175853893,2.69682295973493e-05,1.9376022640478872
0.05194879850579376,52.271603513290714,0.46825122686792553,0.018134566238075196,0.05969581821744198,4.800813370467884,2.8523664578473546e-06,13.402822754554387,0.0005691768573075094,2.295408484546171
0.012968187502066008,10.653983587940647,0.4447942265440524,0.020678642173656343,0.08942404789834531,6.79180944031991,3.163595286814473e-06,19.499139297785476,5.103445818751639e-05,2.098449462849571
0.022610329610210242,22.241894608279672,0.39467857074294677,0.02061242964058379,0.022650009454054973,6.3729312575301345,0.0025269301100241874,16.152269924325473,2.542838601025843e-06,2.268074722271299
0.01457570403942126,17.06358624471854,0.33703368433658726,0.01651519102489775,0.04516342031482636,6.871580583782881,7.299239325730818e-05,17.39147731150302,0.0008276793180140232,2.129110878675912
0.02029953868602485,19.850078753391216,0.4915372940618225,0.024140954021655045,0.01389345557990921,4.749485448743586,3.453856255387127e-05,14.510902929093536,0.0016912422085513987,2.05839252506411
0.017572782623475173,14.736404278370195,0.3942613554012741,0.018420732068434417,0.010834888843659171,5.600931839547961,0.0004041916647352213,15.803052016609445,4.2381401354295056e-06,2.2626017283472004
0.029905190364917303,30.749417506486157,0.3738248957439581,0.018131080852203642,0.01726358023782311,4.9628669695051775,0.0004414382342415698,12.93952401658305,0.00013989905309623842,2.243664077385305
0.014598887935110482,14.688272978295338,0.48286190463279033,0.031804322634014455,0.03207474089211761,5.822518005030476,9.844905888548444e-05,14.806835002958474,0.00011980279803503785,2.0843359704508533
0.023523994196557273,23.46182284666046,0.5008454551479289,0.024789492813482503,0.015045979848189638,4.90573510596029,2.4414079656240456e-06,12.690371172973657,0.000688122692060617,2.42901768492144
0.07122901740651641,80.38416097852098,0.5158265058381672,0.02187795884804904,0.011484567868498701,4.309335127310989,6.242819517950604e-05,10.398332694442203,0.000564661183914974,2.31441254234549
0.05309063031177383,60.54254017916222,0.6986200246920597,0.0423598925640648,0.010412710899046919,3.8714050705780205,8.338742922094204e-06,8.35147207682851,0.0010107816198877933,2.3770818587892766
0.032600106784531534,34.935297824402,0.5648615116932187,0.03685638612037026,0.011223331156244128,4.92209189299465,4.1403592188455814e-05,10.063291677953657,0.00021061273898485545,2.254839212069406
0.010540735667050449,8.649368658950314,0.5053578270046765,0.025879498322407785,0.012604218572545242,5.718183885154665,1.535774487648319e-05,13.281340705664268,1.0208059583432614e-05,2.1407488946568023
0.010940720438199035,9.012981646774461,0.595743252108672,0.03402452418671921,0.01298638174831452,5.573057986211208,5.775417383655595e-05,12.700071787370433,2.2675161455529233e-05,2.160401311189662
0.010475448030495686,9.957198153882727,0.5423737249374031,0.027152315886824884,0.01603718309164772,5.524882975645559,2.1146584011776656e-06,13.43609160299512,1.2277618566541253e-06,2.2725821169198266
0.010001951800029815,8.003264409346693,0.5371230113069434,0.030922375456577413,0.01465530485763545,5.823832960837554,2.59608701101092e-05,13.734469918575915,2.311603461839319e-05,2.1855140497831624
0.01159215288318286,9.813812568689368,0.5238354443116628,0.030727735097072644,0.016299327962262786,5.680582600276789,5.144588839417098e-06,12.80420098954611,5.37655096869538e-05,2.2499040122877796
0.012397826298977238,6.990465246275447,0.46329961384749463,0.021173368034581565,0.010132986409190409,5.154146492351146,5.946257614556323e-05,18.677554555398093,0.0004659564804466363,2.3389646633236745
0.01575139184118838,12.629624845487513,0.48056599147335616,0.021812845751010453,0.0348516277977808,5.777835042728742,0.00035301886660659446,12.745939935123138,0.00015399106716443154,2.425360616043516
0.011946470701469715,7.297372467870911,0.3756287536201314,0.0076696301317428755,0.010798095333381838,5.87749403931075,0.00035922962592783764,14.13188727240908,1.9682750473496506e-06,2.8348266525464205
0.016056521546192234,15.120975129542805,0.4341398852953597,0.015803973592469135,0.02418536666806449,5.66175225580862,2.6925299195390825e-06,14.537974368841649,0.0006307000599571004,2.17723000061713
0.005561169987914322,2.2634094421188307,0.5420822238306571,0.034056773263140404,0.09580526133037005,7.977583711989016,4.221303652969783e-05,19.087333149121033,4.4055435826922814e-05,2.296994454281349
0.057874177051299346,61.03606303269085,0.6167536330009298,0.034252335519616796,0.07809942687724256,4.551168719501914,2.735681217146537e-05,10.895344124321596,0.0001493959399868251,2.3563626576963004
0.06884232705083805,82.83835899663322,0.5310432843814774,0.030760994858984158,0.022085004328127877,5.042404573791084,0.0001398045247699247,9.797763148527537,4.5074061933553286e-05,2.188414053633174
0.052576476968846535,52.52596212938391,0.5782769306702189,0.026568680235831175,0.014646872720743397,4.197645106226624,0.0002894846335884526,9.530748328300183,1.7674246021675485e-05,2.4924476214598243
0.025688245721623527,26.660703071762452,0.4753999407108603,0.01679009122703252,0.013406802759665248,5.174491366085977,6.368229940076039e-06,11.047337147283486,1.2082935957453281e-06,2.71123330878846
0.033498611829874014,42.562645632432286,0.434554151891205,0.02205048937787091,0.022994155101336834,5.367390026656917,6.707145983818977e-05,12.077489840261611,0.0001997109435893844,2.001414554692974
0.03409653296108955,37.670378909168775,0.4994867048729168,0.0219699970148555,0.015185105746682852,4.678033581821432,1.357236269648564e-05,9.997008982546841,3.609793555712647e-05,2.061040971573163
0.03205826417429739,41.363910296939366,0.4019146239114967,0.017337345851702834,0.016375290511388436,5.365841206052719,1.6143784753135743e-06,11.23481497072302,0.00012809107026797047,2.4087683835490106
0.020069055251358887,19.62266430979747,0.5717555929514377,0.02599144924667455,0.012471862661922115,4.968158045466033,0.0006182133689906861,13.067849365872032,0.0021151070806268773,2.3969199136485244
0.01610091847275856,14.709284033620298,0.6217501644453698,0.03507051887855788,0.015231676038556163,4.928026085640851,0.0023074979215240744,11.517331758649481,0.0001089961186471085,2.435068632360511
0.017636734578494972,15.725459797247087,0.4939508408605735,0.02434276640804365,0.014898638908290398,5.840535119864952,7.693911698331842e-06,12.738229522622806,1.0001542744550801e-05,2.385634116929613
0.027158698447385766,22.280472994573714,0.44667813986093396,0.01547316888835293,0.01778933727568078,4.656209642161142,0.00034367378868798044,12.93678363217476,0.00025104662020199777,2.136023316231859
0.013249253378689957,12.161687684145484,0.5914179057686699,0.03556815720378338,0.010757057229121821,5.3905255334807025,0.0014447947098848158,10.920209807516233,0.00010761199650316197,2.1046665593966742
0.013056676401606352,10.52577029593254,0.5270953475094075,0.02624167658772324,0.013704991797735605,5.501663668224694,3.899084764020907e-05,12.213067464742917,0.0023573899497800047,2.310727957946965
0.0406748004221378,46.337114658321404,0.5890552951311319,0.03393508026761521,0.01697247109868316,4.323342409242522,7.404644563635701e-05,10.4580334399799,0.00024523290021811865,1.9272027196785828
0.0258980805131377,33.46507723572409,0.46748912151176697,0.03090452691028952,0.04757817317860983,5.423576896167463,2.854803931649539e-06,13.583468564854053,3.6675887441583676e-05,2.1628176921918536
0.02626758220767671,32.15248518603307,0.45401142130945943,0.020429458483297403,0.012032232356922988,5.404231870482895,1.0521774905184131e-06,12.27082992193274,1.5033335615919311e-05,2.164402823367412
0.028922251345725514,33.560266250398826,0.46025850767832327,0.020567699943341188,0.01448928155243962,5.151683837808494,1.2895027565287977e-06,11.443672935617267,1.1813823510955503e-06,2.192627094254343
0.0339303565403177,48.21552401719926,0.39633661848091206,0.017496687972718878,0.032718761017815554,5.366008935504694,1.4620735805464168e-06,11.592420813669536,0.00047695542357635557,2.2769152799070485
0.025768422838016777,31.43267489615612,0.4775553488725646,0.022947305713011838,0.02035301779572635,4.968232482459093,0.0027407103810173456,11.32097051388403,7.924877627816702e-05,2.1996693685598396
0.03421607793812435,29.936803428960523,0.7104036031110171,0.04170107930810137,0.01078534671836667,3.788497108763379,0.0003165789309681217,9.563158219642492,0.0004779243746034187,2.177082840848329
0.02307736538568714,18.750348529404054,0.5758288059269523,0.028770746181699187,0.010502699567921384,5.5826206859841845,6.715633108675749e-05,10.324751556793256,0.0006050828556967624,2.498781641516508
0.01749266179526795,13.264690338723627,0.4792523785240867,0.02048081409525533,0.012217890325933348,4.9759907181786245,6.352135865162402e-06,12.769839870217828,6.829964174324867e-05,2.0492464267279593
0.014503957449071039,13.779999936324128,0.630620183771104,0.03893847435366964,0.020047623440239644,4.771806339052146,1.5651768410896727e-05,13.32807762091413,2.8484288452237746e-05,2.264792399635547
0.019786922927108985,19.473226557583214,0.4830702879852299,0.023070998843703342,0.010379919929130082,5.140200021628595,1.0629981398173627e-05,11.634477027321298,0.0006812871277423275,2.1629777795272385
0.01694618615727815,12.238231156927453,0.5683393050671368,0.026771485938832284,0.014178273338181483,4.671060064107137,2.5846887394561092e-05,13.753581053354171,0.0026522889463350746,2.035443074633663
0.017157198364629714,13.74000358719276,0.5022917887239693,0.029201715445645208,0.012292390943072221,5.109028649230335,1.4395137419873392e-05,15.134908400682173,0.00015304785102547049,1.8436986873195869
0.01689698424828612,16.67811616496234,0.4237727044753468,0.016325636624335765,0.010115005006917904,5.303009773826634,2.8387495546614133e-06,12.643170296017727,1.1520760463279101e-05,1.9774630265904478
0.0282147351483192,39.48102036862166,0.5314612470184047,0.024119753716513807,0.06582974611369409,4.724353790133598,0.00034994794818419867,11.31330516922109,0.00019906700557004652,2.1678522965481934
0.01665311432398831,14.791293745177283,0.5618454606622402,0.02419244719722828,0.012080023075428535,4.94332252719413,0.0010288744599261154,10.696234688252805,5.185991039405924e-05,2.0511714971962487
0.012879966201450344,7.716177787745996,0.5086718507875125,0.032905367928074074,0.014018101687951728,6.103711811027062,0.00022929200537770203,15.493302956230172,0.0003513075053022527,1.8966928103664513
0.023189772896026518,20.435167376079537,0.3426313979787057,0.014582983178157812,0.020409500449898386,6.750982060327438,1.795631783985262e-05,17.54418430840473,0.0001613721000210781,2.0726488570823873
0.05161375562494146,55.977528180232454,0.4021413586101868,0.01466609242227528,0.010463088596982011,4.934211598728462,7.303905267409272e-05,11.139792360706931,0.0005430626987121137,2.1004064890014007
0.017202272663366845,16.67589226792192,0.3944073783770263,0.017685002270497695,0.027376585103725495,5.698258243146938,6.736988024095998e-05,15.910475120839864,2.9421845240816173e-05,2.175230577268536
0.035352943596103366,41.71392814147209,0.44957292228981516,0.021893721149648646,0.010222258604814993,4.843805347620294,6.779292890595094e-05,11.633185746683873,2.855486717403441e-06,2.1515954311356222
0.027950315259824103,29.886156832004474,0.4859986070110284,0.028092123607241455,0.01055935044405629,5.242810442281917,0.0006624818459727505,12.071692358771617,3.1802421707920473e-06,1.9082428243328944
0.021082930012422944,17.77575376712405,0.582179479872386,0.03093591871880772,0.011926523997242453,4.785678675081209,3.688069139063712e-05,11.47615009485208,3.097908688044203e-05,2.2527674339408295
0.013603739711149643,14.370418749167682,0.490849287112919,0.02529137940597418,0.01172791184095331,5.605804599446812,1.6170776558060854e-06,12.685434955012944,0.0009280173170295786,1.966173868054914
0.021773386649304245,21.41906707419307,0.4403595124653978,0.02074593286917059,0.015924974274457195,5.819551521027748,1.1026140243317845e-05,13.19221283285313,0.00010544920999493865,2.174696963258782
0.009730332801061933,6.0810253079962004,0.4330260866528707,0.024771186252209074,0.014318887334596877,6.367618847882182,1.9209003241362186e-06,15.293514095149257,7.917896582667208e-05,2.197570224418633
0.01889185809557625,16.758937893125125,0.5833877486685644,0.03609229711448979,0.012470885852351116,5.043395287569632,1.0570138781983984e-05,11.298458932088659,0.00026217517181830775,2.1016589062907003
0.013510923392894725,11.264313839007317,0.5485185071428589,0.02870849448568942,0.03140072075905732,5.862494761400245,4.304034628078236e-06,13.07890717814731,3.188581675403495e-05,1.8731920197632916
0.01726023688277868,14.182056678930984,0.5008433613430144,0.024704515606230538,0.010232219169836453,5.5619882909653775,3.987959125838451e-06,12.804011396042494,4.5910852954484386e-05,2.0991465767246646
0.016144115352514844,13.229699731134945,0.43489837024221173,0.021850479442154565,0.023015965050283443,6.654270712344695,1.6356207851543385e-06,13.072767521821532,1.1124291490167394e-05,2.229070627399317
0.03089330404610103,34.62803816367707,0.40385193300619876,0.01737630730758976,0.011768823003895259,5.123768214137831,2.1954863572639168e-06,13.08663730847769,0.00015703856451621223,2.3122702884051107
0.012517188506690811,13.119869404010752,0.38589871075399246,0.025908280551326587,0.035037134970711266,6.056521501846415,3.2829500701955436e-06,14.946992917160106,2.4516016837644598e-06,2.4497352266503
0.022492946935275572,23.707993873812175,0.5328248103095088,0.02929803608095555,0.016366904144654085,5.0258442073256795,3.7795819831902764e-05,13.42988963661278,0.00021356086495054696,2.2346774842103403
0.020668065018572317,16.594973657730925,0.5293818534521314,0.024279132776337205,0.05112794600822403,5.351083593807679,0.001561613321472381,15.083567268974061,3.5513433064738615e-06,2.366519965259265
0.016822750143488666,18.052353833837397,0.5121510583071293,0.0227455596928374,0.0302741202237405,5.569249246308261,0.00013369996162413745,12.1498898174785,0.00020018996357788863,1.8901597450735401
0.02899301049063096,33.57627419527646,0.5017979638593443,0.023122263339217224,0.028821657846881437,5.359640250563536,1.4674868504021709e-05,12.457099588080055,7.276507346457226e-05,2.1323158959498594
0.011743156812959551,10.64567590768419,0.47495973331139996,0.01945812710513756,0.011882019709950608,6.151475865248927,1.1534009979071153e-06,14.776236331764908,9.154509566424621e-05,2.3667914423235783
0.047388633212164175,40.89734239676286,0.4998080600879797,0.018102001082093575,0.014663559330733595,4.428657479749452,2.3773779122398025e-06,11.741137257979195,2.9466517469860753e-06,2.2960586853768756
0.005879238603505799,4.500590540364824,0.3647021735972819,0.009003430295700042,0.023670483056229923,9.730547981806847,0.00519270531639371,16.128391767550863,5.257719837115068e-05,2.61068366364497
0.00946428580189012,7.369617267765398,0.4139790017598541,0.022261917039912593,0.025059577879779613,6.623548798861229,1.1573894616411485e-05,15.994760224117378,2.228995830983559e-06,2.4044492398231996
0.014938040269094633,15.463691802498259,0.36343789397291537,0.021490714971883002,0.025794959607487802,6.495407532120665,2.3492509924218645e-05,16.131989877374185,6.74119931563198e-05,2.102174696879595
0.013365381025381137,12.208265983214153,0.48517957076825957,0.024155953712141565,0.03777325255179271,5.526306616578189,2.76093899645028e-06,14.330097171055368,0.0004962142875029683,2.198294166270249
0.030569337009540603,26.932079207881088,0.5316308267842413,0.03058532643612931,0.013241843586384533,4.326361867414466,0.0005189935669218757,12.033240371517364,0.00027807984684874806,1.9014335674156189
0.02056587704739886,19.64944464073791,0.4204551399238438,0.014361027912376373,0.030176906060364453,5.467927076878855,4.776850757838689e-05,13.644325741201346,0.0006731970000174353,2.0879376291976826
0.02325956563052261,24.079110555061394,0.4717299574060854,0.01782254248033357,0.08902067830462625,5.418589449021102,2.5586117948080544e-05,13.447338534472648,1.1732708448281126e-05,2.050730970811736
0.01732798645094785,14.152886620461405,0.38322790970736265,0.013931962695434766,0.01743783258068219,5.6043816311451256,5.445244787570793e-06,14.836723832476789,3.29506549355025e-06,2.0313509127480542
0.05727082696026935,54.90111716062041,0.4610717822978073,0.017410603619583378,0.01022934797120201,4.131630160634689,4.0067472050584976e-05,11.649267742245303,5.302409517598525e-06,1.9753821716694813
0.0602684197365631,68.37260309725518,0.5258571228802904,0.025329311076982886,0.03084386090233577,4.725554123469467,0.00011730290375119034,12.233178497227206,1.358477745335249e-06,1.984092720281165
0.01609312700791431,14.729200851599712,0.4672158023849295,0.02156645702816377,0.07962328496705487,5.515672931693253,2.7734207810464838e-06,15.735328974312988,6.590523118383527e-05,2.0533592905175535
0.014712908162058782,17.410346788021453,0.5138719617098498,0.029504135934150726,0.015727748776509207,4.935674937774673,0.0005094027878907966,12.30691960431987,0.0015746269470286961,2.201857896010516
0.0233601978684958,27.927149162311924,0.49015700340089197,0.02116978341491538,0.07271925885747435,5.250105935584147,6.198998366172428e-05,12.273195892892588,0.0003616719742474583,2.1301884940250724
0.009555466234068843,9.46321370736739,0.5708286065782621,0.03603037067521829,0.033580488774121606,5.9454204750445685,0.0004170339204467887,14.262824263952213,1.17412509100824e-05,2.2358812999876028
0.013990648453479493,10.564909446101238,0.4865485148713469,0.018642534329546403,0.011244027024328522,5.532665125524688,0.0007516144066673846,14.489761359506375,0.0001449880824875235,1.8834920255351817
0.014638030573589011,14.624854765264834,0.4182986952540443,0.01906389211353355,0.011383385251585743,5.8450941325819885,0.0001100790216063763,13.949098395973405,2.0321980106982973e-05,2.1622383623503465
0.020101881662536052,24.611202505548835,0.405946771491595,0.01903221818834284,0.01189569720803936,5.56360484979588,0.0021005514033605385,15.144495279310831,0.0013368176932738918,2.231647880781105
0.016487059257717557,18.23790097586976,0.4112856991895647,0.019232627715844105,0.047848999111850844,6.2043276111638255,0.00011458661556881164,16.74063800261361,0.0007992550459525196,2.1159015261679075
0.014567463483108258,17.67139725509494,0.38782530446628977,0.017034527800277213,0.18135483240106887,6.641154723189961,2.0218099443173446e-06,16.26065517696767,0.00013360981718159412,2.219903535455717
0.013687770725263247,14.90688876752776,0.39790455545086917,0.016126651102069255,0.0900059133080427,5.859995906442751,4.106392895822088e-06,15.457445203627467,3.4595311313520727e-06,2.0764969436746967
0.011168025504890615,9.113949586533941,0.4222087294464268,0.02055708387302625,0.05032335959941124,6.972249088516617,1.294535743399911e-06,15.952438977421359,3.99906671679242e-06,2.0377390438541942
0.011366867290303274,10.719994773291969,0.3686429712442867,0.012686656408260303,0.01829269491562374,7.600451376691507,5.187815318231032e-05,16.549701524070613,0.00017565886410003968,2.205467783545606
0.055297329677146755,63.61876869968676,0.4266613634001316,0.015521744640529559,0.014408185524395514,5.642959553635766,7.643070507073148e-05,12.830052672848984,8.673573087512663e-05,2.6274369966254016
0.007413509392517543,3.6249118336374933,0.5066587750213003,0.02295272418195714,0.01484829095185911,6.061236348224977,6.818393602047464e-05,12.48462906856824,2.2720489755086556e-05,2.314955944405081
0.012575864574351125,7.798761265630073,0.5045672740166969,0.023949460551755977,0.010893709919339823,5.45183551620392,2.2233580112768544e-05,13.132007317138486,2.0712850637573052e-05,2.1010637012465465
0.014350423197871477,10.329834148267151,0.497238611718168,0.02487592284780908,0.012990363669653629,5.753277158558947,3.899591445712158e-05,14.167508447170478,5.540070551966989e-06,2.386997978342684
0.03164422822942868,22.925543948809075,0.44171455509138247,0.016547001187998144,0.012540008869802543,5.41526087067268,3.316615485023153e-05,13.448966797959034,2.8554776547315494e-06,2.633056173785148
0.022087077296314622,24.2985693236668,0.40904985297282237,0.020035499862816424,0.03404842179120611,5.679196707082001,0.0008752253183314924,13.66338668690874,2.1410507885575288e-05,2.3843868749199926
0.031216056908637407,45.07728802865038,0.5185931380194765,0.030068027133918155,0.05373359063552562,5.123934682711603,0.0003481464887309488,13.250049565780976,0.00014806881913516135,2.2059456407512
0.02305829017680856,20.808565727351176,0.4597490739572594,0.024955507745394612,0.012821264842339544,5.272545486511142,0.00016544782987502625,12.494324798558031,5.16610638802627e-05,2.18991900319007
0.04048016863897366,45.56852756690562,0.47745763247629974,0.026205058331551106,0.016616401208525648,4.442766330687716,1.2633707021535682e-05,11.806048742174005,0.0008410615100880017,2.168040048725441
0.024980588813061536,29.616755930573525,0.537747981096252,0.034863055069332016,0.02365391757441049,5.359649841316099,7.30924248134144e-06,12.521178430072158,0.0006046280367158343,2.1939837335242522
0.033221309133739496,39.65866652460931,0.4089760574443346,0.022909020269920522,0.02218993079286391,6.248367554280834,1.9438982440159633e-06,11.458749976484953,0.00010736483729259155,2.3309331806976097
0.028205678457053022,30.946671514165015,0.39866717349126457,0.015682829134311453,0.013233250014284426,6.089424097981393,0.0006901996983918689,12.32833030961637,1.096759793691818e-05,2.2234790199838557
0.041056942813201686,48.99607845178959,0.5069579697745058,0.02538790983537434,0.018360716998569275,4.5805273183578885,2.0370315110697325e-05,10.800647314414926,2.423924344053024e-06,2.1214782964020027
0.017426728402858332,19.423068170215522,0.4235705220669043,0.023295535918468946,0.03833289151953345,5.885071803442175,2.976900073219656e-05,14.88723765871052,1.908687171598927e-06,2.1135874129933176
0.01617864117394121,13.235603722930572,0.42724633627772085,0.018202968891577985,0.015269661075670226,5.588023303373314,1.5588106410873098e-06,12.575187316056901,1.856532000724643e-06,2.197448929629571
0.012338858493240125,11.325989770123215,0.4696947396074283,0.021894186203534203,0.07021759858375105,5.735813820021863,2.1654300600741686e-06,14.143919028953684,4.671496642525991e-05,2.0979101295205846
0.018876059113052224,16.57596778156108,0.481843058950927,0.020881474490370495,0.015633528270182964,4.706808623297214,1.085516697813855e-06,12.012516341281925,9.074004176155667e-05,1.9629732516925709
0.018346258188883947,21.994938410592887,0.5110411430210902,0.03183560157026864,0.013265253642404287,4.8991825208232544,1.406472742309e-05,11.29730418906367,2.4551660978597236e-06,2.264299530673
0.020032623581118365,20.376703207001285,0.5142819121921003,0.026061053679388064,0.01334501731250134,5.435443219032726,1.1222156308238944e-05,13.267876977746342,2.9675490130154046e-05,2.2984430298586527
0.01520594803604347,14.285764415002912,0.4567120470066995,0.020125466763843115,0.010668005013729304,5.947901691278805,9.257916207700989e-05,15.209882981182083,2.4761717583944894e-06,2.308967631777116
0.018313170120901726,16.53037598717502,0.44555541946038635,0.017190188781693237,0.013853975715019395,5.690306844656097,7.093191189532167e-06,14.716861798715989,0.001194950930195775,2.147280619407952
0.010560773097494924,9.275383968911719,0.4185786125867947,0.01967951925468746,0.0180829024301971,6.677612669682625,0.0007049323892933345,15.615296637806054,5.787134803141796e-05,2.244804838368362
0.019550728688320484,22.726014837432704,0.3940163892950428,0.013636310843737409,0.02817429823968511,6.153114944940493,0.0005046412327208115,14.594723049849044,0.00017341194543322528,2.122001417416778
0.012703492397964849,12.281728136646379,0.24341448303248148,0.004816211847238988,0.023146178530178908,7.9721205331707194,2.105196945379421e-05,20.610410220697332,0.0006361841752685113,2.253468964684178
0.0167994055223883,19.77294687877183,0.38593910345851584,0.01568752876088529,0.027890390656857066,6.02789526763282,1.787184741841541e-06,15.679435384355783,2.6127632684918252e-05,2.1168160657398856
0.02134167185187022,23.111299207259744,0.5442550434980978,0.026159136559538866,0.019227180226167474,4.989983277714294,0.0001917289129875887,12.06188450128693,6.156728358600502e-06,2.220284793884105
0.011602701257819504,11.328002195775403,0.4811044785890569,0.023351142322720772,0.019038199015077497,5.675694740637766,5.798276156178071e-06,11.741270597433862,3.851061178673287e-06,2.2034765099742404
0.012407551194110817,13.280144854422813,0.5109149119551583,0.0300325135994426,0.016579452011970287,5.452145276765264,6.693020702784829e-05,11.754594068371611,2.0313685424159098e-05,2.213163649237315
0.013949891622193542,11.924028250017159,0.39853328500555363,0.016638974982712287,0.01025411576403358,6.534000947724033,9.025007375344665e-06,14.942237079535007,2.1050147561328604e-05,2.0628284831146995
0.012976857696853802,13.013192007376682,0.409047018416389,0.017705325488038146,0.02042693474234606,6.279472175542613,1.6064382128156646e-05,15.39380123325705,0.0001427509147119307,2.360840846954838
0.006665842504767828,4.152733597961517,0.2276273340094648,0.006496507767099474,0.01093376058483355,10.282086811219411,0.0031425780204711925,25.757261218670006,0.00279113772050482,2.5173504000032105
0.018315544791676415,16.107575944760576,0.35942719291607617,0.013204445644516278,0.02181322453782778,6.450009998839976,6.4159711942743146e-06,15.986378478136286,2.3879779909619528e-05,2.2658990009851077
0.024496218734596394,24.266989173954276,0.3372027008974591,0.008557894970239722,0.01039610324312185,6.2788929132813305,0.00017469398207424532,15.791282755350391,0.002654892026392953,2.3062408350161614
0.008212052933125335,5.520439453462446,0.42267840782074856,0.015906830461335744,0.02451770730038774,7.3516079184216165,0.0009294830848750412,19.55258382361916,4.457894009162608e-06,2.6920905008084572
0.01703727831062195,14.176248062704284,0.3806025081599416,0.013069694708075761,0.03149502762603195,6.30417249200056,5.067413505448329e-06,17.607630690145847,8.974108331542187e-05,2.6135461974682497
0.015644270051366514,16.362196182971292,0.37791737826384797,0.015410512801136627,0.021453753209896665,6.6973061860225185,6.22435890309882e-06,15.685639109638549,0.002500125193381264,2.153972104494103
0.024797801381268404,27.787287838289803,0.4227943736291332,0.02009893433361843,0.03543875363645482,5.375739976797013,2.5230956509274307e-05,15.09417043721558,0.00024579542679739494,2.3355169244509217
0.010852556509077347,11.687295047328337,0.5189811786055907,0.025526700872741417,0.05302489193059603,6.466574499285418,0.0026041467172798678,17.317906255948447,0.005143518428301614,2.4434204544570552
0.030729680263586332,33.94842592205871,0.5463567011672009,0.023666028085839813,0.018944942723096627,4.833149364453496,2.682975438129269e-06,11.934925391542043,0.0012378705812757219,2.214811004278527
0.01239111351003974,11.287370295177626,0.39456114509655027,0.017083386157299,0.035549327690887235,6.240894228089194,2.9888324220104814e-05,15.739089765459493,0.0006030677016928069,2.496704049697686
0.006819274467348155,3.6851242840779905,0.3600197521230085,0.011365578705704213,0.02328749952267712,8.101664478739211,3.517331893452537e-05,20.389353658977225,2.0891120121383032e-05,2.5344907326323862
0.010656950868916505,9.65997594872247,0.4830242782002336,0.018612462797357555,0.024110221651298412,5.988872960705033,0.0022584762130920494,13.837571811318197,0.00012148510307591507,2.1288308072124273
0.01355429825373123,15.030436042128821,0.49976713052766236,0.02435020519376675,0.016466560207335786,6.330053831186074,0.004046952203469446,12.627188251279707,4.1117640590775106e-05,2.1611030790028267
0.020036230532003093,22.663793574994376,0.42852763448882303,0.0198188756215733,0.08944310078578027,6.097470242287039,2.536931882762874e-05,15.5040792572605,1.2240729932700213e-05,2.344384738356239
0.024124013265224613,34.817193929771285,0.4692403234802826,0.03042515220405854,0.09512541060441905,5.893737051370251,2.943489318882889e-05,15.547244242875818,0.0018415498153893988,2.4277919468036826
0.0181641913669518,21.88218156131241,0.3499990100876239,0.01574036728256386,0.027673012059279863,6.4167942333817924,7.704870692688861e-05,14.66948560568156,7.935707450794646e-05,2.4256963662269304
0.020287345856046943,18.530162725865516,0.4156713523595415,0.01730205430566505,0.025172320354793245,6.010608247075141,1.291147822743454e-06,14.386896418319562,1.987705705193445e-06,2.4168774521321867
0.02086493187630089,13.75581081835056,0.5311677856252218,0.02173625105867231,0.012241822380138252,5.549677052400907,2.235791328448415e-06,12.426369481349573,1.2622606828405766e-05,2.263775815103289
0.018379436942505913,19.34758234736212,0.44047293635035817,0.02056705753009074,0.08283807902653581,6.742293425178246,1.1729753800700423e-06,14.550515411263385,9.34595102392581e-05,2.220722304723134
0.03754816465316648,51.014563117871155,0.3494333443484673,0.012252049119876872,0.02791310751349673,6.263319782314505,1.615812316013712e-05,14.137043756151614,6.852504594470033e-06,1.9010615377091173
0.018548450912003862,14.761843090780555,0.5226752554815799,0.022333333677374667,0.012284573276472496,5.099082269750361,0.001739056290649363,12.70207163703211,5.22987474009741e-06,2.5240220679447596
0.029425718586130578,21.2240210291801,0.5678962802995247,0.03008533829294636,0.01061002654489175,4.4886319536820265,6.140354313148145e-05,12.637201132117298,1.7178066623286153e-05,2.3000154607645795
0.02056633560983775,24.79959370118472,0.47811083973947965,0.02060561927138924,0.035086394963846294,5.392488801666658,8.379592307802642e-05,12.486849755804712,6.791259790083484e-05,2.377663481433015
0.008991157521680154,7.218455597755362,0.46267813417334885,0.023195023612832887,0.024544498677241833,7.063646529297359,2.0162157727527424e-06,16.00607544930568,0.000728253061295395,2.1159731075503383
0.010395123766157352,9.147253312420148,0.5231467212798809,0.03837893959617495,0.014779180729408408,6.135250328824387,4.747775566628342e-06,14.673228305983933,0.00011645081717199157,2.2533536283188087
0.025993718576751267,28.036828629555576,0.4623691461322745,0.02388507505120408,0.012651515755218586,5.3298279969400655,2.6327761423905125e-05,12.383524935425099,4.470628845351738e-05,2.2143800569856587
0.015995677431657283,14.95652563525053,0.44715325429097696,0.020027105430151747,0.02669367840910461,5.708818277516488,0.0036341955868173592,13.593303881019645,8.764611826726878e-05,2.14417337337648
0.050375746968311624,75.3869586614769,0.36738846414334964,0.01916683284639544,0.02826605008097602,6.704144052815094,3.2093554527379296e-05,13.862020417830928,0.00014166301943181818,2.251929090456978
0.03761528696559726,57.969459242906474,0.28810790158299765,0.0109001927393332,0.014467747848077108,7.649384257804778,0.008600526541737243,12.727488575012398,8.931237820465298e-05,2.425292536187144
0.016103394210418707,16.407870344940545,0.5320393034373513,0.02727894549458407,0.015241255047598271,5.734160726351743,0.0006694498031391881,11.7996132638146,0.0006746845707751957,2.1197113214067085
0.022627138115619977,37.873737765698365,0.5276443686900066,0.02579630086646111,0.023777503868563712,5.738020635544231,0.0042256977465237955,10.076771335776488,5.8236075336377974e-05,2.1504861516052496
0.013557935860861065,11.257746738284933,0.463738537641121,0.017600332229194687,0.01055976256434152,6.31538843213137,0.0006304218370921833,11.625374058656345,1.479750239521443e-05,2.2144450549303087
0.017472084772270784,20.402275157685374,0.37046509107233416,0.013039517933268279,0.01333751692103156,5.939393105821829,0.0030102785164542057,12.382319658768068,2.750919838223575e-05,2.1831727811969643
0.009255303267186222,7.078043268371889,0.358903753231895,0.014386707670430416,0.021210907823682793,8.041301304825923,6.0731995337193266e-05,16.678192868437282,4.4660576517084415e-06,2.1850298491257782
0.01242470856473616,12.250004426175922,0.4831967394065642,0.030354832823865724,0.013604693287737368,6.616654317473984,4.1973186020708534e-05,12.157477752503725,0.0005677755799059768,2.322781699458323
0.03610704852397997,52.749009451239914,0.39379030700688306,0.016265916274344025,0.07633739140973544,6.03563398129445,2.6486296463066845e-06,13.029523759595602,0.0006335965921742058,2.5826650905748543
0.013874535000203036,13.40084520914836,0.5369312420190517,0.022118854982327355,0.13903576983095867,5.994831923795468,0.000209451091252729,13.57332160989979,8.365527347957121e-05,1.9345038223561737
0.00948926334277386,12.214243866046102,0.3453651383215041,0.012294642797347877,0.08680448907856046,7.770106368666995,6.601873101283142e-05,15.414822575361349,2.397520695177312e-06,2.334048839343212
0.020784030739263066,25.077610342805162,0.5000205129115822,0.030005871544211245,0.06371429315887873,5.818899810223161,0.00019504283359157563,14.8385679858086,0.00010880448597603786,2.4905101597701687
0.01774300611929239,23.880376533879144,0.3438945928732555,0.010279221658342386,0.040138041125191266,6.019534233502575,0.00020416382144824283,14.683754556101244,2.7728017692562492e-05,2.5739320145866893
0.031026741530405234,33.409453197578685,0.39576226397486336,0.015528835140938889,0.01294929066593647,5.402259554847041,0.0003353164065017047,11.031271012081763,4.2401216716998665e-05,2.1210822517897694
0.006894684128370521,5.765921399508327,0.568530886889648,0.02515514855585534,0.027502688854560794,6.453087863016353,0.000459534544047068,12.314316501208491,3.0470679100040555e-06,2.695277539995332
0.02366466709529111,22.63146713681207,0.5735326416167582,0.0355608863564889,0.04390269735096199,5.225398414252497,0.0016558060769104944,13.550244468432933,2.7060647208246562e-05,2.3686203398567085
0.02100655839284957,20.34477939430932,0.6620681780020709,0.042434186645916576,0.010367086747914365,4.44879479216561,0.00030572431135498065,10.963135678038705,0.0005139338142332992,2.245321419862828
0.01195816424255272,11.311716270161634,0.49417893013020714,0.03094782384528453,0.019499730697376618,6.317072460381195,5.578362895773446e-06,14.07472917658571,1.745453912251172e-05,2.153063259841755
0.01124550576118146,12.159407425566945,0.490849824755832,0.022282299959710594,0.1611394439328824,5.559343532688741,0.0007230016679015472,15.416068537595558,2.1913794819268174e-06,2.7199915018793623
0.07203904670557787,79.56659704401488,0.534930462500338,0.024901603593618062,0.014890789589971717,4.335578533635195,0.0008880172544311325,9.639760144143189,0.004093596309072281,2.4187102181635987
0.01588485707912833,16.148632490781996,0.5589895226862559,0.028181918341380025,0.011797387584994393,4.994441108233056,0.0010582032299155345,9.547658767709727,6.575840414491419e-06,2.321534082869007
0.009752609855727602,6.187516702590589,0.448333971231032,0.025757446359692404,0.014636321926592819,5.982201458862644,0.00010400777299726976,16.718770876444484,3.033697273535696e-06,2.3619248113260567
0.024626593723116708,17.71813796656735,0.5758870779399778,0.023412017018584353,0.027336099178069288,4.633005975151393,8.097003088315619e-05,11.937938835662894,0.0001391895567016904,2.4199786781236563
0.016758853039829383,15.709656627376688,0.31260660027941706,0.008518926598461594,0.021422006703917803,6.529312184548172,0.002850765677765831,15.015660664295496,7.898821020749408e-05,2.1925130771546666
0.011239975498858504,7.300046479794192,0.3449312915020181,0.01568739511738662,0.011289518200122275,6.818849226884079,0.003008431989835936,17.0451508931446,5.520898977018228e-05,2.5886951940073555
0.009536027443044258,7.712098740088273,0.4767072354704867,0.021729185177178145,0.010497455601178499,5.86072422803635,3.2245344435843725e-05,13.471426632896502,3.5314652120324668e-06,2.3480851932431355
0.018843558221242177,18.04242506779922,0.45124869528284045,0.02036155964320391,0.011540751436924847,5.33243739287183,2.972646389855856e-06,13.236073149472459,1.9889898512588267e-06,1.9388014669293723
0.0341713485292192,42.405999438393884,0.48335149861777027,0.024756966277662384,0.04670428388289926,5.552856719191709,0.001301009852694822,12.109387062544346,3.236695469769308e-05,2.08261404940035
0.02513192966918705,26.004867540286885,0.47220611373072247,0.023041571309823105,0.010414257380196757,5.221877602513321,0.0014044423863478572,10.610332849355931,1.9554457568472965e-05,2.196688994537585
0.018243227910430336,21.835374766716015,0.48059853579041184,0.024141592622779685,0.01000870644585062,5.035861700774232,0.0005483451192227866,11.848964798610165,0.00013415600566556407,2.154441945068858
0.03271715149270133,33.754488509081305,0.6156350390269265,0.03221729989827141,0.010715984873962704,4.429364497179198,4.968632231437543e-05,10.701256377371923,2.2790026585204165e-05,2.105822422976921
0.018289720944947203,19.142218425633047,0.41297041330003675,0.022254403151898434,0.016393889889057316,6.1712257887509026,3.0413122660170396e-06,15.12396621976562,7.071701000724178e-06,2.291976877710493
0.010170142712737628,10.493575007866967,0.4206230485666271,0.026306166190757638,0.02517328749072241,6.725536725183529,2.217289971087648e-06,15.871347378147103,1.464221197741829e-06,2.366519343324839
0.013677923140832734,16.85768772569416,0.46275236479298903,0.02591816942953053,0.017687352970710724,6.19607357002185,3.904125323533617e-06,13.983568092652064,6.4584309786240805e-06,2.400437279859705
0.021563236344261785,23.789954888874156,0.5743596471329873,0.028182920319483218,0.021446364686938193,4.945157572506168,8.471641858078363e-06,11.348093015725178,0.00014930753373827528,2.147037087682692
0.045736164570985595,64.03665930420372,0.4023557636224063,0.020830128023441818,0.013284241416373289,5.339985793137559,4.252042601891918e-06,12.54097067130434,1.827398803091213e-05,2.100456773978431
0.05772771560644978,71.82464253381902,0.36968203168235886,0.016827040227584304,0.04972267944653581,6.226733259107267,3.770236682531864e-05,15.029206454074673,0.00010246893616493214,2.360961320239438
0.06335339062506054,96.2855879118842,0.40187068702723894,0.027249956313179037,0.13340728999536833,6.460329141982066,1.768871021815241e-05,16.896420980925527,0.00011549172718280666,2.121694005718066
0.012386964944174529,11.091622891643889,0.47809762210061635,0.02490025778719563,0.059899058922252474,6.399260089148195,0.0005523576093073276,15.059035395420059,0.00021529851683389545,1.913315059536685
0.009028553364954103,7.120932489148899,0.45600217992144465,0.02022423561117163,0.03225641274748872,6.70046258044675,0.00044448739051043115,17.019588420926173,7.818749996163564e-06,2.095976077085591
0.00728981248702629,5.614298520084696,0.47830225158920064,0.02518183469155952,0.05651547431869923,6.716194942873183,0.0004759068546950411,15.356010350266668,0.00045263878262412154,2.240916474355378
0.00718484400989339,3.8856217677028946,0.529112693845163,0.028972711278499853,0.0804107936573103,6.454657895760578,0.00022961786705048316,15.987601623604343,5.285236814707517e-06,2.4983647454545586
0.009613175660842962,6.773331694833025,0.663230057229768,0.041257965796028626,0.023203960812285887,5.3127427717341975,0.0001788843566862451,12.006763987815411,1.2173992220245584e-05,2.202126412080012
0.014460850173686559,8.303413917876696,0.4229410805866124,0.02444864837602334,0.014625160521485771,6.651018574187913,2.7693347261796444e-05,19.42958014331018,7.622036051786523e-05,2.196651404467862
0.006670638204120118,3.005787797182087,0.48493429775423774,0.018751278823540333,0.021624431076175423,7.039362783192425,3.913889220105972e-05,16.014996702851867,1.1916134245151019e-06,2.38348414282212
0.022034939516596835,24.774611679872976,0.5515177309846433,0.03340047742315861,0.16784712305174784,5.36871965122778,2.3177760701923937e-06,13.917812888816124,0.00053152389553275,2.284559699599755
0.026312006803309248,25.844053504080716,0.4717436765822005,0.02046946070054768,0.02601901168139583,5.7504044484258845,4.812639876603598e-05,14.398178875384733,0.002548469173838726,2.162133994684435
0.06394628792892469,84.49435177219442,0.4845592314865696,0.020244436176718315,0.022317646201582917,4.862399835921652,0.0010394799373175314,11.113389032479311,8.855623801095762e-05,2.134060376525744
0.033127824625597914,36.913174817805505,0.46346509296957283,0.018813388440265717,0.02568214149000828,5.448286492162207,3.234815852425828e-05,11.075624006556732,4.215346710455913e-06,2.3621411442209634
0.030196925307567162,28.650282641136116,0.4921655464094898,0.017350805563090606,0.01709064274094481,4.586492559548117,7.499466510227917e-05,11.679985048003322,0.0037142498189392803,2.336760640410412
0.018845799909098383,18.30709520336267,0.5916716621359733,0.030496259083918682,0.02816302441622339,5.018334325486839,0.0002677702456795982,12.208278915729004,1.5165259626712217e-05,2.5822182163470506
0.03256718569898255,36.77127600605995,0.5719457968784152,0.022562878874517082,0.018266090287478134,4.423352691351014,1.1038735831525738e-05,10.902854268956577,1.1114073266601605e-06,2.098202064322399
0.016945256070880182,13.254221348228045,0.5523900403429782,0.022383932472099872,0.013323056685941055,4.92904989248502,1.3195812693491596e-06,12.328261095037915,1.2409995896217115e-06,1.9780044763396814
0.008041326204159835,5.843099044244744,0.5466396280550504,0.02805785303017163,0.028117631284720078,6.566945656306555,1.251281109628485e-06,13.056536038324897,1.9931611475695107e-06,2.1469498850192386
0.007323232319562872,4.750322010248344,0.616050750405955,0.04042664238658711,0.013353277713732356,6.354083499218516,4.294431412155952e-06,15.142304595917599,9.223564682624141e-06,2.2181824208112793
0.013089399338505028,6.370393067193448,0.4904820049682902,0.02118607477058973,0.010054655533972393,6.652914316604195,3.282475064738457e-05,16.12112315123022,5.6145626681437196e-06,2.4721922594012216
0.01457052026883243,10.739519520231857,0.47639091499089514,0.022758347358973502,0.027327285740199544,6.233993962877327,2.229259148103649e-06,15.175993356659026,5.777991554371943e-05,2.3775653266073973
0.04522598830141406,68.17739825205369,0.416341026187025,0.017365884227681705,0.012426053293887825,5.3172076306085465,0.000200918220101238,13.35658414614581,0.0010090408747280301,2.2347074310623674
0.03372728997194547,37.324141293636515,0.4407757600009969,0.017980784225911966,0.04562166042160093,5.821552952972182,9.541960811093631e-05,13.823716346405027,7.783011591101593e-05,2.1440816703653276
0.012634668930299634,13.914951989162692,0.44727109672832915,0.022541331050831552,0.07833683774868194,6.404846736830861,8.052846308449708e-05,16.702695445271974,0.0010923417861145265,2.476457290441289
0.015025280283367626,13.206264535611892,0.43005971127683607,0.022583386040415113,0.018407495362835972,6.132423565311449,5.648709762886347e-06,16.04764592554536,0.0003864579545657338,1.9915268766266074
0.018911550714978888,23.919920840521293,0.44155621368064035,0.028390571513852964,0.020426433552038204,5.978271697392967,0.0005123930181084205,15.856691021518106,0.0029653530838395347,2.064198157802323
0.012518575725144336,8.046053589907341,0.5601350578335725,0.03190224045811298,0.011553066093038413,4.8447742781970975,0.0007290008835853154,14.248482178373436,1.9133148401200678e-06,2.0900724075636608
0.01216455102933228,12.898621474540459,0.4664437162442479,0.021323308504576474,0.030473136728193656,6.185682244464907,0.0007584251839025348,15.509397173221853,1.3724254245360498e-06,2.4837862072966166
0.02035040761788835,20.86659051491421,0.44864051271289224,0.02183997872393685,0.019974835820942397,5.926984296353799,0.0003288189714050685,14.15348199359686,3.0576839122345723e-06,2.5004958898911434
0.016934374607743573,15.737406347655138,0.4535999836349117,0.025198114306999024,0.016064110630349314,5.69620420236026,0.0001352635769946017,13.390137406643943,1.3448947393379019e-05,2.5736649319808507
0.017162083959250563,21.162140984484143,0.4785334497793093,0.020013007298349282,0.03538645161484901,5.083183213849137,2.7031943054654838e-06,10.999645592364153,0.00017511533140843172,2.305894740947008
0.012152667200479557,14.472958339363187,0.47752453927922706,0.0302935427288795,0.15195275296930855,6.309598134941082,0.0004754480703451563,16.63786820433643,5.346767326919632e-06,2.36067239725953
0.05069862459195023,76.38191597602076,0.42457118466852645,0.02443214510863453,0.0860620660436713,5.778784993596303,2.0990814121935316e-06,13.077851851120974,4.37442851063969e-05,2.152052738836827
0.02938088804336228,30.33919914668256,0.4389268828909214,0.02164406817222696,0.044292272812541694,5.318691270319762,2.005842766051723e-06,14.200574386363307,0.001564123179820922,2.24075433337478
0.03510235271490781,34.25143309445481,0.5749209118429927,0.02759093258596883,0.010182863452650393,4.112710030298317,2.9620838410724057e-05,9.417958645898874,0.0020765104048994162,2.391057489789491
0.018912307230150617,19.13019450181039,0.4735875915675321,0.02806300860082961,0.017124808564376325,5.099112607362346,9.875018692244588e-05,11.293938431350192,4.2127085852344485e-05,2.302354329976701
0.023398498624497752,23.146140619324136,0.41984895764834024,0.015932727345380853,0.010557873068980397,5.20165926449433,6.885258667851641e-06,12.995306569705669,2.026573240110967e-05,1.8803108938144955
0.04462578379189957,52.265733164203965,0.5894922578782441,0.02963894579726861,0.010429446907044296,4.229663933403054,2.8985507057241347e-06,9.177113076057001,9.349014687318657e-05,1.9462101239385747
0.027728308183866426,25.805178138648667,0.5915572824908759,0.027675866248395055,0.09896396688589425,4.728879412969859,2.1126267616582358e-05,12.203168268170172,0.00024346100368422813,2.3091391722017014
0.04304406660603983,61.64011778832202,0.47763196857574736,0.020489843788226172,0.031980326171188345,5.963470472901548,0.00012388175881136439,12.100882239827223,1.5357909958217496e-05,2.2875319790769812
0.034824864979111775,51.389603826834936,0.47608260942921393,0.023228661103960897,0.0426732680530781,6.254813295569121,0.004537878631783915,12.160390513184238,3.3200919276945423e-06,2.1500503940133915
0.02569433428480806,29.323664128392096,0.37479191126412326,0.01831357864042047,0.07921423655572363,6.391074841852793,1.984092999190038e-05,18.665939120994356,2.8443344559332844e-06,2.3499577036554506
0.019707026237998308,34.672166909530276,0.35706195016511616,0.014275955118795994,0.06336129111576631,7.72788098192745,8.038462268113493e-05,16.147849070527524,0.003149803053059841,2.344918240582751
0.010986289379159485,15.851150909422495,0.3878673591882118,0.012474424348747116,0.034983406070455636,6.545902738240415,0.00030312557804642974,13.87616737491738,0.00036964365251982676,2.5422300905855137
0.012035761457015081,9.064788073423305,0.5487823961026503,0.023413854604867102,0.016576574145972064,5.931147906026633,3.6889376002724435e-06,13.602941466909392,0.00014766182430892702,2.1116818883443536
0.008600776219201196,5.984467074142444,0.424675995332967,0.01574239376428781,0.01684046587817256,7.007787453373281,1.1614286207080545e-05,14.96562688330758,0.0005488909983562373,2.3262147043805776
0.061427696005642005,85.85060195601935,0.4776338414616072,0.01714495795833231,0.03609459348982148,5.123348487907099,0.00040802994197461503,10.82240169774569,1.167731705325922e-05,2.3023567535964404
0.02352602563476453,24.9560158850424,0.5348735694056321,0.02148915211790839,0.012799770520947577,4.865334814633364,1.4627875692830525e-06,11.2862050067063,1.6025945220199715e-05,2.186491209096358
0.0420389598563923,53.44111082267892,0.53051112458562,0.02653578104794355,0.010189726774746189,4.519488333138158,4.379584981686412e-06,11.40108144633569,8.443706801201384e-06,2.1287861479254278
0.026916070711635307,34.49891045739591,0.5844834835286072,0.036695849702497174,0.017222864893143976,4.9429500371492185,2.3933445913982753e-05,10.82015147017255,7.590945224569567e-06,2.1006985188970835
0.02584164879583571,33.27251127787384,0.4793139248169531,0.023544399546120406,0.047074948531423626,5.164464969535288,1.8941444660318542e-05,13.01599837547265,1.1739802520414881e-06,2.19100482088442
0.03131650457865924,48.43293082419285,0.4815587985271217,0.02759835686950157,0.05224063527908729,6.027154730464077,3.801677302389713e-05,14.397326858640987,9.724572846608142e-05,2.312340072978252
0.026978209822235682,29.433324309980904,0.4038362018373169,0.020532832443113554,0.025198677564946457,5.247486378698411,2.0319972132965244e-06,13.34043917628454,0.00011930137607335028,2.165456524225618
0.02998296581469039,34.23874189923315,0.5101568920495836,0.025739939433048562,0.015585429122984357,4.151210767249709,1.0112792142618267e-06,10.658801866107023,8.038845920137347e-06,2.520678820138496
0.03218541325626848,50.64435069457155,0.3960013755812849,0.018795038130341238,0.07704090980170993,5.9075724121715885,3.3380415447571936e-05,14.130079600291598,1.0310387612116617e-06,2.2579426874821027
0.014887580188329573,17.174253571171086,0.5151377920637238,0.030303300985505134,0.0324725639234996,5.147642920338213,1.8949690153640395e-06,16.054532835678238,0.00033071812223058804,2.3191630465200794
0.02235484786293415,24.53928229550859,0.5829115212351628,0.04390454352639326,0.01189747710868143,4.9747763781181344,2.1299324692139026e-06,11.149145237468508,2.300376358878002e-05,2.118980526525933
0.047875235187806765,71.248250761024,0.4946460339123653,0.02999038647366545,0.01848648133093891,5.488836275076421,5.009137241348054e-06,11.889317878682258,7.693340502277198e-05,2.193472035354563
0.037608899481555415,45.68081558593098,0.4984525178834958,0.02368556806831667,0.018599302672446635,4.983327276075944,9.480363628983326e-06,12.554707361982285,6.750390295273291e-06,2.242003227399667
0.06652369412052478,79.69431599297967,0.42019302286007043,0.01618565180131494,0.011221236178289134,4.9757740138633455,1.6894490190843451e-06,11.821464575453932,1.5276105181742398e-06,2.298864052059929
0.020585697891858924,27.858942460588462,0.20204692915749817,0.0037364655804279926,0.03976789544453285,8.337704706895638,8.745528380444922e-06,17.6953259281472,3.7808270904991558e-06,2.373772247562224
0.011295618187345969,9.846414821013491,0.40727121958701584,0.01819545789625657,0.03545783223729837,6.249787587131114,9.509119712447298e-06,16.090151248357774,2.5046929784054714e-06,2.084787150678509
0.028821018360186742,35.07205640884179,0.41634551359983835,0.019347635392929132,0.023424792973987793,5.190874122783523,1.0254230727664272e-06,12.539454980029248,2.416520974138687e-06,2.112060583475461
0.02300203914650871,26.801518109420574,0.39056134784038904,0.019340269374946678,0.021203787438250892,6.1328553063123055,1.1089913197936774e-05,13.323302777152763,4.3492904313271696e-05,2.0904576065472473
0.011635692134440042,10.72957109644921,0.5127591111890264,0.02907603995893796,0.015877387869139316,6.659364998094751,0.0019387401487241662,13.371165133028072,0.0009566054845628562,2.048162507999941
0.009358691960803842,6.708747770774527,0.5619373415988979,0.03442668904111399,0.011947630754852997,6.651709368577262,0.0017594512858494136,13.050561763579394,1.1374476808432157e-05,2.04951636284659
0.012554057814855957,14.587818193983816,0.4374625776474669,0.02371285312429355,0.028628972914523224,6.916709193256261,0.004828193851351482,16.974151985272385,4.6560863470364714e-06,2.4630667914777686
0.01733712664185014,14.578438261592483,0.5111802534935777,0.02491945489240742,0.01223485229719648,4.8566662644351455,0.0003535232033704036,13.306271837451662,9.220555912237416e-05,2.0615909140393924
0.018453770591078174,18.95439273467681,0.40855866841318905,0.01499937702870229,0.013974613596258728,5.302492900031243,1.6892669062381775e-06,13.455392033376633,0.00023711470665165545,2.290535333545511
0.01280856262855905,12.975902349535007,0.3733137636957298,0.013938971420292516,0.016122079775655402,6.249020946048464,1.0115094796089078e-05,12.575582054356625,0.0010224747470900578,2.0431014863407997
0.030100588615038403,29.646126487552127,0.36916123775180976,0.0136135872759663,0.011689482613677448,5.131386868511365,1.1444893894057427e-06,11.69911902084477,3.2206895427934762e-06,2.4413363731641597
0.009105148108711405,5.857090055697794,0.4341501798296089,0.022171505377686068,0.010673350411905203,6.686119053781196,0.0003621225117262738,15.078655274552728,0.0005273421071568167,2.272504357956624
0.007479520466368382,4.1311215761840385,0.3699069899793515,0.02021875590322853,0.011429517581689065,7.580183695034679,0.00013986026981395366,17.29136594787158,1.1719204403605892e-05,2.323552849512898
0.006254043104625527,3.995796323843372,0.42788654963530015,0.02840630757446481,0.0678725761974436,8.063974188963247,2.0581560594993077e-06,19.08637926701093,0.00010568618991038775,2.438370686961304
0.009084912840641302,6.11995020039865,0.4823563865939263,0.031223865550298623,0.01574326126878298,6.996752867474417,1.1894623958005684e-06,14.077516675298366,1.1304892776304775e-06,2.3040009702245237
0.010855200095083083,8.611196819726526,0.4435231670812247,0.025812067544695984,0.011410262899225535,6.490496485114198,1.0700740151035788e-06,14.946937960297863,1.2433540595164895e-06,2.360841352488567
0.012797915073492984,8.547760651272025,0.4158008867097837,0.021807437643606924,0.010981170058593588,6.2609919512098315,5.31143189595248e-06,15.804507825882302,3.691335606694322e-06,2.3235713804316642
0.010584863449724606,8.176574493565433,0.42059043951475356,0.023666920369287213,0.015109300716918503,7.368123328357954,0.00020050696056760534,17.31851553373745,0.0003118418065524566,2.498838032583345
0.006064072245060433,3.702598810566188,0.4481666923585744,0.029140106781647725,0.026006587033274225,7.731897103332588,0.0005145181648776637,18.83760800163836,0.0007633059672216393,2.283609257722939
0.006945995270810978,4.0326141135458755,0.34928628810910195,0.01660830449836974,0.010963511221914444,8.1140979216045,0.0019829861765357747,18.680443814723954,1.3396717024025229e-05,2.1654316943400698
0.019145297036606966,28.804409091491205,0.41737909843542337,0.018579933150521307,0.043458292437407786,6.472856266762356,0.0026259044698625595,12.56421294955586,3.016759628636665e-06,2.21052056435607
0.021627256329170303,26.60331856418634,0.5002144098252765,0.027936549452148112,0.01571032426352726,5.263989736553963,3.148932403402562e-05,13.028501997531947,2.0525261339610804e-05,2.206658089555449
0.01612098165351349,15.128839403185431,0.5823148784799286,0.035598148529269284,0.011878028474077472,4.856983208652248,1.2639536244165077e-06,11.904417645302285,3.5525951169726515e-05,2.2904785944581816
0.00622876528860121,3.7050782520767616,0.3717528694725348,0.01499537763708493,0.03238802228095361,9.122626868037873,2.0124329434526207e-06,17.17840513036988,6.059806008716496e-06,2.281144526200316
0.01500981815461303,16.38035083375711,0.4353050094116575,0.02382325654148832,0.013285490542292746,5.903981059360364,3.34127088649627e-06,13.34278216452376,0.00013480888225966998,2.2427545555297668
0.008554084506331234,6.244190637030094,0.4117713703727131,0.01659174194329672,0.02152887991253087,7.470847490723774,1.1497393418239101e-05,17.01795321940778,1.521593138201663e-05,2.3153826588110764
0.015011893230438049,13.190262147050484,0.3934513194709907,0.013534723881437302,0.020691488488386055,6.48018082321467,0.0002485501902422171,15.954990362348475,1.73425902695037e-05,2.388550450013868
0.020351218164591126,23.934338478617775,0.5164180429043281,0.031460396971054856,0.010930341547707396,4.572569345042303,0.0005528505285132475,11.350153358951006,6.979135240874709e-06,2.498476767500373
0.009707222468915514,6.158087807390836,0.4866720988983873,0.029376746762087617,0.014990657068804593,5.590840842250476,1.4488538981929987e-05,14.718373391975511,0.0004268834773809069,2.4029414915998144
0.008372372425344492,5.794396816257537,0.5972322254347228,0.036073430463403375,0.013901093675484468,5.433256755925062,3.0686909660605336e-05,13.670509515044458,0.0014760789289831615,2.368837853746219
0.008425073014043044,4.988627675240327,0.4374701716263045,0.02010020317620554,0.01530325754591369,6.04237022104822,1.6168700413561695e-06,14.509129612773695,7.426276759741139e-05,2.009983917255971
0.00787682777413119,5.337297106879399,0.4683247844095681,0.02225886417023429,0.024441646988966444,6.491795833482944,1.062680215013612e-05,16.43771368431415,1.9073416909613777e-05,2.0478709182102985
0.006913795964906833,3.886600179584702,0.494512898528281,0.02965016124632354,0.026648013936641915,7.005498389369158,0.0001089971994637473,15.659951598802829,5.034465434217269e-06,2.0483681291063727
0.01736530460164915,15.532652950879136,0.520842667308584,0.03126543003788716,0.022266754485603932,5.420819959417856,0.0002744063768636085,12.532627676195204,2.336982668447045e-06,2.218367495602524
0.03231303113273615,42.88447509471254,0.5254852033920706,0.02925572039881762,0.016495747739101455,5.2451403145153925,2.8664655119699742e-05,10.03186721413715,5.365924176016597e-06,2.1859617638622675
0.010376930965484372,9.239162575324942,0.39377953718390185,0.015209659104374175,0.011846217450371285,6.963427561785866,4.5884585753471755e-06,14.79128747962766,1.1983136124427963e-05,2.219212576737459
0.02910483927711165,36.944124295858195,0.593949843230683,0.02973144049778823,0.028821117888489924,4.9953377813986,0.0005047410497982643,11.294814823557534,8.002068124392353e-06,2.3084007655044876
0.03210010439744883,36.087691045067395,0.5585936905536375,0.02542875749544968,0.018138693172298482,4.705225655540971,2.830876664024505e-05,10.62497053501182,0.00010894536479735504,1.9158156885347033
0.02391018827065742,20.408645221442374,0.5504913417207514,0.02650174838258496,0.01006448115088052,4.506086709551208,1.1158832874663702e-05,11.68560404597858,1.7114612840643012e-05,2.039936591865525
0.015342046010344293,13.32096067350859,0.5554984230600415,0.023417769547653167,0.015089064366520293,5.378950489616932,1.5312222496631533e-06,11.903877627313259,0.00015602914275440302,2.1748455894834913
0.02040843272777905,22.36349581327887,0.7131220192543053,0.03913963935639141,0.013550031679535333,4.50123025263307,1.479229798177928e-05,10.591131776524255,0.00047475060926218456,2.087348784268268
0.01662907949652984,14.437479436334081,0.5186398863553334,0.029138640409432207,0.010374014256671891,5.95138786204943,0.0006174539566130625,12.971853401963925,0.0013872790763441323,2.2392148508183203
0.03346597831149361,53.32487763934495,0.4957545258887028,0.028400188955460454,0.03036027236554567,5.339570741225229,0.00019996731445893427,12.517574989264423,5.261057860256147e-06,2.586285578848194
0.020778887371044195,28.057907914106767,0.532300880441313,0.019781713694683636,0.02407351665383144,5.245785275010214,0.002559482958883651,10.088906586199498,8.08305314036853e-05,2.27921337546168
0.020337384354150057,22.48222633420935,0.6090086820691377,0.028875968188885524,0.017052213416770087,4.917708716914472,0.0029616462745614253,10.304718096031934,2.676427183222456e-06,2.502365900754519
0.01956729097472415,18.205209376561886,0.46354106066381506,0.020317541323695426,0.010268470309724751,5.373315513346626,0.0031370189738520226,11.548391407127069,9.334616692237806e-05,2.459132127249384
0.018430619390182514,17.031794827345415,0.5326453583870494,0.024926946429536433,0.01852358840004319,5.175876425855387,1.565198895150155e-05,9.722721316143582,3.827264174120272e-05,2.4373092668970258
0.01842470521572729,17.54281449528144,0.49649940961520406,0.024514710683453227,0.014383296458861567,5.680714278949157,2.4140835318472374e-05,12.74968190268594,0.0010681332647857777,2.0117476082753645
0.031635738919324606,40.25941487529778,0.593561271159248,0.03051845669345039,0.017534289629049106,5.460044113951289,1.5281984356798051e-06,12.205082759401504,1.6067319309190038e-05,2.383797487431887
0.020943037068418033,20.987459797295216,0.3465057465012018,0.015316141065272704,0.010583120306864155,5.774306794266267,2.6999817702117616e-05,16.327459028978677,0.0003345355780028608,2.236276302066809
0.03785117646969711,38.009908029857954,0.5758236311142338,0.030645590492326985,0.05491161753771335,4.228756822971098,5.8543403827613794e-06,10.739087580470427,0.000278827787935843,2.21956234154228
0.023045344607824227,32.514914650061996,0.7727122386463846,0.048331700095263795,0.042065852799384226,4.460487770614686,0.0043741072309130165,10.243437600452205,0.00012795617048675257,2.159716743293732
0.02481712089493862,31.94077208463165,0.4534180109146018,0.022234554347032243,0.015683933866816654,6.706560444390402,0.00214782683144324,12.027288611161971,0.00024542034547756636,2.2859055642168524
0.02448239647593521,29.485079889802567,0.3862894585239235,0.01397855939564455,0.012163047205591193,6.340693558194561,0.0017339605612668068,11.951628487401464,8.669180811830795e-05,1.9637991091332176
0.02638021414184797,28.07082551219319,0.4675136624916651,0.019890726461912037,0.03026438782762895,5.183798439281623,1.0907903183040207e-05,12.60448953655429,6.628694493870403e-05,1.997861222008564
0.013519949755546809,8.683619279140533,0.393640681913386,0.012874150849777813,0.02341318488969908,6.295601461523871,6.639377257627077e-05,13.427370218415145,9.83176431081066e-05,2.156557136725402
0.017475951851060885,13.72023843495564,0.4028358911042157,0.019943171956028596,0.024295482250205037,6.4689391475325655,2.2486195726566388e-05,15.673252723077512,4.6038841260736605e-05,2.1703410713460256
0.007939989950757103,2.754598526698002,0.5018856715925634,0.025540535680432234,0.01738060162804898,7.008267613805582,2.7791590028686722e-06,16.416325921902914,2.1328936126447255e-06,2.3572208192975417
0.007546003550306486,4.096028588693414,0.5355850322685932,0.027972799455847474,0.010424363377310446,6.3677726129235355,8.953732248071098e-06,19.46500900532114,0.0007522046748100018,2.296546114641262
0.03224380189313022,32.75113030289585,0.6386392784299243,0.028499794967829215,0.027819778365739154,3.99163715656923,2.758814616066484e-06,10.134006221896609,1.4002869321346852e-06,2.3803589672378527
0.023840559045538688,22.39552765233064,0.5251310920759565,0.023870170740462576,0.012204736327231404,4.672627249340656,2.0764825468900634e-06,11.347010995046702,9.03332737439734e-05,2.227340949099983
0.01543287455421455,14.568240171403817,0.5033402552548634,0.02705008787345345,0.016206896080337856,5.995821882008401,0.00016685781631191985,12.855422111272855,0.0013314690919926184,2.6597571437713006
0.042362975371009574,45.01362108184291,0.5102196100301276,0.02373903178066531,0.012933029291911003,4.857453432499472,0.001090096819376455,11.504754608145687,0.0004937066908185583,2.312839932963535
0.011383929053952682,7.636304007373239,0.4882453265374988,0.022178001599231716,0.012211874649083444,5.83213951583529,0.00022993967614299993,16.201208285751346,0.000193173986861778,2.3392390205103366
0.009608170753305816,6.125507664256885,0.5945550507418561,0.03249910403676025,0.01867747082756102,5.243049185186771,0.0002726312946183694,14.387854222355447,0.0010088931311178356,2.1387758358705713
0.02121267019065649,20.61173571328535,0.5031489073237914,0.026057114905007554,0.03451489165497939,4.666608575887339,0.00014339013281365322,13.213660762796346,0.00021121879378700715,2.3578622826861446
0.015651342668048827,12.32354149086961,0.5602630003977449,0.027493260716376644,0.015561261244283673,4.904709469699937,6.034741705647563e-06,11.799111801016043,0.00017614918360665756,2.4666086853680627
0.01896917306693528,24.821143810508097,0.46750716791128255,0.017704586896303456,0.09234573614473811,4.903367550406353,5.868688084558646e-05,12.214935397443593,5.328145452701794e-05,2.1260336340150614
0.039473838182099125,42.51992634710371,0.3768162696069307,0.015212129296801966,0.02686599102139089,5.656479371967044,1.2335248965380347e-06,14.125919812833839,9.406742189643197e-05,2.0208907257680266
0.00979803503027261,9.757985237158733,0.463583762370336,0.023586238331668317,0.035832869097237256,6.921093125772764,0.0052957392258546525,16.37680806296299,0.004118869508768885,2.3583430904384906
0.008605226484591333,4.0551283260031274,0.4174599928283023,0.02088259087587306,0.011914686016054454,5.760947876054747,0.0006369788559902909,15.1244272024974,0.0006253029934433405,2.413174771366216
0.01842634403858877,15.341768293131059,0.39104988229454585,0.01581100481995111,0.018302587256521553,5.888364048022184,1.4373859811321112e-06,14.37888461468765,0.00020891668525537126,2.158546737282792
0.015923333808137114,11.769282876167654,0.5107205324031677,0.024643743465726852,0.016970129796824922,5.142370463184555,1.4552092674601607e-05,12.30628134129827,1.7486166948287983e-05,1.9569671664005703
0.01780244409866066,17.418597574975312,0.6297534647290506,0.04016369456893346,0.0300208237406728,4.73514360332497,0.00022715622340026493,12.161939283052535,0.0008952033128559672,2.154185692467721
0.05557143058620118,76.79214459939627,0.4409525209128143,0.025906097126082054,0.02557748136332136,5.031144748197868,0.0017296791933604557,12.412544161662156,0.0003243460778423488,1.9279951983869397
0.020918549075725826,26.836787945366407,0.5152223638705717,0.030080319579761552,0.010951935540028629,5.3322104065582465,1.7893510838312327e-06,12.817332808369699,0.004437744212863013,2.687850907373738
0.01936698130418431,23.834164724611718,0.5509010088421478,0.031905613122326835,0.021397871556645798,5.329382771029645,2.9807774371476845e-06,12.434114880743714,0.00030903879678587673,2.6204378358165314
0.015972116269938195,21.479874128498,0.5707737206403296,0.0320295861666802,0.034614273994306305,6.219081301923864,0.0029829244092220075,11.575317053810636,0.00011903160346239038,2.55285808983209
0.01909944489755122,22.131246557936734,0.5950143933236063,0.026457499376736113,0.012378799576080238,5.105943679046111,0.0004211869700090846,10.599372439146457,6.879602603588921e-05,2.2921799370562757
0.01852248383436804,17.12137925416119,0.4458937127133643,0.0221760351004346,0.011786393986912048,5.185555659728396,0.0006701126057532691,15.22522796082593,0.002302959354380917,2.1986741161847783
0.02094518314059922,26.112349379505623,0.5289020829728693,0.025385903799127748,0.014466941647025493,4.97708791671336,0.002441686310731554,12.088661221845678,0.0012369928057998812,2.323285128727535
0.02405270350925449,26.304840677790093,0.5174069814529652,0.03162379573607953,0.010687500948745949,4.993974616557187,0.0020575605576304574,12.346238456659512,2.7019093305745827e-05,2.439840955994696
0.0139810472422989,12.02124448280346,0.5372892373597701,0.03322264849741265,0.012873649272852302,5.679486766927448,3.299010430274663e-05,13.848938767301684,0.0022971653460929467,2.2316060690867032
0.01736216114240027,12.347508515769846,0.5925521457300894,0.03227448596291373,0.01247449616565721,5.4908724003691525,6.742611695121645e-05,13.339340041435738,0.0002525220392829631,2.3296558244383565
0.01393915012751293,8.87624032640182,0.5475083471979638,0.022586493315417094,0.013493992152097865,4.352762124430633,6.517477179981198e-05,12.060226514915877,0.0015315178187102875,2.4715552717028095
0.020988351198085585,22.278085208297533,0.441350497026526,0.020084959122149974,0.010495867201294477,4.921817611996936,4.921323378596519e-05,11.200155872182819,3.656498743125233e-06,2.307895187160733
0.015172019894509739,19.733261446891184,0.5016208687789478,0.03997290486480522,0.01745301262967311,5.429804216718586,1.4296944528729907e-06,12.634277905871384,5.6072713719772615e-05,2.0930263229911046
0.011879039447153506,10.089419644397692,0.41778918526488124,0.023982086393980518,0.08148463334810806,5.799184500817957,0.0005565505558156366,18.608901290981677,5.488007150224823e-06,2.263184332080074
0.012240357887561688,8.28436716034156,0.5751806171344395,0.04029153309627973,0.017250156336058524,5.5018394814661935,0.0004432050618461239,13.67848780968112,3.871290063584759e-06,2.405804099465037
0.012113767509776222,9.548476861414839,0.48274775627794503,0.02515925273773753,0.01559359553749192,5.783973637999335,2.5841077385122784e-05,12.21161091772628,2.1484910234834665e-06,2.0936836663392997
0.009856604850088779,6.454902261896019,0.49868768441260886,0.024952987575733724,0.01776404959585637,6.571848107396107,2.1536439026004226e-05,13.924413114824192,1.167939426714591e-06,2.0241920367647652
0.00964380939392513,5.5509431185883376,0.510465122853608,0.029028343156133334,0.02270160130398619,6.212420045758589,2.469615045734685e-06,14.311048986792139,1.9459534223015137e-05,2.2414898489053914
0.00984700423711211,4.764166848849568,0.4768804060147762,0.025144208893103148,0.013340728661654117,6.11588108978186,2.800620157500844e-06,16.88730719937108,0.0005268646468819317,2.1325493787441254
0.014566789867631342,13.875730999920506,0.5446813797451125,0.0314431935874087,0.01955581063753486,5.847844604598474,1.4474953251499392e-05,14.017539888872825,0.0009497520445385055,2.2795723851870804
0.016603015618453676,17.833540368528762,0.5640817773192918,0.032133263791378035,0.01060415589250867,5.2493768704756505,1.821679559194757e-05,11.913058603754708,0.003853495651151551,2.194120496460354
0.020189273882637058,23.44709314931656,0.4826467893366455,0.021877620030023553,0.01359240398864771,5.332170356145672,0.0002937529497918498,12.28659288182796,0.00013880742391528654,2.190698104513682
0.03150649791298033,38.117519929478014,0.4851087598891212,0.024138784693989626,0.011439291917165868,4.997476247302823,0.0007073747228565299,11.36468222208429,0.0002504154890310309,2.3965232781028116
0.029416968014290685,43.242985608264334,0.4452215348055762,0.022181710694441123,0.014206271799349341,5.865750792359318,0.0009303378626949519,13.805722928951301,0.0015295622957439605,2.33238853846601
0.04177784436002316,39.224397929352634,0.5348470534969817,0.02270411411679253,0.010273194262052462,4.150446967911635,1.172298162426201e-06,10.81610510577217,4.122936609993048e-06,2.417060764090551
0.035909823539769126,41.48294751768747,0.5681210871551128,0.026254981941552718,0.012197994690946894,4.52060442464335,1.610399602920535e-06,10.440186703350339,2.262696568985998e-05,2.2072586028459407
0.01623513733203654,12.551270135211192,0.6202272047197508,0.036840526318688525,0.011201339662142935,5.012438591221222,8.312507970080202e-06,11.491753364898944,1.0866198666987003e-06,2.8244991291157944
0.042191210970440506,46.3138572809532,0.6187450531415701,0.02822850300752511,0.02053874371855258,4.589200443216028,2.30032865857056e-05,10.646488375660331,0.0003144205929119263,2.7111295462253895
0.0212179545358189,25.261110810867248,0.5710992924188639,0.021040601926094797,0.03176486327908851,5.558524436000948,0.002814970463687452,10.07879156182106,0.00011573098283229835,2.535710940766688
0.04707177531077749,49.789730395899014,0.48874931865745236,0.023559091466285424,0.01396610473507183,4.2952748370160005,0.0002560731599790883,10.609923567401669,0.0006212152320677955,2.1659612210234025
0.027061715655459426,29.34483148340233,0.3703371164444504,0.015126444043631022,0.027132826962144918,5.307102936518762,2.3253159135848775e-05,15.891313027829003,0.002023676977575463,2.3682219385099623
0.010743320311752437,11.944665452885783,0.3004368123561669,0.012719436914687876,0.023124047132845247,7.757866077718882,7.266876547483415e-06,19.710419636663925,0.00016683602136039263,2.1141178771124385
0.00906866353315093,6.900633987441087,0.45691922592598777,0.019355140688436048,0.01121607109178425,6.5620016007614295,1.3047089801831e-05,14.658785214651616,0.0011082994282294414,2.241402998642457
0.028911541470004652,28.665362244556796,0.49906258551973887,0.028338640482580085,0.013178435560604676,5.717904458942733,4.6193852461242935e-05,12.906352177704939,0.000495649711374806,2.131060178477568
0.06057779884459086,74.87741425947978,0.411992716885419,0.0212669003255308,0.015100771836322037,5.4945537694893,2.6245638971143978e-05,12.201221149681658,2.7691141465383133e-06,2.2492469174695646
0.036871457668789215,45.30034874841282,0.6084236922675855,0.02657882237802379,0.02026935537739207,4.164753348323428,2.791055341696555e-06,9.318531102010603,1.5306046809092094e-06,2.305003701929917
0.011973612759780813,10.264301518093601,0.4442988309033894,0.015996207267194376,0.01974193731399041,5.680290765835599,6.743959942222658e-06,12.911294632062253,4.5927378677404615e-05,2.404019872200242
0.03324213896601766,38.7999568995091,0.5466269421856811,0.02277931538212657,0.012134111515076021,4.656650123545239,1.33071078930127e-06,9.409441793143104,1.982985102322121e-06,2.4535232047310425
0.01753126483995014,16.940846792603022,0.513259931207402,0.023055824886695202,0.02253236553766193,5.144331007822304,4.980797145824013e-05,13.055562276557508,3.2891462847024696e-06,2.2648290736969097
0.03806919969654476,49.571458200991586,0.541836107655278,0.02458733034848723,0.020961556615027962,4.7884884172579225,0.00021382127096384159,11.562455839055055,2.677397036776445e-05,2.3172029004082693
0.029430395864037683,33.616660279586725,0.5554647769886596,0.029039162129147957,0.013772639543728616,5.00524957170744,0.001603854805208,8.822557601405261,1.6418688408270192e-06,1.9316963654413843
0.01695420390672764,17.78254584897069,0.43745086066116434,0.023570763390964068,0.016470432286395404,6.843774780030157,1.4629764282230553e-05,14.700572790646172,4.470651063452248e-06,1.9642466439663564
0.005827839268454595,1.8530370929785898,0.5398187561088587,0.03434534758392425,0.01075755406229955,7.236192783436553,1.2485445439113131e-06,16.72115305255987,3.3384164491862715e-05,1.9907068160750712
0.00592739296280496,2.5039402644877855,0.538508926379356,0.02969154081244064,0.01373175293808346,7.332915557015549,6.590737144549985e-05,16.320721761958914,0.000210377698066369,2.1833656391384033
0.013990961257479678,7.566648309307073,0.5883633292144135,0.0357922574180219,0.015785404701935415,5.569538770303466,2.944257672520082e-05,14.227470722891695,2.449241127040337e-06,2.170374373645331
0.013526845686227768,7.885101893666644,0.4709199899376274,0.023186956650385466,0.010815397951542542,6.418480437713099,1.9817371486665994e-06,14.963821418966235,1.6053239294258198e-06,2.2881270889282703
0.012329407833521041,8.938680724855647,0.5614775041474553,0.028928089136761533,0.014032353324052525,5.7972609795785495,1.096704471795986e-05,11.813247768649981,0.00041782041046396187,2.162435757998148
0.020314054029515652,20.452238622837896,0.46409957655093725,0.020152372207265904,0.015073682958746592,5.711859043351012,3.198666733887848e-05,11.54335242179259,0.0002159873533882292,2.2341341989167836
0.023452121358872632,22.735994815512136,0.4696212782474245,0.02319583515121751,0.010033181751085852,5.383910311917428,2.2714474532380932e-05,12.500832488288232,7.571094656706174e-06,2.2121727645454565
0.0792861327006709,81.65863903366868,0.6177732337452888,0.029283668003556283,0.010824423264100172,3.652777801474726,1.6255784805062008e-05,10.203293952561607,1.1364397826945475e-06,2.1462142479186817
0.011279056963419156,7.200046999119122,0.4506414074223898,0.028989053860496123,0.012979414907776755,5.862078765202424,0.0006310202361375308,13.857558528263858,0.00011985980621635784,1.8876334902302432
0.017251719061653466,15.503616277212652,0.4739637293256379,0.018941166323356483,0.013532616763587125,5.688184026813699,0.001985027303802509,14.224169261269298,0.0004523810091633314,2.406680837838375
0.026294178970944146,30.486078653333355,0.3927304128316022,0.014276251037115113,0.039591568608417435,5.591298888921681,8.337767828780912e-05,14.510889893568304,0.004090091855958994,2.065179824111379
0.03126141766604491,43.15580807350746,0.6982695341595178,0.04759759082362276,0.021466708414228625,4.740619642142876,0.0037953274965975537,10.48972470562781,5.067712712545066e-05,2.3216934496051627
0.021319235357813916,22.857905586788863,0.43889092393908585,0.02109913429844669,0.011354640062865894,5.575558483243252,0.0003853728412672936,14.305052389642515,0.001600350031159418,1.9673751797242245
0.05041569369919036,64.46640220046044,0.4937771426632642,0.025125030046670205,0.011893011214745026,4.973205318924875,0.0002919294038097251,12.83616083138074,3.683158757926708e-05,2.1942834950158883
0.021969930494314734,23.985951782671464,0.4185933112301952,0.014994009886376,0.012768408274183308,6.045922154861134,1.0251658062916481e-05,13.676736488791448,6.8786633187046594e-06,2.0906320166304937
0.008128222405873424,4.6068543501211545,0.3644451934462008,0.01227228168031898,0.02122575795772536,7.255961402969183,6.0274257143795444e-06,17.32429635323914,3.415328163815189e-05,2.156544784132658
0.015454634113237834,10.445157840993568,0.48975409296289385,0.02930887597388618,0.010205057797551731,4.909522570620104,4.76795832744111e-06,13.400472899944894,7.092008060729904e-05,2.0061806243862645
0.010179268862372304,5.81739564877511,0.4217096419422414,0.02429741147472189,0.010524585062867702,6.6738201668727575,9.468368633765735e-06,17.969451479985015,2.6570461601091733e-05,2.2351696690276657
0.028732169313351565,23.76886921128358,0.2792527594334677,0.008643883774059839,0.02863006760873642,6.903381760929985,1.0089803156584498e-06,17.184147743999834,4.813920834031517e-06,2.207048886049911
0.01532729093577284,12.709089147471419,0.4598713310324883,0.020319651251836317,0.01587350621827406,5.480873272945697,2.3534319095218244e-05,13.267780486177012,1.711194702024726e-05,2.162548141666459
0.014748652957052119,13.22583135498567,0.41734066961744903,0.017772647143805227,0.013565837258951182,5.49022555200934,0.00023582497407984858,12.841103165730749,0.0005202975562746656,2.347976386259321
0.012359916839149105,9.965728321838759,0.6505562068728569,0.036454796489440375,0.018010506610292947,5.080761699903132,0.00037881457738132677,11.337407270470596,1.128945884821192e-05,2.254976664515209
0.016365101103482695,21.09422804556685,0.34923455005748205,0.015317077147405968,0.02060593159712081,6.757989672965573,3.622650718596021e-05,16.642305120905608,5.123951409776599e-06,2.314569443888605
0.021197392386152047,24.74974209598171,0.30799021221432055,0.010244361833476738,0.011466572139155867,6.962775264291369,1.6934632811042568e-05,15.053296798175356,0.0002813274684985909,2.0668150865431834
0.018049590940181146,18.992677519108955,0.6322214921220985,0.038331280877521384,0.019789539537473123,4.796278329259221,8.622812554900178e-05,9.521414728940359,0.00027046234903400717,2.5719982294436443
0.012546937448126207,9.25320212971689,0.37762737162584353,0.019000775949719453,0.02203759820392989,6.271713709846464,9.608211198326831e-05,16.464546091352357,0.0014202232813331482,2.172226997757031
0.029441005826503937,34.30265776527794,0.2930683216431705,0.010181066795016566,0.03806559561426581,7.723336361381083,0.0006885012090228773,15.313474992026999,1.4443270728188779e-05,2.3837943956870307
0.021940803470361214,22.769055208270462,0.40061196251092845,0.020037945043797325,0.01707803260296522,5.9172927981519585,9.733367453755598e-06,15.583781348197608,0.0004130238441375213,2.5193483602997144
0.01663018840047216,14.130965940439323,0.5263953599254513,0.0319354335675896,0.02514388784397303,5.5059781790614055,0.0021392445537091994,12.224683270084242,8.524593131608595e-05,2.056962880892859
0.011955385516584352,9.172333340891985,0.506205117127222,0.02728640527244194,0.01098304166978348,6.743778357417164,0.0034682079408132832,14.203160361128623,1.95863786179528e-05,2.1168954559959
0.01424058487408352,15.173913715984625,0.44239541002829597,0.024542519083765237,0.02534219679782967,6.547622680936196,0.0015926682268072537,13.858772112832076,3.7908876288759612e-06,2.04554316227476
0.031983274612600775,39.10611443976467,0.41333482911899133,0.01669915984377566,0.01678413637313793,5.490514442676821,0.000327198891554807,11.97407668225746,6.2669027345425535e-06,2.027244689861754
0.01135994140901614,14.274836161780906,0.42986163532533267,0.016712713605209758,0.023650451828291168,7.65043802752776,0.005299511022458593,12.802051156845197,9.28105359511262e-06,2.3297855498489386
0.026110190048407252,25.29559479327758,0.4500431706456282,0.015827117335388774,0.014174157680266298,5.329586886738428,0.00216512331502098,12.045121478957398,0.0007100524510666286,2.1459788041441934
0.009608509255561755,6.411942184200215,0.458538851956814,0.01902655764575907,0.0103965622529209,6.638374763077709,5.452806537748226e-05,14.979459324526431,0.00017084225216331474,2.1969266624270154
0.011318355917894532,8.614066979125983,0.392645056381553,0.013429545233456847,0.015137273279179849,6.741725002629755,0.00017759653458256257,15.65842735028102,1.1923449845697736e-05,2.0550953460571435
0.02936659030552561,34.01182853119519,0.4519467725792542,0.020249560105845367,0.01811508338056766,5.856301339488088,0.0019860598455984095,13.478581182911073,0.0027175354032598974,1.8616521982206002
0.04363210452593192,55.48431701465944,0.47670826626131724,0.019512773142527754,0.023371778284004295,5.162514971183428,2.2659072093083564e-06,11.996353270406006,0.00025195952042683114,2.0286534097391127
0.01629781014671452,20.131462581979076,0.427868761581933,0.014990675880512025,0.04164270941786531,6.706029475993179,0.004778365383520441,15.30116339029663,0.00040192508671835567,1.9838643710021657
0.015008306914738076,16.630619825610996,0.4990203509213628,0.03932668128750749,0.1577825715934487,6.067933577081307,1.7945548264671062e-06,16.014407563503116,7.249004008499288e-05,2.2034172036256554
0.035969165993638884,41.354430332961336,0.3763840893270677,0.013260522997193453,0.02424628703287688,5.261116655239543,4.883446548254669e-06,11.350392096881777,0.00019644313146170136,2.0936659438113283
0.012909650058819838,16.107791212473362,0.3603174743852309,0.014396951015763167,0.017102837384695063,7.252529519973991,2.016492271692455e-05,12.491056375618818,2.2332718777593725e-06,2.3810046793532216
0.026645081493715195,29.78617635680911,0.4207888460303452,0.018651798472591408,0.02532840248449199,5.823906314195769,3.1867060719294514e-06,14.726744818224025,1.2874367879573767e-05,2.1934924266146543
0.04997835725029056,55.276057329169305,0.3733450809557884,0.013401478416966211,0.012141712187378202,5.826668441264945,2.3228501279513092e-05,13.657962017562653,5.2304690605424155e-06,2.276132920445771
0.01022207938999503,6.368771795882429,0.47103698310324904,0.02293684970576214,0.01605776730919708,5.0617474166416745,3.294536096414806e-06,16.58478433593165,1.06359602337601e-06,2.265239960382421
0.01918423590895954,18.817711406055174,0.5850933512595833,0.028003637739859855,0.03826379813672921,4.404409051865305,1.1395858520033329e-05,12.020189358567217,1.003339571291192e-05,2.4746337966670944
0.06706469729517175,94.56056848182037,0.6736557151224425,0.03539288906808316,0.059119963547637086,4.370494527647969,9.965332606444613e-06,8.984632882629292,0.00023533872641252432,2.374934868126465
0.06525193270438456,82.65338505526273,0.5511055446332594,0.02704373860387383,0.07565564737687903,4.709453237884053,1.0641081561261093e-06,11.364508442093921,0.0005599724653430993,2.4941285476154498
0.0466134278141104,53.288704508985184,0.4331033763513592,0.011088861748341014,0.019209075257132578,4.798980145332225,3.876893112222167e-05,12.1595441105794,3.0696057997212077e-06,2.4012641845958957
0.016250855778209,19.405403462096157,0.43094767613278856,0.021756629084872844,0.049586144604511634,5.817707149605953,0.001278385561238522,14.022216947461951,0.00012524113322034367,2.532183583193986
0.015844385368473893,12.880790754360117,0.4929029279670095,0.026138345238466615,0.02239489549105533,4.963447965599722,0.0009128360506537975,12.943854593357841,0.0009075750362599114,2.2233610123174956
0.010240595058280585,8.574701324835084,0.5483780787550694,0.032437956616831846,0.026839952207614527,5.8235587972125815,2.359745140162125e-06,12.601092572452844,5.0571560672490275e-05,2.042992988776562
0.02290785012473417,22.721225364472044,0.519564360407426,0.026123561355974847,0.03901292986938232,4.678124882831539,1.851462055254236e-05,13.102044418837297,0.0018573574890532471,2.486769605878271
0.015627710053899357,12.8793996945641,0.41425438961930294,0.017181184217372414,0.013791696669775104,5.9593769013203595,8.862424751291766e-05,12.539624497288441,0.0003062210205095378,2.2188586802968144
0.0365343306740335,43.81040283941278,0.42693049327013644,0.020529271144137537,0.023655106011827663,5.020961361832996,0.00016393839088498513,12.274430862892192,5.64181034626617e-05,2.0107258892580453
0.018526132198641642,12.03491643466028,0.40954496876985963,0.02276784111284373,0.015920785069853574,6.116941683416291,1.9277151880919562e-05,15.646708325532748,4.222993868152606e-06,2.1828406293868166
0.02345547075914557,19.844955045687026,0.5672431047208889,0.02852986901524598,0.016222968966271213,4.375348169856033,6.949044595263172e-05,12.222028579056365,1.2172444011725095e-06,2.276599531147434
0.007338890852720811,4.583959452516918,0.5349466058011104,0.022548321036481928,0.04545525807764502,6.786465964851027,2.3676008441704192e-05,15.985345813510156,1.0812913899696403e-05,2.195480910530006
0.006563988554773171,3.75789040815196,0.4487596895442055,0.020802729442795816,0.04744667148392862,8.217735517696308,0.00047288909644352064,16.487553689220718,0.00021556798434922415,2.3296336561669144
0.009320220700937337,9.00603911026706,0.41109566647301804,0.020548328599124747,0.03974484536504907,7.499259506275258,0.00019850544474792355,19.353003583359506,0.0013772527861750752,2.3584464608142235
0.012429776573081511,13.2480397217169,0.38549447811525467,0.017984718653191203,0.06915877283075972,6.8561061959507,2.6992462562468805e-05,17.506728521297994,0.0002768736204935244,2.298816703607595
0.012300564694527673,9.635331161421915,0.5374109377847732,0.03147113630401655,0.011305779469904027,5.7390997587234285,1.514555539650903e-05,14.091935428270657,0.0006814817941260938,2.3435723262651282
0.014931057311142833,13.119216014737482,0.4636043695470475,0.029035904503854806,0.015182622955138572,6.408142628347627,0.0001496239075124356,14.68916916697599,5.4274684580384435e-05,2.6297463292189938
0.02701770366239969,33.80881003877334,0.6112300988205382,0.028577819795114694,0.01261995846337542,4.331424829779336,0.0015824093358582992,10.990920501642385,0.0018581846998163224,2.2917537642615873
0.02725966232781654,33.76905729822518,0.5217214489247912,0.02275268618786844,0.026164561865736548,5.081089805588099,9.222440620855806e-05,11.16508265128925,0.00018072183687586123,2.264351809643766
0.0123460695910735,16.92456691613085,0.521833521840054,0.03075261563791381,0.058458557938990345,6.069203335661257,0.0034865696809929306,13.476092104912002,0.00043896650619066723,2.4371070555421377
0.018374168344943157,17.713152242508787,0.5154325009362225,0.029528185286230066,0.02455559253224245,5.373688020994727,1.72770182403544e-05,13.480221262749117,7.510538674195487e-06,2.431576972299608
0.0323052133210117,36.13523387726072,0.5303857786652109,0.025700658756338153,0.047578617409756614,4.508867489977659,2.1574271030766586e-05,11.187880467600067,0.0013581022497707953,2.402790420261936
0.011572764085259236,8.729823763827062,0.44135101329248805,0.027118950579027946,0.021945812982855042,5.809881128048294,2.6611911962429365e-06,15.232131164345123,1.7328181204797275e-05,2.138252651902712
0.030986009251403757,26.79101770177043,0.4630749632006581,0.01945065648781546,0.014345659937180509,4.6809328153135015,5.820475219875361e-06,12.305637749486852,7.294107018109383e-06,2.080531048218657
0.02501123979312432,22.883506077269587,0.4381768723072647,0.020058470295287418,0.03354555902391057,4.879068954779177,1.495169131239419e-06,14.443729363116535,1.0121151409371751e-06,2.217097441460033
0.015216234280145744,11.75996568452513,0.4206514139713323,0.017009126108031566,0.017832772332321677,6.26697020957948,0.0007817296036925689,13.229477592626184,1.5677282349917193e-06,2.0048076480350376
0.03795221179710149,38.93669874861314,0.35437271716081764,0.011966852172186258,0.015119097252172474,5.157258910932656,0.0002219273884567437,12.798500123092573,3.245742045661969e-05,2.1803409653329586
0.026529076030511776,26.42191835428124,0.530519807941069,0.02883259665808674,0.011592972987782961,4.813817596863675,3.424957546068909e-05,11.406025198172395,3.804801425746528e-05,2.0364559923098358
0.05380776350457912,65.11762644550709,0.49355633891044165,0.023730405838513522,0.01441219960532889,4.590926195866348,0.00010886288723634463,10.740993500861588,2.419928226270965e-06,2.1037214699703126
0.04938179307246759,55.47961060695314,0.4948429138155946,0.022548430077218108,0.010736653410863576,4.588373618838625,0.0001215677047719707,11.101192958762804,7.07681160957977e-06,2.074242835285309
0.036879652781106144,38.16251154736797,0.434720747024153,0.026139310658069244,0.011542792057477137,5.3505724259461,0.0005380657415390844,13.446307556038462,4.494684157889399e-06,2.217165768897437
0.04552552167936341,53.9588850000407,0.41358512929054414,0.019165629883564,0.0113424205265656,5.1648242623453395,4.5714412993361294e-05,12.544231992367049,1.9589958339698005e-06,1.9800319186749225
0.012625486275914949,12.77864207800326,0.3325278770480339,0.019202904286255356,0.01176076953565698,7.235346525132896,0.0008780482267478086,18.128203696500684,1.6514087055653506e-06,2.065485978247606
0.02715010381595649,39.09869913604961,0.5025354463384363,0.02765996660496792,0.04636588819693635,4.945569380285843,1.8690039199519175e-05,11.981087957838799,3.834125843275916e-06,2.5524629782364565
0.030366536459078348,39.68999246919498,0.6237845011790972,0.025785452450865155,0.01876344768306374,4.82137654411548,0.0001884429838661225,7.959099763122133,1.4992212115988243e-06,2.5719719497307496
0.05809687086083272,78.89030488251254,0.5733482248872811,0.025295592963669213,0.057169036468335065,4.799375075887195,7.023996908687858e-05,9.73567877723597,1.0115579119294305e-06,2.3983403947556874
0.015562684056915696,17.912999111544668,0.40124676663925263,0.013351561396953347,0.030378253535297325,5.883002683744778,6.034654398148862e-05,12.552983236448709,1.15414013181059e-05,2.3610863899126038
0.017696390671163815,15.606718539131396,0.4894822773959172,0.022783349643492747,0.013525354660409097,5.932172889901845,0.00042174031035163207,10.72833860501623,1.6305297635974229e-06,2.3323789542167415
0.027366122314683987,34.67805609042865,0.4292999542355262,0.0214224563306358,0.010886754907109091,5.650542796779438,2.0132694575016844e-06,12.835010498193556,0.0004852159004778537,2.1764186401519723
0.01605861462059023,11.982484032948435,0.36336015096861435,0.021989017087629258,0.011555401842898895,6.302377071495034,2.701327487019512e-06,16.357577584701723,6.291877667612944e-05,2.161222279553229
0.01450796753518711,13.983419292689513,0.437845484772414,0.020370611952319047,0.02328665971517977,5.638505256544447,3.518117161751491e-05,14.372480833157171,0.0011176315831316638,2.191988353109988
0.019964575071004912,19.770685426099195,0.4287210566590147,0.01948506688446522,0.013242897011912157,5.363203200536047,2.36929700423947e-06,14.927810516728805,0.004768961279190844,2.4271409704432445
0.016904726132114155,13.254205289965688,0.47875116454047834,0.022921426156138815,0.010669481822140479,5.353568963427471,3.6634487544789137e-06,14.818943860363527,0.0003819001329828747,2.1979681404643134
0.0187365978814173,18.140724661722277,0.5114829919377033,0.017490379450131963,0.01051989666389634,5.427553487890378,7.086143400926165e-06,11.574302936730069,9.83053279886621e-05,2.219129623613665
0.013645102354287482,11.912875521899283,0.5791948126153329,0.03164054552739596,0.016722413545981137,4.55151848503157,1.3134598849621472e-06,11.797305132888727,1.775605346419772e-05,2.3836744672279666
0.020895985241734548,25.091977091583743,0.5002330210346864,0.024308720541666204,0.04632681086502169,5.357619162174031,5.4408349833568465e-06,12.102637841073564,0.00042124213425337876,2.423191753137027
0.03099496539104654,29.246465713425845,0.41474917386666027,0.018932542678356985,0.02517255372270339,4.899927006936385,0.0009607071242002665,13.509261568796056,0.0002608443293759901,2.697128788266784
0.009845665727866208,8.876089623196572,0.4320541262325276,0.019854317768173684,0.011801017624744961,6.772189028163566,4.689134768530552e-06,13.471020592849339,5.818174006567073e-05,2.084498396663605
0.012755808530277874,10.876828616237463,0.4195322971444262,0.02158723113406771,0.01024303023283443,6.729026584644264,0.0006635104929830375,14.629793722435636,0.00012161691775181787,1.9667078800108093
0.019656958540814496,19.809924451149453,0.35050388499297164,0.013361785975640774,0.014900605325899015,6.83489739092215,1.6357630685573657e-05,14.289738788728043,8.78459318960554e-05,2.2339554842939013
0.047849482522454266,65.59058501244176,0.41495705696252727,0.015294428261303143,0.020802107747477986,5.207282646826569,0.00013532772503260603,12.302838463798112,2.3620238426077507e-05,1.9693791155038671
0.041747294295307776,44.52713457364563,0.484325795967121,0.02085117363047199,0.025425157042076343,4.615811732758239,4.3745183701746586e-05,10.56430818350423,0.00015863367456645002,2.1561377551115766
0.06086193081272704,58.617698961489495,0.3889256163882629,0.014672893916011825,0.011698283747726797,4.84924770807641,2.0364077914582748e-05,12.021923346379673,2.6618489156909566e-05,2.4270872497256684
0.016069734689006285,15.989053849055441,0.45283415084016815,0.013519609585340544,0.054933876203478116,5.523854312271837,1.4572944069630512e-05,12.246898284443981,0.00048382768667828616,2.387484769888023
0.016202948487037575,12.430945461042715,0.4621579219184703,0.018538356643925506,0.010422323542785656,5.395584238386771,1.1743465687129457e-05,13.847521154569943,5.1605019159720995e-05,2.5375955995819024
0.026523531394709407,29.263684442536974,0.4258656932428769,0.019092546655106745,0.012285446901404647,5.720881965965361,0.00020473914158346843,13.24862741756468,4.2279042108607995e-05,2.080879794442613
0.050668440688838905,75.16819549893314,0.4074940359383326,0.02359328653127465,0.046196497951668206,5.964254931408311,7.565175294088319e-06,13.672303060412624,6.057147009655455e-06,2.56590690548101
0.058284764367610944,87.889107360781,0.3740430486028873,0.015264340749789954,0.05175675002590852,5.997403660128677,0.00040201222846952833,12.839720767359905,1.0823188983360065e-05,2.21479191228243
0.022636142921465353,24.254882213711127,0.4745406867111077,0.02291111453276515,0.017454578404516245,5.526904158709856,0.0004840887003076439,11.969118881970017,0.000498961501615075,2.062166306258738
0.03167933987895703,39.622872810547705,0.4583488683599215,0.020574870710385395,0.026457031381211787,5.073280570401155,0.0010813800820008497,11.454530892873397,0.0026920793987479197,1.8997344365967184
0.04020880078476202,42.03069658743755,0.7016629223090189,0.035408671378390315,0.10050508479634342,4.049737577789279,0.0007313103016589793,11.02060250411763,0.0005194226029909199,2.3338430381377315
0.01265622644972255,13.027900144917233,0.33035071521232856,0.012056813680345276,0.010797809806218825,7.343954753265537,0.0022827333253228176,13.647498034521005,1.4143651516049349e-05,2.1125228897934667
0.09061611259365372,93.5922789346692,0.42849802687866584,0.021096692259578758,0.011460841392522935,4.566270432972595,1.3159848864005413e-06,11.52036272712077,1.335222955025885e-06,2.27548600270761
0.013723225936740887,11.772917541376192,0.6100605988063916,0.03736680303972641,0.021970557035250266,5.696980987454878,6.311029444253287e-06,13.500206482897491,1.3204256658912528e-05,2.3519653272231027
0.031503004517007695,39.088393585242855,0.4531075744654756,0.021092351685829503,0.034668707703609546,5.330034085700138,0.00038315911610490086,11.529671851759277,4.4908629901059194e-05,2.397091144248013
0.026340899932395433,30.58835548792916,0.5477216866253263,0.03002812131180535,0.011571323419480516,5.095140685056226,0.00011007351487868812,11.165980699887465,2.27716076833514e-05,2.308946360299478
0.016708229808050434,21.144730352790273,0.4428912607389815,0.02078327073591345,0.22784277352146268,7.1448809877314705,0.0002716878565121043,15.576800682615081,0.0007687044553237991,2.263925471548526
0.013508717252097258,14.106853224055453,0.4826862080723145,0.020105975079761168,0.033561518022893755,5.573128391714246,0.0007049259995018732,12.500437104816909,5.768953588670887e-05,2.304847280355756
0.032721831562154156,27.880064926663664,0.6213853742789223,0.033678168573064146,0.022594115568189972,3.517882070307484,0.00036397915815908837,9.56643437571565,0.0003276259029442252,2.645322231709385
0.023464177138120306,25.04043919990807,0.41630542349625893,0.017142695575592018,0.0647645379466286,5.150550771441504,7.265390973059708e-05,13.294454707089564,6.435351566374281e-06,2.6361253171662087
0.011987836652421643,11.078550095739063,0.44945624587840055,0.024038832395773143,0.016737845654466954,5.667928760256862,2.1384767297608538e-05,13.598222837672845,2.5998114057893363e-06,2.2995060948515205
0.016356867313748597,21.551435823998993,0.5179323399333409,0.024739597946354674,0.12524551804691975,5.6117297010663805,0.0014218193941288135,12.713343431179327,0.0016616573624614669,2.4011006042230774
0.02614177991462502,25.4752135918307,0.45666986416635996,0.021030514432578477,0.015932790641023657,5.071396943640788,8.141944398691361e-05,12.769188476644018,1.3264958746842088e-05,2.3823262893117323
0.019545984838481443,19.00781821068858,0.48274199874425044,0.026228842859698863,0.01943968913368294,5.571544421456742,6.7914553826786126e-06,14.338458996990916,1.9815476463000028e-05,2.048882587022657
0.024473744620965972,22.912443294483484,0.4459418287903238,0.02634067748392387,0.01866804100617141,5.555436961581382,0.0002107999596913569,13.671737180947629,0.001006613406366971,2.247712709645788
0.013727740459530735,11.844485680705134,0.43270801501540607,0.02014846794964983,0.051817044100842355,5.999324418624318,1.0921080021562686e-06,13.524534803789674,0.0014275091211848115,2.196696497478243
0.013367314033679197,13.806405520774213,0.4471799001452327,0.03019026613844383,0.021821422817260995,6.592119243771021,7.023510004854495e-05,14.768420807212529,0.0006498542818906675,2.116392711914014
0.00793963052838148,5.280270334428262,0.48129116495686214,0.02735667208464245,0.015619863561847315,6.433443818424478,3.374041850629372e-06,16.4908074136523,0.0003717505115247333,2.2366678327245486
0.02431423294760849,33.90947189604652,0.4648347693736326,0.028094473946445892,0.035735179268107424,5.21485388223516,3.449002695904065e-06,14.390116362020217,1.2010420062915679e-05,2.3626567513976053
0.011558914676148897,9.790067628588305,0.39493522397161096,0.018990433313547044,0.022450100179756915,5.564784859436859,3.088792086296579e-06,15.620881929894187,3.910790406884898e-06,2.3765051737841185
0.020332566103131073,19.514527053033145,0.4764277030275498,0.022802834406457438,0.0984934478262347,5.381805569456789,5.232343691473124e-06,14.483686312137394,0.00010133978711816238,2.198159316129086
0.02245954117597788,25.933462755986927,0.5390198511218217,0.024390152085628277,0.2706284076574657,5.737187662425906,8.210135735827903e-06,14.086033791773303,3.3682145215119965e-06,2.238708243456674
0.014350605786053938,14.60430603734356,0.513324494817084,0.030573149290852936,0.04627352169767413,5.697937688038492,4.2724327300805354e-05,13.14398712004507,5.631459806582198e-06,2.396150661120432
0.015357333468454554,23.555605017708544,0.493505122969595,0.03410627136583361,0.048351821603978606,6.282560584226948,1.1359208238055684e-06,14.420157098654503,0.0019795210342288955,2.286550431276144
0.014863369481178015,14.749998195426036,0.4690229592686297,0.021624767201580027,0.04828281045386321,5.433642791767436,0.0010229210997911306,13.403064511219094,6.364547799808277e-05,2.205101010282369
0.05158977412639161,68.58561490227484,0.38796926827939504,0.013855444341904624,0.02611219846829859,5.160493589955276,1.03428859328051e-05,12.990714080652946,0.0008016201541020104,2.77265808047059
0.03041556815202886,31.11390970698376,0.44207998566825135,0.021697143319430772,0.03255594202086994,5.211625404473194,0.002109486721890447,13.760653084954079,5.275778155682619e-05,2.471527944715757
0.016221365536273492,15.152373436228203,0.5183114699855753,0.031007637202063836,0.019440250286422153,5.2882497079729385,0.0005584466977196867,12.92741384856484,0.0004061970843291283,2.372465136673757
0.03071427449197564,28.0505871630676,0.47757100151670495,0.023181101386525963,0.010334140927670961,4.692072684372737,3.6413744395863765e-06,14.086408206306823,0.004590647458923903,2.522157357296115
0.014242020240363308,11.671692284411463,0.5688828064360206,0.028102258200637314,0.010243047216634217,5.0602393470824385,2.0821605626493985e-05,11.757553933882544,0.00027592922955588245,2.3630036003278865
0.013144003376133664,9.252283366805091,0.5283004493268657,0.027041507672754504,0.016362119504304187,5.067208634091331,3.242817556926169e-05,12.934454398060234,0.0007700852935284031,2.7173842569572098
0.012744494561575781,12.636522507648547,0.550624397946623,0.029242045992089166,0.016441247387836345,5.341372771137389,1.9856510575541545e-06,12.236357204826513,9.370103135593183e-06,2.101274301007231
0.016810253019971477,17.305730960480204,0.5689353043165373,0.03345805714298243,0.018493056553738396,5.025927022599986,1.126353990146732e-06,12.28311704597444,1.6105260349179216e-06,2.0800090419661204
0.01681195068486769,14.851678080050506,0.5458140013209233,0.030381747505160595,0.013439440766939046,5.183561640335852,1.8148603771190627e-06,12.17426373608107,2.0794402346923347e-06,2.1474358290452202
0.01635527836354014,12.38329980377766,0.4586226858492592,0.020751145277091442,0.012158077603508833,5.752080716827575,3.0548213827234144e-05,13.597222035995115,2.0420159971698826e-06,2.2174183596538217
0.021688304744293112,21.10218658854072,0.4724887544489335,0.021624350841595946,0.01242314072800281,5.265701736555612,0.00047383655699424646,12.903153084829468,1.0105646303283203e-06,2.2250782449252537
0.01930975302745484,18.53817765373568,0.5041229845808576,0.026655198974707354,0.022747402475263873,5.0986126125789,7.104264562279996e-05,13.328341111711804,4.395084154825635e-06,2.088760321999576
0.018179363949723512,16.616211038526508,0.4696606563195167,0.018589273194217056,0.014911820998174528,5.4153776668119695,0.0008004922734736831,12.939676841024433,4.138592539977959e-06,2.1930599894534994
0.019836499807700407,18.804248910122105,0.455245126611442,0.018513058038119073,0.01768404259460265,5.343988630529422,0.002431120348845488,12.46393791611311,1.596781536973749e-06,2.1393427123345834
0.027661635952233556,31.861840831227333,0.5450871150248566,0.03465533928916689,0.04518553502893744,4.815068663490554,0.0011920982156090256,11.27231545610555,2.7333814010644372e-05,2.29588890398206
0.02741485928194022,27.604047577090114,0.4496805541529136,0.02263313499517673,0.016565314187115487,5.31278037689354,6.0441504035914344e-05,12.511223040650496,0.0004109513097485522,2.28705974694486
0.07658175002821752,92.42901197520408,0.3972455996233872,0.014194630164589536,0.01685325856374507,4.4999814987503255,2.7539695429833985e-06,10.774723549584607,1.255861586651872e-05,2.3923164942885724
0.05194522305513619,64.00915870314597,0.30940491987130436,0.012551431848268527,0.010214795935580806,5.967820885390278,2.9448039270976694e-06,14.329644521192566,0.000590116313498031,2.598164952993822
0.03600202839300373,46.17704336097778,0.3941745629863948,0.015852757153592398,0.03246873645005995,5.722173181354234,1.8877709056096566e-06,14.012648767738327,0.00015577161509806745,2.1984798911560026
0.021865926633240676,18.723351046163717,0.5898122502466072,0.02769865921353767,0.06216994352211258,4.349129452948561,1.388993901668093e-06,11.324370713058203,0.0016511001444661358,2.1936926967476227
0.01180390702767884,9.851964647498606,0.470568577715366,0.023765077831837095,0.03300768518917806,5.74468454800591,0.0006157083334030165,14.366617226479438,1.6108586973616654e-06,2.190208103464122
0.033712516562694396,40.831589331739586,0.4965927555346526,0.023939229259397937,0.04932633248107937,5.173058664659065,0.002082124070463102,12.831240142031204,4.708256100873446e-06,2.057071727764891
0.023417237313395088,24.278433848984005,0.5195183906806052,0.029314244972463873,0.03984651317612924,5.1821368503254215,0.0003932479457866974,13.925506744145915,4.925233657103467e-06,1.9795274238643426
0.039522933051241174,47.05285134703983,0.41546889497773226,0.017674622079410937,0.03573817094098444,5.064574463924615,0.0002638963721482458,14.138424756710997,9.857995864879398e-05,2.1617879055800477
0.032792096389753646,30.644265438492862,0.39421454466610467,0.016720324190732803,0.013778295127986132,5.06758524170246,0.0003351389539191126,15.51481367124745,4.328987741126653e-06,2.215805827417685
0.04012059437745586,42.5184492726274,0.36999431828972645,0.014255145967305297,0.016153035525723808,5.52079115711055,1.3771064619277263e-05,13.499881277325445,6.3611828693357365e-06,2.4423642877003093
0.05362647718295565,72.12393726643695,0.4827998817648635,0.022003476525662757,0.01354838377629699,4.837865028211804,2.266366992874391e-06,11.8340052153306,0.0004901558967441642,2.62221657389816
0.015406869261226856,16.19095465175811,0.5663469845369709,0.03118303255878521,0.011178831540808927,5.30528420272699,1.0739814761014383e-05,11.781909043643312,0.0014952496787701258,2.420674623845944
0.010117867175622143,11.534950327088717,0.43107677923787346,0.02307796135633238,0.08068006833683261,6.894132435940769,0.00010242127106730378,15.306792264709845,0.00011289184328697485,2.034901902442414
0.027832331324150795,30.552584812639633,0.4542461732707097,0.020854127247448034,0.012890113039349909,4.950073198868659,5.3012427935144765e-05,12.755677502071096,0.0026369174544214535,2.1126714277162613
0.01691073719544996,14.696308761624099,0.44227382080477634,0.02367283024282611,0.04296666190489081,5.065959590309763,7.940839838553086e-05,15.415727490160988,0.0005969341683558238,2.0288458055103455
0.009193122489471824,5.625358257032264,0.5131036879010956,0.028191251187877825,0.016078592902976342,5.4979187413463215,2.5616211633133886e-06,13.903229960554288,0.0009444964362845612,2.073458702106337
0.014238577910846198,12.037651343650692,0.51432060245332,0.025375453622146563,0.010106413262024645,6.047517392522975,0.0022494274318622513,13.087073888409556,8.060396572299312e-05,1.9181130232139012
0.017752866127523248,17.722423265447187,0.5231747349913558,0.026463161614280764,0.020364695701965637,5.850984213342172,0.0012197549737424374,13.055398923276483,0.0001277387519207501,2.0539136295379143
0.013669972687634447,14.577628132282564,0.48828190602532395,0.019218773979802702,0.026030915925704733,6.095458350421324,0.0015839755197484173,13.526201523689375,0.0009887542736557442,2.081219678080816
0.0113497038200568,11.8301006319776,0.4414080868394956,0.02135116070246671,0.021424704768272747,6.337620005653111,1.6124019726520002e-05,17.363831321166224,0.004495066418387159,2.433690279925126
0.009975059157565202,6.26229196335974,0.5350736127771847,0.03195969891512011,0.022361622339401796,5.44652132788112,2.3857425818553102e-06,14.238159419180242,1.64783064704786e-05,2.248576165824887
0.035626586688288726,43.338377059976466,0.43749170008247146,0.016754202152206455,0.01941033135352929,5.5717766929792445,0.001019346285978374,9.879772237383662,9.679496577525949e-06,2.513922099213907
0.051231934073396594,73.98087599020823,0.45475463389487897,0.020877859524537672,0.047740841477779745,5.3753999223793025,0.0001101015921662696,10.84070362691887,1.1534199849311298e-05,2.206727283271754
0.022965150906585102,22.79739959191934,0.3865865598360402,0.018607748068217318,0.010165095643460346,5.641427792811454,1.1544218177369774e-05,13.455921694920917,0.00017416745371124333,2.036388933780441
0.042240690217705025,62.290044761197386,0.42585586655531843,0.02754751993872981,0.011166370531828552,6.070438924463869,4.451198337057195e-06,14.776762255338006,0.0021762230788244775,1.958451357761837
0.016370912432247864,18.589825719734087,0.5050119335148852,0.03283602674029085,0.043987782306677554,6.108092143653643,0.0007304863015897891,14.728673700561588,2.516034979507086e-05,2.3071977277723255
0.01531346802767599,12.573552346462577,0.49262814391445353,0.03380113701039595,0.011764473243603451,5.811607755626618,0.0012383892155928256,15.189801745502072,9.837591552161149e-05,2.1630949900711034
0.014635058808329632,15.163744622605142,0.5107418285578745,0.026563846099402856,0.031160609700339154,6.42554302487233,0.002883833310689008,12.861104472773278,3.83666493413288e-05,2.111381120560845
0.04362496115178229,42.30511428467333,0.5499492671133076,0.028021787378969248,0.014792031742683863,4.4082282049793795,0.0007006295012342959,10.387589913196782,4.5103935788537295e-05,2.1367294122690814
0.036019635813648546,31.90596746571923,0.5091528541459907,0.025595635406001467,0.010809285366734018,4.20085334001116,6.810355727819601e-06,12.806635714069044,0.0022726035558726745,1.9904978528903885
0.015122028319422132,12.435101128016107,0.45029466472580904,0.02138552200431583,0.024356465776031077,4.916737636191542,7.940289605907701e-06,14.663403890482343,7.1452106794790896e-06,2.058072356942763
0.011524252126157283,8.72740720404542,0.359028952912793,0.015618244320793211,0.015207510294878991,6.317837490577542,1.3564262694501964e-05,17.181722720932576,7.246566625163976e-06,2.329116219975354
0.012136867077373489,11.526990163375912,0.4117359868512274,0.022515909446265477,0.013283544977102478,6.899922336539929,1.2482447975059797e-06,15.639129014432209,3.531098722158981e-05,2.3484757966799688
0.014879981258613267,14.872145181746362,0.45829290246658866,0.027749219910640333,0.014571501947590866,5.8805734348716605,4.2272038399479315e-06,13.298931820249697,7.080229927708004e-05,2.297677178876833
0.015148185263957474,10.89571933479663,0.5684133978869595,0.03777438171112767,0.011993810272638447,5.758441515845663,4.527326559029237e-06,13.518724705462406,1.6377901027315028e-06,2.148982788498094
0.031624169642216406,37.17023508090802,0.5054404744284839,0.02643019343342582,0.016505851655545606,5.140339955327768,0.00029061107571974853,11.340333845820755,2.001716462655922e-06,2.2297352705264726
0.02035534668767773,20.66985754817239,0.36307438858789925,0.012621034651648924,0.013483492951637916,5.796295810362596,0.0017845762269902928,13.155655239525277,2.303135931094851e-06,2.2500590205546924
0.010256221508472146,7.570673604052962,0.39767885078687043,0.024193499330060226,0.011742472417768721,6.309227907684305,0.00019470473535113477,16.990013442337222,0.0002663031422876965,1.928132163957211
0.011469755727315296,7.879485064934691,0.4522556286890583,0.02999536446763133,0.031984772530404784,6.083991613027081,1.3471988039638697e-06,15.955525454877208,8.12377737842315e-06,2.272511851105486
0.024387750396369836,19.603019336881403,0.501247508807748,0.025803310174072145,0.05290615879675147,4.980373649701402,3.0044264748840688e-05,13.631890027698304,1.9108493688852962e-05,2.2011527233627914
0.018282891459779908,16.42897633865939,0.49094870410537805,0.027902977298089073,0.04120289352058625,6.046650954648161,0.00012732427031001737,14.061276298480777,7.281267999270916e-05,2.2707204291536125
0.011882811595919198,11.848245092022033,0.442671910039758,0.025468075605558284,0.045197940002299646,6.176550270905138,6.66868276879468e-06,14.010032135306416,0.000573914399546808,2.4431096998617305
0.01991331342802693,19.464989638094114,0.3362603402626076,0.01839252087397097,0.01185397471625308,6.875849122272114,2.959941872829003e-06,19.03291412690943,0.004282571613033822,2.39426655869919
0.015737247891972228,16.99857680539907,0.3619499658541495,0.01999271483462133,0.026914443964464418,6.822701790034923,6.996415144976054e-06,17.067488544788805,9.823782723516968e-06,2.539546254130693
0.012661641659008486,11.291274257334372,0.41408122735312514,0.021947346161229963,0.010532536127920638,7.073686441658574,7.432714218205918e-05,14.373544898352684,1.769975475822255e-05,2.324905811695189
0.02184132679943123,23.49051861348882,0.43007915627429344,0.021438895925613207,0.020270210486753037,5.903703619930691,4.26136343773254e-06,13.024642547088808,2.8779656655379854e-06,2.540140913874947
0.02213612805611628,22.08375700329342,0.49069683396097796,0.026746880339132775,0.016174599646823544,4.939428600995242,0.00023155599562026477,12.351557343878055,3.9424066386172385e-05,2.61917738029327
0.013056755890949057,11.06361050045335,0.4652614654657744,0.03284776395453311,0.01042925838944855,5.904826805656493,2.4615602080580806e-06,13.901929440263636,5.11648860653779e-06,2.463430618054921
0.023763309852947993,27.79682907826487,0.3114963893381022,0.015449696043026971,0.01150182306077699,7.089261057064357,1.798987523665235e-06,16.721787897960677,3.6717055840041386e-05,2.3111995367606335
0.011750202528911687,8.742409093210433,0.43096552084204687,0.021980672842647028,0.016689400070082173,6.982464113436427,0.0002149174770842092,16.56640175775784,2.753420047857908e-06,2.1934078887285704
0.0059263920797610935,3.6719551807641047,0.505115969167882,0.02690617775120643,0.029249504093718934,7.524284390967166,4.130234899682909e-06,17.14429444935423,1.2262399880744428e-06,2.188949279745524
0.005902643461110872,2.932948699310522,0.5069280564804484,0.031103999187454604,0.013564456986757711,7.202524233930105,0.0011056482942788518,16.193383859150124,1.969163133605691e-06,1.984836029298877
0.006333002024150387,3.805126107792992,0.569653571988703,0.036681426838879275,0.012541666316694896,6.771554650817162,9.858215889904155e-05,15.13454807286864,1.1850727815389254e-05,2.4015741025036355
0.007716127252948078,3.976093531640546,0.439132762251217,0.025784845401519593,0.016466487138151794,7.379345230749021,0.00022446416688119583,17.34662215053537,2.7172423278855834e-05,2.3200556613970393
0.012368259165683208,8.701716888251578,0.48459099438776926,0.022501971420585642,0.012954388022516713,5.944432267581481,5.259414215580069e-05,12.917984036410807,3.804151007090606e-05,2.1989011974029236
0.007358126620760596,4.8538753911731884,0.5784118037523316,0.026488147259012215,0.032834024583765956,6.43997665027652,0.0012329339214775029,14.15681058863461,0.00044676220050926497,2.4429525487017694
0.020355698555821707,18.474386817351974,0.42951174984571955,0.01652602842458131,0.010970701082122374,5.016584206594614,1.7796193304835386e-06,12.903476513014532,0.0012762331079718,2.3143847835167435
0.05661605620103808,76.86594859898503,0.49493631529053944,0.024107827267606834,0.011771285333467213,4.5346605803349025,5.566145821138702e-05,10.446854625296886,0.00039476562328857786,2.2403597370814694
0.04808002825020047,48.20511981136895,0.5115234710835492,0.025708079247479254,0.011957781751220012,4.471284580236024,3.240169335238109e-06,11.264202742326505,0.001800509623667128,2.154354849677157
0.050462077077368474,54.5899537403878,0.548116583637172,0.028986711574861258,0.017120083249769612,4.175138457421402,0.000122762323380761,10.770322551424979,0.0013816660450017234,2.2682059270390322
0.0717113408884835,81.06047165233919,0.5401261545738509,0.026260750628899873,0.010115719769439814,4.3871577857971555,0.0010636554696967007,10.987784709449144,0.0007278167404976533,2.1889838945915074
0.0653771054154204,67.95081600551812,0.41799724542185374,0.015913125204161972,0.03344289715911098,5.2437629450747245,0.0003519182050393095,14.318728258665635,0.0004000825061515701,2.2592065616568537
0.022340682349909345,23.377607138746338,0.5661389890461157,0.02786832849473903,0.019793449557595877,5.328237417641207,0.0027833829444087986,11.405271960718297,3.562436038919768e-05,2.129421972944551
0.021405529410205456,23.475103097237145,0.6109699305206148,0.030084313304308382,0.01796478275187299,5.173126617905974,3.3771926259738986e-05,10.618744678173217,1.8897328601173256e-06,2.228795771705805
0.06630123438900863,90.0606517879742,0.49563274233312216,0.023437649284469547,0.028988162607066846,5.143615382445232,8.140912329598003e-05,10.061910763220153,2.008962375584781e-05,2.384806982135307
0.01615552752490382,12.334625975877001,0.5785990313547302,0.03277006278238211,0.018694256855099185,5.000330152780068,4.14802800921222e-05,11.180871304131681,3.92171316646264e-06,2.3498718568867623
0.01625914542276161,14.008155154877095,0.6815454837451768,0.037345728373415155,0.03313379936357902,4.833764136966628,0.001076273142581391,10.642327227707899,1.6267988989450068e-06,2.3380354013283644
0.011461498101259598,13.721456293523731,0.36762964782723845,0.019217822998827176,0.010232808316483087,6.20043751229691,0.00034270925154724003,11.92098893376988,1.9143007644886786e-06,2.0255025700217177
0.04823781806594454,74.79207921117775,0.4017889373824675,0.015280886580560683,0.04478000315452883,4.807119199907708,0.00042987088146851754,11.179693527307954,4.586392338819469e-05,2.3077490910046743
0.03692656376976419,48.64362331798818,0.5045761872741825,0.022464994605013507,0.04024244547783466,4.009521819524372,1.2394320783257269e-05,11.502071923632744,6.800759406832055e-05,2.449478994759998
0.037023612322940797,47.15092130560087,0.5399751031139308,0.024710374516842895,0.015278911973255357,4.454279150181268,9.152765850916094e-05,9.405541107340927,5.761043622193932e-05,2.4912161462232136
0.06233761902376537,86.75074087469767,0.5926111300565904,0.03660962977126919,0.0541855778402685,5.1025389418280085,0.0011054542671019914,11.352468771095808,7.865677492770628e-06,2.4143641153144024
0.03487111643391904,36.360267070955565,0.4930791068531847,0.025870810114230983,0.022732555859632703,4.800511189161861,0.00011958822642582119,11.94666785726821,0.00013738260435254066,2.359660535182128
0.01709997983065695,15.646391412179646,0.5253627669948059,0.02912575674062268,0.04004912537508689,5.3094841156063275,1.046967992787519e-06,13.994463901133134,0.0002911691092601457,2.218496113673709
0.014932547956977156,15.036368560326883,0.5115472732459596,0.0269681613685789,0.14238247579456126,5.926695742433668,4.49704602462156e-06,14.11039680708717,0.00011359761605706868,2.512141803874966
0.029074301633178642,24.389233549132893,0.4386500133109604,0.02648952292734904,0.07586362115535705,5.602714920762936,5.760929524258043e-05,14.441676438485995,1.832487518961423e-05,2.180708196423097
0.014789579993116397,17.312822400888358,0.5670479633602915,0.03818716579673085,0.05599497905964519,6.104741211503134,0.002277566852969197,13.934213808255342,0.0015527769547009004,2.1784952760942566
0.01576262321636327,20.229414446533383,0.4649489429112484,0.025336054881738047,0.021180109035613588,6.440033106305785,0.0024027760040040763,12.85479319437676,0.00024477812440473203,2.1614878218680587
0.014764481310600621,17.896347883915205,0.49148299132466383,0.02014676178842468,0.01358669537194219,5.785319248658452,0.002921965993545077,10.841795293143383,4.3582149366526015e-05,2.220395041865752
0.032848821277890135,39.1350921280927,0.5214480301580187,0.03254467891085089,0.029716126591991097,4.293823711908124,0.00037799989278915246,10.38739128895807,4.2014846525887767e-05,2.387806730157327
0.023991973854149945,21.979953253968137,0.44083738293165753,0.020044945915242304,0.012786625232285317,4.979231881853482,3.3213703877598245e-06,13.030215288608918,3.7736845296371946e-06,2.3256499511154822
0.03287699217314644,33.443297772522875,0.5241043231413264,0.034055108306432935,0.023092201085391336,5.094134949248372,2.7518078644264267e-06,12.813978133751643,5.694676721258182e-05,2.469852266094168
0.012253094143796358,10.731930371710343,0.45767141140378664,0.02407137049452949,0.012134867987153946,6.314387130058354,0.0017182753182595136,14.498643792005844,2.829543610003511e-06,2.0793656181756894
0.02896942357719548,30.137377728648634,0.4993434224299489,0.0248958626106133,0.01031446250573667,4.909809017803236,8.163450301791722e-05,12.520763424959082,1.1422432427179524e-05,2.0654676181401928
0.026948174404740097,29.173384887298457,0.48233612797698394,0.02178013433599015,0.02325727008746356,5.23910018733359,0.0011520647538759475,12.489043535747424,2.6727151942611925e-06,1.9934756075111464
0.027777762786855634,30.967301148316647,0.5713874880415549,0.03294567094387844,0.027064267600839773,5.160697640376539,0.00027569159216512374,12.397227019824683,2.2230947090458818e-06,2.2471035649120195
0.029947013966182965,37.34417717176254,0.44416484167328046,0.021188588548327798,0.0233367677110092,5.55333186182633,7.2541008500553824e-06,14.389378062979494,7.45642376266868e-06,2.3441838192175264
0.016685631750566206,16.063057879045836,0.5759267638386947,0.03644333988426719,0.010215504125582192,5.152031601822136,0.0001147400351788071,11.278984168151277,7.708592479754785e-05,2.2670895299555105
0.04623882528991443,54.91928131566679,0.4052276558019573,0.016554451846206974,0.016280873442785004,4.603048745262277,4.199846037066883e-05,12.559647389215664,0.00047707936104529944,2.470371537613917
0.02024080846086236,18.5898510236232,0.47433782565498955,0.022437055833549435,0.016747345505885615,4.448730536847547,1.3931880635793069e-05,12.93254843880135,1.724647828317938e-06,2.28304354077823
0.02008861391090935,16.591908115017105,0.4988097370251049,0.021619327846224282,0.010886912534222082,4.7946668823968155,5.760750321908708e-05,10.902845358512982,2.0501399985966904e-05,2.518069774695465
0.016138557881526537,15.659819112915923,0.4797912478175548,0.018527990418862727,0.036926585178815974,5.228460468011901,1.3104677286433463e-05,14.1274755472768,0.001179250308431133,2.187880101332116
0.015475193913362665,15.169672169496476,0.3675660544552143,0.01433864712375167,0.01896233125647239,6.673893622942077,3.445669013867119e-05,17.759802880480592,0.00011212290742845527,2.4545834558915174
0.010828566153994388,12.440458743512517,0.41642511484126826,0.01861166476155593,0.05069691942773295,6.203075274534524,1.272978195681016e-06,16.026700688944356,0.00022676939792678298,2.16342125259757
0.023939281152908897,22.249715761972055,0.43976075788902624,0.020092757597788936,0.010417976840660743,5.374473327385279,5.292221685179853e-06,13.779762647560876,0.0011240400545075588,2.0274997154421315
0.0439607224692936,54.31414173535874,0.5166581795783833,0.021219525533642133,0.010953701056211707,5.080817537945875,0.005490175326690388,10.749427284439744,0.0016818483232033824,1.8532693399008082
0.035476617612676314,44.784133513428046,0.5388460053531453,0.02282026469592726,0.024244601573048082,4.713691481766365,0.002777564348607236,10.991559121608942,0.00018496414495500958,2.4808500800633193
0.026933366069728314,26.473672893256673,0.5237365962161264,0.02986562809164056,0.01964957478084714,4.358507468684112,7.673905431246254e-05,10.95226093008318,7.313221963241412e-05,2.260384838958131
0.03484755337279637,45.45676152354779,0.5428704936401253,0.025186269518997103,0.04893802521592956,5.251852270084786,0.0024561829547457364,13.041673881445622,0.0011142819642671693,2.5133080623523196
0.012069471571695346,8.597208376429352,0.5416234828581633,0.02699635879338784,0.01172045348296359,5.3083541463256,0.0003985593286965875,13.156398693387077,0.00019809615857425397,2.402280508962648
0.018197120196333308,16.04034588038989,0.6845624260660534,0.039488774127162084,0.022132006895177306,4.268099917870256,0.0009393645185234847,9.834393866648387,4.2033641278319274e-05,2.5649420835597883
0.03548381302199175,37.552046785282016,0.6355977866067521,0.03490396644236146,0.013223879848693214,4.016043838271651,0.0004364441953423218,10.749218629969095,0.001709645307134016,2.4224089909663205
0.02089050955916375,23.19381139774453,0.6100997656836549,0.03183056039884112,0.029152077496994253,4.808876001132562,6.778112050919278e-06,10.862036467217857,0.0002214621347367842,2.1779771498468348
0.011356503523435077,9.823256514969474,0.6650844496466364,0.03914939631682571,0.03235514978925625,5.231817747826908,1.937435255297273e-06,12.62503251722941,0.0007994536399518555,2.4466446841174156
0.017264215995749566,17.245509998928632,0.6149322968082669,0.02732279688052905,0.013747090190810758,4.952296856247896,5.827447918944586e-06,10.714629521652762,0.0002515643622773171,2.2516692504419713
0.024518943717911895,35.95406957490419,0.46283663002305414,0.020417547740074024,0.011002307290759255,6.455256988492353,0.005909386959575377,10.997211711598698,0.00018114445313592106,2.247159161014096
0.009183283223628061,7.2036526058401344,0.5002502707130726,0.03630830358169188,0.017869893920943274,7.251543106296852,0.001070181682867565,15.348271146373106,2.8782182960099226e-05,2.4926489154883824
0.007053839787962597,4.319564530898626,0.4897786673574444,0.026755097025680522,0.01030896463983737,6.4150771115399206,0.0013582343571716742,15.851435866941591,9.131109246399975e-05,2.035429555776024
0.025353390953320808,28.43149764249701,0.35983017876595275,0.021594360635590552,0.01932711247927765,5.569771889511422,0.0005837959280920167,16.394001919292183,0.006291561613182838,2.0392001057287095
0.02231528617689612,22.765732214539458,0.4525434317805794,0.021932327613292224,0.022131282351282002,4.697444604023727,8.39325813504876e-06,14.382389818358918,1.0374628983774247e-05,2.3389658955857557
0.0259863809274789,28.91980509014116,0.37687877357580846,0.013752849996005885,0.028695929549132616,5.837400039747418,1.6105257743217459e-06,13.524625205222124,1.1604883260345088e-05,2.1444420018421124
0.009350847213001638,6.300825773709084,0.4239766149944257,0.019660191749096115,0.010359075861708549,6.344010444418661,1.258128626334715e-06,16.091949773634106,0.00010619659004849488,2.3033848664300014
0.009444813656049728,6.654609674168912,0.5298950891495969,0.027741495787368474,0.012772423651194225,6.216771360747199,1.9389517046116397e-06,14.475480596913686,0.0010063687849952304,2.037831911582184
0.012133406840510692,7.58520001182034,0.49398696022686756,0.022602799118088844,0.01343159096590151,6.798840911604836,2.051505828502381e-06,14.082681374000423,0.0005427558164538927,2.2694131871190724
0.013942055786790955,9.027194012132458,0.5201696053023204,0.026350748733050374,0.016003308011900457,6.034169221562539,6.61767229428546e-05,14.932932982931233,9.68423304603944e-05,2.0573537275697467
0.011082823568578528,6.781875737649913,0.5190140153730817,0.018983609946497653,0.010744392341618118,5.543758001438149,1.8945122964337098e-06,13.680778658732477,3.445913936544637e-05,2.287636136783415
0.016323885391100367,10.782022367032862,0.46934553011592167,0.02436144930781781,0.012803157806946417,5.356273867585941,1.5557440047426473e-05,13.793079607166826,0.0007900003520129959,2.337226786951088
0.013843056427588157,8.744486179505861,0.4218804749159851,0.025641865511633395,0.01402389067359719,6.499861782224864,1.5635342096950266e-06,16.67615864961606,0.0001203258210086152,2.3285964874947283
0.0367243642259806,43.62465527875183,0.5709865879427845,0.027877135337661986,0.013519711016974413,4.786289616360699,1.9573131143205573e-06,9.339382414887467,1.093476863553571e-05,2.360503905347443
0.03597078363124655,40.694160164652665,0.565467634876749,0.028625016270199956,0.021463407106226677,4.497009830772048,5.579913518914382e-06,10.854923509917178,0.00016807300012229465,2.268921212542253
0.011253612265697668,10.591643898816994,0.545358274005789,0.029151846341814648,0.012269639098224656,5.536506998480035,0.0008567516702343088,13.822706025628834,1.3124913233240468e-06,2.7408512263660194
0.01379201969163057,14.313341294564331,0.43158914172050306,0.018214644210657504,0.02551983216107453,5.987391685365495,0.00027557867882499275,13.955451999192517,1.7132346805409553e-05,2.189370987134388
0.012705613383789643,9.579095981864278,0.48968262645264676,0.019396985592646597,0.0168654047262472,5.656201484315237,0.0004930997864309639,13.188188188336357,0.0005343121591611215,2.450818823048248
0.008939188907891697,6.123153409987696,0.5176954110915126,0.02872527973713527,0.013692026226168849,6.313122023134975,0.0001372563029957012,13.5080432934034,0.00017098178549662777,2.16410061380806
0.010759985283733436,8.447751644717119,0.5644671358691791,0.03180569285812098,0.018153949548779438,5.252702387819838,6.566778486710658e-05,12.32794240414083,0.00017094500031151862,2.30622942537162
0.007688687665688527,5.081775030812749,0.47369715348536734,0.02642355810386263,0.010998975469862683,7.280583248073352,2.3143748689952945e-05,15.691216214253107,4.609638649785722e-05,2.3407257233699386
0.014397667941470363,13.465188456170857,0.4662568834137112,0.024385686715779,0.012255116593751919,5.889007962299595,7.970065097419934e-06,14.546650166890911,2.0200576541786748e-05,2.4064035615609254
0.024121197614386945,24.491352525672447,0.478603566665828,0.021204112432711943,0.028323392122271748,4.968258905818736,0.0009973933575297736,11.464454867856151,7.745328140102297e-06,2.271650811450961
0.012458371169014132,9.369607485271507,0.5350254511341102,0.03171552233357214,0.011301947729419375,5.748801706854677,0.0007823009094409077,13.59526390612189,0.0003358467094057876,2.0663508670135964
0.010855584511640213,6.984040525575715,0.5726190988610834,0.03348373701014738,0.010822689528506067,5.350945279341156,3.7294290550617825e-05,16.181140765945457,0.006368763644363878,2.2022742475467036
0.015958054530082175,12.902505929188015,0.41260251330302916,0.018071822812827522,0.010124799534480502,6.371654824275723,0.0006370181572581394,15.615810082821927,7.893888768929977e-05,2.213103164473606
0.04766866421781819,61.90062390069883,0.4637082866303183,0.018542402141740327,0.10089182063990824,4.784152247577903,0.0010106395845320862,12.32324633183241,5.962818076818436e-05,2.192520666772661
0.04933571488036652,69.11977094195237,0.37488207014372354,0.013162176657924919,0.10932651492217617,5.791477746280825,0.0005221699930943043,13.427045679490435,0.00011450272519680178,2.5804393361680056
0.021890531097233306,25.708795781842454,0.4714378711516765,0.024473235838992954,0.04435242240043269,5.012774628491984,5.462440826670709e-06,14.052999955139617,9.873147098235158e-05,2.202759601573971
0.017226212951680055,15.681144982483023,0.4189167020089049,0.01948769649564138,0.01195457731665705,5.34112319096635,2.8627952317192988e-05,14.069651433971162,3.063053448697257e-05,2.3509830286124953
0.0249818539587697,25.850206998479244,0.4744121636654349,0.027944792196642046,0.02224892226285001,5.074394039294648,9.215873265372858e-06,12.114515561396052,1.3448216256700836e-05,2.154758707831081
0.014854124718469721,20.531531148153135,0.3872174049175672,0.028724348719948993,0.011541152622595611,6.249833193085774,0.002118434043328009,15.160307218418021,7.378111396863567e-05,2.571976058688076
0.035528210879090145,41.918851506051624,0.31794607234928723,0.009856357268573838,0.024702139631220206,6.0046082877221405,2.5394313840932864e-05,13.844496257277939,0.0005646552536014278,2.6914004527801842
0.061275944349611984,62.16000842155692,0.47802578034274057,0.026422601016621153,0.018336168057047804,5.289339243141386,1.1281015646656853e-06,11.655043604069668,3.360526892107244e-05,2.431239048484782
0.03539316024742226,36.42119388516967,0.5270415048041733,0.028304824960450344,0.012268796014225083,4.570392569634397,0.000528930730933858,11.997539679795368,0.00025546751088264413,2.0402237204246543
0.02006297326381844,18.337776807678445,0.44955155258591506,0.02039775453256921,0.013513109491815277,5.392997472414422,3.456553470279477e-05,12.742797353402933,4.146682245751145e-05,1.9663109807522174
0.026745679778295905,26.940157031204844,0.6707183307369468,0.03490402734675707,0.06566583405835257,4.0110377980459715,6.88447617797578e-06,10.94534220552164,6.324325327074691e-06,2.119599444672842
0.010572075347677196,7.860694556902342,0.532030447877391,0.02761918449996127,0.029277901608462276,5.548246819243201,3.2226014541644316e-05,11.455185778171606,0.00015275129825878384,2.052995373738234
0.007783854610996086,4.746599389267972,0.5298248055552635,0.031491008867850584,0.021062344706379875,7.3633869833038785,0.001633556862928964,16.172205871544886,3.145945279795287e-05,2.0859259568723956
0.013261028934900972,7.864089313693711,0.5528294908038823,0.027536524173526276,0.013508897752401751,4.89992446482298,4.31400005517104e-06,12.934648295416691,3.345412832972961e-06,2.229485773600168
0.011554619097017646,7.3369955777438625,0.4590419593510188,0.022866231449837442,0.014577934742378784,5.697517994054081,7.696718378841581e-05,13.814979822135443,7.845842291695347e-06,2.1332724834875667
0.03088318451142074,40.62511939472337,0.43237212592983043,0.02198545947303799,0.15464350025701695,5.95268193931996,3.840308099575016e-06,13.571658206776663,2.3305110762834158e-05,2.4369775306509736
0.03615665915726489,36.107091078190564,0.3946388336733446,0.015432300948210628,0.011713199606250373,5.275144954494279,5.9014541303898685e-06,13.641207750571445,5.157162389827837e-06,2.325383338096099
0.015265715083383112,11.64673372527966,0.42396765851558177,0.0169476162350065,0.013844619953172254,5.49119668299721,0.0008589972990201873,14.866237873885744,5.93134183918093e-06,2.1152760972767677
0.035804985167330654,40.10469652672316,0.44234275709045145,0.019188428181716163,0.010830531226117721,4.697380043014322,4.630140573498869e-06,11.232152893943331,9.183849011781731e-05,2.2468074718426196
0.024853699238527784,19.054655868156143,0.48290146207639983,0.020777163053113494,0.010192093501282555,5.379044478132086,1.1465246516508701e-05,12.890655270907397,2.4115545732017873e-05,2.3065493645973327
0.012009592129518487,9.141782017730932,0.4668052443278498,0.03032307624801279,0.029421670921620225,6.014215478487456,5.6290947555586103e-05,15.997802307239406,6.377201668302342e-05,2.1967998334243592
0.026550311176166845,32.52850453446236,0.4492868358031684,0.02213552417425879,0.011600596059570948,6.116347068495054,0.007064642712289049,12.428134151048154,0.0027927475957372746,2.285522852881601
0.01658905104456173,24.0938341673821,0.5146336227467512,0.03236472683537289,0.02350632341141747,6.0962630087083,0.0005188661578711738,12.694735385546075,0.0039972075273328024,2.2628741136336346
0.019020831693545598,26.604307711176368,0.4880056249401198,0.024165330589193987,0.01404649610861172,5.681578679409518,0.0029758976058521978,11.54722423470001,0.0004946540589081523,2.062592913703372
0.030660946216812035,29.705655478943356,0.529751682034669,0.02279493436118193,0.018161949406802602,4.367324634835335,1.3363624424701521e-06,11.692109679199405,5.082986352208077e-06,2.2381686455794503
0.05411893773700403,71.11794539024679,0.6119828817432279,0.029539794153727043,0.018611716336132563,3.8585154810900018,0.0001067957053805428,9.462034163416279,5.0552928339704095e-06,2.1391415960936015
0.018489493305285386,18.384421040171414,0.5077063858290456,0.02731359685234746,0.011320470064440005,5.399924080231086,9.089569498264072e-05,11.469440060293094,4.414641994731224e-06,2.301002780313279
0.031478443771645964,32.66273461847425,0.4243080744889706,0.022691811512374125,0.010488217066291551,5.169664576374166,1.3755300140737428e-05,13.212849624200013,1.5615268790412054e-06,2.2564532223279383
0.027784558339457727,39.21662193252672,0.4276023690395483,0.024361131234903598,0.03570375524511386,6.477792859461741,0.004275503368737246,13.362352335515833,1.5538358306061218e-06,2.0731241289306257
0.008162517077331077,6.20826292081868,0.5435771205375698,0.033070961616848416,0.018380235057517548,7.104205664709999,0.0024044094397356157,12.651105584667441,9.809356795953096e-06,2.68029233265585
0.008576359221025657,5.219323238826682,0.4864323702420831,0.022604962868827325,0.01559745821861849,6.661824399342915,0.0006860146976884256,15.04759407138694,4.8261852683545764e-06,2.2884918521861226
0.011861087778597013,7.879323131599534,0.5605889935001371,0.02417581814257933,0.0112362318029949,5.669554254289997,0.00025737876144731964,12.449015888448786,2.7125110609575168e-05,2.034053752662778
0.012821836035849998,17.00509685828764,0.6171194720416282,0.03485953778987832,0.02283500834197615,5.827554440069034,0.00494407155184266,11.378238500651188,2.9166334838818534e-06,2.202971053814782
0.01382959957968265,14.699573033151808,0.4467032713233605,0.01905281876518795,0.11364172235094179,6.385864040075045,1.4645726064167538e-06,14.376370444019665,0.0005643186510429102,2.2107857149461507
0.008067165126753366,4.361416555804089,0.3971415662889286,0.014770269834504437,0.01770562724799202,7.142874084323916,3.869900304535448e-05,20.00983244175345,1.79206284293308e-05,2.1355225136275013
0.010642614965320723,5.94446262943622,0.5122931419934138,0.02498749624963366,0.040505483978477586,5.756352327359486,0.00023895524969460205,14.898113469903922,3.960755083438393e-06,2.2627618839766077
0.013370977922026158,8.140824580935393,0.48265256495134184,0.02805776317416758,0.020592491430978146,5.379380958876756,0.0005610946937067438,13.542152223777702,1.188388581030384e-06,2.1367303511497227
0.022182520421225545,17.957194589843525,0.4178939596678345,0.020185337249027945,0.02017039016763929,5.574117140517073,1.4190194636405556e-06,14.134708453250669,2.4561386697925604e-05,2.1717563968076514
0.012277020030223343,7.629643590755013,0.45727902325422226,0.017330042819011182,0.018861645552005358,5.512463986381233,1.936551057911907e-05,14.256455668021003,2.363084823360292e-05,2.134057019925886
0.01348944248105063,11.813302442302144,0.5085162588880717,0.02456152975722803,0.024108503874009132,5.403450693918796,1.616675169140024e-05,13.789562505829949,1.7790524309941317e-06,2.3462044364317793
0.034595508515544236,32.775834941797676,0.5008475020362706,0.02574902625501913,0.011094543953998809,4.607594473295157,0.0024354241146599884,12.02290200146955,1.116387407303023e-05,2.2205044536599936
0.006766074791015788,3.950339159994773,0.5023758456665183,0.02262091714449142,0.012890794130983233,6.016110812426578,8.880897022393241e-05,14.772062236730205,2.2710972412507495e-06,2.575380690487872
0.014628929591926382,8.21257814058387,0.41556200311680525,0.013760764951951481,0.022885295509456928,6.793383241615817,0.0003296320559864926,16.981721215311573,8.108472985425827e-05,2.519183890134942
0.012791505937942333,13.189512844886847,0.4220552961664982,0.026793929782626808,0.02155592841046445,6.036932188054505,3.730000659963668e-05,14.22989857791469,5.0956756599059366e-06,2.250403781060751
0.018229715135748222,17.37853646534574,0.42282139667785584,0.01829001464493352,0.012859477215021033,5.523398307301635,1.3451571870894605e-05,12.047499835742462,2.819117510356636e-06,2.378585164234556
0.011164294318462489,10.901085655753022,0.5251045692656747,0.028782282798831722,0.05499287715970314,5.398246099500509,0.0012846979383542509,13.113964540618287,1.8982078934584365e-06,2.251076542686646
0.015279168979256387,14.192994855050678,0.5345909191541593,0.027578358870913318,0.04870003796900931,5.415361234850283,0.00024093588113757746,13.19344158062541,1.2114010358381836e-05,2.1897535003957618
0.021856903566533078,25.22148933592484,0.45529694480380223,0.025960623951347444,0.014671540933800156,4.963910342264606,7.557729340118365e-05,11.840012057447643,1.031689305167119e-06,1.8915822463454397
0.05277028420208835,64.2466338230578,0.4153072176820348,0.01750245357176563,0.010360886117180442,4.798848918720692,0.00048602573096407617,10.759968738029714,1.2604020169519609e-05,1.9735998979020355
0.035252840879744944,41.97631900289795,0.5445209643943338,0.02543699664632916,0.025367076036343143,4.914832995220426,1.539998395636671e-05,10.9286723906407,1.2321624293334164e-05,2.1365078243489934
0.010525327205518919,10.255248836122323,0.5222045418043444,0.02788300540624455,0.10479150813166048,6.264022880410896,0.0020544645111810257,15.613047204572153,4.718206257836129e-06,2.236271876619427
0.025763946104139963,24.161442669262176,0.6842959491749151,0.035173130230827805,0.06342256020741106,3.9299451843743185,3.122787455159444e-05,10.916638457805274,5.0294760919297394e-06,2.318169747222951
0.026388497035514158,28.31599582583903,0.622490036728253,0.029859146709194737,0.031325537276727065,4.6420776253321945,2.9720734028291996e-05,10.975170935366817,0.00026582204980477546,2.024191516353992
0.01525312175906295,14.819161350727205,0.5772734919132149,0.03278490318812604,0.020878939390474794,5.270675279970634,1.3370861087258433e-05,13.893332583302591,1.4382419240294614e-06,2.553220265577666
0.031154072881513117,44.11805926152733,0.5070210914472698,0.026408947977342515,0.0111440911928174,4.955290725894444,5.041153712593901e-05,11.84521051435515,6.486905388192107e-06,2.2823568399883394
0.012708384237747521,12.266955621415569,0.5213738143132288,0.027920816915040555,0.019159010189768844,6.207033229316597,0.0023827902858419487,13.661991888788489,7.934795859034925e-05,2.133690304336308
0.011541847150258596,7.773773988673778,0.5144542863513634,0.021330367935706578,0.05026534387963889,5.968152362212135,0.0003518446726538602,14.528117326883082,0.0003622019961113913,2.213399037953962
0.0073887657207469025,4.339371881331277,0.5442714226386742,0.034665133970766815,0.03769891958155112,7.071560427323887,0.0007192286092330195,16.044544949023535,1.4621581803642433e-06,2.1972929076650107
0.015198293296672442,7.822118099625026,0.518831135060953,0.0239398361933174,0.015965779585849302,5.70021121784956,0.00012128174202625463,13.057804910377609,0.0012369662980162676,2.144540574405312
0.010557733095051713,6.271567526721202,0.590129167206202,0.034736143179580806,0.02492318073797959,6.241413181557607,7.34775844696593e-05,14.140457547683985,1.900763835341261e-05,2.0464517639146798
0.021217661135816804,20.183174662488973,0.48204612102222394,0.02200636511095965,0.029548030429380277,5.854411583653163,0.0009212826283920501,12.96792392612288,0.0001753721960755829,2.124602020348577
0.012176686373563278,13.960965963563849,0.5279059272948852,0.033212702212120214,0.04473608911222155,6.681737509334905,0.0022049500487925384,14.5867233193213,1.7723829314710615e-06,2.225261050425421
0.014043089297417984,15.486524930404574,0.4907517980327421,0.018973962480750537,0.021682113830604005,6.28862420077273,0.0037558760552518357,11.949352242380282,1.0861672400791411e-05,2.2114312721032707
0.024598274428539565,20.58384422206449,0.4994668818442433,0.025724675686496955,0.013450632233308744,5.372920171716529,0.0007167317310907815,12.330358608623309,1.506820935444637e-06,2.4538220471747665
0.0372647373334991,44.55111496305196,0.42317053540072497,0.01753989310554553,0.010287863524476049,5.641096341239654,0.0007988388846736432,11.540163418812524,3.399961280506697e-05,2.440568495808735
0.0349635771328292,31.498939512657763,0.5897653477119169,0.043090928476841026,0.012852549855777282,4.101640211489496,4.201368425264631e-06,9.877983105584006,5.5430176662763495e-05,2.5377231310563877
0.06765384252665295,83.94815746928866,0.5351985839926845,0.025514548209043485,0.010235199877164798,4.769901775665419,4.987731743239215e-06,9.325782495153723,0.0007218107715839295,2.500419559808743
0.04337224791921019,73.39729443645565,0.4495299583295398,0.024948547925878212,0.04137978346269468,5.219880691561514,3.896660871409947e-06,10.44800219465922,2.6708984130649683e-05,2.46306312870952
0.02265406997501933,23.044190336035495,0.534923335565144,0.02980589076518773,0.03473129138832609,5.374690005115284,2.231188721682222e-05,11.731586274649066,0.00020859732178657127,2.1967074503989146
0.012011402418463183,10.26319025664863,0.499818519936013,0.0285510427018705,0.010659746352854799,5.977686161689624,7.88989261731798e-06,12.374059165595682,2.8533995041892902e-05,2.4216569992345303
0.015428080997776867,14.330968059600563,0.5234631263072509,0.023971720632036023,0.013075982018391495,5.808543099997943,1.0483222161052095e-05,13.344370781240425,0.00019638483245350893,2.2717740856344655
0.021190773735300397,23.23893056119586,0.3620892492780704,0.013099722342425091,0.012192249862838931,6.454185551032461,1.4659196327799265e-05,15.766118709816725,9.795267901665689e-06,2.31747015667592
0.004729145830930162,1.8890384036641852,0.42218394585688823,0.01867915484905215,0.010115127322048187,8.848575543649746,1.95080356512018e-05,19.53265638379939,0.0001435910908940716,2.3494689481556557
0.006064232481761166,3.6994963227809716,0.3998470393048667,0.01412017632017254,0.05503060935086623,9.285708226101475,0.0032227621994860736,19.773010600783962,0.000258850303090269,2.3800170788553214
0.014277921780748751,11.715568139045851,0.4863733238631874,0.028979025051733276,0.03687157128029998,6.6064586255395525,6.386448924793203e-05,14.360186519025767,7.617567602152429e-05,2.141265580408316
0.02958466122529612,33.8425358501731,0.5937411395023098,0.0327050962776249,0.05943685673474475,4.647482559518183,1.7133744740277016e-05,11.949867691823332,2.756270580503415e-06,2.2738276598889375
0.0699609407784577,90.25761524613354,0.560223998528828,0.02771115111198459,0.08636610220849619,4.408255546347581,1.4596309634952742e-05,12.315964269144818,2.2472016294242192e-06,2.31817221993982
0.030782594826594397,29.683177211915833,0.45908623492002043,0.01566532477347891,0.02936836172750487,4.62720902048234,2.319852237933028e-05,11.396399809657366,0.00015089045752463738,2.44997766711237
0.047638559005112074,52.58656523520549,0.41963174779355117,0.01972311739145393,0.01385848448616251,4.741216034782817,5.3227086938662055e-06,11.86388323257059,0.002273765227492861,2.18805863004556
0.025503769271948827,26.73549186625038,0.43062232919151244,0.016208379782481654,0.026801427590418127,4.959170172045411,1.1762571822228347e-05,12.237206631399767,0.0006196558825567175,2.1605552452043724
0.010573017871905623,7.957122464427799,0.37262020026367787,0.02021702176487581,0.010584707094311759,6.819219343393983,1.6363935472977472e-05,17.950868673420484,6.827469523999715e-06,2.537984639961624
0.013743753151312026,13.43643085903314,0.5115883429716619,0.03321446649864247,0.027166700502199985,5.332584844585332,2.892967852672035e-05,12.54119645260289,0.0007992321990135624,2.118373947947463
0.02571756928165114,24.427747546051403,0.4961231672868784,0.023222359795972824,0.01440958051167988,4.5574633118758126,7.548736512661747e-06,12.520550303159675,0.0005948639477666485,2.121401727585281
0.022966857541190766,29.07225460980436,0.5000518742407961,0.026809306256086064,0.0707290956171104,5.260217949070759,5.085986467318736e-05,12.71201473769284,4.714424801342514e-05,2.076219290825238
0.009194888160084434,7.921448733923359,0.3391780388606405,0.011564343041491976,0.05849834418927417,7.639747451523563,5.659652533956673e-05,20.10004617704573,6.231408076800884e-05,2.3418316115386153
0.03929212175139419,51.40299743695722,0.2803827740026073,0.006363889651850051,0.01818464602056632,5.98810052418116,0.004472671315855036,16.203390635016756,0.0004420121738203421,2.379557871055336
0.031280051499480835,38.3883145251032,0.33771942610143413,0.01028189654516339,0.019984084131953184,5.966608405175995,3.3263876217011844e-06,16.65892102614979,0.004458335696911166,2.4432429673166416
0.024977129548065944,35.30211939816803,0.5115773171827721,0.03150250437892172,0.07472251903307117,5.672520617672034,0.000150550192389936,12.934152690219499,0.001182173771126828,2.1973890661980424
0.046283611184569536,41.59918838803294,0.4804270260374684,0.01877631985038123,0.01314452278101596,4.8059758666977554,4.888275148029665e-05,9.750306431836586,2.0921700344202802e-05,2.647696920090385
0.01322076295037644,12.216970323622432,0.5449298451392544,0.0314807175725455,0.013817220445236759,5.559941698690757,1.0346541904881954e-05,11.553068359616443,0.000876865374957979,2.436020941431553
0.038639183463861505,44.055682476506036,0.6899894198348947,0.03282979601298389,0.020921006408384693,4.176745560099213,4.713457101838306e-05,8.89874061345949,0.00022511028480068005,2.161739307440143
0.017287088113253166,15.894305385877912,0.5207251793027489,0.029697096389105736,0.017978720246854568,5.7603565850462655,6.027632463592257e-06,11.057631031108961,4.488950049411082e-05,2.107107470808753
0.02887144183146666,35.709918007293574,0.5540628212404042,0.026914768907646394,0.0758650143713809,5.1176065254517535,1.7171911389849933e-06,13.036760120852486,0.00012577402631924246,2.105737618305742
0.012743261773101663,11.911500007879722,0.7607911809384501,0.0426223794716388,0.06065311747045389,4.842996035494397,1.1931468186114973e-05,9.79428232771141,3.4242887000351625e-06,2.2120110775037287
0.007963252983194878,6.4467731358617115,0.51792381164898,0.021616017843642005,0.10818677507954993,6.58452856413468,6.839682289454134e-05,15.705751212208924,0.00023555141986002183,2.508248087223925
0.023247201229366497,28.980986666114095,0.5016423014033322,0.025295024997477683,0.10156742344377297,5.6662362410309335,0.0002908227836378011,13.492361286774766,1.9407898094709896e-06,2.222411230000132
0.03691854198215997,43.07345366315947,0.43171593196233804,0.021712396590597045,0.026003275336798384,4.935313886850246,9.435008304766006e-06,13.15050272387063,5.326151992881121e-06,2.1276905746056403
0.08426720026198742,92.84472928392925,0.507270654608306,0.027708892396647568,0.017533333440058144,3.995806194332798,5.533337609810623e-06,11.756419544959044,4.342160848943131e-05,1.9942183923821857
0.013694351685510331,8.107222876197872,0.44003294672882953,0.02100016188431491,0.020919317131122588,5.922575299109722,0.00027530027337388063,16.117594642122175,7.876618998484457e-05,1.8875809760817934
0.014394247954095982,9.488743858478541,0.43467869946947857,0.024738792220825246,0.05378722253074402,6.661926493784973,9.414066198926643e-05,16.977955153229807,0.000790645710572524,2.2085773586018007
0.020165190028670614,21.81675141122579,0.43791809975715473,0.023395073888578668,0.10001196301060356,5.833048185621036,4.5200065133056156e-05,14.379848185510001,0.00020449400479408993,2.5167072713788023
0.009442037503334829,7.014584162002082,0.3500049497833889,0.019273635231744708,0.014261973019680876,7.321233280645384,1.0960072972022972e-05,18.717024321600064,0.00011102351403378843,2.329672439690793
0.013632635733832294,11.518069450722056,0.34781380348350466,0.01317835580926651,0.019128671262071236,7.715536357563231,9.693559593082252e-06,18.686039357128163,4.124820075750772e-06,2.18642442071285
0.020086906935765,18.782989353510406,0.4071145655973173,0.011412361203707718,0.016386554223583177,5.874783926093701,1.257565762218455e-06,13.55590400610668,1.0680125491085071e-06,2.0197053676541317
0.024937846878711926,26.218544211163483,0.31375626242089577,0.009712873546406054,0.010632344219379147,5.693819527100777,0.00010483148070336013,15.219507571811954,0.00026264063126535213,2.517550052384251
0.033507397500221345,44.55182731546834,0.3710331971245797,0.009809721026034328,0.012697521411974388,5.5448005751199565,8.004450185716603e-06,12.679138032681188,0.000664239582437047,2.1814885004337965
0.012923072024106592,8.779734722817988,0.49854862882856427,0.0237499476334348,0.02208010522936396,7.052927852145219,1.2929412436915732e-05,16.41797268495964,4.281915987753065e-06,2.0625466658419533
0.012880397556675546,7.233545478411454,0.5462193975614236,0.030592104709148006,0.01160384884488043,5.769358577668685,4.208022365831868e-05,13.709526005889472,2.32899852495766e-06,2.102220272308086
0.010132170362660916,6.99620444750228,0.5175451835434544,0.029332432830297142,0.012628226993024566,6.4511404714888965,4.663116405290503e-05,13.50194293096628,8.105402645462338e-05,2.2383948660699056
0.011885081776151848,9.186002455880727,0.4666257320888897,0.02313397050330095,0.015042623554104477,6.711071314434101,8.266390098623045e-05,13.430983449396068,1.2992251396897705e-06,2.0381192472639285
0.05853949744471134,53.97475750058863,0.49619963012328894,0.024786031549444473,0.017717644451959468,4.656642336084561,3.321699838772863e-05,12.48730256202848,1.1293395254865675e-06,2.231930754507867
0.07153483912436992,85.53522366485647,0.5156227428649426,0.025883660144995258,0.023493255446583303,4.88121184874831,0.00026988668240802505,11.645475964728478,2.0813082582772826e-06,2.2916622048100446
0.06967671393475057,82.30941860490444,0.4436076050762004,0.019293618511302596,0.01479371132568224,4.060942914868452,7.542033783488651e-05,11.808351926260215,0.0014927599211777122,2.3590159772304706
0.008404327890396527,7.366781601473076,0.4343827078434112,0.01706345914946523,0.11323029681350433,7.582182297784388,0.0032998541653215655,17.652461845802605,1.8390123505743144e-05,1.8708134974614645
0.032021441960786975,40.90148649437177,0.4886949311139633,0.022866987037835147,0.04893073947408246,4.843008350734191,3.8530699149570634e-05,12.444355961720545,0.0018154917948565873,2.021995378094209
0.021510382636973552,17.636909318513315,0.5111693097574255,0.03069131895133975,0.012517273846816793,5.565244325813596,1.9007449754744433e-06,14.031513100288498,3.9343380340382294e-06,2.2415927203252703
0.012577941597657686,10.483921070554034,0.4432849609424155,0.02853319667193503,0.01743324791286762,6.406953740713189,2.8402316363167356e-05,15.609814575963286,1.5627232078661794e-06,2.0747908884321697
0.01205074567400223,11.106914580258977,0.4908700215754309,0.018686547902689837,0.017183999781984982,5.977406129550755,0.0011331850244500443,12.803525566837388,1.4795286590514639e-06,2.259851280150274
0.015647115648514204,14.963708353561648,0.5768257779009534,0.028028431766288317,0.03367414110845232,4.527325124501767,0.00021758373693053372,11.137379778656895,2.9841912399571627e-05,2.2764835360863644
0.030873627321969493,35.89158969956878,0.5788117139930911,0.026348920244687924,0.014565594758512953,4.290060013308481,1.5823245668074658e-06,10.583723083336196,2.4346708839967482e-06,2.0242744646679336
0.01765998213522403,14.99481384022554,0.46687434207026385,0.020468758760735735,0.011267081665796286,5.40886350961071,0.00017750958260126878,13.00700262626502,2.7473953260116996e-06,2.152904862993137
0.04647765317355586,60.11721599548815,0.623868785334394,0.04026956958260755,0.01097380791921878,4.181801787521328,0.0010848243024090154,12.153100578400819,6.197393068835695e-06,2.6716371595699653
0.019617341633163213,20.53834196435131,0.4494384966449191,0.018924385711805176,0.027554204615694546,5.6074219279749835,0.0014535065589207788,14.124149887559884,1.4508040491979013e-05,2.0767041456288893
0.0754092972258854,88.39111097454168,0.4585800184888049,0.015455146266004222,0.014079977479633573,4.408757685960665,1.4531068437145964e-06,10.393423320545155,0.00015904888937640486,2.071834033891047
0.04358215536463702,53.25959916022845,0.4280241805491172,0.0167428324128999,0.026597501889725636,5.691709018845441,0.00012257942290147327,12.719947000842671,0.001186087636654114,2.0977339878658907
0.04781353067312738,52.885155973115566,0.46526313075283604,0.019124625342591812,0.016134780776931576,5.398209150336159,1.4339013057846982e-05,12.487248098910259,0.0011354616498572073,2.250754105003205
0.07070993429171472,82.61117487072387,0.5018727504151158,0.019297821826167093,0.010365111324733509,4.3025291141642406,5.789934541795308e-05,9.402182582017668,0.002034326269215243,2.3698973967447476
0.01822391324560102,16.910813311920514,0.6577401571970324,0.0388837772084325,0.012505898509733984,5.013365088401167,0.0007556265864342689,11.371036684361426,0.0006053407069438146,2.5666780724861256
0.02446802619397008,33.13533951379122,0.32287294075877077,0.011923214191077587,0.013822236967647502,5.201622576206163,1.9382803732486468e-05,13.720519249790344,0.00015806891842069543,2.4352959578538265
0.02649714133445853,30.31473615593482,0.625611397091892,0.03249730366452548,0.08568753891445041,4.105370002420311,8.929461740608656e-06,11.381180800861555,0.0019406789581529946,2.4319416993300584
0.025421270149062904,26.32463727045724,0.6198032582532528,0.04020671840674426,0.018830702584263913,4.9674944979584446,1.8378560663405746e-05,13.242311898754116,0.0009186403105201033,2.133344118591576
0.009216260619732911,9.202226691033472,0.5165754804998407,0.031218729414920387,0.06588655584712955,6.368686556402411,1.5727271584145093e-05,14.904208989462761,0.0002858185057755906,1.9413492590232502
0.01039757956493559,7.213686800075321,0.5819229202688735,0.04846423934974078,0.02898562725851874,6.1893935134158,2.626124023351975e-06,15.834963107814257,1.0981883076275067e-06,2.3203225168676758
0.012900620099594171,11.17232602142975,0.4349876786298542,0.023270190139582137,0.010027296435994757,6.693042933048542,0.0009400401178080235,15.846513141454347,1.5551821037325394e-05,2.238751119595324
0.012999676399132621,12.929563972686877,0.39729057297446935,0.015401142511463666,0.021559144362898217,6.911973048368277,0.0008199504469979625,15.942487029695783,3.7019337583628447e-06,2.424767858189183
0.017834994985320568,24.808086287915096,0.5465188411585211,0.025191781028760504,0.1918168015832378,5.68894550297199,3.406757948743896e-05,11.961691644859975,1.1069807762837178e-06,2.6356252488219134
0.010956506406885835,9.487370696927513,0.44149309881304716,0.019640915508951362,0.039428645424060646,6.020000713189188,0.00042540141735689124,13.505553468427658,4.79692006915711e-06,1.9897584572509444
0.01482084896809086,20.12320293546889,0.3136812452152386,0.009875431313203792,0.04345691040394974,7.7203918735030435,0.0012543891042229038,15.406357604108626,0.00047677228631633477,2.313887550661284
0.009079568992133562,6.479832544450739,0.41232785315913517,0.015797805598988923,0.023195589234842544,6.92536273019671,8.509923060726732e-05,14.34087225977051,9.732304499060556e-06,2.294447209202596
0.02486458439446573,25.451185425123505,0.36897988452423663,0.014277839877828687,0.01039589804861035,5.324243010047427,0.0005157471626177898,11.752572283904739,2.2088025088419263e-05,2.307098398721423
0.050331024442220526,62.41039180750825,0.4550808071689415,0.022256416385609663,0.01441496350480586,4.536848242383141,0.00043748024489161916,10.668729445480645,1.9618348822089496e-06,2.2500730673541063
0.01826485818073009,19.63075241453399,0.444656638838274,0.023368970711081762,0.04996029945712392,5.859396980942654,7.213880106305894e-05,15.716129828693854,0.0007547080447211901,1.8858761866929779
0.03256744089005534,34.24190214972197,0.54780348463071,0.025740699946284872,0.01485941626447343,4.606544345038485,8.008139451054339e-06,10.47777442420601,0.0004882155975073367,1.9695165572261295
0.023731953857143783,27.954265441917233,0.657885471860928,0.04357211682237242,0.031231783546860604,4.980372212367369,4.560646667038478e-05,10.888350410637358,0.00022580201954459364,2.3094613056606734
0.013444857837174246,10.567354793603903,0.6168395859288305,0.03861568369504043,0.030161730108275463,5.358030064152855,3.199185513554627e-05,13.695044689243419,2.7091873262693745e-06,2.572743156982141
0.012368315314373277,7.173943843433943,0.5300007487542888,0.029708561511777816,0.030681790284458773,5.83959440135106,1.569469655925111e-05,15.684780751756971,0.001097610351354186,1.8606508898523966
0.008208904891690893,7.584813669062773,0.4674628031317063,0.03490603675179307,0.012302674799803775,7.7880193751239,0.002473774386917847,15.052044066849572,2.2075696104725054e-06,1.9407795039281022
0.014063629327881287,15.186247431694152,0.4537281621422394,0.029354208928958403,0.038073737913833484,6.954513187278618,0.00011552164875841527,15.213193056264457,3.3757718790707567e-05,2.133402472300385
0.01394189529738378,11.574512742860666,0.4578946049055354,0.028794836022789875,0.01788365043363947,5.997266404908928,2.335603752282341e-05,14.649269824772889,0.0012661468500462408,2.1677801411792452
0.023454049088848346,25.94002069690457,0.5978320080203068,0.03326787605190896,0.013302284486375012,4.576702348072991,0.0008150708290448611,10.608702179340622,0.00011674668197336112,2.5062899297680006
0.0305122577381726,24.803181233269935,0.4350499203445711,0.020443163154739052,0.013593737657579999,4.8383186695287135,0.0001538713001689202,12.973228583681722,0.00013030529129347883,2.353816191301571
0.08724967108455571,97.44279084516583,0.45585025224521525,0.02157535572341905,0.013044759335025325,4.57417318112344,0.0002781207232994652,10.910568397223297,7.160289116064766e-05,2.097729073598828
0.025866627128489295,23.606373952784736,0.4755603913015567,0.02950583171431878,0.015242183879369358,5.454225011613457,0.0002832598727197748,13.015557603329173,6.489813986204971e-06,2.1503883775522863
0.026999004118819822,22.097495145885173,0.42548172938078344,0.022347253614873122,0.011183431058422759,5.368337775132423,0.00022007686445165147,13.483699489880083,9.380435522072362e-05,1.994441592488007
0.00885593901246317,5.956701495166373,0.43036126894014687,0.02115296354572848,0.013096518375774269,6.934270355504195,6.368647593636939e-05,16.390555005013407,2.7583612656072325e-06,1.9761246159549284
0.013827850541702642,11.32384054198789,0.45531614506434737,0.019819939204913404,0.02456474892389519,6.108628749315208,2.3567162571792023e-05,14.973965893844882,0.0011927237927998491,2.1831117753239058
0.009746696943092171,5.5183715322047355,0.45737135813589164,0.02953668937843656,0.011555731664897808,6.856531451789532,3.451487529395609e-06,17.440323774473327,0.00037975608924028744,2.352388376006241
0.01878644691651358,19.071154431713737,0.5222474598710378,0.036876259291055195,0.015400192043562666,5.953924586630284,1.959498127638237e-06,13.014745014636782,0.00038872935912527215,2.2803962638911237
0.01890196368051958,22.65749201370175,0.33402094176073327,0.016738852217484907,0.011036798003778854,6.774964001285993,1.0077681920885343e-05,13.624671399616048,6.067653518175831e-05,2.7491588200740518
0.007586270605786996,5.071075634707216,0.42913650166150796,0.022523838475401348,0.04711212623934918,7.566744727858719,8.840101473081967e-06,18.228570398233916,0.00014558580113563995,2.1464110310867723
0.01624810334412378,10.615175172007133,0.5924915349100024,0.026307671773219424,0.014752023737317765,5.612249136248659,4.5219359113020884e-05,12.594815337588969,1.6611212589686246e-06,2.399943664714447
0.015922000310293012,11.71789959461439,0.41091008479583563,0.018297955145467205,0.012283930339755937,5.516061582844644,2.512947176810079e-05,12.78873600395301,0.00030310011620189375,2.4028678894243516
0.013525151819448127,13.514865927452131,0.27520033582430614,0.006651714455066931,0.011788626540794133,7.2528396186199,0.0014252207155951507,14.743399320599032,2.375540420679108e-06,2.4007777226365845
0.00697353199416742,5.048929333572307,0.2014172845727397,0.00041923613306089327,0.02558816037223851,10.20544123754962,0.0003732078586323597,26.779076456618746,0.0031374597821535806,2.3702056039686012
0.007724793208129086,7.770570830372996,0.16406186844427365,0.00012871815483603762,0.028482210523375077,12.621180039891131,0.002332782687367415,28.974816849712607,0.001287888881400357,2.6706594377684736
0.011595844617458434,14.258768432525185,0.2481369418626378,0.001919713508025718,0.021814337082978516,7.827429193282895,0.00032757327741335027,17.163707826240554,0.000838203336659526,2.32854477593973
0.014213927298541332,14.022516616292542,0.46847933870596375,0.02422785154876505,0.037760936595232025,6.300777977977734,9.369820836168401e-05,12.423891904255573,2.518031996073977e-06,2.1052787248571443
0.01310776374583803,12.13197523071319,0.3311850924996144,0.015150415217917183,0.017526554628652546,6.73787137342563,1.1250044049022543e-06,16.027489158827663,7.348020823932148e-05,2.4223700016173364
0.009319119173095964,6.491540490193366,0.5003411297637405,0.018594323621684956,0.010588302592252111,6.569514161258374,0.00024261022715021952,12.99586874402608,1.3340047671358333e-06,2.1675814016369075
0.01679813750408324,12.387047982410227,0.4630012724332324,0.01780514682723089,0.011845628632349794,5.564721454021224,5.7020076388129955e-06,15.809325292769232,0.0001485109019149865,2.256470107033435
0.019653049167016053,16.336992717240204,0.40781198835128873,0.01490945313694747,0.014994096693178737,5.300161582797811,1.4041472635336636e-06,16.57305677117845,0.0030671985898725863,2.396131542305132
0.012693110136462866,7.761395579169915,0.46780915426029895,0.022928101853629163,0.014916672878253382,5.834684501681472,0.00024235641661210307,16.270345543685185,0.0019615532247665188,2.0922365067456816
0.012049704228183087,9.483455531092698,0.4892376689169056,0.019922713944234133,0.025211664789412128,6.150241551378085,6.50484782878767e-05,14.853588349367996,4.3767610582884386e-05,2.238184247211932
0.01250445164495466,11.715163738887375,0.6474897828626548,0.038891334658792194,0.010505876319048755,5.13052298042649,0.0025240026046492964,13.332846859159,0.0030153394843231976,2.2139145671652987
0.016814308215279884,19.517617253788774,0.6674086810329056,0.037055274931286006,0.02213454456206539,4.450144494588341,2.347946633739421e-06,11.327192435138873,1.2760008553269787e-05,2.2740665722774773
0.010294808565340078,7.902808459386216,0.4179321540216723,0.020708987056859945,0.028937508245096482,6.930451710200254,2.9663907316605007e-05,17.53229727416489,2.0218400743523472e-06,2.2899593276173347
0.014885491774831425,18.51692795939073,0.32994156851602524,0.00881756325092126,0.03246001890948705,6.884026207648042,1.7628257328499633e-06,14.071335725493855,7.040897306726503e-06,2.1721203247691907
0.00948602285336128,7.76444820724889,0.3956212889874915,0.013912949130186735,0.10293056173390104,7.056549848309278,6.5801935642096365e-06,16.377324829387625,8.170315403227263e-06,2.584826429633746
0.006327542876907414,3.4690432579399157,0.5838553277421835,0.032814627155270434,0.0512090076341727,6.5750332885474485,0.00017846016700873228,17.569943128431905,1.2792147665522853e-06,2.1902415476382346
0.01892471691213948,17.5259426892022,0.41317850345453255,0.01613399365389675,0.014599630460823035,6.000139633351432,6.163981432387922e-06,14.093808109774695,0.0045551767345689,2.0138014092818315
0.03125182010662319,32.65442276413521,0.4022980580408369,0.01770918984471156,0.05039869362644428,5.452206738682645,2.766832773878634e-05,16.503155559413734,0.0008246607235764998,1.946521040482994
0.015556480119825784,12.290876019657592,0.4947406142919111,0.026341135546018413,0.059028054887958537,5.72281596804951,0.0004304817979522594,14.73629793260382,2.7253100111754456e-05,2.1244381489725854
0.019810077361671383,18.59732242690467,0.3937274087347193,0.015948135154529412,0.03107412323260556,5.713535341829304,7.42183485172023e-05,16.353197706208906,7.165116859594915e-06,2.1632054265814014
0.008368695149610476,5.144888821598521,0.45296277726869066,0.024664361766791817,0.011722778671693423,7.082922281260113,0.003031020870596715,15.819241439425626,0.00018695832213412472,2.2511090920135564
0.006473110227870626,4.311918543167703,0.42333079533341694,0.022282441239481185,0.01786800275268241,7.984953726354807,0.00015783743019834938,15.683382051593048,2.309635007935281e-06,2.3490412037009554
0.009225455395034396,8.528661793330466,0.3979898560417451,0.02172268483646929,0.013303361421221903,7.603152008999665,0.0013476875854782546,15.304607219089679,1.879080874133639e-06,2.158518168664845
0.01416375099907669,14.63904837390131,0.4347483653761503,0.02333141229198921,0.013783886451362736,6.325131694198294,5.842145778383693e-06,14.647122607701874,8.577164889786861e-05,2.324199771373168
0.010100343621406152,9.054335391860457,0.34555110929726524,0.015947030759669786,0.016806926729622196,7.0738544659740406,0.00011207204577842559,16.54529831140211,3.853263563539202e-06,2.2642799443523085
0.037548639500547765,58.682073889861286,0.36200297314164565,0.01922298280163578,0.03014007311926933,6.181768352669266,0.003148926037105654,14.402835557059372,1.5004936640326884e-06,2.4229522025701393
0.014882149415651184,15.547571384223426,0.4469795139104213,0.020283963378198922,0.019964594150130015,5.94733504216295,2.387315755926422e-05,14.4030339304567,1.0361779492749912e-06,2.2338786768319547
0.023439255526352485,25.09937621984265,0.5043544051825019,0.029963417346720915,0.01487097754330084,5.67689325953883,2.008627912350833e-05,13.064445013961446,1.6158858175423844e-05,2.0621310826758377
0.009241971111226915,6.914674251106818,0.5447664433203451,0.02948128218478703,0.01789875668308936,6.093725107370486,0.0008011767333386418,14.164397245612735,8.401514331624536e-06,2.1773672849682497
0.032516899446343506,43.1238450324991,0.38836122858314454,0.016239807540782532,0.03181357811534692,6.382157472647334,0.003429084380132562,13.625729686630109,5.0486491352262565e-05,2.5604727954308886
0.01288659913418148,10.571817612227532,0.4803301391079429,0.02110320241835553,0.014656357209339419,5.901669091036245,0.00046764319544046753,12.030508103794844,3.12633829406594e-05,2.2434728516079216
0.01059235700053775,7.324285493243796,0.5963992658406312,0.0306604251684565,0.011556318233537385,5.408063033200233,0.000132089500081755,12.544312841743924,0.000388507369230005,1.9784326966784638
0.011220730771511974,7.271072298057769,0.5616434418835801,0.027977423374740837,0.012335411602857388,5.242599841195569,1.0858931062285928e-05,13.825653059846765,0.00017014630585180212,2.296275389813012
0.017593865948349132,13.853561115839874,0.4652779968046008,0.020508427538507634,0.010395708844471722,5.301647582848879,1.0420130351201903e-06,13.877156052362977,2.1743260781450028e-06,2.101347508601133
0.009435861000027183,4.227276013738436,0.6637304138957427,0.03604859378349959,0.011308440279470651,4.753004831049774,4.79530318690986e-05,14.494800595524401,0.00013699959660765394,2.3364343059740533
0.00885469383091344,7.024179273937572,0.5372112184334725,0.03330530183201324,0.010698552709064422,6.567047665799465,1.7061427080273068e-05,15.802060497511267,0.0013352853836440858,2.3952735407089962
0.01661790894870405,16.893162083314472,0.45997795656535867,0.024143472244187336,0.010229770833171933,6.2625985596544735,0.004370556274197368,13.001239999290698,1.731033077551805e-05,2.333350563921075
0.011022356143306378,9.888334598086816,0.45985376772150904,0.027395750323134807,0.013895832055932316,6.342982782038049,0.000440787245958646,15.545584464230753,0.00020287067918194597,2.4542241172419494
0.020342188895626657,19.481981270240883,0.4627549086933358,0.024890589069767346,0.010884251476192864,5.462016367650525,0.0014700209950506008,12.798191411239591,9.560948191380985e-05,2.3102710584087505
0.01812989801668767,18.12778377031887,0.6214804792600065,0.040989146907093585,0.016911691201610166,5.606162129779846,0.000533534691569209,10.780635734539775,8.420081660636354e-05,2.3589507288785674
0.011323442152702798,6.829775337504053,0.5998386807287606,0.03176672769044979,0.012434752023782943,4.8875118861017235,0.0002912672592274962,13.718078335524828,2.214659011042845e-05,2.102818873435039
0.036693128754807264,33.508047832461905,0.49571700944016006,0.01928244197419651,0.01408210810528522,4.298091940049545,0.00011339716059817554,11.294128283291704,7.502524958403117e-06,2.212234050886973
0.02367477052931639,20.155912427296006,0.53419381509394,0.03051889439056125,0.011634613757568302,4.728913991413278,0.0010999869613487001,12.960075917825902,0.0012655349858748347,2.0501819343641383
0.02214032590609036,20.708639307442542,0.4932117785317208,0.025219431284057604,0.013791564769378957,4.603727741582049,3.239836935201861e-05,12.775164830309135,2.4107276012068085e-05,2.1142615306190873
0.044827359502422066,52.10494822764051,0.40784414793466534,0.015583321111539617,0.05633255348362356,5.157201567387517,0.0004891941463015286,11.882650593559646,1.2504847826250937e-05,2.351116208971939
0.009534701807454263,12.27249451724264,0.3116761835291346,0.010922138820686267,0.05073868625735877,8.094310306401175,0.004983174176040437,20.29170759439614,0.0013936480666864534,2.279742178118868
0.015430363438863452,14.737587222848479,0.408225367968081,0.024802909352907476,0.012668295100612409,6.632083596426346,6.845071143581618e-06,16.78136673682775,0.0005703981561433918,2.2831295362583672
0.017092216232385164,14.473125495038593,0.413284653480961,0.02148450637047993,0.016981184927942344,6.092373973283808,9.049113751766164e-06,15.277840383010021,3.111407191196986e-06,2.154448014007778
0.012016032107731956,11.0604555813397,0.4362228309363108,0.023622070257083405,0.03386219935080696,6.0426186317727595,0.00010730048910753253,15.603967425833828,2.598774729885148e-06,2.3131599510859195
0.011646383406362754,10.879079690629577,0.4946599036202236,0.022191567843425398,0.011888283356626263,6.010399685956493,0.00015085934891290848,13.537541950256415,0.0001633292739270706,2.415535432503081
0.01274293011154399,11.926292601313467,0.4349697233788196,0.02198753756091761,0.015993424724171857,6.580692173444405,0.00030066609479973056,16.407711616570204,0.001380490428853389,2.5320795422655493
0.021910669703858656,22.580474001806834,0.38346014218839924,0.015604393227987352,0.050827665002724,5.646284461609631,8.846515154599936e-05,15.630567604481758,0.00041470903232913853,2.561707797102652
0.016747019204445563,17.169692545428095,0.5257917512219663,0.03219804221771996,0.03817045337204,5.49915668602742,1.5843485230686816e-06,12.877244091764021,0.00010737875044818492,2.072529806479923
0.0154568584848363,13.979202310524002,0.47498728394279,0.024980414612369606,0.0198789408530763,5.5139284273718605,1.5536099462292404e-05,13.187543943613559,4.0834017063446375e-05,2.0914442114122127
0.016780132215159775,20.781812732638173,0.41867011561115464,0.020109305423551212,0.03865658840876349,6.079266629774789,4.703794800240216e-06,14.484594340247964,0.00015938073482422275,1.8894201551172387
0.008160032496696274,10.53205457598652,0.619316834808639,0.03433474745298408,0.32973588962400696,6.775920027379199,3.273864064454577e-06,14.418175660972913,0.0001244764884670436,2.2928671748852523
0.012544829009094122,13.019095523553062,0.5023405780352443,0.022243225504891162,0.027398617440794797,5.3929139578202525,1.670155865907182e-05,12.716825343100043,8.939207959053622e-05,2.1882758824422006
0.016889750187883697,18.685514577846487,0.3948386091496958,0.01694659420401088,0.03104853765023076,5.762733188526559,2.2825212081764573e-06,13.042963120112272,7.692793208317497e-05,2.079612763482816
0.019075740759992958,21.815666639329663,0.4648498853341163,0.01978050476025589,0.02088121994864496,4.8138948296915,1.19939688364816e-05,11.6212246553417,2.155756739683016e-06,2.35382850351476
0.014598087649940559,8.305364823029795,0.43954553896660287,0.025693255402617722,0.015813584404770473,5.391668588390101,4.0874102394739365e-06,16.919804460959455,3.4418177324518364e-06,2.3860060375660197
0.01294340157021347,9.60227861856883,0.4484349924677297,0.02584512573640353,0.011041887355226002,5.4636479084900405,4.863580036141657e-05,14.88300019667938,1.0255776590290525e-06,2.0998310279057257
0.01532250006467542,11.43587790219502,0.5190081129631124,0.030188415144110546,0.01282125032851565,5.2667521062280604,0.00037223096552573915,12.405676922477777,6.79927325118108e-06,2.089894581729156
0.020707028573912257,19.039998447996048,0.49838412049281705,0.024209359676012246,0.011969217803460195,5.3972168183367994,0.0001055695958271736,10.934029846697044,1.8930271871547566e-05,2.268007586115468
0.023972045099381636,40.85903829555827,0.4069275986029682,0.019033336037047436,0.024854897253001912,6.318255336400557,0.004865819231339936,13.805056979808677,0.0026806805496695546,2.322503907202596
0.03195086489585251,36.31024678501281,0.5784562879545403,0.02912091512367108,0.019902241462593312,4.423201469364651,0.0011963969447312092,9.625639108561456,0.00046900749652316396,2.40478511922746
0.0391767596766793,42.70499996007381,0.5260856482636292,0.02337657282310073,0.01664529451745106,4.5597925146396685,0.000140033631922557,10.155499788414899,0.0001519131632656793,2.1275087485473936
0.023529964063435334,32.093655062955015,0.4569518661909135,0.021935353105600863,0.0730406090564919,6.276751707086706,4.40751720252512e-06,14.0381469942545,6.855850892318343e-06,1.940434247782491
0.007969726093730572,4.6056518522434216,0.5106790907197429,0.025528678769085905,0.016688491600392603,6.518343424684939,4.6643465233391044e-05,15.853390779435053,9.37541415684977e-05,2.3855395275084335
0.006188436524106119,2.984274536031369,0.49972139895375356,0.029423067358706676,0.03145626432016094,7.170922511704398,7.542749581597085e-05,18.660588985321443,1.9955819319564882e-05,2.285372611627836
0.0150727691988698,9.008045155684114,0.6414793876006387,0.03185935735238258,0.021411782384715545,4.456440679096793,0.00066239014231684,12.948002387581276,0.00012327471179813672,2.311205646298796
0.02032934842003054,21.413143163458905,0.5551010506025698,0.027862125860696616,0.015607194925092844,4.736830734779349,1.682190614387641e-06,11.86152995850453,0.000141485041204297,2.004536798070324
0.01710414593036568,17.589101396676085,0.47802223161975826,0.02270917979628833,0.018018646695558492,6.299865482589331,2.366141344472915e-06,13.006067483156212,4.6581132499976065e-05,2.173880013221769
0.012100574548349726,10.088884472059348,0.4692377365385578,0.019680519844621772,0.029063866345016502,6.280203848547456,0.0003052575518542247,13.106770404930566,0.00023251601530901807,2.2100902215627753
0.007788972154339414,4.205736979795236,0.48894266774844297,0.027701902100661802,0.01589921766438567,6.34412563030428,0.0014601660824184997,14.935848607931433,1.78284112768438e-06,2.24993617207924
0.017588166575281904,19.56535826063139,0.4825168917399649,0.022104209127698813,0.03869115755145561,5.79928719011999,0.0009875857778214945,12.769310244880527,2.7096689733412274e-05,2.1468090602408827
0.011583495390624846,9.925829761056251,0.28060143779615465,0.009886601823670137,0.01691055533256847,8.759836851409187,2.9886668454021287e-06,18.614734334698294,1.3369888133672232e-05,2.136308398801619
0.017096875690419774,18.137886748045016,0.3992236344858568,0.01687355703424305,0.019983027637255377,6.652920338510687,6.90322104050141e-05,12.861772492845107,1.67693086348455e-06,1.974597702650064
0.008902204894224513,8.561492976348829,0.4598391109417704,0.019481770842323925,0.04605721472461239,6.687170882297406,9.583009857344712e-06,13.448862285023319,1.5465452175349083e-05,2.356729668592204
0.013904677426127809,13.530704944405763,0.41017999898625584,0.020862673512009815,0.019061127273728027,6.221719758151792,7.777198223297486e-05,16.232910108670957,0.0026660739335166127,2.1754063317712165
0.012153825073578555,12.088974319573396,0.4738407443237202,0.026570180149043842,0.01898429481911486,6.563779835167062,0.0008677884791485153,15.612556123284154,0.002691335496636273,2.1503383499370785
0.008606450185933054,5.83927894364494,0.4887993657037405,0.02933496145945883,0.011572923087684834,6.442042861981719,0.00015862218351591386,15.557427131206062,9.999679596098335e-05,2.364733415592534
0.020189990909032146,18.859838906499853,0.5639463105633583,0.030027549174871663,0.014469854624211947,5.436098432707079,0.00018547013751633984,12.592423463073219,0.0012710259663945768,2.4065765650316346
0.01498860880187978,18.21149706936331,0.4910845193609712,0.021675602380158792,0.02441936785690375,5.69955249869325,0.0026432784014263832,11.186941104144685,5.337986844308714e-05,2.646963089209538
0.012417734837686469,8.900967185065992,0.4104358131206069,0.01801461255797091,0.014301439140031048,5.9081181827465885,6.530929444132522e-05,14.897778946434759,0.0001515174496627924,2.166632695024463
0.0724302217457951,89.02369683791947,0.5806162166382197,0.027303650469498553,0.010099611918624095,3.7296409738292753,0.00024348720451068686,8.897962307409037,0.0023816131180387904,2.5619946473395765
0.07348498448782238,89.46614107884294,0.39837444355471807,0.02137254094622802,0.010527395428928034,4.85400580984144,6.229236526246642e-05,14.292603530178859,0.0011886359482630455,2.197043067367262
0.02034095943125564,22.20584158894777,0.5298450977134105,0.02672296125759744,0.018317577463345683,5.184509584765321,1.7243127584046078e-06,12.648485490140073,0.0001257039373904474,2.393099472763644
0.043848772160234875,44.10154151698461,0.645154812372664,0.03514322463331341,0.012585907704967429,4.243766879377253,1.0167232618655405e-06,9.88287146081667,1.2109885057724844e-05,2.432561962629662
0.017674987971763076,15.287344274870097,0.5243232064096188,0.03122193101020621,0.019577584628126286,6.0749245816678625,1.1277247539710522e-05,14.229221652331143,1.8499457212746085e-06,2.460746451483519
0.0240474978716548,21.833598501762264,0.5732112371475072,0.02633014445951558,0.010674983015621158,4.827342385714116,3.399911993170895e-05,11.325613224296086,1.6950668341827656e-06,2.407280379935786
0.026455767580584266,29.9288383055963,0.6212257185994192,0.030715944594142227,0.018868656383364085,4.270986974442906,0.00017710469744013907,10.452731845619246,0.0012563411477445132,2.280768457884143
0.05822850017281274,60.75680822740632,0.49090747230723736,0.019769448512506654,0.010924032389238041,4.665560802975125,0.0005307754748641613,10.862694822395618,0.0004968060450038745,2.3360354634621556
0.04124519086649553,37.69295981818877,0.4432832112159765,0.015004282723758287,0.012712592455481151,4.669020877137795,3.66307120863011e-05,13.411583477157007,0.0014845766353558509,2.3887529660283193
0.09514947675944425,99.74795401137484,0.4306664340199713,0.01877601429826965,0.013543467969393534,4.84262599654272,5.413791385012233e-05,12.232577247142267,1.6187316610627377e-05,2.527128063857059
0.037600992641069794,48.175752620285195,0.4366305812775003,0.019097779055297005,0.01319848632573891,6.045199549349028,0.0006120481226910473,12.71383601222872,0.00021075743627600686,2.60435817277566
0.006638724922314072,3.1323663790036322,0.5405858083785067,0.03687337218236867,0.026822629246651495,6.922346449408358,1.4290439904584441e-05,17.255524930609326,9.193789571748855e-06,2.159681118317093
0.015396622967743197,12.940253833913136,0.5074158479417973,0.02393197447071498,0.038211346749763744,6.077458943436764,0.00012195603177511049,14.774684479671327,1.0240519194140261e-05,2.0495870849365527
0.012595696487084715,11.113121630918274,0.4824126249787756,0.02551171436962376,0.07199277991110241,5.9974631863302035,1.4308881540061498e-06,15.261045237927156,0.0002477585012424629,2.228402502218544
0.022626816953760214,19.214809265098477,0.508269431391872,0.024105918790780168,0.011866122374081366,5.106897071297932,6.897347665857956e-05,13.51348598578683,3.2925555454812083e-05,2.381592930411272
0.02116087604241479,21.29805877561565,0.5602580290580556,0.029479167175772647,0.02431497763370377,5.2776254821637085,0.0006126668982295629,12.033570053587237,0.00030227149520319844,2.4351290789171274
0.029516222910094404,38.62949014371056,0.5270526610767094,0.030121614271142728,0.03344598959489765,5.166288725871882,9.570115042342672e-05,13.366459323296612,0.002035219184130816,2.1545622271579106
0.01757710301067374,20.26400269155278,0.5358392374596496,0.033838292040063764,0.05595449899893583,5.047158792549005,0.00017007987988488835,13.907186036722244,0.002789150574533511,2.2336630446778947
0.013914646918806516,15.383925434555039,0.42377197647682296,0.018903116992988897,0.027904170428018363,5.775421835948032,6.824174820381887e-06,16.11823119864705,0.0017515181494993128,2.1647657160563654
0.005169278123270175,2.440773075473254,0.5611566287493696,0.03184375731840177,0.05525949463179449,8.16853591312627,6.0245244691112075e-05,16.367566617750416,0.00035491142568747905,2.009213523324354
0.014381876222530671,9.640823101823479,0.594455606680393,0.03471399781248503,0.031299492742110094,5.4293998920952085,1.4035036563298616e-06,12.802624271535734,0.002188296727101095,2.2842618162768007
0.015985861210917964,15.144867813868702,0.4479757136481496,0.020789678580988482,0.032184921282304,6.362809036715535,1.5181755306245643e-06,13.929388210298647,0.00017026794001023403,1.849310901509552
0.060619593779732674,77.32860124586192,0.434443424650722,0.01701240561068043,0.013289923405677313,5.240597319360907,0.00015840860885841973,11.697332202646237,0.00019862763040394448,2.1249492431758554
0.0564439127040583,82.37737631539633,0.40849168509933564,0.015755281782917473,0.07435415353667706,5.6588061267300835,0.000433976569760171,14.087123439825442,2.345109228871578e-05,2.0976590168390796
0.016692727915631738,16.884129756141856,0.4359125458628014,0.01891260599885464,0.036036271249168646,6.136791614194332,7.493648292055216e-05,14.836334837781946,1.1759486678100675e-06,2.01865581441106
0.01255537499469639,11.987359855213057,0.5171449511745722,0.025322301449547075,0.03788273428583702,6.349768112648886,1.6315541774939228e-06,14.247160612079979,1.0943105092631388e-06,2.0868068179629367
0.008157300416092375,3.2768031518406113,0.6725734193576909,0.04326990496815361,0.030315357795654252,5.478817897635767,1.3643845427303167e-06,17.9173726124086,1.683460670981788e-05,2.2344579147029915
0.02420789503271807,25.6750395458149,0.45376714511160804,0.02737722106944791,0.011347365858762061,5.140273717806587,0.0009590089698941499,14.314785768049086,0.0031625610155901415,2.2778486436465424
0.02599153525710507,32.581912751299264,0.391544601255796,0.02244841852624886,0.027107053067562056,6.23610106300288,0.00013470744402109818,13.84138020019356,0.001088076979095902,2.389573435963181
0.018351407064203726,15.082797446949177,0.3708021528815477,0.01542282281052034,0.013529334183998955,5.772016316178097,4.2115839034890176e-05,16.56517708491418,7.874774823810809e-06,2.27777412900719
0.014460132499372464,13.108572835512351,0.4412820554905688,0.020962722111695566,0.019003609422985394,5.519665106168091,1.8857623416202556e-06,14.168556489015037,4.17944139226785e-05,2.475759834027924
0.016344328758349,15.91901382721463,0.4251595252573865,0.021846026883710432,0.01497697941252171,5.5387615836775765,2.146072614885631e-05,12.348860108144276,2.520824245944032e-06,2.4317272194962265
0.010113655504388573,9.181607052529504,0.4962692004563936,0.029616650690129177,0.011339258619119691,6.008772641641073,2.6689291658873086e-05,13.465942091228467,5.03130088499228e-05,2.2587606500270163
0.026004855467811252,30.29232335789572,0.6842662565912239,0.035919239172278475,0.01425744868179792,4.535026937018461,0.0026250512754966045,10.019484020429637,0.0002742476290907244,1.996822380848308
0.020316906182914055,22.50513301315733,0.5827956005243237,0.033403427795248464,0.017143336528557766,4.800057890146959,0.0014347245731397482,11.339105286260466,4.845797664013439e-06,2.2594699641589804
0.019675521116449306,18.98485284314088,0.45953461192576617,0.025219593705719478,0.013360410133012602,5.550551354293477,0.0009907152225422104,12.038727767240543,9.94335307337023e-06,2.1264656334927823
0.016058290281244662,17.13859035596316,0.43728502253013507,0.018242889294259615,0.037437182602072766,6.093947065486355,3.45704700196421e-06,13.900238079170677,4.74106013321147e-05,2.156644750660827
0.0173741675585259,15.397321696860388,0.404016648224736,0.023049802466740443,0.015768524121312164,6.540487239737965,2.0296747083619194e-05,17.496543854759082,0.003782990894122555,2.2440950463322533
0.011742287787862075,10.135209724164179,0.5646951765346929,0.03619718106892447,0.01015765997439575,6.140527622226554,1.9945065782917423e-05,13.717308317548405,5.218886117961033e-05,2.127181491828453
0.016569775962162935,13.718451661373363,0.4720525017932929,0.03347831117399167,0.030442303245670394,6.213139128414303,5.860488348930844e-06,16.000655171649036,0.0001787821896510039,2.7349169670024396
0.014282846351041925,10.992144782976434,0.5904941253644606,0.03815979199230415,0.0107545761109636,5.37283538933237,0.0010188616790534524,13.675002813538523,0.00018682465183075816,2.5741514081960903
0.00938983114595525,7.309972593301477,0.47846222875111066,0.024283873780258442,0.02350684912629297,6.755766259057945,4.15634523916941e-06,16.92152101610378,0.00015204251996962047,2.366973957715376
0.013156390471768718,11.69370554003116,0.6803679055027915,0.03235215142419815,0.011054215265445071,5.444388898778351,1.3150337177897442e-06,10.520223731805187,0.00048288838133423616,2.1172925246928105
0.022382457565631772,20.204310105633414,0.4517529010871459,0.02212503596947024,0.014223656928493698,4.972916884076265,2.5834893804980206e-06,12.040291974921637,2.3419508268420286e-06,2.0377472431145542
0.025723921984871376,34.613287445834956,0.5229319858498276,0.030312105312108206,0.04381207369056927,4.5944182053716185,8.935097518414287e-05,12.571711780368117,2.2688717922237047e-05,2.443933107752357
0.013237131268263399,8.716487542090443,0.4980748905122071,0.024851817130324756,0.010918137588553572,4.6621440890710275,0.00012503048766259172,14.241050537395884,0.00022872774972019662,2.4507654906877683
0.01591103715374021,12.277939363168615,0.4408250991577812,0.024949738347018115,0.015536518874508989,5.869434997279126,0.00016904551597226125,13.877617964137384,8.341265075060872e-06,2.3687979665819237
0.025025763336134786,26.376350756624493,0.43738768496067565,0.019605963966842842,0.01851222348531047,4.59980382772335,4.1365985481901034e-05,12.977347973358645,2.0565456638197473e-05,2.104191933555589
0.022021609308258742,36.3684587369625,0.5391760234875055,0.03469068521680866,0.2417048343968427,6.430555942985725,1.8497466321137735e-06,16.792464070951723,0.002037214890099562,2.6496609064925214
0.01395554637228057,11.975304569814721,0.5208690871487199,0.021806476781167365,0.03983616437996676,5.918927691101992,1.2946583374944407e-05,12.224033397451546,2.969474228463594e-06,2.272707048656589
0.01404932431681565,13.382908724777808,0.42331236873519645,0.017972518958672273,0.010634325210806062,5.627639904297062,1.1622342353004215e-05,12.468362561577269,0.0003380841986604988,2.278236693747067
0.026207954217831637,20.919282934078836,0.6089576391098271,0.028410892349987407,0.02377844567427213,4.21159741469003,2.4107733880448902e-05,9.481644426257741,2.980231157034997e-05,2.23089806096463
0.0166763760701511,10.069960724440161,0.40793576293663375,0.01769984713565783,0.01523458808701927,5.236776715057308,4.923121331669298e-05,15.71554251738891,0.0006890057083228812,2.2820578716138042
0.016249416475743725,13.742754552243118,0.484704691915499,0.018704703120278138,0.021656057532886616,4.692879026056923,5.12923079831434e-05,12.708411972185287,0.00034924714406275013,2.1409324031417136
0.010233361185175266,6.561087104207124,0.35139577548256695,0.01522369677507189,0.011569936535051043,6.3724538650224245,8.851449056694375e-06,17.658686094013536,1.8146593023514913e-05,2.0961486821888538
0.03796472145992347,47.95549945280475,0.37320859549328483,0.020199970451559458,0.02450443724405392,5.838462797384139,1.5860048482391752e-06,15.435199793638846,7.048996900761865e-06,2.2861332649155868
0.019465917269189857,25.28851996003515,0.317961974983258,0.013584111505309335,0.10747328151566267,7.3019583508697234,0.0006556567406197915,15.20138417197049,0.00023830562788198996,2.0874455269728087
0.015646857389325516,15.257395858906357,0.5493653314448727,0.037333212790320494,0.06620340657121875,5.68478719399675,9.975654986433165e-05,14.143867765556214,4.0109735620848446e-06,2.303263605783778
0.051153866162147885,71.49662880081145,0.602119825884365,0.02807659619266993,0.03104006562385053,4.465513901384238,0.000663922275413158,9.761332258485492,2.663489297007968e-06,2.22602685455728
0.041829357206567136,48.48409727765777,0.6000312517061231,0.030720713108135386,0.014175836287431996,4.515298032398015,0.0005865561545496728,10.767324429447093,1.0369059657072883e-05,2.1031603080363355
0.009342036618901602,8.782603265491675,0.5190738886147857,0.028692480263234583,0.024196714608160665,5.977298591071677,5.1407115294425175e-05,12.797114662407864,3.652610670605898e-05,2.2998983382286795
0.025735887412774154,32.6279937704053,0.40685255827031036,0.018668374928720505,0.01796536798601527,5.336154660051201,2.8683436688098403e-06,10.729091129748003,3.632029857165536e-05,2.279036563123156
0.01356191343367616,10.247984515747556,0.4659231815306902,0.028765520050796314,0.014745837682434695,6.283765344882585,8.67024014804779e-06,14.477186554801925,0.0005323233562479421,2.2667195302208065
0.018874148461779223,15.233134670429067,0.5178622879668758,0.028473529159550225,0.010320940642706495,5.367257631730563,1.7748580645080022e-06,13.249432511719212,0.0005869702942492503,2.1563761462345292
0.012309877456052548,9.489592716020649,0.5084893671572072,0.027249551135875336,0.010426580371991094,6.111989534247379,1.5466878662754002e-06,14.012330452213892,0.0028118291912279463,2.409379491051556
0.02861188685148587,24.69434201975265,0.4626707571868676,0.018147855823900615,0.017233416718375565,5.373980212007877,3.132613813129315e-06,13.091055290682709,0.0011908345979785222,2.0943002694666464
0.04750690261507495,50.71517289223108,0.631782774718157,0.03722954398873714,0.013855543733334795,4.660934916487916,0.0022240606204710816,11.337596813953587,2.4653347665360425e-05,1.9209885858223692
0.02064792775873635,21.731926841605137,0.47240189852493253,0.022229640305776278,0.01831231159632324,4.758220783574844,2.4998061993092853e-05,12.056754270014217,9.104109621497122e-05,2.401187606470039
0.016580827452250937,15.620212486504592,0.5075725029394488,0.028371741709798597,0.017268858618623716,4.3632420307537245,5.06386380886141e-05,12.394865461393715,4.7092471319269416e-05,2.4070996883589917
0.012657182045399385,9.941930850643228,0.5592330841825376,0.030460920356092314,0.02293876264791456,5.163288186643439,1.480067216203352e-05,12.849219114527296,0.0011119979286243866,2.1029724145293867
0.013658155619767107,9.656109450777244,0.570440628582279,0.0247273566277816,0.012219017325051828,4.523038572327826,1.388389345517184e-06,12.183934016420787,0.00010920300879356567,2.319088479679816
0.02693193720014159,30.83590395697565,0.5063264629952318,0.027615137662887628,0.07515402687835161,5.098241199768569,1.5129177399486445e-06,14.343440621503529,4.09544833205306e-05,2.141435400718439
0.014845057741311679,17.004690325889,0.5212414286646619,0.031698061778102096,0.04369698209451784,5.949702173428734,3.7723199095569373e-06,14.64338314899687,0.000194537781488713,2.361473941828245
0.01343547717017669,12.444103450152486,0.5874128838459466,0.03434473456829287,0.011765579676007693,5.392756794148713,4.612544241276093e-06,14.365509356123582,8.079538295246237e-05,2.6322596850673734
0.010600462098514995,7.744259222515152,0.4907269656502234,0.025444413597733157,0.015416492623582143,6.135407036034292,1.025475860574811e-06,15.173778774509254,0.0008058017525334612,2.215952862808821
0.012467264365655874,8.968407825033973,0.5469441000128028,0.028220046558872808,0.01022548826764392,5.481801442663798,1.0714167996436543e-06,14.979796354659898,0.0030834408279268952,2.1627506785552226
0.010327913343977735,6.569768895825498,0.5388044040720346,0.02147860534812995,0.03328850108503991,5.642020504729159,3.4306757897065324e-05,14.208278332869448,0.00020516849848123072,2.5745254514477476
0.013233223707067178,17.922529314576565,0.3549994195372447,0.022001207516449316,0.043380398699453426,6.748230304697938,7.25336303054237e-05,18.996685279428892,0.003661901474632671,2.30578733978864
0.011319835000951952,10.020329634311231,0.518196401416167,0.025455065892704506,0.014575968577886846,5.886584182742282,1.4128474699331295e-05,13.9458263178689,0.0012131791871857734,2.3261688518990553
0.026071129728103343,24.16160659213414,0.6093274242203967,0.030719897873087626,0.014839669918718688,4.623317971992775,0.0023389284057171496,11.00065485316938,0.0002743661467552321,2.111753160511016
0.035671070855008286,46.37129522962511,0.4308238898598646,0.020317461686937845,0.0973260658616385,5.527420158014583,0.0007386710886899228,15.933545203588645,5.556553528937841e-05,2.251480333061462
0.02634662839353054,30.37792702415329,0.43249585897222015,0.019397039028457904,0.024125821038937935,5.694275791764032,0.0003064442434286432,13.394646231167329,2.527232140262369e-06,2.1506101577084604
0.04273684859438215,52.14518003220637,0.43231193106383764,0.017748450497262303,0.0549130137746446,5.20502987616076,3.572252405733349e-05,11.653793404581355,1.0416941130033473e-05,2.3198157478187236
0.029648983660427227,31.110671950870593,0.44021973851076696,0.016454803741753333,0.026628487418820644,5.101462510677894,1.2259736895980376e-05,11.543899927349486,1.198870896620326e-05,2.3808868955259506
0.01513733658579043,9.264174834199803,0.5688181496958562,0.032340441771459484,0.022722336351895286,5.331372978082297,4.24949104996072e-06,14.36709142576325,3.3652960074583793e-06,1.9219177983049809
0.009599252764496621,4.3058023292666325,0.49176328182056944,0.0233044752155935,0.02289583754025206,8.117478157410101,0.00028066292747773105,17.89684990552416,0.0009912272505156264,2.187284425409436
0.011496806428133746,9.166495211905465,0.5084917364614739,0.026592444568423215,0.02134283608696534,4.888456887138332,3.32430512886805e-05,13.16625412754629,1.3718286439860994e-06,2.330790678041379
0.021061270974668325,20.445267204996167,0.4557995784244684,0.019527769064687544,0.01033285116542709,4.788942927621505,2.0308542837151205e-05,11.2638765475336,1.5652578043640297e-06,2.21317726240195
0.007040642549803172,4.344798489681555,0.4854209585822177,0.030899542035906436,0.025167426444669523,7.158739018176267,9.998476685260946e-05,17.316400808235596,9.758221375310502e-05,2.077022483598369
0.022502284829927627,34.95052914141348,0.31270198232291235,0.009633461316425191,0.03134123143380917,6.981468764144658,4.804233322766361e-05,15.997458855912178,6.559418446974555e-05,2.2137000108339984
0.03223014382515929,42.71431298240595,0.33976965014736676,0.010227244518690963,0.012081039162758751,6.094514491291153,3.002078958422239e-05,13.541951814355901,0.00011885393969331495,2.326857034836542
0.015188614045577115,13.208653023047106,0.4003127646505382,0.015622713563335895,0.014131408264339227,6.7690835607813185,1.3033794123996839e-06,12.938080945514391,0.00010860285549715008,2.2268374066549623
0.026453483407450205,20.17226702456216,0.46879625033950667,0.02204951592819547,0.011984084017474389,4.702171967110717,1.0333224872326355e-06,13.226871587550916,2.884570000777555e-06,1.9582177293168825
0.05831613711388438,51.28238143716673,0.4852956985336371,0.020345018114267605,0.011215711458200897,4.21709824652229,1.6597518358856433e-06,10.29267786072463,0.00017223547669950427,2.0055541431777377
0.07415220849277539,82.39282084589978,0.47511406035898146,0.02307544742526586,0.01585458190285282,4.772221248764409,0.00013784964600970564,10.714367409154683,0.0001182939235956917,2.3226772824572484
0.048826355341246526,71.94166147601133,0.27945084098967543,0.009727333989576125,0.04794211616467663,7.353549402277111,0.001694493741351779,18.493008508739123,2.875313978601981e-05,2.58813615446957
0.03333015435100629,38.84637271549214,0.4160670144386048,0.016677233576900232,0.051149867267008924,5.622827090535035,0.0009312312109487954,11.96622271231053,1.2061994999898028e-05,2.178409958497892
0.017924118462745692,19.2150350550376,0.4890623137670287,0.02316692897330462,0.02789927024946197,5.697271913090109,5.883318342557257e-05,12.63752757759755,9.319444294337344e-05,2.154958370588718
0.019524149521208692,23.0612194819661,0.40330656288046574,0.01885106880855246,0.040032045018346674,6.462628057479177,5.661954183674659e-06,11.893620475971868,0.00016781309415854774,2.1665048300279723
0.013575837231080325,11.816442977256564,0.4081229920816264,0.016823936402470492,0.020757974291245675,6.468629881689083,0.00196808910708714,15.351227673439208,0.0005571797446504911,2.465657743216668
0.01916520947156365,15.114771219937264,0.5038458831374313,0.02502599943316238,0.0112163816065856,4.91699915951571,6.094533342384081e-05,13.525875649202836,0.00031546861326803787,2.1460081546482046
0.006087410544717422,3.3604208655592758,0.5861772222787243,0.03469333766173992,0.03545596607534009,6.3743056346228855,3.132824899344078e-06,16.23090618569412,3.7193002119428264e-05,2.390840725762459
0.039523716798577274,41.84318620018619,0.5462229295871469,0.025060407011054067,0.015686787425601045,4.820834811477759,0.00021263249140280208,11.116546459313579,2.3188738882829184e-06,2.390803627408464
0.020556144233093168,17.290095477828686,0.4075867822033279,0.021308015801130138,0.022145580008939344,5.467263414477729,1.541251147532901e-05,14.069249128319449,8.080871095080473e-06,2.474622649720123
0.016696509433068957,15.785840393301928,0.48068573657019714,0.020973487500916755,0.0120344515288608,5.833393357819745,0.0022580466800143128,11.834620602882904,1.9466435051960046e-06,2.121120956224554
0.017604742905589502,19.16715126431755,0.5523529789287343,0.02716139449161217,0.05455148935585139,5.590932079515295,2.030365899538706e-05,12.32219719170277,0.0005808027693708177,2.2222376260627943
0.01771655725304653,21.211105288928586,0.3693500427236117,0.010033435188251137,0.02496247207350785,6.879722106879182,0.004638127076955735,15.184797231470045,0.00013427815452537618,2.3922092808167683
0.02464880102976642,27.729440695715862,0.30532363131421064,0.006873569100740321,0.025639137395460997,6.623925588645399,1.6611172209340864e-05,15.089187169965912,4.021424022190212e-06,2.5613296239878167
0.029018295262276846,26.701504089746567,0.31615979223598467,0.01012680394972748,0.015704089083758824,6.214839421713426,2.0200799443601877e-05,18.37477916066718,2.45786556459964e-06,2.2577904557288124
0.013421980304200483,12.325683210700008,0.39829064650016427,0.015838754289333467,0.04198478177801721,6.371244901421316,1.924319967672015e-06,15.190943948209982,6.504176763164287e-06,2.318345746892433
0.0060619546736706935,3.035895295333411,0.4479562599557022,0.02395308375642721,0.01871684829001621,7.24710135704949,0.0006326441356859527,19.374223776149854,4.721224422695971e-06,2.4359525293489006
0.030073982923137645,38.266016802601534,0.42042320214917034,0.013563313906156282,0.03096494138743711,5.207242509304811,0.00015324099760813227,13.748974021931176,6.2017301298189536e-06,2.371744359501136
0.027500970867263382,30.754459599017203,0.49157578827617104,0.022122140241365065,0.019953346900130006,5.442110248689634,0.0009205906162333353,12.89213698701331,2.535543428155401e-06,2.4026200330517327
0.02457953160031666,26.235801990334675,0.4559033541433726,0.02619419855273486,0.01703239132622689,5.4084344148609755,0.0009733430582526262,13.183935813952598,4.257520934002094e-05,2.3203077782589427
0.012311261227918882,9.406611579825512,0.5633003148819901,0.03511972969490731,0.02494620143508264,5.98006569982645,1.8434956664304018e-06,12.172666655569115,3.475501524763653e-06,2.408856490546855
0.01245585959353631,8.990079265923814,0.5168271313398779,0.0264497650078543,0.09604244160294349,5.75628546914895,0.0001574659482498997,12.538726483008668,1.0262938042521005e-06,2.3100668246781506
0.021755216078992643,22.493581118639767,0.4450781821080749,0.023972054250636463,0.19001878587345017,5.265689688253487,3.172848941979751e-05,17.969838166095926,8.099541513556948e-06,1.9834068419360844
0.04380013904744516,56.793395111393444,0.41738965041814347,0.020199438719183838,0.033637610636045034,6.6237874526272895,0.003522251326206339,13.797006502079125,5.82259279013012e-05,2.167989167221154
0.03463423332655815,43.76603924940313,0.4310970037423761,0.026431884581867123,0.012539386207692276,6.2246514408219635,0.004552506075101015,12.929350959009755,1.8927414745755833e-05,2.154516950597684
0.05178996532824118,64.39964104652609,0.4436503745236282,0.02359430206139929,0.01322469499154418,5.2484396156850215,2.6014866845243164e-05,11.781377181727409,5.7779762177416466e-05,2.19626174095793
0.019163898663783083,21.9193936776268,0.3740288640780381,0.016245040368180044,0.05827491390064971,5.637196518384963,1.138790654190617e-06,15.696060801232496,9.581861447294475e-06,2.203957403191167
0.006819182041027699,4.947889131406761,0.40510137057736995,0.0210312826303586,0.07655838859686777,8.301362393018621,4.386062966456626e-06,16.756347553243163,0.0001715953776471842,2.129451950266756
0.017232378126615055,14.587847354334766,0.4248460195089659,0.01915367014500235,0.02387276928155413,5.980717098402261,0.00013028703891285602,13.025570226710185,2.386723647736256e-06,2.201828088249926
0.012200884008099945,8.949365877848521,0.471818348350696,0.021535152822483396,0.015973105059075583,4.521771464157229,9.841594857026724e-05,12.964659690025902,2.874280962939437e-05,2.557220156883226
0.023378053021211577,20.64296528145844,0.40690716257232595,0.019218717078686564,0.011950078183051575,5.2232049050260825,2.5292342099275313e-06,12.62618919795763,0.00010468709975302326,2.494190279879805
0.010016452620387363,8.37641260403793,0.4573618205879326,0.02720281551910184,0.014576273758705282,6.971408681995468,4.346414536344443e-05,15.897892939449143,0.0002469014525535634,2.179477180120037
0.027310859841141517,34.86400286817727,0.4477898737789809,0.021709902969176034,0.016061088305388334,5.5581364245370555,0.0001166829504466995,12.177468822920494,0.0024566724330398622,2.3776045379967883
0.02313809913817356,19.581850448946103,0.4839950054741966,0.02345148146699917,0.012590235508026609,4.521722361045641,7.659788190924864e-05,13.938894083726293,0.000452436812538178,2.4314910684777664
0.07050256196118194,79.95040016313868,0.41382737491393273,0.019442111845918274,0.011452019598686986,4.088654937354632,6.569994915296366e-05,14.09407217985208,0.0037452415525532725,2.2671301873794962
0.01795358992521482,15.30803138581661,0.39148490271360986,0.017883084480604928,0.012562970745576931,5.538072652236806,0.00016915609399838043,15.757176174436722,0.0006405234445975443,2.203338540796474
0.02407118757914235,21.487430118687826,0.5386333506261308,0.023060547667178577,0.01841631758045626,4.946528414147651,0.00039572788127077013,11.123548157055794,0.00013644176267992917,2.4269251830154244
0.019480160469064155,19.572069847199927,0.5765357397452026,0.030348184033620045,0.027903302477514873,5.16286127502933,0.0007296094771238828,10.53542933330098,8.501917033577664e-06,2.1844526906452377
0.0076361724627987985,5.137638750572378,0.45441264189142866,0.026780593485019943,0.020975017669419362,7.094939268449745,4.307082921521034e-05,14.877665583810327,2.503259142513662e-05,2.2305383159527308
0.01745984919424196,14.255369330508245,0.44654158969627966,0.02229672959959551,0.011654215201739907,5.881604526426208,2.9676118928169652e-05,11.839406982221684,0.0010105339343723162,2.1829390841823386
0.017959409659475196,16.77653526005617,0.41980321137392385,0.021538046846910602,0.011315427325857354,6.496518102159433,4.765500275079792e-05,12.38418611054107,7.818216586501334e-05,2.2178999662568186
0.01554416141196795,13.49984274982884,0.48554340320741374,0.020437177598682674,0.014930414172604916,4.879660851653411,2.938533774651267e-06,11.921956068996492,6.171274523734903e-05,2.3119260362287095
0.017131090028653748,13.116804289749957,0.5173229187734216,0.022323516162647526,0.010348513348142827,4.733359815801801,1.240638818691195e-06,11.687067811172982,0.00019123913013529797,2.2099620372068256
0.02648326834233908,28.537890613933104,0.5489541666595784,0.023717473248288,0.010100253681798902,4.667648941125767,5.754183476503452e-06,10.576428853319634,0.0004165509633689405,2.436046429851758
0.022763222007164796,22.483045095334404,0.6063102517568209,0.030337197688763248,0.010041532301696802,4.376708513214121,1.4967020404932963e-06,10.57011961157992,0.0022263328110136383,2.298566496235331
0.013553322573949434,11.532909533396552,0.49103553381474296,0.02751774931299246,0.011240993764324116,5.769281166680225,0.0012304582287020497,12.237861328933981,6.843278770121245e-06,2.3088931578019087
0.01394536144859722,9.245035779046203,0.47695656879519444,0.023821847041582238,0.01999973339585435,5.443912586758533,1.1221724856988975e-05,13.227435018707942,2.1712105323469267e-05,2.2114892727932265
0.034602521659103096,39.25057487424381,0.40303046971653417,0.02279264301525802,0.01238116877697931,5.492757749885006,2.1418594614810234e-05,12.07283538157434,2.0286137196798835e-06,2.3142197032352314
0.028120399791617963,29.550497951487447,0.45636616847936656,0.01989822880100222,0.0105986587251431,5.357802361003138,5.1851922611204995e-06,10.234048655834659,7.315095273372105e-05,2.1308889852552237
0.012518328492416879,8.65696509957897,0.43723027697173944,0.021337410716865488,0.011586757940735753,5.873862213380844,3.2145411146949225e-06,13.640259825586194,4.546851662577256e-05,2.034553549908616
0.006568611331930564,3.3112991960960727,0.4555732334646186,0.02271957666392658,0.025140125004738532,6.599365278184091,2.673403835890473e-06,17.32484112633414,0.00021053589979810812,2.495711768507205
0.007677445322270155,4.149878792212705,0.4576729517172996,0.019266672680896095,0.02925424353573689,6.384942637335958,1.9954095984695536e-05,16.939723651318896,0.0003591563057824998,2.2453404951007223
0.009886454953218816,8.868570253364666,0.441761067878019,0.030897051987808344,0.028178971118096856,7.399073607224853,0.0006020692212718049,15.698926301313712,3.375843569969804e-06,2.168178892208609
0.013372445511225373,11.520490674527588,0.3771998775130464,0.014349998527022444,0.012259718606668583,6.577424603978236,6.501329936930237e-06,15.373052132265611,2.064936376873034e-06,2.0429713103469234
0.01442377934376255,17.37608498666188,0.33944557867822955,0.012449837792070843,0.08537426849272316,7.196944675852408,0.0003385204810874553,16.939109047809527,3.2035324540268536e-06,2.2918320673503434
0.06523004842369198,55.88930768375625,0.5639462879571858,0.030407521771121743,0.035850378966135944,4.36399993194798,0.00018260203756020207,12.08345038864589,8.721628448192753e-05,2.2470973581626743
0.018078173413748712,10.76550529315971,0.5092115627547835,0.024073373170602486,0.018138033710554762,5.597655645931591,2.136966197450621e-05,16.136149098884335,0.0006251538299572592,2.1647327110900476
0.015607930049468925,15.708708799243125,0.4649679244684381,0.015924659435169963,0.020091331830022638,5.945094711162402,2.419392405245869e-05,14.433827558136526,2.744446011446713e-06,1.9288066886819422
0.028594209648797622,32.71243264872266,0.5818189724236662,0.028098701108817854,0.010880637334425191,4.889953497982928,1.6590948091831212e-06,10.493406069116405,0.00032799020051513044,2.0970937806300425
0.02239607795316833,26.12762422362575,0.43967520928423404,0.02008533812374588,0.04734660648246515,6.014944500627026,1.0141566847619445e-05,16.049205596824596,1.5190126047663936e-05,1.8908557821749516
0.021567726734214067,23.946102819406384,0.5378263776138266,0.03732727244334428,0.011292291327956469,5.752609474792886,1.2770400812246724e-05,12.262413487534277,2.3041254644658927e-05,2.24374803964382
0.027594757561728588,24.009917975317286,0.4790474812882307,0.028526187861095557,0.010042728533397662,4.956080561059473,3.3450664138209943e-06,11.92160054181755,1.3201721378509234e-05,2.583295935364366
0.010467197987825283,9.66297012303934,0.4168233059579877,0.019997735168314178,0.015005674121295127,6.996515472726055,0.0003351726966520265,16.51372412158907,2.0316523240629212e-06,2.617394113654586
0.017555227904421225,19.526803593267537,0.42287176031554485,0.021462565804369758,0.014960075584641987,6.69338301887182,0.0013388152468758422,14.891333484123264,2.043716256040463e-05,2.466361043346369
0.011437135055347727,9.447294030215062,0.5852537929839536,0.033392733010716255,0.01497641974842014,5.893350899965234,1.6972834795091055e-05,14.170022714059963,0.0032370147906516,1.9345526334873775
0.023119864678737178,17.059348298323705,0.5010118020894885,0.019857829804568395,0.018480928030916947,5.0986886394133455,4.1075837621719925e-05,13.75011259772191,3.8078081392223565e-06,2.123872426265824
0.05346435118161389,55.00083905607721,0.4769640520056909,0.021076714388735568,0.011812202451156632,4.334921842468163,9.069073492178728e-06,11.687447516480647,2.0682191121483056e-05,1.9279917517767067
0.011019295221276437,8.388215883642339,0.5092485455092614,0.023038065628302934,0.018530085432699784,6.513526835930117,0.0006454191998470707,13.876158218695187,9.182469483417311e-06,2.2560347406325536
0.016690053397134537,15.179462936958364,0.4539712325650544,0.013659877520007547,0.030304298600884804,5.397186493725866,0.0009467813730578458,13.509351277358187,1.105469480800938e-06,2.687953615390284
0.02774772802352145,38.173432823619265,0.6911851166776775,0.039890412286300574,0.05688482983275243,4.219183856029258,0.0037704620599772827,8.854086284894622,0.00023321632920263999,2.732066907606114
0.008528078058566932,8.004678996447824,0.35621373984480265,0.011523351933266975,0.06758264246541104,7.984978599010694,0.00017715872931963543,16.245176101907912,6.881065722263229e-05,2.584699833223676
0.03737516206197909,44.1007103303341,0.555260689004897,0.03267397272245931,0.0387821316490163,4.833566740986586,2.0039419147246973e-05,11.196206460507472,1.184775511575674e-05,2.2498968770927545
0.05665411422181289,58.32158180766176,0.5499149718749575,0.03101102758670946,0.015351002160212556,3.6772177238627606,0.0006552394975613136,11.150722604954966,3.267297194792219e-06,2.3727291781289144
0.015414599845047085,9.035077669403686,0.5195231349927973,0.026146211953860295,0.0322712570261022,6.423609937954923,1.6675173033835966e-05,13.732141390587534,1.277504749219131e-05,2.228884490492923
0.008851710469082008,7.863196811556897,0.46840879927378326,0.026408288639821493,0.06045384702051342,7.4890428777798945,0.0004245656494299723,15.54652209903407,0.0004318724139752013,2.1441485356833576
0.029503438907674907,31.142477475322323,0.46140976967381264,0.03162326364691462,0.01021010995474564,5.099865943917065,0.0003614931330714714,12.331914426977994,6.541565673261341e-05,2.224551149966539
0.02759365502360249,29.79673738543416,0.39977297921226557,0.02090743671968038,0.010639160184267521,5.686935549319651,8.666531021554389e-06,15.096818079007678,1.5155074952366765e-05,2.086989084631673
0.03708866110454955,32.4208441085277,0.6363534189175585,0.034280483338091444,0.010944288906439302,4.116693140934203,0.0022202758961278324,10.740461987339703,0.0003167063160875132,2.3369373969828438
0.022641256691074623,24.41956136691804,0.6122635875151574,0.03362524231673083,0.039349861262682514,5.38796038855426,2.226620113221701e-06,11.467111996368084,1.4353812190974408e-06,2.2360327714596324
0.01834652453666124,18.19880999575507,0.5218053893021917,0.02764653308511947,0.016477057589546915,5.7117788148595,1.0411991325738804e-05,11.62581058915341,1.273284095280387e-06,2.4417495418350286
0.015616161869137035,19.31232119413705,0.6221143701927275,0.034028138810966405,0.09033395085096599,5.082063961933031,1.365626111424396e-06,11.361713383403442,1.2731194245505438e-06,2.454348777857339
0.013460494978503669,14.773672816003865,0.5077875272971599,0.024224984093680436,0.16650435839946995,6.831525250374034,1.0982242662354488e-06,15.136650402192767,4.66918821300617e-06,2.395862248278825
0.019117650638155473,17.963195396523158,0.4920632285224225,0.023800678204627525,0.049520338997991,5.493789641228636,7.663029617954778e-06,11.821326458495879,6.520482306835622e-06,2.3161651689397127
0.0426031035317297,52.66247585181376,0.4544674670275431,0.022017745585791115,0.04532624747707785,5.5732753553849195,5.605690513607915e-06,12.444986245306975,0.00011587872874265341,2.197229657217251
0.025034055445090693,27.478349371162828,0.4622324953696263,0.025873391377339766,0.017699323579115075,5.47048961453757,6.378359874450997e-05,10.419734799754696,0.00042824710690545084,2.161347117539442
0.011577383898290999,10.420560282060833,0.5148145213614148,0.03380827828233326,0.06790148226754472,6.575491167188974,3.894329110343745e-06,17.151717564021393,2.7916611447583206e-06,2.180795322156874
0.017222601161571347,11.273264836152936,0.6597800115969563,0.03855142992843637,0.031065247407135805,5.208748920430301,1.9032656082496037e-06,12.080446635610647,0.00037636207108869,2.2085061176271124
0.02220997284049813,19.39530734627803,0.4080802039819137,0.01893527463343734,0.016091910450717714,6.145854985166468,1.1211096331326027e-05,14.019885883348389,2.480549507424514e-05,2.2822023800906996
0.02098657866992528,14.662244345790661,0.4916233382686847,0.02240433133740214,0.010435324217784935,4.914718418557806,2.4029182935455527e-05,13.376140050965494,1.7301541218543107e-06,2.3863555208142166
0.013263624555318456,12.745004668540059,0.5339388674283131,0.028507200380616986,0.012612785515250203,4.882819494768205,0.0001346647076114366,12.284967558098437,0.0031636120344796987,2.14129385407967
0.01039317940563758,9.042497918978532,0.5853162913724596,0.03348175456752783,0.010388990555907448,5.700492717891619,0.0006891549774417647,12.467736594987946,8.538867020528037e-05,2.526184583577312
0.018537418206931503,12.936547479347997,0.5122926442229905,0.02787421054923084,0.013069448665995534,5.244848093957853,0.00022982773677767443,15.809545107820032,9.382477311078819e-06,2.570467526606325
0.008585368783577619,8.893799317619917,0.3603528828564507,0.02226573631814321,0.021152867290143644,7.915953504634757,3.8901029632792814e-05,15.767847880001927,1.984808155424714e-05,2.3089196040360984
0.01279625375197009,11.67188068494638,0.5219396312215641,0.027003190829180977,0.0260341191320528,5.8525001634712055,3.3898150984414105e-05,14.064006544291766,6.6609856055184295e-06,2.310579034970825
0.022516687787066593,25.99410082581111,0.5312995209296387,0.025545771040518032,0.01639214592344544,5.1646436927955905,2.9121167181014783e-06,11.314692896080368,2.828248006242662e-06,2.1268658935976723
0.014825099857718368,15.507152757295415,0.5041618789484121,0.02557022063882439,0.012596671290546224,5.892743773215559,2.242695578281267e-06,12.271937320298727,0.00020452229109440488,2.0395788776217563
0.014541355164275377,12.197858966575442,0.49852781648054756,0.035436573201685216,0.0152437838191328,5.295194576868046,4.657640045612384e-06,14.709756274019174,0.0027554187433829415,2.512939738255326
0.016707307466465402,14.619730653923375,0.3924436728781649,0.018410467389201355,0.01713505294920573,5.7106716024865465,8.639115534795205e-06,15.316978083645788,0.0003475871327187143,2.3097137413949693
0.01747383719032836,13.366144282990703,0.4600749259162216,0.021120202237633612,0.010984509467891371,5.2767227054409105,1.4834161774646573e-06,14.103057432014353,0.00010068208841320773,2.192501231133307
0.013282203797994106,11.283182161671801,0.5367521310448116,0.026228368022966856,0.013177190603992535,5.470603206152135,6.120114877070486e-05,12.737082345574887,0.00014299213686625272,2.3210916370574277
0.01693189145490128,15.396841967222544,0.6525967063592751,0.042100213433779336,0.0542975785987495,5.021648491395173,1.3683398685098438e-05,11.997605370125287,1.2277654860070274e-05,2.355607318719387
0.01435293369358027,10.172548092107835,0.5047828926662284,0.027578291661044092,0.04215234172746107,6.163054508357644,4.6356167241361294e-06,15.137050502674331,3.072049092214461e-05,2.356575790804931
0.04510996370983535,49.9284482342911,0.3970374485732722,0.01423147714546236,0.028191078892671435,4.305678102204998,1.653769218220105e-05,12.69839826657859,6.792344786592329e-06,2.4439588102729095
0.07745818708207666,66.93918549603491,0.44705051017079567,0.01948812388365566,0.011672588390168506,4.12959705346365,0.0004441106043388163,10.97075679660822,1.9942101989335085e-06,2.011675801366478
0.02681721597848616,31.193145926953928,0.5668287637068576,0.03241768660383025,0.026684515716703067,4.012658488221757,0.00025864973299971866,12.004740174851083,0.000598431436693531,2.085547799926406
0.025531179894977656,35.7550236530052,0.4775778406577591,0.025233208520047345,0.018140821023004534,5.398522285411593,4.149918609648662e-05,11.034941263988754,3.0588495118257936e-06,2.4647713583819097
0.017972449320933198,17.93045709088921,0.44280533656574383,0.020292850856782695,0.010423385498660133,5.169176011925097,1.782494872867311e-06,12.646183656548866,1.6429859338421326e-05,2.2922807492931976
0.012396060538768088,10.176859233897721,0.6724748690800568,0.03875207053192972,0.011602097332334802,4.454214482542349,1.14404444807951e-06,10.534495147598127,0.00021884684494484418,2.2356392584777924
0.01192775981590079,13.483069932993796,0.5184770262859579,0.02652222291785355,0.07377344031605117,6.0940591176910734,5.266621105577657e-05,13.637172255229327,0.00017277146128889828,2.3369219311624314
0.00930066154490129,10.196789341007449,0.410759589934848,0.019125385503885334,0.03540816388058004,6.7526016459670055,0.0007415079326194557,16.993958198381588,0.0018841197089917545,2.0627003447370265
0.015130597134564284,10.239542197062683,0.5643621274977056,0.03337610736927742,0.017331948628687144,5.228020145502968,3.927111088288742e-05,13.608063270805484,0.00015813177869258694,2.285425451752373
0.015389182317702334,13.165056215970173,0.6136929436932912,0.04202179304543095,0.011691795542224711,5.226325159816689,1.8449387064517694e-05,12.204449109541551,2.3996523712916497e-05,1.9972776883762822
0.022739118850525965,26.56253577319666,0.5411576560006116,0.027615681177404,0.021551411063984692,5.055979637205978,4.226259763478941e-06,12.023565881132608,1.9980927518225756e-05,2.6217596026429772
0.042298513856670265,48.33643687582562,0.45058622844492907,0.026593375981663666,0.018781330870462774,5.28375798717818,0.0003960087931823781,11.426454140713766,0.0003454580365488357,2.8236943164669395
0.025077475547239714,29.46145637483706,0.4698301085343947,0.020421810481715066,0.012337512046287516,5.918697840747711,0.004952416633111045,11.44105766525387,1.8642185194166803e-06,2.3267066549555793
0.014596021929847543,14.659949931163428,0.4568232523951641,0.021062993888861833,0.023447103874828477,5.807212815389633,0.00033442253537148593,11.367695701857466,4.622721181832151e-06,2.1765958455530674
0.01669816729521235,16.525175085428224,0.40841737299266134,0.021678768088778205,0.10996641084116959,5.72128038350555,0.00043086226022509555,14.512117941945073,7.3408543574877425e-06,2.7424866560014993
0.019214751978909397,19.021050330744057,0.41184505329690485,0.017883525831203326,0.03398614181082029,5.7811245768472,0.002005396320569569,14.485335725226534,0.0007555919856175947,2.7152085650751028
0.007613817408927922,4.833577714050069,0.5418887697087352,0.027001321934868986,0.01276163239503812,5.639244907992208,0.0009506390909921748,15.803124010053507,0.002384791440258406,2.225396721241133
0.01215608325641878,11.012724867754649,0.5335792473876282,0.030944556153802545,0.027529283128009,5.638397657750684,0.00026732799741801513,14.79498568465271,0.0006402536117393196,2.0476765982206837
0.024902920557417194,26.72841426568406,0.46507776652214566,0.021532886774164144,0.016330582669082484,5.4628061553127125,0.0008442365356450258,13.653973233498654,0.000845488043432665,1.9162912561048593
0.016033507717954348,17.999601631021864,0.5228075148243386,0.03087516387780671,0.018112332622353938,5.2333666403812815,0.0010031547890640758,13.917422854140103,0.002637093228950273,2.2394061982705855
0.007484700867807293,6.723239225902533,0.3845381519595833,0.01822839901558139,0.06367508324883914,7.33207243978815,0.00028983235514554845,16.660634571791658,0.0003313933568193331,2.3421869397255968
0.026795495346785665,32.581964245498604,0.44784719973170767,0.021700552639639898,0.05509975781808399,6.135287062270315,7.339310981396961e-05,16.55892923463317,0.0008412199078297345,2.5330975124408486
0.04771432704514077,72.9529171551396,0.3457384254784638,0.014586180901590688,0.0541508975955358,6.074146120376997,0.0039047142219120366,14.577414979993502,5.092593330213697e-05,2.438345860862088
0.040346399626161954,47.99201253497889,0.3703015973810306,0.01836693906615504,0.03481437782257438,5.93076656071586,4.813743422631728e-05,13.71014467887192,0.00016514014740885008,2.2303422331932845
0.06075837792728504,56.89381966900178,0.48337316979931233,0.021233144349902065,0.010801819105362794,5.500546651942072,0.0006573511858631243,13.10256241997408,0.0008282654892138613,2.3835586706506864
0.05655723177305556,50.859150770068126,0.3601906074571117,0.009482443174054694,0.027389091378213562,6.3066485453586765,3.0493942422991556e-06,12.406887903015843,3.124799400058321e-05,2.636119067503303
0.00930907798486516,6.6809592763781795,0.4664659738045455,0.020706574339037935,0.01909286856187668,7.0058746518573995,0.0011687041462391608,13.329849271667573,1.3821126938114475e-05,2.209498612758795
0.008474644427146858,4.441681701355933,0.36416701691983694,0.00900871653439017,0.011530556875865959,6.803606123283397,0.0004934163792677845,17.812891257249806,7.076777122663005e-05,2.1498865834663774
0.011974342188706246,8.278366627739931,0.5293641706240636,0.0247440842928813,0.020380013655243858,5.777410321761365,0.0002713466579822876,13.872733277693525,4.910051359286963e-06,2.339667994981321
0.006629992136381481,3.3622473453061,0.43045874214283486,0.01635666877689657,0.046421126482711336,6.898370162028018,0.002823315901862921,15.75217691448141,2.731708792764281e-06,2.403724739796601
0.017619016652313378,17.51501815929902,0.38131031127306436,0.01782841317620078,0.014461653684738791,6.016429870754969,0.00021787457553016675,16.45599022051509,0.0004774580383012577,2.154553894939116
0.02189118791117048,24.937511750448486,0.4075464560124726,0.02329971663354436,0.022621268406444454,5.358064725564575,0.0008542562837600455,13.852784976211137,8.069886146497805e-05,2.1845238087239562
0.018044160370067203,19.47000508587962,0.3694495705863552,0.022948496303571382,0.031063530435858307,6.013114748493221,2.5699593895143094e-06,15.913982387820562,3.048960731020905e-05,2.4350339110464936
0.035009810218885266,38.27068314972555,0.3740544832605209,0.01668666352970988,0.013847575451409834,5.161389582537353,0.0011740123863615785,14.492085743416073,2.9721137611959705e-06,2.0723855065653436
0.0077165952947518155,3.653311023171655,0.49711535691769665,0.03609099121709258,0.01118842365379064,7.193255369616776,0.0007193058105899033,18.239857922987895,1.7260497795513524e-05,2.242802090465984
0.008505171281193994,5.203142369762245,0.5441748975699968,0.042122117913440345,0.024864783953483374,6.681903732992344,0.001462054450940005,18.012700389500864,6.307750133180775e-05,2.3361765094341536
0.021560229371723114,18.224774985219337,0.3497139299318582,0.01784979889716288,0.011405797593835924,6.45715294733372,3.600360961409086e-05,15.887084145074112,1.686467795870978e-06,2.5432207965072506
0.03635263554937802,52.636948056286016,0.4080047153163667,0.0223818398347976,0.03193684953390805,5.489931727516642,0.00025677045555097983,12.997773307390204,2.4529120013178128e-06,2.4148445803389755
0.019015682806095297,18.298192253354653,0.6129553905369418,0.038578526837682155,0.021285514813154036,5.051610470451933,0.00012349100482059145,10.896435571419406,1.1483861175831377e-05,2.387697082460707
0.019198880612617212,18.228243319121844,0.46310237394040926,0.0234933346355163,0.011548202230278186,5.521282314097796,4.179703768742396e-06,9.564868908102596,0.0007754789297173315,2.6006427458527615
0.03162996028275518,32.36351739154707,0.40665408228210287,0.018120145678233373,0.015224605184737058,5.937940583314964,2.509206311506207e-05,12.972351470936262,0.00012732372231817425,2.415503826509833
0.02008960179327641,22.176878571660122,0.45119240541626365,0.027867402211313796,0.01236834413962146,6.066200645303108,2.2547658619116515e-06,12.503308243221685,7.206098933833186e-05,2.4679548070354898
0.008670344091944027,6.325217691954741,0.405796509381898,0.01840455625860613,0.012349102575303677,7.832981528178556,5.2456369830816635e-06,17.886524697655204,6.029373235426892e-05,2.145430472669975
0.009192370520640137,7.574508854154106,0.4616423516121765,0.026267351293658647,0.01368986143804976,6.265679095979832,2.5403889725268618e-06,17.31232367086009,0.002234496586923153,2.062299155135639
0.020998710837246602,24.905868543545086,0.5429629308231193,0.022969485362585036,0.04836926375677051,5.10753634980469,8.353380833941667e-05,10.240496051028622,3.274559346621973e-06,2.423048372347885
0.013859159156856893,12.50749935644068,0.4230618793539182,0.020973483149643795,0.026345012922196306,6.747451977162488,3.7809180012205944e-05,11.572232448272432,0.0005347557856050177,2.1603160531146304
0.00964345628828348,7.093696219880221,0.4751705203222323,0.026231477499312976,0.01857911544133682,5.80552235765144,3.044771756593375e-06,13.910837476799003,0.000107582030619396,2.0878999771300837
0.011299516022811146,9.850617563502265,0.48441594019401685,0.029789664117069247,0.06558644102254199,5.832049654582252,0.0005168944601504449,18.366498728878206,0.00025377971751823345,2.487668081052232
0.06317645833292827,68.24958936400371,0.501644093454932,0.01903481408629804,0.010655481288655575,4.183063997398901,7.692425026177995e-06,11.111720325660313,0.00012704222502534434,2.2198166072124925
0.013928158195959163,9.849972108270133,0.49955540679185145,0.023377030639229905,0.012074523323267047,5.48398102899393,1.5998303191567144e-05,12.859664878713208,7.452240309154882e-05,2.185770512768647
0.014166418384530444,8.118186820612465,0.5475535549695063,0.02362951052093071,0.011523337594904072,4.676200787958016,6.559779042810558e-05,14.076294251055861,0.0014974800138660466,2.1949245421521932
0.025641362858859564,26.7417875379624,0.5135882942403328,0.02413201265759915,0.01148633125936491,4.927876447471688,0.0008283271032954979,12.182432328045758,0.000883206955694128,2.174792524915656
0.026595460654218857,29.559254642902577,0.4808758664253071,0.023331077395530433,0.012376566640567433,5.182371484517376,0.0037649344572645536,11.324948903183499,1.2389368048147375e-05,2.1415245667816984
0.011945372430314825,8.955895707295612,0.5186901196819746,0.023056310083136407,0.012897596497604044,5.618789510973967,4.1986612735875365e-05,13.145703777620572,8.892522397403042e-05,2.2569161629063594
0.020390498110865164,18.322096522310343,0.5571414509694429,0.02337327389082472,0.02246448564715052,4.669898176513059,0.002339388357692999,11.50740952052506,8.653352798076509e-05,2.192335103893939
0.024115378496175243,23.968433350327082,0.6728173837648233,0.037881727821205934,0.013868918811424475,4.4771938126991815,0.00013286247473948246,11.505626425350627,8.737067730419903e-05,2.353138181295382
0.012009820426070579,12.440900110876425,0.5347389138975249,0.02712172964634021,0.03512491379142053,5.952947931133379,5.280986144334867e-05,12.954408023612908,5.486757247025446e-05,2.7986123987771188
0.03501713968609991,54.968256984921844,0.4866621430896655,0.023492696120835703,0.04058939369961296,4.403934802229423,0.0005273194892169573,10.92379214816977,2.183272225205484e-05,2.2188064109490058
0.02956088837055179,28.19962121691574,0.5276871058788191,0.02678640713402687,0.021627030189446263,4.48431367200401,1.466879680488459e-05,10.712204604763226,1.1034427387860774e-05,2.537823420508648
0.02667597426070237,25.822690751658357,0.5073963496943371,0.026223113444363257,0.012236712289700422,5.436308280617793,9.090961875461074e-06,11.64011720115224,9.863743872363252e-06,2.260935983697479
0.0066760522791194194,2.4257372313178758,0.6076647014758912,0.03930971887655824,0.014121670513447928,6.138235838267949,5.503154067266067e-06,16.79574777487585,2.9151343403186046e-06,2.3485194336205084
0.01301611603578024,9.771416527891004,0.544043067484999,0.026745293804066574,0.014656064739597525,5.20639702343421,7.790669365905866e-05,13.260124799565721,0.00012571057668422562,2.241806751267079
0.020199040600379973,17.852520478297237,0.4539485380589755,0.015097680653185898,0.022459036819642057,4.950409143316487,6.776377632460173e-05,12.218080184153903,9.481304054444651e-06,2.245233373182286
0.010523794709846084,9.242108848568979,0.3375820084858819,0.011343923578270623,0.012232161516173786,7.3688355378939425,8.027323246144417e-06,16.678505959604372,6.10544500352366e-05,2.3364365059510854
0.030632308503434028,44.97241583801109,0.3368450428777203,0.011062172509976076,0.013748276789929027,6.8478941679301855,1.3642379071835388e-05,12.003554078729481,0.0003152203228998731,2.517960023335071
0.016521524933657224,15.35101868895398,0.4425466811308532,0.01608867403131174,0.019158516448639338,5.649066707951313,0.00015248994756169419,13.06678740931453,5.1922362366748765e-05,2.29520106112198
0.013979226301532135,13.945862073303264,0.3811177706981786,0.016562775884249693,0.044981744654562894,6.555552122153646,1.9319981385564364e-06,16.557437257087496,1.7847904238764168e-05,2.119755890936977
0.013681154722414619,13.384370787652903,0.5052520013520031,0.024720794822382205,0.16972667194597776,6.894361385384662,3.9997986400810665e-06,14.951414146913324,0.0001226833608689416,2.02435707107788
0.011188156117341651,10.897366328089289,0.3586992507387271,0.019860912595406212,0.24243743649886842,8.591627287496083,0.0007118338628786327,21.008404595516414,3.964479451020264e-06,2.161867309203101
0.017014982001455875,24.20664516596426,0.555369022039967,0.026998015147098268,0.08088601484349262,5.924475908751753,3.6383810406709763e-06,11.116393250907286,3.041455804409446e-06,2.0847748578792737
0.022813184263329338,26.7774732640358,0.3650554844406005,0.013510163851537292,0.016120553196567557,6.40793209399913,4.540181883891969e-06,14.269106950457093,1.6137284314647293e-05,2.140941470422261
0.012484637071105368,5.921520645713747,0.4770459187856557,0.01988023206554609,0.025980090969609043,6.591399199402413,5.9268749384439345e-05,14.709436288051728,4.853359372630125e-05,2.2940783571917325
0.006393087781947519,3.428402463403949,0.4231832333652255,0.020744474034184078,0.0259747219389891,7.4152518355757895,8.405020251849732e-06,16.269353168077657,4.26094335900682e-05,2.382112557277789
0.013370403652280436,8.903741195991417,0.5287799320794924,0.030515603713561133,0.03967616993108845,5.792194278665049,0.000563838406413402,13.01209289658369,2.608700345511913e-05,2.122213247716703
0.06838531411443581,86.16877654190998,0.3886707230936,0.01275910340255714,0.026202327966920392,5.840446576217589,4.7339190151089985e-05,12.469830047873044,1.5309150478096782e-06,2.1617097723060765
0.05337329654634881,62.12601812368818,0.6622226708450486,0.034483325073616476,0.012690776943696226,3.7349693192042692,1.4819656647400244e-05,8.321130588664868,0.0004350681607405222,2.2816056346745315
0.035718373598774195,35.628933225134375,0.4553648797645438,0.023791080275412466,0.013959210943573051,5.253741786344901,4.313357503695524e-05,11.818681486751183,3.8187468748249355e-06,2.595588063130584
0.019810267684440774,27.885529169781627,0.465415054501018,0.01978786390303583,0.0349184162964703,6.060571954395864,0.004803007404090412,12.557513383068223,0.0020741517232383804,2.321428025389506
0.0328166608966585,33.92564655854878,0.605713374855915,0.03147923112491341,0.020611127900187345,4.354542136687312,0.0003537422694921589,10.740888099759475,0.00046274124282878987,2.3236124734940957
0.023909913002522164,19.93386905629602,0.5900024156110995,0.03499921388173231,0.012057446239209436,4.783829093754264,3.239348701889461e-05,10.704710140256354,1.0648876593780706e-05,2.1204155888533243
0.005661227133181833,2.6890775723924767,0.47198398715204903,0.02631382690752634,0.02839711555348679,6.8619174173728155,2.312234022252329e-05,17.86829428076754,0.0007751166772844185,2.416277437320748
0.009509777445681648,8.733566461154009,0.4387940328814001,0.019465117618000318,0.029798048540736193,7.306810594305898,0.0012398965551015883,14.658717976175897,1.6617400728718324e-06,2.2801303389465994
0.010164897721775671,7.580957844039869,0.3990710658376755,0.014583525611198984,0.014342469520919192,7.289514011403914,0.00025604567308301786,15.825870485870329,2.805784093233445e-06,2.069811724247355
0.031929086974623704,28.545242071951943,0.565923533297165,0.025587619132297065,0.024337427662585932,4.89800461760416,3.0149554204136223e-06,10.997787513909376,5.7777404307826136e-05,2.2761605443156587
0.041428468612438575,45.416941017276365,0.47413620664621964,0.01917002056243071,0.023065585032001266,4.7032317783120545,1.0931648667904232e-06,12.08435788976415,2.511677475622734e-05,2.2626911039539275
0.059987205611817626,66.0367516431506,0.513508427637203,0.019761032992802168,0.019361016933955574,4.061838492020009,0.00011593736869065144,11.139242980467467,1.27282751830086e-05,2.365185593908744
0.017099013017467496,16.64549591434977,0.6502666501965161,0.0345515367850938,0.07803725747369694,4.997679486510555,0.0021375624607861484,12.45738361305556,1.3155696130279908e-06,1.9604221664902945
0.011601575296326466,9.681287171101598,0.5711576627732577,0.03177834176628913,0.03163654189713318,6.29875314173637,2.417649543217812e-06,13.259647039675517,0.00010553487533066438,1.9103345289903764
0.013739711894118895,9.362529732772737,0.5659768574873363,0.025989629501720925,0.011943649228639434,5.0571142851969695,5.630032182368831e-06,12.638049467625384,6.165972030050311e-06,2.01746269966734
0.01426281637643386,16.463348709485345,0.48716156298664254,0.02004101901711026,0.16401157018007392,6.032542809681525,2.2195911258042622e-06,14.337901608937955,1.0037571117038497e-05,2.416593180652381
0.06372551594392972,99.59300783194871,0.3833700443653416,0.014749017671464613,0.29778534298859494,6.452811644579472,2.2735380965379198e-06,13.602356503577603,1.6947514888231435e-05,2.6643838891216536
0.016140435669626082,22.46817481481517,0.4281841241327354,0.02244177809735844,0.097338927661191,6.934592116570481,0.0006089115604823753,15.023107735739336,1.91024742481846e-06,2.1578029901718536
0.021672676221523187,35.09973128462189,0.42034193462362274,0.024549217639525906,0.17796874597612977,6.962357971116782,0.0004966541776586223,16.628456675971844,1.6561581235331098e-06,2.0596413067759713
0.05855422419763935,67.78902586407175,0.368288063336389,0.01598927687779029,0.045141484059997024,5.844445358676826,0.00034118153481751577,14.025600732865584,0.00011766468616750581,2.2243703703891056
0.05951062651942023,78.37523250794784,0.4695154944154865,0.019996363658115697,0.09379985240808462,5.345550956380691,0.0007790139877219127,14.140286435607594,0.00031106990918788836,2.298820687210768
0.02174986406366835,24.379389666815303,0.5467446865025245,0.02932384449867414,0.07125879392267882,4.817105068723439,1.4341461596056557e-06,11.875795267982877,3.196464178342821e-05,2.338485303853001
0.026287499882055494,31.59114873645003,0.5055726296561974,0.023817704147919783,0.21421385176185712,5.262548779560926,0.00027101044359909433,16.307998795000515,2.099458837968315e-05,2.2734923889322194
0.017368721907782502,21.147119425397303,0.46398239079106696,0.021754240296389334,0.07421398861775717,5.840641669694059,2.5329981009728303e-05,12.496777133884846,0.0002839013745762419,2.2449370280903986
0.015758716498629362,17.117340985972984,0.43677172961403216,0.025243301443552028,0.023760043470991633,6.19941579490902,1.4126483214701125e-06,15.340677897427133,0.00011040279587201962,2.4635423369520466
0.009832768768536601,6.759068961535635,0.5094212722233031,0.03228051384898367,0.012444840786373923,6.558833454123712,0.000246254503910424,14.45048794295668,5.2063119575483066e-05,2.2331331666271415
0.010212604686078092,10.41227306959517,0.4436561458254452,0.01784535764597671,0.014161241829239366,5.8025309367962725,1.7015947094183595e-05,13.315373092853832,0.00015597360800185387,2.3712091212055406
0.014798775383787908,12.350638024147637,0.4578311287292985,0.017941593490988193,0.019364347732290007,5.150812671853486,3.2290544477401583e-06,14.035018734231848,8.145091351680978e-06,2.2913315303533657
0.005439362514650373,3.381209479215484,0.31530819553400263,0.010753045512551854,0.03971556569470416,9.61830848725854,2.9165799028196466e-06,22.03933895255769,0.00025131907700386006,2.336880441889104
0.03811065340729508,41.75673673515688,0.48489941911797807,0.020162205384567467,0.03458230936567596,5.056746537123386,7.28504845083185e-05,12.11361994490159,0.00012286947249539652,2.135671381474081
0.06699067783473374,87.55832386965575,0.4284763775702909,0.016336204086189857,0.040800387676233195,4.64688242129397,2.220238765154081e-05,12.568584299875383,0.0006381136862512055,2.2667886586425112
0.03689725547827507,33.39719284823629,0.5543949625250716,0.028532958546448592,0.03065688323842224,4.9509458186318565,1.1984501386883193e-06,11.221965178405954,0.0001904470399562962,2.2216366980734406
0.01487710161521737,11.579775841912129,0.4721191231840708,0.026266515756424778,0.01809552609983375,6.235818131547174,3.6739324985236214e-06,13.224447339897678,0.0013302392081599266,2.188193466883619
0.024285630791376137,27.06214486762853,0.5059115380842478,0.025419295832403665,0.03920570940596647,5.159096503449456,0.00020976802899320529,12.091336369155307,0.0005784416895910342,2.328903073233642
0.0171667557942603,21.33564723653222,0.4124463616692579,0.01898702663912583,0.02579044459680138,6.274325877876123,0.00016499121243019753,13.181087342114228,1.7039876543992863e-05,2.13679570967521
0.011457348945095749,11.673965234819562,0.44474890994725014,0.023130474534151565,0.037754755713513395,6.365298379912969,1.94244034125354e-06,15.783088227480894,2.8057588250811034e-05,2.253016737269588
0.014027569770956158,17.330988934551616,0.5417426644985117,0.030045393130566554,0.05688048119989028,6.367711440950155,0.001784711316231105,11.701731078022831,3.596191475637406e-05,2.2727409797850973
0.015932439346753043,16.3338038040862,0.5938798259407335,0.0463119788872225,0.011886088159539655,5.586085921660885,8.529527632670407e-06,11.816282632334449,6.027792158271556e-06,1.8593258268833905
0.02528839251180758,34.29360074258128,0.3918888112496338,0.012868290911486514,0.017921693085989055,5.802139215991162,2.357105139215178e-05,11.182013539309072,0.000135368773986212,2.2691955539212363
0.021563401314441025,20.686514711806897,0.5138639807851079,0.02571249173256826,0.015847162694975263,5.334462769371375,7.423171714034909e-05,11.641565750579744,2.913802210339917e-05,2.270108413467752
0.013101097137267455,12.25287685495727,0.5316381683008631,0.0321417996394729,0.02026803245301146,5.622457418133244,2.6027756169543532e-05,10.116333830737286,1.295506657180734e-05,2.232681302199457
0.03040938548867528,32.82476400054991,0.4964952669515461,0.026911655869051768,0.02442721876704471,4.674409073974532,1.242110140432273e-06,10.12942849407192,0.00011639024717126542,2.457146728079598
0.036505634791864285,38.38179604076759,0.4495185559309355,0.02120028964357936,0.024245068790203047,5.228116144986554,0.00018257821269630284,14.495496148679516,0.002438390825746416,2.02080447521476
0.03252714563393387,41.15540588069423,0.40101065859730484,0.015603199719846715,0.03606049385369986,5.672265345542669,1.8594455773402867e-05,15.569130637557626,0.005576639696046752,2.17165433137311
0.06193496937045175,73.27472382066584,0.4450467595006097,0.02519826714924056,0.010816634979688582,4.744144101808919,7.647111179223311e-05,12.27959889551322,6.417074242429045e-06,2.337158476017605
0.024982378354216055,30.298134127788497,0.44587771188470243,0.028114522202999696,0.011590656946488512,5.974536632553624,1.8428110360946947e-06,12.681378437207336,8.880076012460127e-06,2.049549334023824
0.03298523466781642,36.51618228320071,0.4562066276021891,0.03256570284910945,0.018541756954241755,5.499585161113767,2.194439219178177e-06,13.983864672822552,1.6657203143496476e-06,2.2192757293295373
0.031005200834754908,35.2646383583054,0.44590963189259053,0.02031611884103229,0.01733554766737976,4.910780936268377,1.8998273157892686e-06,11.581701169852693,2.1031670583083463e-05,2.4036496410426413
0.030689955345472003,36.35394366843403,0.5233117324932212,0.02414170193670029,0.03442641212809709,4.6215354572766545,0.00012681762950761752,10.15345720776323,0.00021930751774245074,2.212832477259907
0.04001140422969437,44.8906251309484,0.469230042294229,0.028155293771091074,0.022450359562986206,5.228756218789718,0.0005517899327805727,11.798160890122647,0.00019034983506903796,2.0940233189301334
0.014571566346690134,11.123911601319739,0.33169539156216565,0.01411320909916,0.017568614996260924,6.612260528246706,0.0001629103869610085,15.771591716006556,4.583116357146537e-05,2.2153612399622755
0.042348278709691184,52.091670601983985,0.5205028246053207,0.02518047213803472,0.051082048535563994,5.064817542467704,0.00015804375299548155,13.877828632282323,0.0021363787495914683,2.1779100721508335
0.05902234312628454,67.6618841331552,0.392890312354967,0.017108079788749387,0.04676425592482776,5.545433003512319,0.0014434523266683918,15.737795769663823,0.0026410198061294385,2.559726628034933
0.042822693066346264,43.59876971753913,0.40371730540479767,0.015894140510947535,0.010347541554678895,5.248584298404102,0.0005065962103858408,12.890019632313413,0.00010526941335377217,2.271591909484272
0.055585674131148254,67.60090937543467,0.4179275719433493,0.016211270414982024,0.01522986475730923,5.917409264641066,0.002985437061224738,12.225263509647453,3.3038724222728227e-05,2.326284999105168
0.0526000928087694,57.84524339622793,0.4119185274957572,0.014853196011152554,0.010371985996855484,4.793498934505357,0.00020076961194426528,11.718232002917674,0.0006014763134864569,2.154147084675048
0.014315251750920794,10.421663858749952,0.49596112294993766,0.02455840460362298,0.010807430101071531,5.43444450388832,0.00015324427855549567,15.336840270700248,2.116669316139878e-06,1.9624969355788218
0.0144225252444891,14.535965397792696,0.5039504236511134,0.023949225064842938,0.028179330547478586,5.00542296242588,8.845650153877986e-06,10.675417530592187,9.257156207388038e-06,2.356453037360189
0.010522453505838376,10.758087725367128,0.6533701893483024,0.036576425159924035,0.039036566460942695,5.075040560233259,8.361122810381383e-05,11.6123139205872,8.388721590662533e-06,2.35914116625436
0.01273316081726154,11.345425421389725,0.4208884641569724,0.0228976544293387,0.019546437119285855,6.486484974117451,0.0020030456226270334,17.280624100290765,0.000350042795957269,2.2290336441402885
0.00849913915278328,4.307536473117915,0.2999066856538026,0.0098123826768562,0.029178692088707023,8.24444615002721,0.00022405216518838945,20.508896608338624,6.249377524697785e-06,2.3415130418058583
0.035939437533292935,41.17970754412387,0.48891391058163736,0.027302584531280736,0.017444351393802907,5.3231883696163,4.823825393892098e-05,14.560787316676892,0.0021747159922264705,2.3118849005581974
0.016406598548566652,16.985237492576633,0.48159632145795256,0.029804862695759923,0.012591024135680159,5.883808927278457,0.00017858293582818084,13.639978806653168,0.0007312672773125507,2.2150436289502524
0.07247521923697178,94.7507944249816,0.564289117238894,0.028292640027602067,0.010162535887617176,3.9708006122813733,1.4116957173188076e-05,9.187103474211293,0.0008199823768193724,2.069473222940382
0.005474374580628501,3.509803075017464,0.538447479912736,0.03182007308868394,0.01644755505100617,7.58745395152975,0.00011383258396340306,17.842282718133042,7.491999133790903e-05,2.3014095689682468
0.018061397524772,21.933021424490803,0.4753401282541015,0.021844073416903198,0.053058590794918044,5.911521393217582,0.0022952920158331863,14.058078464089327,1.2851812274570924e-06,2.040586461106178
0.02738248473051841,32.81706326435746,0.4491332995953959,0.020386669687759904,0.01720102065750451,5.125901722823918,0.000605849857745388,12.199278924192196,1.6026205626278756e-06,2.0019446616139556
0.018213314422398888,21.097442564119387,0.3042268058019789,0.008615185314452701,0.07065586083221116,7.318167055667754,0.0002168172401025069,16.24571023620428,1.8711853510099207e-05,2.6417764037462588
0.013474798342911223,17.428437711355752,0.2812853085122136,0.00956935709315287,0.053989024684805036,7.943788544261774,5.808216052259035e-05,15.857866954136899,1.7837392055797473e-05,2.734267960050029
0.01495028706742237,19.30936328519123,0.4209345781436538,0.020473007354203095,0.010245027440835879,7.228477237326277,0.007332466453395477,12.035486911765922,2.7322599924147463e-05,2.574031659978474
0.013450070241915458,15.724852680258339,0.49866017503540944,0.02509630108446922,0.022988068268266187,6.706264883639225,0.0022896416224000593,12.833962449713011,1.8029777666395526e-05,2.294605721712575
0.01578473378959176,17.720574860892743,0.476948682229418,0.020292430884654322,0.018600769985963474,6.160344991832209,0.00276847216423117,12.717564394908344,0.0005239376904711815,2.021002770114871
0.016593731444167602,22.040739990781482,0.44057765169851615,0.021410664638281156,0.014765146222061988,6.099832274236034,1.6900296162882776e-05,11.486950307862436,0.0007526681292280375,2.3723656825088284
0.01756073729073295,21.6586837093846,0.28515032486515773,0.014199318106965808,0.017327769071729917,7.07644778406695,0.0001606982722207059,16.60528027444451,0.00012904235387739058,2.374296794474099
0.007655542312923939,5.920849258664493,0.4184851235926349,0.02391832666538119,0.015164235240260508,7.378114217136971,0.00010077222689177368,15.317759197502768,5.851304318621514e-05,2.3524303042840895
0.013262126422808333,11.693545697045774,0.3416877238752799,0.012049079057178377,0.023003619920262244,7.503955569997921,0.00011046577198471076,12.145870466085073,5.387077975409722e-06,2.2401941023895646
0.012008056030206698,10.704331258870562,0.37033283165764663,0.018680823307377966,0.027133970968495534,7.7367684630518845,0.0001279492795025653,16.456436881350708,1.9958002594127488e-06,2.3087168466199555
0.015713293318373265,16.76584225113438,0.48025208405397407,0.030448428285733187,0.03149101847920123,6.45311069624097,5.9538797295010014e-05,13.7589041530866,4.635843143889291e-06,2.6179128926563666
0.02063072944928297,22.473705842451064,0.45038703386272116,0.024147382314814277,0.02773102768111767,5.306098469895892,5.3144581585271775e-05,12.860385386797699,2.061588059268793e-06,2.291925781632106
0.028672821784585627,40.46193879774529,0.346301692825566,0.013702284101944106,0.09105782122654241,7.1934669523296355,0.00035229994508615824,15.66230557918466,2.6851391135701685e-05,2.0581313354187643
0.024340118202536225,32.15232085977036,0.380923526882272,0.013448698429777516,0.04582345324531958,5.742403650328668,0.0003470815412401821,13.273689126149609,5.448349637118296e-05,2.1354852219203915
0.013355827728216516,12.35457941494955,0.523185575360351,0.028067846719233916,0.0250974283836152,5.665675119216208,0.000781210685092774,14.050494445084674,0.0015528034174372143,2.122200677419907
0.009260344189896385,9.46984669155722,0.41585194503839146,0.020139277905546985,0.04176914371503331,7.7579858723909,0.004989943910715935,14.988381946712952,0.0006166260347186944,2.145747804505018
0.013745118412439519,12.008069808200265,0.5477010508618897,0.022841832609606635,0.03222239107028468,5.6673925886428025,2.325389704862868e-05,12.631976215498002,7.608126999771652e-05,2.484665396294904
0.027370024348310856,31.191206577743525,0.42691450579354656,0.0233890702620698,0.011510435750796705,5.418189654699178,0.0005057253134207949,12.783666938143611,0.00017164573403249863,1.89662478035247
0.014220330808535641,12.519356725116685,0.46219893610094626,0.02538731891911182,0.010366684714266857,5.293710417797278,6.6563869321317305e-06,13.082844774698788,3.1370473035086987e-06,2.1229651038996673
0.02994371997909825,32.762301638510735,0.6344690961483856,0.03132321415020127,0.03430183736348263,4.347446959221165,0.0009150110568102963,10.072244138511948,7.286020080035662e-05,2.116799107285235
0.019484780859468837,30.32946904270388,0.4704125833256631,0.02236145823372484,0.02499354580268247,6.10634116364048,0.0033921182047664863,12.383197431725577,1.4167275264101186e-05,2.1025292893054797
0.017161068310794354,14.343088289946884,0.4517566367690006,0.013813327716184392,0.010717794272986626,5.680629866751902,3.9064130277806735e-05,12.26370772190157,7.975710867560287e-06,2.2562273553704872
0.014560057623272643,13.789777569903507,0.5389325556200079,0.02290296749332082,0.01967338964278872,5.757860467138007,0.00015029906902077207,11.652209780283664,4.5212804592144024e-06,2.3212459503884038
0.03439553449774419,41.18379740279099,0.4673452000384683,0.0192515005707209,0.01551485726261875,5.05620627921689,0.0032508594858604097,10.234573621566568,1.1815985320649304e-06,2.238720523419122
0.008376891029206952,5.109364561560307,0.469039151353763,0.02898881032997058,0.011020590840134972,7.602850716313523,0.00016958940602096519,17.712552466612262,5.5076519597575e-05,2.8160808358551903
0.017964249656119924,15.93235659887211,0.5853932082611161,0.031984596998697976,0.015634963293188454,5.605252160713682,7.405796914008012e-06,12.602305482346635,1.2436617961921869e-05,2.359347632862792
0.00789825997095093,3.9278925446769133,0.5379433297088192,0.033036576426751604,0.031560050099436264,6.565820429401192,1.01371036034594e-06,16.425142944959003,2.680565678808223e-06,2.034155323378394
0.019259023164184833,26.11752769491066,0.40153898238578845,0.02509343699676848,0.1923538589021641,7.6957813588707875,0.0003469042228766179,15.824575905382776,0.0029715592325166543,2.429074250637297
0.03000041792018259,35.27290104637434,0.4421684453224969,0.020436715233205453,0.031120310909409483,6.204352615668487,9.351153855885137e-05,12.39705857406052,1.9635088986395923e-06,2.293100831163021
0.05816309444589126,82.39952138392441,0.4321862421881354,0.01952190450313853,0.010796097837552546,5.492417559019186,0.0001557909834921362,11.098402687726837,6.686027981587082e-06,2.2540108196636264
0.045274411566546,53.7819024789429,0.40009171085374945,0.01921939065014248,0.01476661840357989,5.0843121237691875,4.258534009857475e-05,13.751670717554072,5.017436394780385e-05,2.2901005505346106
0.013004119896190647,8.816150870848922,0.37611080736336844,0.02044068168674104,0.011648426703508345,6.829367124391876,1.0833771571908527e-06,18.623654791400906,1.3631489280604314e-05,2.050378610974863
0.008657340484480705,5.942678957198223,0.3407823420445537,0.015791233393549504,0.01652348433865486,7.645751802909667,3.7022758767391405e-05,20.251225435951092,0.0001969727552413398,1.9746929573747793
0.009815368214365789,12.061371187006678,0.40508271031482096,0.015628861352702063,0.1629310861411585,7.75949046841247,4.126401960384842e-05,18.201562305812065,1.6323906409002605e-06,2.141643941916201
0.0149443552761681,14.008179885192973,0.49891462597118297,0.025748750966329555,0.0424949851494049,6.100476683898614,0.0021267330281763554,13.687252244323458,4.1344019816220634e-05,2.4163047110507794
0.027161838616359877,27.87907379552873,0.53283011700444,0.032510702791400704,0.05923064641186826,5.094874387930034,0.0016809113470009,13.752448991332145,7.1659851327420055e-06,2.260034133493914
0.029839717966117046,25.701189436458158,0.5377255937327255,0.02316620516315951,0.021626985622985633,4.342787152984118,4.251089887505659e-05,12.022943507765856,7.712761270124383e-05,2.0022443022937533
0.020810721899861714,20.61208846623938,0.5332677229929771,0.02229884274872334,0.058067377077769516,4.677977265522386,2.612056694547399e-05,12.560781859095165,0.0001972856030124269,2.2705655529520907
0.020667313958895574,25.937955048234286,0.5312860234124439,0.032038277807901305,0.10974983612996529,5.657795095989917,1.1679259931044314e-05,14.3422844616408,9.515133089833992e-05,2.4283585081962427
0.015646582397815512,17.970295884219528,0.4571734726725535,0.022790755517808323,0.10514024461147103,5.7994085939956515,7.8285568102702e-05,14.646540667723041,2.3897665652583447e-05,2.535655975430458
0.013033941066062345,12.774367945767654,0.6151636085710837,0.0340159241004289,0.039856539118936565,5.26021841034039,0.00019340361275812487,12.218767404700273,0.00018054881500957816,2.4223242206951414
0.07217824176785964,88.64160921870078,0.5149505549890966,0.023400166067580698,0.029939114131963568,5.20540007060008,0.000391712293386617,12.028565531760846,3.542118365566601e-05,2.3350567990582984
0.0500424044885365,67.92587003966436,0.5163579314528298,0.026645244372350625,0.06093861348152802,4.926101832506022,0.000745004440549663,12.582471566751373,3.262289229480162e-05,2.492234678041721
0.019528954430264863,17.68286680595655,0.551291338319054,0.024983640347570134,0.03629403183396579,4.964792832065614,0.0001940962614878583,12.40875989459387,4.889182866796349e-06,2.3560348616127627
0.01950681710167789,22.23871480515926,0.5582623716099975,0.027473179795846146,0.016004565939961364,5.16943538599704,0.0010544663097054642,13.944371581537853,8.6544952613731e-05,2.273721200308593
0.009928562627214326,11.249644986234475,0.4120812536906228,0.020087111651201434,0.019353752071380924,6.997770291700284,0.0026296847689783313,14.800849477696667,0.0001326721328996417,2.2193574360237815
0.01635877194135173,15.028727430667757,0.37661098928303577,0.012957673967122947,0.020418987630900873,5.822289254273889,6.346207442326756e-06,14.84346693645473,1.3522920760620886e-06,2.2179240247867695
0.028983011503910455,26.38029868806516,0.4683036917426369,0.026401397396777423,0.014679912727866735,4.825691183456096,1.857288467529123e-05,13.88391279207878,6.578818568361355e-05,2.126327062674128
0.010272187743799463,9.271626267229818,0.6061757119639438,0.022141232614485265,0.030492468701066866,5.7690478705088575,0.0007698414328988448,11.103982561384607,2.019849322456511e-06,2.2474478371801516
0.022948220512780036,24.92348532817707,0.5134999720398005,0.021495368028444695,0.025869405848225262,4.850844866096511,1.2000672565425402e-05,12.364420903051268,3.8533952350578956e-06,2.2399771552055765
0.005524412479937522,3.3512578677018556,0.5610032965571948,0.033300477342776025,0.07766542394245582,7.088720451838846,2.7664594959672437e-06,17.58867777533697,4.0729256489539415e-06,2.532271941020021
0.03415379363942631,38.58798791654842,0.5587356907512755,0.028723874866806443,0.018392933261049554,4.386465365871472,6.362808374297704e-05,11.158319263417065,1.6511686235693584e-05,2.175973875743309
0.0646330525414932,75.24039069815575,0.477447229485815,0.021525673828281307,0.013508351224187937,4.396698451470726,2.021471793981286e-06,11.650242119930217,5.989238849501404e-06,2.1353569794516387
0.0500493586862383,65.20369285639367,0.4674015641326389,0.023363449532267686,0.01987306643559563,4.869198575217248,9.060070418515755e-06,11.99068682468603,8.53419172686303e-06,2.1478201207957843
0.0572217179430881,73.5861989180278,0.49269936983219176,0.021311423703214684,0.02769692067947378,4.819228438575675,4.55769011043968e-05,11.52990382068999,2.821363406761196e-06,2.2607301067752767
0.036844006411032464,42.14006210502168,0.42337825079226815,0.02180936029759313,0.020177298250493917,5.305912109653229,0.0006421630837527571,14.352750216428198,9.074290621872515e-05,2.2352676457484995
0.03461110909223851,33.23004712824556,0.4886146361021979,0.024184536535703398,0.010725189305950792,4.532370645273658,0.00040455212357720497,12.086285820609772,9.140913742280342e-05,1.9725363063031507
0.016170601251466594,12.43631378969114,0.47809010931736,0.02497016237427589,0.011198088446997332,5.911294628311882,0.00017054802486049864,13.358058202059798,1.6263307325483654e-06,2.088075954932177
0.02700282322801364,29.15498032323484,0.5066162189662068,0.031820671810402816,0.010931121703568986,5.074735841548944,0.0005016808901973646,12.157331128852283,6.452943156455292e-06,2.0871310649124353
0.021946931970188613,22.04146965507942,0.4662420702949932,0.02832064600053188,0.016717043351154936,5.886787271774936,9.74794833122068e-06,13.319455425124666,1.874809917330881e-06,2.1235610879460385
0.010941615410471514,9.201966881073687,0.3812509586456442,0.023290065812663466,0.04122928562177909,8.363747607080816,0.001399077232798617,16.453449260592507,2.3244178902830887e-05,2.3081251743083664
0.014231952860871772,14.204869131495538,0.4190900969573251,0.020547595774355897,0.010349791018553873,6.101953952864394,0.0013091196349599256,14.296143789590518,0.0003987570090043014,2.1368620261991755
0.03305233740633602,52.55771972110554,0.39707626559868914,0.020938068061130518,0.06749386391988671,5.320811196048172,0.001177274122708423,16.051080129608145,1.2303581340457133e-05,2.349771927817678
0.02190598363918194,28.99382691917529,0.5069414722396874,0.0321530115150593,0.07032288685017436,5.70437354925355,0.0003143860236289538,14.007403777544612,3.568108261486546e-05,2.34070078649012
0.022906660582557015,28.709276314762015,0.37644637943494763,0.012057759910170862,0.04834983461104679,6.829511768242022,0.0014621586842800862,15.289588079361208,1.4632045394790258e-06,2.292283981191233
0.013732979949679506,9.759924618454264,0.4024051251276369,0.016692859512704883,0.010620736680185547,6.685475258012827,0.0005435001481321675,16.104849418097164,9.233980434043574e-06,2.1687596614637528
0.012183498981886328,10.887113111833306,0.5885415206611567,0.03500029417930545,0.010968443244016506,5.960867034703152,0.0053577854378370204,11.944644167822725,4.189019038232535e-06,2.1942374971026335
0.020787569019540545,31.77499080795415,0.5237017765834745,0.02425154846277134,0.010435485529539936,6.335187590383743,0.005911915064171961,10.985986444488145,0.00017527046588019114,2.3358618258452077
0.026197185163957682,35.74173000614005,0.5693222662464812,0.029258495949957233,0.048176480017903936,5.640948974655607,0.005054402791418686,9.422303782239412,0.00017275412829187927,2.446869868553966
0.014968693162873553,12.546587789755298,0.5529957906762961,0.02652648790493028,0.03959099647272751,5.636463132744877,0.0010353605047260974,14.588217683077708,2.614413580257086e-05,2.804404653856234
0.017000044285426553,16.536339227825717,0.47172838923544375,0.02344111348801574,0.013944454740987083,4.552872717953356,0.00011226980360901122,13.174523098817478,0.0006793786778715033,2.3536905508206143
0.015459492334557422,14.800149189762243,0.47926926537356035,0.023975052044518965,0.017214187147327274,5.7905716494830966,2.2532606379377338e-05,13.42452781552304,9.956976249696038e-05,1.9605305901875414
0.06488146580387223,86.80893385926558,0.34424191117729197,0.01418352586620455,0.013471059284935156,5.111756366157646,4.368179946032995e-05,14.148928026112063,0.00015237303166698663,2.3183378521127307
0.01849968412670778,17.60027676538607,0.4542182361141086,0.021567609427313523,0.02360039542039144,5.642928202220883,0.0005503485769336362,13.509089570830852,3.976736376966734e-06,2.261058695888913
0.025701406074494237,32.456777693246806,0.5140003404129608,0.024359668147636893,0.09863576568626296,6.069646983043887,0.0014033075765456694,11.813298843421197,7.56875573796537e-05,2.2605275535236817
0.01087077145526373,8.253409684592047,0.5325329889537147,0.027960404236096553,0.0312052641941928,6.288140936392979,0.00019155812320011708,13.121566124549533,1.0420993300737063e-06,2.3275296671290793
0.06575005762507204,89.1424007799336,0.4246357938065027,0.023208817243727243,0.044203911692291965,5.846037488607536,1.3872301118914332e-05,13.891223467493635,0.0004935692199885648,2.4811766820615815
0.03277930270021377,53.3802905462104,0.4821160521741981,0.02640078143249942,0.06841607084861642,5.8264601561600395,0.0026366699520595353,15.152057316554906,0.0009131535305192157,2.0670225613185615
0.04786390090782375,65.28721092556837,0.3823166580989131,0.015127552076278354,0.10405375556327928,5.536234980835717,0.0003411303294300457,14.368112576186205,0.00027127855090319206,2.1360496276722847
0.022565625031496183,26.302897700068023,0.39709498374078317,0.021760216242556085,0.01876070861677932,5.5389607699366845,1.4563708418211567e-05,13.699047022580897,8.97885282929722e-05,2.2129315380242085
0.04397877626138423,60.442671745869426,0.37142696200508524,0.016703351218097753,0.0531713686219168,6.460397359982953,8.856083352299651e-06,15.001232369511367,0.000374768258901251,2.0730208277016264
0.046114246983350475,50.24495846661006,0.4850410613038515,0.024847935537380687,0.026019636074539255,5.039725859825317,1.4334426639950087e-06,13.296601759548622,0.00022470595912123617,2.3619731560577018
0.01494335721737753,14.202877848220654,0.4790584121700655,0.02757206456535766,0.06114048979373718,5.214360411846172,4.0009333054421074e-05,13.988229792045079,1.193620594851625e-06,1.9394457463254873
0.012503274954883061,12.34300902628558,0.31328646992222764,0.01664153675824204,0.026545264382817804,7.549332325061476,3.379762344911191e-05,18.611593217215134,0.00016035980452109707,2.8235180071633272
0.01008158557992384,9.876208304315726,0.4164173906045008,0.022172228700595438,0.035222236122397006,6.671220600590296,2.3046964396328107e-06,16.96586805179422,0.000814127995255264,2.2925309979840405
0.021421941661005937,26.0028485488034,0.4199803902328623,0.024214396911644336,0.023417531991780823,6.002746609425383,1.283471932926499e-06,12.518319590804486,0.00011525233917787632,2.2237097467246056
0.011775248895351335,14.592119012088391,0.53044722521544,0.03187093853276598,0.03389090744632067,6.542800642799923,1.938957173129939e-06,13.5516359397549,0.0018119688996504593,2.1143789216609035
0.020745251765934444,25.595624067100392,0.3692241117432129,0.017469702421229152,0.044791918257798755,7.225602335959353,6.448199531829312e-05,15.716952059824312,2.6605218200425922e-05,2.302218661673118
0.042302214797168954,53.11309465875315,0.4783264583343867,0.025869793524305015,0.027051160342838877,5.335326417712305,0.0002825818915878631,11.517490738364343,0.0004368589372514108,2.3763571173711218
0.011913819921170138,11.816741724798266,0.4015335695726031,0.023570299399824936,0.04840243765774269,7.541636998184826,0.0002087785867741148,15.074723517121848,9.827730829249527e-05,2.4554457920452983
0.06268523033541921,91.23172803817386,0.45794101848574204,0.0253283975034475,0.021654747702300223,5.609409229306964,0.002466732887284649,11.020218733170214,0.00019720894547263601,2.275942616550495
0.06804395312941489,93.93857588011724,0.48968427461681524,0.02344905739294761,0.020527959137447933,4.974606711679919,0.0014220918666573538,10.848296382867305,9.569016635050592e-05,2.453677447227747
0.03208814844728776,38.354801588334816,0.3963685985291836,0.016413941482183086,0.12615352031254332,6.436539938177379,8.317289050431214e-06,13.748647518679565,1.14944231840796e-06,2.211533932626013
0.02654949340752518,32.22655200618672,0.4252436236975913,0.020643971600344996,0.05988237883171093,5.578885846081854,3.0421510932901658e-06,14.296064102948064,2.3672940078470987e-05,2.597130927856461
0.012399247976029931,14.855681044936825,0.40822917570579825,0.017306308381245895,0.0375423967576302,7.527062145141583,3.163747660368423e-06,15.93647009359989,0.0012605977874741387,2.3592248350025966
0.022482200111467836,29.370630793816915,0.43810764297237365,0.020209665122885235,0.026155150229730365,6.034621135867079,3.0880914443784497e-06,16.746814811533774,0.002928363045085069,2.3521794739018405
0.02181916092066607,23.67801167671872,0.5602262070467514,0.03186967604822324,0.019884886580896703,4.823990232293748,1.9631296817280615e-06,12.526700273594177,0.00020720446096823483,2.0504745502801676
0.027505310478286644,32.0220433978907,0.5326404935994585,0.02865367450996001,0.013671677954590457,4.259425610376276,4.344070327179039e-06,11.354270248307861,2.3423892776368334e-06,2.1102617682942997
0.022929721257840596,24.007398965574886,0.49735208940926573,0.025143992011090396,0.023536737478908686,5.390030291989498,1.9402068847682497e-05,11.915465133835077,8.035201992122811e-06,2.1874981775839637
0.021648952753609892,30.742782184469473,0.5374824224098874,0.03336064254787546,0.08124125507643437,5.628659061270843,4.254459785014641e-05,11.095015342236374,1.8612980071203195e-06,2.6386130006699715
0.017406028406675135,16.70917734364061,0.5016782959294146,0.026739930107884,0.03063302836901527,5.728494086250464,2.260918580043793e-06,13.626127846361399,4.092157035387246e-05,2.4265769733988636
0.01812026742659229,15.044749606418378,0.4797061543841876,0.022148119024759726,0.012022267570587074,6.178786295501641,7.006851808537451e-06,14.709758838333194,6.143210630025001e-06,2.055023322085089
0.014395885412403265,10.457412833148519,0.5534412916387378,0.023619496778102177,0.010092812524999837,5.38224431334841,2.9843844244467955e-06,14.332572884913661,1.62862769193477e-06,1.8676582204404648
0.01384744097501074,11.014295159282668,0.5703678217671747,0.02871222680664395,0.014034248363964297,5.473131408300323,4.670698284343612e-06,13.249727261253062,2.3600597506123193e-05,2.206430272358861
0.008940346632021883,6.679092027976902,0.44488700523723373,0.023913909645644094,0.014895534551296144,7.082008921160346,4.046631015692796e-06,16.84314437544781,2.5768839595420136e-05,2.318602494319536
0.007874538700383104,6.940842069053045,0.5543179847159261,0.033142946551631344,0.019960301245268,6.25256739559729,0.00031591119479759737,14.23093048931038,0.00010399793855020392,2.4767802275860524
0.008473081941697136,5.534645542795147,0.5337077158498784,0.02937199469863543,0.04097938581880512,6.173376785253291,2.242967338879662e-06,14.135711974248306,0.0010518334100049753,2.2455159855318785
0.02346763455881205,33.13149593478014,0.6485730411723183,0.04003616929991079,0.03675773969827463,5.196974487099241,0.0003353867559398822,10.745651330712894,0.00019504892616997548,2.328450958335323
0.0685635808938004,84.73542797363632,0.6894431382096639,0.03276629690216363,0.030320580716519455,3.6018740050553837,0.00023754699852148895,8.595489356704848,3.567059261799332e-05,2.42945001664297
0.01035862152916759,7.815831482665622,0.4348463776855034,0.019213910855176382,0.01190889376635985,6.170359290054912,3.3291146057462054e-05,14.508007882618271,5.138650098304674e-05,2.1256446507233835
0.015099292449432677,13.961959187059426,0.5666168527876084,0.033104061899541175,0.02345402163851981,5.510828099729321,0.00014619121906472225,11.24766831968113,5.0573457676437424e-05,1.988467961921968
0.0134352181970972,12.529851325827723,0.6347173173209294,0.03708418040659173,0.01747426449049186,5.096927883096993,1.6664096035083218e-05,10.915028527266417,0.0006551440482338313,2.3125455066028446
0.01037365566042439,10.365775013365393,0.36117059119530087,0.016356680366168042,0.02286229091747099,8.212033117035967,0.0014940309176425747,15.372024393471552,0.0006035051382031792,2.0397912548190402
0.01364548501163073,17.088312545270664,0.34631663386844425,0.012852795597990001,0.01938172247424676,7.810352051186637,0.004274552520371105,13.38055222362164,1.777264316909624e-05,2.1325284768612254
0.009175022792358278,8.474619009103538,0.4345100595554319,0.017014985860741853,0.03425200211759642,6.825190789458087,7.2394853999908e-05,14.574478269754868,0.0007922792157858054,2.2932014456758347
0.017718153475639462,13.844724736628727,0.5211175753279025,0.02180451207774431,0.023896165997616587,4.905432853186511,0.00045800205903994177,10.685844617618162,6.548077841087209e-05,2.4432495083596004
0.04432243486685318,58.73908782374406,0.4863630264815164,0.02637069294157514,0.031075181390327448,5.519490960716861,1.7586094367788256e-05,12.448889325367032,0.0008322074746958516,2.1746568651497693
0.04871124528440744,59.441831397954836,0.4373797605662867,0.01923406267164423,0.02417792713229858,5.231752262235839,3.53024334597821e-06,11.630233977925881,3.204527193722369e-05,2.2203004157092603
0.06910383910655399,70.56399307772654,0.4693552468020695,0.025189843158952445,0.019746168630727725,4.988506314254981,4.372891605536734e-06,11.831734826386944,0.0005162699557365966,2.0814013241332443
0.08843195278028573,78.10453093161115,0.5395428037922716,0.02920313770080001,0.01837265330639548,4.172526638656604,3.58225452359831e-05,11.322745993546745,6.4656849539338925e-06,2.1263973270399914
0.0650748776968246,92.11640896921732,0.5611776403051413,0.028180174571460426,0.02334759008917357,4.428798922793553,2.884907135125698e-05,11.006597577927629,1.4970564537153021e-05,2.198223590400699
0.010191783437033575,8.299012456638161,0.49644472423756214,0.030280088503114554,0.0184173621319767,6.541894623286215,0.0017746938578727548,13.480485252860579,9.906980202056512e-05,2.2509535128442653
0.0607369202926661,72.53312668694336,0.4693558685978351,0.019946278713725726,0.015725379776737606,5.8709609696225975,4.775672059938115e-06,12.011074476579141,0.0011265873807633916,2.3142778549323695
0.014737415417046259,10.834903555818913,0.6543091997711505,0.03780853125258376,0.014294133395402258,5.413247249271162,0.00010751774930274352,13.364349309228155,0.0003317402998349589,2.384572641384765
0.011657849242986107,9.084527082639008,0.5533222207048416,0.03145959080435981,0.039032148664555615,5.9625766282525,1.2799634368148545e-06,14.321986458649736,0.00020484428587870047,2.270402909830821
0.014946507920104804,14.04080194483106,0.5161132899966563,0.02338082859744013,0.03986195846278575,5.8000028325711765,1.068131241566826e-06,11.629015494336368,1.4046128564480346e-05,2.3667583950114257
0.023450170395742712,16.480214211474088,0.48728273304863334,0.022240735950537528,0.011279386307888054,5.49226586471896,0.00013002222686238108,12.900129744365216,0.0007537609560112662,2.1816961837957045
0.052385163950322236,82.08620913448534,0.525919760604572,0.026701006111595905,0.01784054379110177,4.475100329465912,0.0005572621706470512,10.545128705230793,2.8197852878596138e-05,2.418664044874274
0.018173166720044088,18.468852652965143,0.5404547707152308,0.026785179623326227,0.012249408798289774,4.529050287479807,0.00020657953743162348,12.388263460797848,0.0017076047896006816,2.076174907173981
0.01865305296746837,18.657202312145174,0.4500307399374272,0.022542628884601044,0.03224463692595698,5.5274484471659555,1.1310438700350495e-06,13.649266447928051,1.2377983550362435e-05,1.9426314516188499
0.07010636146359085,82.77359061570634,0.46928292951796274,0.023632535010115974,0.043607577286202556,4.448327799300782,4.5324019669855055e-05,14.387655137988286,0.001791313083784671,2.3762943769825022
0.02624785333270071,32.44072528664779,0.3680565346697337,0.014350564878025718,0.18045553268781897,6.4729038782238195,6.10761535312052e-06,17.752611298169896,2.5862182035205642e-05,2.4451238989710027
0.03732405011784179,52.35647987348959,0.46897039133643875,0.024721893306382827,0.06888836038210532,5.486952475831655,0.0001651031830749489,12.498890140589491,0.0006005485678659597,2.319458420678184
0.03893110187574049,48.898635228600924,0.49896768027951727,0.025463106741038674,0.03649833864491434,4.932397600293872,0.0002730564006474426,11.687602364612548,0.00015640730520078994,2.0874137486032227
0.015218169479424865,13.112299715915526,0.5348208270468962,0.02956049239862746,0.04692817211146267,6.080340187335172,0.003140687780597822,13.577731437366527,0.00023762966819633916,2.1967269358016153
0.017151271135844734,22.307654736121677,0.5589569011037939,0.023458575835512207,0.1990462475513726,5.550813547812658,0.0003745742616822253,11.080390681432569,0.00018498989854237312,2.3550242914341064
0.015694735556132627,12.967745339562917,0.5570775706152523,0.03530072647288683,0.04728368158573477,5.657055364487251,0.00015773042484123765,13.524480277779254,5.1782723803161985e-06,2.9403003767060736
0.06211792215558007,91.82223004434206,0.3936638740460023,0.019955890073471507,0.01051544469381043,5.374191199564991,0.0007036854317662771,13.533057661342017,0.000792024701077098,2.2434856224418303
0.06649669276967754,80.88530159940998,0.4374623313587174,0.020564368678401654,0.01108562958299669,4.723489520368216,0.002129440915563409,12.951272857556077,0.002927645396360825,2.210179490434799
0.04250105402278443,38.9323363413139,0.4672177946698606,0.026802533117153433,0.012229021376397347,4.469152255992501,0.0007618383749580489,13.82841917965681,2.677636076655637e-05,2.42979817816907
0.031053290491173044,39.700989388054296,0.5801284491105141,0.03320575894486925,0.04065133357445397,4.452698283474811,0.0008649996792326561,11.397558102618882,0.002558174668483583,2.62511521243942
0.046024463843388,48.44636379359912,0.5005066960515699,0.01880348531863825,0.09130298441657976,4.385138491795449,4.1221277109716745e-06,14.678356241906322,0.0004252971417566437,2.130066466241528
0.021370474776065337,17.627468343824606,0.44125251521780684,0.019475899401279594,0.011754432733902502,6.054072155871944,1.9321874360397196e-05,14.044367279937907,2.5003374069847816e-06,2.330243246117714
0.014409495585897792,13.009325994258155,0.4684297587501489,0.024366580586170666,0.010940815383438005,6.6175393797769955,0.0004376639803911296,14.965538648665435,3.373015535807604e-06,2.4078931854112104
0.010697608014529415,11.384746677469186,0.44195517310291943,0.021005539334580707,0.017872056819121403,6.3971823128971455,0.0006223914489125445,15.360045937115173,2.02441408865428e-06,2.2631708890650257
0.02886855300551066,39.26935620938079,0.5196128378159542,0.03164370716765036,0.017491816388641623,5.59378300571566,0.005399044718730207,11.784094754752742,0.00018800858046148783,1.9996662162157754
0.021417913201098,21.274258925897772,0.5034748787924,0.025337702993133523,0.011696199449870432,5.5880010097945,0.00041017511807238903,12.382471921460196,0.00030846559468521563,2.1501011788061493
0.017450706414836988,16.91759770953575,0.5622188777176118,0.029142625793782264,0.010040589603898512,4.61772648065183,0.00012151407450451013,11.056402913513603,0.0027839687374072762,2.504147767033148
0.020730429713714416,20.841805854051643,0.41725872280639764,0.01846568400562241,0.02691597817676843,5.706096158315514,5.104611432545758e-05,13.368159090684513,0.001170389929330063,2.4058037001899817
0.018398620654945238,18.4762947903346,0.6045070203875552,0.03573295353252068,0.039098506403465336,5.100820654816773,1.5582865992156554e-06,11.658142403964495,9.862285844659325e-06,2.267063110760939
0.01859998612178032,17.716729896124548,0.5884727334907793,0.03255103583552272,0.011538786811466565,5.18114341255088,8.729448559261234e-05,10.761674535895352,3.45789958476362e-06,1.9594225297600072
0.019825309290833794,19.020347871616444,0.449562335399402,0.025678647675869703,0.0207951972651381,5.654024270183435,1.4499581184510792e-05,13.456254486133275,6.200405444201629e-06,1.9291598649201762
0.03173093567872392,32.30093136718463,0.4640007947859105,0.029441416741602326,0.01857988172426071,5.008799085269003,9.993026130552477e-06,13.007601605581769,0.0008465564519832558,2.1487161223035858
0.07127717153149743,87.31197599337418,0.5085784099401867,0.027281683917248733,0.011027563342471187,4.227111009966016,6.8284979850890025e-06,10.964571777355204,3.984091257506681e-06,2.1526664927838968
0.03650476471225823,39.48150385552122,0.48161981679274696,0.026045277535889172,0.014678745421715102,4.84578281288192,4.829113971956345e-06,12.06468714789991,4.628844863568483e-06,2.2352237458288227
0.03690575615708864,46.41366326776175,0.43493230567679636,0.023989583258652,0.01260738767062906,5.296936991471873,1.956787346707024e-05,10.91986615608985,2.1507160707611545e-06,2.3303276473988457
0.009097475427205112,7.009245799129716,0.49539414896189227,0.023684757774929815,0.02406079983629095,6.706559218309739,1.2484444235764435e-06,15.8902794475621,1.0298769689748136e-06,2.173592517235005
0.010651954103991973,8.967308603602904,0.5535221899976615,0.03132407107482459,0.021193551513466777,6.897008629568993,5.852065653436373e-06,14.76365141028894,1.1599714257652742e-05,2.300310499898318
0.032158421765587725,40.8942839380265,0.4559053802876421,0.022873782974421643,0.026652012826214835,5.133459511390226,3.7031807000933005e-06,13.446146377886164,3.2002319042925016e-06,2.1265087658444517
0.01279981551742252,9.651010287794707,0.5915995175059106,0.032737453063941595,0.017940799891796977,5.4924355486869425,3.7569891940705364e-06,12.447841650292597,1.013704474979596e-05,2.306754291042602
0.013905575121793561,12.208977940009202,0.4995837740313165,0.019793248074598643,0.02104823050926794,6.440946284874697,0.0009553292421069778,12.469651547398223,6.471399073457975e-05,2.3576940076428516
0.008443411040521771,4.308437844563236,0.48154141927298777,0.018145186978162975,0.015161865164956186,6.525651330771554,1.7763233188730254e-05,15.048708122833697,4.9177385970989924e-05,2.5624151032365097
0.011647788057535347,10.201294156527421,0.4380559484778904,0.024332492852315844,0.026844529127533975,7.426489826400881,3.33521572858448e-06,14.83885803034643,5.424003731575161e-06,2.314982720640754
0.009092224988138914,7.568683898262581,0.2935664025465151,0.012421053076422372,0.03049582287998993,9.531508794318418,0.002160673100118647,20.18816900467162,1.2388802160352318e-06,2.554465547723609
0.023873609598315235,23.766910363294244,0.3421318171117306,0.019061084090600384,0.013849256663636112,5.908067187260066,2.2326918873045424e-05,15.993167840228585,0.0001386496749573665,2.4508152433002803
0.028153895509349037,37.76551731534483,0.44015867473587816,0.021623757176323307,0.11537485070361414,5.629473498192865,0.002722119145797533,14.499306407372373,3.711038316231249e-06,2.631819320299067
0.031464498968817804,44.7973849715674,0.4691529712086362,0.021265176974423476,0.01928851499032329,5.611241944234379,0.00024371883569387144,13.143063347872403,1.165198209872432e-06,2.405577294986094
0.021598459328768683,23.69198773955804,0.47261873649732544,0.021400259278734342,0.013120798141650826,5.817557783816275,0.0002447079434370586,12.609269284606155,2.554968253482506e-06,2.5370774005628562
0.02584891486098825,34.4971635161004,0.5362919219431811,0.02708169446975018,0.02532830827895129,5.376461032272306,1.0042114805546048e-06,12.257317502766215,4.320624988415593e-06,2.351992291534085
0.014691213563283104,12.88432013641316,0.44978626146128564,0.022943329231808956,0.044597199160644925,6.1841311319640955,1.2118175653898489e-06,16.195710310469497,2.446030285072253e-06,1.999407466761088
0.03982621997682142,41.65326594169293,0.43814272811377014,0.01831934278427893,0.032013467624239365,5.433400579880692,0.0005654137010333023,13.82324215236545,1.2117482691134602e-05,2.086831463417264
0.05196052236026629,56.438565974429864,0.3099792987052485,0.008561253604406616,0.02364500942255806,5.755406689070515,0.00010151494506545851,14.142095924398252,8.806124157108461e-05,2.14329134659479
0.016192699051804378,12.028823580928602,0.5108753988401076,0.02239691758154406,0.010128991737796429,4.9466916243469585,3.242695557723824e-05,12.946268856175173,0.00010892920297331653,2.1046468049634375
0.06715335233803954,69.31593445924761,0.5191269590903277,0.023888779025136194,0.013838217980289641,4.703637001513758,1.64746757210856e-05,10.903303628348027,1.5612806000364814e-05,2.102903261301153
0.035970765673688364,38.07110366374985,0.4637078709260888,0.0202974152630459,0.01190367979614473,5.117330056533898,0.0003400337420051761,10.715816815729562,0.00011075127680556218,2.3351570049366837
0.037965530534353364,31.51600255353022,0.5010324407947168,0.02275355122935242,0.012895458226346425,4.607213897740785,0.0005607381221277878,10.601924497085523,1.3786378500499784e-05,2.2712476860933064
0.04203800479320315,41.40378139811034,0.48320088973761616,0.018841592615144533,0.011551772653744146,4.378405547722605,0.00016035058867655422,10.288764834712254,2.2571755141103803e-06,2.0054922404370865
0.07122366557960698,71.12553023168586,0.5720021579814735,0.036070027547914094,0.012417837281302791,3.9019055703674357,0.0022288982965773915,12.065487334318275,1.2433274517826524e-05,2.1451132164495865
0.06060886594487092,84.46144425280575,0.3679852776281772,0.01485775724159036,0.03278220132471036,5.54712917171448,0.0001913684182259005,12.489998231908906,3.053690864632962e-05,2.1662318745626146
0.01302300503285917,9.786931548264398,0.4873966330373487,0.02446188046079701,0.027075000133702003,6.0915055284981925,3.660065615570303e-05,12.03438938060653,2.4574446283629783e-06,2.307877381792881
0.006740034942792417,2.9925191280272485,0.25617379365377696,0.0068870557770407,0.0143497965841257,8.401082608218424,3.65238149544308e-05,20.92962557911791,1.4930119367358179e-05,2.5749763004068593
0.03134411741755001,47.23827375953031,0.44527384567770173,0.022485444541325228,0.020293317277877972,6.0776917644863,0.0035624359815558,12.786106502327318,0.00029769272085293025,2.006112221050982
0.04815504857279634,67.26013315064259,0.3505799652230467,0.01063663304588023,0.04139854012079378,5.495782900761133,6.76935629987782e-05,13.429063953621636,7.853633526146205e-05,2.543799982685852
0.027366763957961216,31.86537309970097,0.4080518713602491,0.017195807712060408,0.011978396739227404,6.227248899552208,0.0005171928423185375,13.309313770999978,0.001094713100787823,2.2749954074045005
0.024465586895127445,26.16369164754655,0.36150094828180923,0.012990679808681101,0.019107894810610582,5.466275940739267,1.34216960020232e-06,12.757828461723516,4.3323711889349267e-05,2.20082196403221
0.009274622532667183,8.983883660690818,0.4719073753164438,0.022667260460294922,0.06388625062137618,6.55236354609168,0.00011477804431158847,14.598563021635886,1.1288871218159529e-06,2.315237172983319
0.015717239557604543,14.948485470919415,0.4101062092033099,0.01671806230231011,0.013606866012334724,6.321658331571591,9.651097122155539e-06,13.617176198149224,2.027662599105697e-06,1.9793393522641372
0.018965941141852603,17.79275353769604,0.44762563430528884,0.02117870817859256,0.01388446828675051,4.920590603925722,1.5482193630445447e-06,12.716628418373839,6.70046982280259e-06,2.0825198569425885
0.012363761098783356,9.562466227091088,0.4988753413291406,0.026782007416292053,0.014377084717171265,5.309046353171026,0.00012948210020316425,13.442102686218977,3.408866761369187e-06,2.0424603146195155
0.009343051359605843,6.914398084058443,0.5190006576128183,0.030798158942565396,0.01803566967756808,6.307600405458851,7.200531679198135e-06,13.15109675342268,4.181763544187576e-06,2.080004563541649
0.015537920640272342,15.541179004495602,0.6114267946302716,0.04030652540162732,0.014910115032632405,5.952238029890661,0.0036331279082231003,13.290013444912093,0.00017308924954228755,2.377653916981836
0.02030960325760268,12.5612586667289,0.5394061803849223,0.02841827705538853,0.040200080432517764,5.036983396733713,0.0013537963979105305,14.198396512401585,7.108605628244695e-06,2.1472792080625895
0.007501533709247733,3.5841409266284208,0.5212055143485981,0.022935894534482526,0.02752274136171597,6.265671824759741,2.0198079601871504e-05,14.335866599998996,1.2404076113446653e-05,2.5826165141032615
0.007535840496623259,4.683143319762082,0.5392856520222338,0.03247937439705522,0.02662496955927146,7.19774567087879,0.0008962711767650491,16.357878724510833,2.0366289747734982e-05,2.152132631922248
0.01623153223468435,13.722195725870725,0.5686367909858118,0.03704044230244644,0.01725679950239145,4.663715600356619,0.001333354618759079,13.388533563893327,0.00029348149887248255,2.3044887929664926
0.011504366168311603,11.529348595555525,0.3482675505948227,0.016374343292796488,0.02856297814629879,7.216771260381908,0.0002227848209358528,19.0381705778064,0.000756667848202397,2.431539790445337
0.01614971693082677,18.182289394801092,0.3765150526662636,0.02001924181656706,0.02947268160814433,6.556169175108887,0.0004218023638190403,15.906155173194554,1.5322134511383468e-06,2.3877674352829983
0.018106955957355484,23.41193681692627,0.41710567835047824,0.01676697370018174,0.06361366301392699,6.068378116435093,8.751801246730296e-05,12.37768599943524,3.6654734719594002e-06,2.1384696679648285
0.03087936516465247,37.76257518969869,0.4327145277337825,0.021060820532788172,0.057723465033565194,5.621780878878536,1.060428766637744e-06,12.56310471635646,0.00033334338304210964,2.460448129905238
0.0367406004701382,43.532702619061865,0.3483778842375345,0.009683025150458819,0.014344644472063335,4.771963801162133,5.295383384548078e-06,13.005845612967336,2.691879032611835e-05,2.532171644908188
0.01673162729388286,19.495424672946967,0.324497137429182,0.011679490119951556,0.03880347596718779,6.409269305302788,1.1907586308975447e-06,15.198474784443622,0.00013044750283272533,2.1620025704042645
0.015042346691326319,13.895355488017763,0.38158128232541355,0.013687526665182323,0.02237415676900626,6.277760208345524,2.6182389277321126e-06,15.736543310193182,0.00010663304119670533,2.2847257402284193
0.006141209736680061,4.49446115266653,0.4775020963515454,0.023217760869542605,0.09382521822863722,7.816621293271332,1.2900063753963878e-06,17.611122254212198,0.0004994037663042344,2.3745682620062376
0.010853766415713163,8.589124163633375,0.429352241590181,0.022254643017036377,0.0198243116596952,7.554049674849879,7.3998905598992375e-06,16.30786160750708,8.119973088402225e-06,2.587269895188297
0.013787342076750309,14.247415066389456,0.48789069410664054,0.028994491784463883,0.01544780427283313,6.2954153933139505,1.8410070180048798e-06,12.722982461473055,1.2669652263250956e-05,2.2082547955910394
0.04990117955493153,50.15793031416544,0.6038538833963135,0.037730514465103476,0.010878037960760898,4.463121703822434,1.1486512383921602e-06,9.135412038857023,2.1121572103453157e-06,2.231373114294678
0.08315564968896677,85.04092002081767,0.5982944961808478,0.03614589172112202,0.014850777999659344,3.7653565533708053,4.135036142550551e-06,10.682604385876537,2.4584972555569374e-05,2.1882995597353743
0.027772368206154883,32.60892953901328,0.43293853364373036,0.022869283319485182,0.011222534537795698,4.951198743746987,0.0005506784878351528,11.758504276719771,1.0084074862016068e-06,2.0699422314621545
0.008473529713439888,6.266150337566712,0.5030825582704306,0.02796134146732928,0.017389080959935757,5.96943656138338,5.193358485192884e-05,13.76363644414064,4.575660289868594e-06,2.2802926340793706
0.02314780718268757,24.352586894037557,0.3670527833875081,0.010660394830534424,0.01098240907377411,5.629856301201242,2.278138160177347e-06,14.085713125986205,0.00021162924016065673,2.3885338382684775
0.02347117592390217,22.208560625166818,0.36618040641216437,0.012173406309540972,0.010481247912215335,5.659792947965687,1.3469402005344078e-06,14.840224388657216,0.0005730690133575731,2.2690867972502256
0.03233550727323483,41.05916719686298,0.43533619353740655,0.021920850630435616,0.02699182315572335,4.684752453077807,0.0005756279292730286,13.273412645112293,4.295998963887792e-06,2.341202698135504
0.0656662818257787,80.03958052593268,0.4322767714733049,0.016615578961818703,0.019042750399382278,4.680093828979902,0.0008665903070787449,10.124126743057465,0.0009147551998158747,2.131520733680225
0.00788971489122214,6.739337613729075,0.4445341623858357,0.021508189059454657,0.010671169515210827,7.102306419022006,0.0014445904367189303,15.37150145056755,0.0004887673443353233,2.2435685820988223
0.013961311145634373,12.83826833292194,0.41188991711868267,0.020597352349539525,0.010399101653949104,6.64736227899033,0.00029036109868715057,15.621971769827677,0.0008960126583519244,2.251890215609218
0.020831424393252557,25.659512237086247,0.42554204402941537,0.024214322910787872,0.01308767725045551,6.275296147291132,0.0020220997989209293,13.768569977589808,0.0012715958405194474,2.165157161403922
0.016887257859954815,16.08959841628756,0.40438657107086984,0.02299970393896535,0.011292092402502712,5.882600898490513,0.00040578145126728984,14.291453606136844,0.00028442754631784753,2.223297238883725
0.010169121621129549,11.540446266214678,0.4278875841035868,0.020952195148278598,0.01774733773650802,8.194270526293833,0.009393180433667818,12.894571526314929,2.223595441838356e-06,2.5096850369346217
0.018228226994405145,21.627867871287012,0.5142917545913506,0.026486177232399183,0.019609630854691064,5.845742092758926,0.0005675084288501557,11.954591278285951,9.252592969879709e-05,2.4041683135462892
0.009519699819053323,5.615644587332013,0.6259610120378339,0.04303507860404327,0.023926167266105754,6.008413552836355,1.4076973098502644e-05,15.389530005630974,1.571760188357171e-06,2.2115047090592963
0.02160708125843961,18.027209793907893,0.37127050958145213,0.012592497491131215,0.011014948205943781,4.7958123866152835,1.0843841039461866e-06,12.654206401609915,3.2890350244801493e-06,2.285200628362255
0.011244950348890025,9.414237570689247,0.49657575402147375,0.030416040553640143,0.016905949114712028,6.199018841181274,2.40116454497706e-06,16.791130946493027,0.00015115366581072432,2.318732636602017
0.013928695381004044,9.447355144421211,0.5824634781031327,0.0364143240202914,0.023398807151749842,4.826325421182284,6.460974504278922e-06,13.990523393735334,1.8977459623053741e-06,2.6570067412192673
0.015701330867935962,13.299018450972456,0.5502471127096404,0.02414079749038533,0.06512943716318231,5.928477015875122,3.0985340538281236e-06,14.128614547552136,2.697982026444789e-05,2.5625373231278474
0.0270548868945404,20.576799363020136,0.4926299942030273,0.020150048663870778,0.025768963633270785,4.835989222537246,1.4469802475034077e-06,13.119240123788678,4.012118277141879e-06,2.0919296295952776
0.05077268156278339,64.99206210522756,0.43464886318097234,0.0169076079288898,0.05627301804700483,5.090345393122493,8.423323074005837e-05,12.525643627660886,1.605083450365363e-05,1.8900910055988083
0.03732834310211622,51.116698008115755,0.47608595420180144,0.022295740139381418,0.016313879875711302,5.040825777437377,0.00012813272795833655,10.573139680565037,0.00012403652394844667,2.0289389740188337
0.01716336057382265,14.604757680719354,0.514733410328225,0.024429947278837946,0.028304806331105558,5.257291613444457,0.00021198443431810188,13.020553857679538,3.923781289109847e-05,2.0879229786403606
0.020288956714214313,20.71824581253169,0.5606544599680412,0.02730090309717882,0.02077422027770392,4.5076658730556165,7.184675486026795e-06,12.452927031861044,4.031674927541459e-06,2.1606165267995423
0.022243614931532037,28.605785815194295,0.5734184894492029,0.02509484926378303,0.056434302915619454,5.359920668549604,1.0036259589721363e-06,11.129094917697397,4.519797137759512e-06,2.1406343804927928
0.01456396111489834,14.363377918700463,0.6230859551574622,0.03901077368971648,0.026870921452818743,5.136536980568663,1.1255237384880278e-05,14.60446625638492,0.0015429632308309339,2.2424125004456497
0.024501313717301496,27.610540481928638,0.5904203978663856,0.03424355520110755,0.0153191063857599,4.763366785509307,1.1664679867507186e-06,11.727883571895457,0.00012443465203221,2.473806153713019
0.03293128876409599,44.64531665991212,0.46246458822187914,0.021719174784230178,0.030546675076644124,5.589689618157766,6.3114506980110285e-06,11.942768360789504,3.2104159128436634e-05,2.3372741523391998
0.035038883054088046,41.766388277836946,0.3773699214673237,0.01714211048258633,0.016559173464693815,6.0655268957192074,1.4310658966345105e-05,12.62525318148343,2.0596604381956243e-05,2.6569187871296784
0.0560886197674389,73.10653527016868,0.5168024837358717,0.02911766362983054,0.11919368021509943,4.067182620568458,0.00043508285199443257,11.228822439164459,2.996574580049133e-06,2.341267591385251
0.013765209972211452,12.70174889551503,0.52556779414247,0.03071821786295707,0.023902041052631887,5.11766040172018,0.00021951902783958602,12.518830273672554,2.1341433941387832e-05,2.3569497233125913
0.02113577871970424,24.50187944862746,0.43563914482542115,0.021761162336841205,0.02373382542281264,6.331110705029227,4.456604951191846e-05,13.375803236356274,2.2092161819068137e-06,2.477829318565826
0.023280389641469612,29.40981489764378,0.5190066144571086,0.029405548352704324,0.030174970767206953,5.039517795703718,2.941289075227784e-06,12.054124564918949,3.870344070520689e-06,2.2489539341766833
0.025153704784274998,28.96250177058511,0.5254984173800308,0.026596853751351096,0.01850854063749014,4.791290116694639,5.025141325387639e-06,11.28134408999134,1.788426727557532e-06,2.1376957637696505
0.012500333782273325,11.957563654465416,0.5479512798426638,0.03099483278745717,0.011781471726390717,5.938220879134364,0.0018045036021596397,12.761102392465114,3.6062342114063225e-06,2.1333673953665047
0.008988253505276846,8.227615020808162,0.5345697466701247,0.030690642746134558,0.017629703314336984,5.837627127608378,0.00044456161270745135,13.894065427065076,3.2448726439510207e-06,2.677704825835392
0.013061657825907935,15.046495350551721,0.5828290271556831,0.030151299100624255,0.18788573986465548,5.75721384519054,0.0005580844902421846,13.119982223779795,1.6508348688509284e-06,2.543359810567843
0.010838127145595592,12.085463300153927,0.5861044822735121,0.03632918988001643,0.059320330721320244,6.528315269443558,0.007143631241943064,13.179939546551825,1.7521336561221723e-06,2.1237053872601392
0.01085901594502522,13.030588681047208,0.4370261175240556,0.025091208889516825,0.02453187995781388,7.8034171123635145,0.007408849094674512,15.388670490264595,0.00045760096468599294,2.499623622326924
0.010468538673273686,10.741494233506355,0.509551424511234,0.026381167405555118,0.027883001079184302,6.162132551504175,0.0014147459837730114,13.126735342792713,1.2380313379339878e-06,2.306424808119012
0.014009741138269367,16.285065009734943,0.4683226016479104,0.02256245773859672,0.012255773667143989,5.694382648571092,0.0024464358479877667,13.635714389348228,0.00020959950321312865,2.1230250677617337
0.019415928874272924,18.200403629459746,0.4089988586226514,0.017462511954061694,0.011048046351759568,6.025467218419155,2.4241427425549402e-05,13.983155094223132,7.224148743443432e-05,2.2919006699315667
0.008709989579602727,6.495310764356268,0.3549555736909362,0.014760410659028063,0.01000844734186097,7.694899389047591,1.6587381508008049e-06,17.26682784167202,3.561791300081096e-06,2.2675360272434584
0.00903873121622481,7.189772982340197,0.3844901098201556,0.022707611096480583,0.010655264743604242,7.530538730531075,2.3398555064221053e-06,18.794177012276023,2.4425833276313483e-05,2.2768257308188757
0.03802353079260998,33.546149028626616,0.48591068009240795,0.0262941321752472,0.010560175591515742,4.7904495054067295,6.962170805694099e-05,13.753870694510148,0.001523591487810954,2.395643034461492
0.023640253024686954,26.044277773701815,0.5186412527686914,0.031432739061000955,0.011731872464976404,5.1492179776558284,6.0513877217470506e-05,11.260924346248315,0.0005958266721939219,1.936558013971641
0.024652953641757278,34.00507445501672,0.5248868828179547,0.02184388074710279,0.019666355532383332,5.959514855934386,0.0019857827031815396,12.083257338617772,0.0012640762863906745,2.2732193860344903
0.019365084232829878,17.89750187330095,0.4674231255869578,0.026153585733973243,0.012377673696655106,6.027842136657394,0.0030506744709678387,12.36927943541607,2.226343087123057e-06,2.2708902385079037
0.010111709952012262,9.158353988376788,0.44146322139542227,0.032319449534551785,0.010126988782081204,7.091075415960564,0.004923383343514808,12.526110028876582,0.00038139807000321305,2.2843444504880717
0.024834278259828924,21.383633870823097,0.4874811814899642,0.022302421599670715,0.018718476264716333,5.075346081076072,0.0003416040110000244,11.505060372315326,1.996022680037329e-06,2.335583964997401
0.023827988240989497,25.52634929166148,0.5522432106824161,0.03172641370729255,0.02387768577683906,4.56924988801003,0.0067883450346067,10.778352466422227,3.7804137702613575e-06,2.5158111923526034
0.03311315843159258,28.629951682966258,0.5159554766734453,0.027296094595301995,0.02382418831988509,4.588739253494516,8.824508329958397e-06,12.881735706026967,5.263134317118593e-05,2.138401368237758
0.019115683377251648,20.44407509173585,0.5205752719667857,0.03481725653700904,0.038937156375006804,5.137284408225312,2.2180170446936236e-06,13.23354940405719,3.2122292928046066e-05,2.151773788813815
0.00890829630357301,6.500374781201786,0.6587260153253842,0.038058342430198275,0.01757970911978835,5.243238355390071,1.9035338252595578e-06,11.810560154929469,0.0001287797486458517,2.1354334719223513
0.009448709092364888,7.7602458293801755,0.5507476680120288,0.03783249858451436,0.013393436740779219,6.3338847109601675,0.0007274447024510323,14.16251138785431,3.427808923033135e-06,2.3299061354584065
0.014044723334718148,10.872880126375701,0.5899870878346177,0.033556711503864974,0.015448260179920983,4.8203664586490405,2.6612524237045926e-05,14.035053480427985,0.00026749306562324365,2.30382268727656
0.027773345424567383,30.921171100855513,0.586961339691167,0.03185399301094828,0.020866890028139264,4.389961801789019,0.00012352503287917907,11.202644133839229,1.781632485111044e-05,2.236994100707191
0.01740158410270972,16.508795335446763,0.49157045856389775,0.02596400695723217,0.04999958068583092,6.257669210560028,1.235566731092584e-06,12.961692256183582,3.825938923360753e-06,2.0527646920641525
0.007165624739506089,4.751830197895191,0.45740912896182806,0.01685550789051435,0.04708331372230824,8.004811626933481,0.0020480614597843247,16.70760926563294,6.019595111796961e-05,2.4125554934307547
0.011662328897319265,11.039444650089454,0.3802024562438221,0.016538226875630783,0.019003200899935013,6.355757945119908,6.548305777812564e-05,14.44733849111086,4.335317212297205e-06,2.56930872892182
0.011670525487651193,9.787365320554454,0.2905660051705864,0.008811239633545982,0.01025269053646379,8.068463097914382,0.000920102360055713,17.22526475305728,3.7926020684648273e-06,2.397415536035068
0.029583344437584463,28.37603641503491,0.3868261563208502,0.012433350444529487,0.015121031311392731,5.631831510772528,0.00010911906766525057,13.989590448185796,7.5644433694622666e-06,2.1749903250505946
0.022203614299904556,25.64479670052827,0.33542457847079965,0.011593461388258348,0.043245912636010124,7.029913064231591,3.625194903941617e-05,17.133832359042806,3.0541942094969525e-06,2.2822001915259467
0.036549093209996567,38.47604289032353,0.4333618874897662,0.01632629330074317,0.012651885876107095,4.992660026194495,1.9065420382502691e-06,13.848621401746584,0.001238560792993248,2.47703475523428
0.045279739641331536,56.65891157335851,0.42848480028013963,0.01806776799479168,0.012965098754781905,4.866842441139988,7.096305255090564e-06,12.959989715567222,0.0004250520645269649,2.3293937363730812
0.028247051004043913,29.20130350720226,0.41672480760935937,0.017493082074257572,0.015152226056094713,5.098843635376381,0.0003344607215705381,16.015002381488937,1.6734218501028658e-06,2.401322480201834
0.021644768330639302,22.43147117226905,0.45081052723502446,0.01956982194030525,0.012726491818079517,5.809785026132151,0.003821806653494267,13.821171644436397,1.7149060676507828e-06,2.244503436703833
0.00940035410690511,6.0727124838222,0.47343404366599146,0.024987421417174957,0.010654627765973198,6.445445467356559,0.00044398373069937184,17.311760404835095,1.7997325567907896e-06,2.568997629582798
0.009383476873047714,5.961600320156473,0.7078790450415554,0.04579489696404898,0.02139222093948726,5.3800767389353386,0.001588499154580532,13.594283332028663,6.117609190672893e-06,2.3166121276487646
0.014779706795577507,8.924114151164034,0.5805846999547706,0.028457810925051404,0.011637721027218311,4.871953995918123,0.0005486484104949755,13.08484821920472,0.0010545412793029165,2.4071743328434225
0.012391907532553599,11.827322474484891,0.5047478635113875,0.0258958137377782,0.021077765671679325,6.227714630338935,0.000901892964074829,14.264287937764516,1.6875386829578034e-05,2.3337967551531036
0.021806972463736588,27.21474776344922,0.49656190476404694,0.019359762717483988,0.017558377955044523,5.81979387145391,0.002819547709874813,11.600660418064466,1.1859860219928236e-06,1.9411283898644756
0.033765036948112594,29.157503354666485,0.505717270368849,0.02226382629117734,0.01609166509972651,4.407374690073948,7.229200166388171e-05,11.455995806932883,0.00014909476914403108,2.052483635837765
0.010024459676608088,6.747127509737107,0.48172110309931904,0.025258967935283132,0.015575770630049895,6.2887614404707675,2.807487781349505e-06,13.188655735089238,1.105914075453046e-05,2.326700734545543
0.01814689968581284,15.323998490631217,0.46510847893821883,0.03575823051108263,0.031398133189931204,6.571193722148892,1.2481360336177688e-06,16.525580064069946,0.00031781528792602085,2.4331635358730757
0.028175564891230753,38.15386479545478,0.3921381449795263,0.018101229888908887,0.08448931946684692,4.688282984326028,0.00014149001647742365,14.710638031389927,0.0021540360900400846,2.1986768707973576
0.03705360402729873,46.615339476196695,0.46262547822418537,0.020343665706251648,0.03526201134798148,4.417777548078176,1.0475796359474325e-06,12.451339609643911,0.00036064657587236445,2.2706085242409726
0.010533094442176434,8.750757980563662,0.539997473893026,0.025909458366534997,0.01570359534828886,5.636097622869318,9.594052924017138e-06,12.849502692578305,6.057614031614189e-06,2.1013372577492992
0.012261277288332439,10.188858693431227,0.6488871451855617,0.03276111574481142,0.01057101295978771,5.047502818013752,1.6030472423850832e-06,11.869914797853395,2.434432369736528e-05,2.1791688806380423
0.015566806836590919,14.125112506666268,0.3970353613435473,0.019710915454157638,0.012912961426432801,6.994669248712757,8.940846008241735e-05,15.967305755207056,6.900308014088401e-06,2.0999107114293487
0.022422075927396798,20.80071862418325,0.5143517358176709,0.027349178538409798,0.03578638247633831,6.215964296819694,5.7959196761252696e-05,14.507278666731702,3.800888785454166e-05,2.420098494575083
0.01854980482686316,18.007408387004162,0.4220770037306706,0.02166076440653976,0.013337360892516815,6.573691022591466,0.0003750178814423034,15.610751184510937,2.152894037944072e-06,2.6388934958694286
0.022885571596731692,23.360831032143093,0.38471557074548357,0.016487951541807756,0.016333931416056106,6.6805290641076605,0.0005595000076923521,13.356316740487186,3.968665632432966e-06,2.4411179787104444
0.019078915104648948,23.66521240475647,0.45339338608144375,0.021441469145177493,0.01188302016908704,5.822577683552366,0.003058870833150023,13.281791474752115,4.968020440484739e-05,2.2085629205029087
0.00882315428245275,7.295312164727026,0.49049740129372604,0.02630208293174414,0.016311644554250854,6.721577179685315,0.001713994697781497,15.021082022668743,1.128400812932747e-05,2.2965361400300224
0.019480437912379397,23.01972106248027,0.673774012327836,0.036645126154234514,0.01585313885795522,4.756571481185604,0.007812454953380818,11.212367059301899,3.8137735302780573e-06,2.16006291685358
0.011065384808912924,9.301074079787014,0.5439906588170642,0.029705582586762688,0.03908886539289199,5.914177013071378,0.00045734593455013325,15.620557645822768,0.001865689639104102,2.07704359780801
0.014888765762947044,13.952430143658875,0.4894080486412701,0.021290125637682678,0.01907668871355043,4.460088624662442,0.0012615418021302838,11.81175540909981,0.00012980248939774888,2.520865983700902
0.02198130336388886,22.35813001729243,0.4041438978882019,0.018716895461279543,0.026969949935585293,5.878101511760498,3.083324890179306e-06,11.965996533840256,0.0007730791692267184,2.275727106702593
0.05011242016606881,74.46821654078518,0.5213664781378664,0.030791688785122256,0.0319091834878725,4.867718815945981,1.7255642826662283e-06,11.425378372700846,2.3504935374542036e-06,2.1363225656132956
0.020515884952357104,24.102896311025376,0.5022199845403503,0.022254837335283727,0.06046129104583424,5.762909704003121,1.566404468915813e-06,15.749610136320928,0.006221777335875296,2.197769072842172
0.011867798576223356,13.287743759502085,0.5192125715420857,0.03208661234551767,0.08052262903348588,6.165024259969564,0.0007845054074870785,14.02710393077584,0.00010221994092491038,2.200276388422335
0.018452186702264433,23.003902388544994,0.444839015979937,0.025879254768391473,0.035077597010295704,5.922132491174675,3.763291193273374e-05,13.53422091478023,2.5180425215062193e-05,2.2631444001891863
0.011594997273786512,17.11878845254597,0.4259282839061319,0.02333050220599696,0.11355072459416317,7.146431799701122,0.005574930251082,15.203704492623007,4.3845754266663345e-06,2.170163460695005
0.02418239510518142,39.03182933227356,0.3553709940992549,0.013393357870061916,0.24581540008268768,6.79917011442445,0.00041511067594159306,15.798626596433792,1.5373739075113362e-05,2.4278279784075356
0.034867796992793375,32.61665927443798,0.3442542140969445,0.011529944709899315,0.01051170173878368,4.953894609180347,2.5347934057133156e-06,14.443756699025148,0.0018807236483016625,2.1299189583231475
0.009492542636823994,5.9533109964519335,0.5702779278896098,0.029620828477437886,0.01049791204253913,5.227203918027511,1.2113927945524923e-05,12.332644183888405,1.3932245762900912e-05,2.0746357674203777
0.030808570257652934,34.64052271365913,0.4930920205634095,0.01992922240043784,0.030314453271696816,4.732597408865594,2.9597325627690266e-05,9.528939397248855,1.1358860467574054e-06,2.287142526134687
0.01977542145965681,18.773760421024672,0.5730111990179304,0.03142645618572216,0.011185525367913122,4.616361547959291,7.724259180052436e-05,10.176037999863187,3.827970492312354e-06,2.361408678741081
0.02619280398940655,31.83678542803876,0.43415446647776346,0.022057803267127866,0.01988201497006773,5.716205354619921,0.0035126067263838287,11.611708013886782,2.9563971078461273e-05,2.3490616491632976
0.008983046183599583,7.527626785036892,0.45559077636943496,0.02620190534920807,0.010550007216933555,6.5712337591971215,2.0284082087971805e-06,15.237030141130964,0.001993121788886158,2.187441417277107
0.018856637842947766,22.669583773769162,0.4910833344452962,0.023474091626548756,0.035475712329906685,5.63599352920183,1.7498373576207445e-05,12.648166060837966,0.0011190804962499129,2.0410827777151614
0.07681172943993061,85.20691603667332,0.5701339883715626,0.029156646156841104,0.03372675509349774,4.1260995812455095,0.0004752006089236362,9.221088907081555,2.5748606035202814e-05,2.3289684090227154
0.08179721512230732,94.79108112405203,0.4718834418705863,0.022208328654410452,0.01919647917194981,5.047891072936726,3.599111217583726e-05,10.888379557034783,0.0001252856966917262,2.2420769511922876
0.012885971996505924,14.255466917970642,0.42127544611541945,0.022265000919195067,0.06254182861416029,7.148065413201203,2.5585606658949283e-06,15.878758289849078,3.518869746354276e-05,2.329988378982836
0.012815301468619167,11.090279326359664,0.4033969976690849,0.014623967750043284,0.014810717385003726,6.585902430117493,0.004620767775097779,13.375695605266998,1.6577606878999522e-06,2.0929656232151963
0.013542660484551657,10.691802138870825,0.4930111808037734,0.024200004594841156,0.012559858858604419,6.022870194543827,2.157607810324736e-05,14.743518058681806,2.4845494523737426e-06,2.3730301315095246
0.006878065914397882,5.297924599759297,0.39249105160717324,0.022276636165290485,0.027281409973940154,8.11939421485345,1.186990308413812e-05,20.580891877820385,0.00011638764248108191,2.2612736605218595
0.021852981625054113,22.964878123693687,0.33731180954143636,0.012742791135220899,0.04546453742900699,6.043898475859182,9.37572199538972e-05,15.40197267689235,8.846350132268792e-05,2.176570313647091
0.031533291248061826,37.95368029611959,0.47508575352514604,0.02443973697866909,0.0322570555174255,6.316611579750725,0.0003236359156831492,13.773789278597365,0.0002852995967363932,2.2615899380520355
0.011805780054099308,12.362803991973642,0.411624456307753,0.020786705293562212,0.01316396683433146,6.119056183843638,0.0011126760572775622,13.801864534317737,0.000175892053128142,2.414922917183606
0.020628487528803138,20.24448421132827,0.5254392723746424,0.028350434492783783,0.011033532289573315,4.6637171120459175,6.566166468071732e-05,11.420961592595688,0.000242614124456768,2.260884134950989
0.02173566462766256,24.639831783589646,0.3875254413314185,0.018846733762635588,0.026015404561984264,5.398611859736681,0.00020132441953051575,13.152647911792995,0.0002724052829651296,2.3216866364098334
0.01877658155983554,21.000109364194916,0.3365272240354209,0.01837123973113729,0.018424694459421107,6.119847763539192,0.00016244808764048852,13.641554794714022,0.0008293743916079361,2.4288542749467705
0.02522725847111687,25.189100955954437,0.5460259461620238,0.033019171058158214,0.03670926253647617,4.749779552933222,4.911777132836921e-05,13.003915507997036,6.7968206244311094e-06,2.355662231592048
0.022932599530796082,21.49705061946905,0.509920751287297,0.025473840782365777,0.012912126779660313,4.928486688134322,4.995966756657681e-05,11.583108064760463,0.0005137995859980347,2.1725599873828685
0.019760832252519057,23.245838478332463,0.40273834041421014,0.020458862342899207,0.012288718017585697,5.814067291050552,2.01309838030182e-06,13.624439089161283,0.000313638962506088,2.437363971605749
0.022148828052510585,22.75791869500342,0.5030144189994115,0.02744600966126015,0.015210968073248699,4.940801361364043,2.7274817028544725e-06,13.276495775183086,4.4557474503577845e-06,2.212091260743722
0.015833019121223587,13.214647122722491,0.5097037326940845,0.0297841934247845,0.010587172907670727,5.84364048030983,1.025860140411421e-06,14.014062573331747,6.380434454332778e-06,2.3489443337176925
0.01598318226922138,15.47464724639246,0.494430312384607,0.025331063401501253,0.010754251310409703,6.029121129182629,0.0011608489568956074,14.239523341713994,5.944148353188987e-06,2.471608702100255
0.0337589151183083,41.97422305035557,0.38958256258362384,0.016445913971613345,0.022714816214405135,5.898704575156953,0.0015568267776865609,14.146467411357158,2.2327105681329503e-06,2.3039687810307425
0.01607416218737777,13.854947143296537,0.44560508607886906,0.02004017721588482,0.010626032430101753,5.480828275714635,0.0005833500227497892,13.935264816050239,1.3135700508433606e-06,2.473794869154699
0.009190415372684434,6.168307530956383,0.4909798026504472,0.020967768254231186,0.014243968868784993,5.840499662626782,3.905692239088618e-05,13.489931498083989,9.348878812628522e-06,2.1496746296850926
0.013134217822245426,9.557036314977019,0.5388189187942558,0.026893012125687878,0.010554457380976861,5.0591735570896725,2.7811765288186397e-06,13.657949889350284,0.002533793369827664,2.270394316910124
0.01296168408426178,8.874874014899158,0.5766281080985418,0.033028251845143325,0.016302375575475477,5.24914336939031,1.2410785970932084e-05,13.392065375387341,0.0016922745205062164,2.3051671426307956
0.02314917010355882,20.123525761467334,0.5324642848689155,0.02380109409976473,0.012681820882300113,4.692259143043243,0.0004792637101335045,10.993528784596293,0.0012030110420003723,2.3604975196718767
0.015534336742858913,12.181674062141383,0.4550759070913073,0.021517787885110367,0.015167576865994369,5.95918508021921,1.4515876701646073e-05,13.883195431353071,5.904213410123236e-05,2.5592500492235475
0.009810070423023804,7.4265554851903275,0.5724579228991823,0.02449907194288951,0.0334314427651714,5.846619087659441,8.814792358369595e-06,13.035596854023733,1.1008308797611805e-05,2.024458599674808
0.016061206123267592,14.64332912966812,0.5121937014842687,0.023162773814661506,0.028650873480779247,5.183935021720638,8.133605805474545e-05,12.863491128261188,1.0286581911125381e-05,1.987363076399303
0.008208660414217807,5.663850730759135,0.5767460555498815,0.033899675346046966,0.019957531280414994,6.054670326995323,2.3728224223306162e-06,14.379406216280106,2.2668143181758297e-06,2.231416113618456
0.022654380124250112,23.912727668073344,0.5291330800881159,0.032269003253526676,0.01332526075900002,5.154449225100598,7.880855262074975e-05,12.838953237040801,1.5604444019842317e-06,2.0486521183691
0.02360209822468563,22.353073491029814,0.5855226774536386,0.02779223193709862,0.010034271787757816,4.192029802848479,1.1881205138952544e-06,10.42139512940254,2.0885159325875075e-05,2.207587627811546
0.012088694006436584,9.460775320608036,0.5829656426025764,0.028988142646011076,0.012053294964698712,4.529214136332456,1.9161758807381296e-06,12.374626970406219,2.542810081970907e-06,2.30127242722943
0.014245778172608546,10.822976458874919,0.5973593637916135,0.033048982587699414,0.010922045232196604,5.407004455846484,2.352178100703348e-06,12.043644640473559,2.9194830333945005e-05,1.898647266864553
0.022396944358941774,20.950543053779516,0.3860567826090367,0.014377424592076268,0.016601446119270367,6.087226032819478,9.129584029385295e-06,15.1874544258047,7.936655372501131e-06,2.0240477660420764
0.023901950708910383,25.50189058077007,0.4049686643642738,0.013127380056658366,0.01751348574226827,5.305723545727607,1.7577284312079775e-06,13.048799058443093,2.365018822199732e-06,2.086901069658123
0.011660181058882259,10.589407138450671,0.4242815041791084,0.01761719927662174,0.017850189779950013,6.002883404746329,1.1210488016186263e-06,13.596325477376638,1.7411572434925583e-06,2.0629411012388528
0.01728726683282737,11.14628589887744,0.5350997575323301,0.02247355498812087,0.02626269702980725,4.448871715592561,0.0006471776838927302,11.38365325303642,9.858412124167115e-05,2.2064995766135436
0.01961831715950625,20.39071610010713,0.4059716736688388,0.014747517366246453,0.025054724869130452,5.363608284716867,3.665776706295485e-06,13.226067005371435,9.363691944356181e-06,2.399380826159849
0.021730884055552936,20.850567092666733,0.5429873803585139,0.03228560015226409,0.014328921178790211,4.675629041035649,2.5498164725112554e-05,12.609171139473183,1.0082938399004226e-06,2.135538647048178
0.016309620573760706,17.83433001523173,0.45297214210761055,0.02317052223673286,0.016952778983522352,5.597838950199532,0.0001398214575246403,12.886485007620674,8.043210611443005e-06,2.2273579791957427
0.019853880353271618,14.4991674440539,0.4121669134503047,0.01872739683347802,0.014688488852149807,5.3233887812230165,0.00042892176498660284,14.632310977597479,1.4589969677914711e-05,2.2412136734942605
0.010603677799199959,7.263652254405881,0.5333728789938101,0.03304111235571045,0.013254245082527823,6.910331133121261,0.0009169525964544215,15.797473312603179,2.0157787285949354e-05,2.3431663889701135
0.012469436106891356,9.463437461254825,0.4333747869121232,0.022556842164273488,0.03537911271833193,7.178245490007199,0.0005305242936525893,15.089746609032504,6.321373124334689e-06,2.3047314013327784
0.04292345546043204,55.21971849155687,0.5020971924094252,0.026605155055434964,0.020150123539266745,5.016334694611472,2.6630001291744487e-05,9.536079888621442,0.0007403030750400586,2.3430475220942633
0.013176171606916141,10.662944660835723,0.5807829320117667,0.02824801187905921,0.042789153521678426,5.8872829415007955,2.0437984477700463e-06,13.110983400825416,4.9990826143045196e-05,2.2145454257987804
0.011186840243968536,9.85087187583037,0.560981244008673,0.029169434839099024,0.013820298598471533,5.700912293441551,3.6157994938162445e-06,12.71338486613663,0.00013385174947733782,2.200329818178641
0.01549062412322474,14.298167834385987,0.6915315017573637,0.04692930322084982,0.015795860809278504,5.244604419429806,0.0004368643143727973,11.072352253129225,1.672715816094458e-05,2.3912147466683003
0.010778171732479825,5.793247024793547,0.4090631365283669,0.021615438318704504,0.010303927492794462,6.969459632569386,2.1019999034376306e-05,16.77003490673438,0.0003347601368359902,2.4183527206900357
0.018968355970848175,17.555787949863202,0.6072291862410516,0.03524581364278096,0.029519484358366238,4.933496842096332,7.446784185737362e-05,9.295456474465714,0.0002968510132940743,2.1820358447648704
0.010268445601554597,11.811043196239478,0.24795530011181047,0.006876397911208396,0.030657617921093245,8.871661872388852,5.291068062142018e-06,18.20588376363938,0.0017020024379195194,2.356611257357902
0.021894812749114877,20.4600511264242,0.3579817015471825,0.013721786946790914,0.011641748778852361,5.904040656826594,0.0006706797885661355,14.811443350095455,0.00047631546631501557,2.418640839380666
0.014836778280438325,13.463597042935763,0.48766300832399156,0.026251639259009682,0.018407952315985774,5.595593185333474,4.661076333376271e-06,12.233462194797205,1.3189779842679756e-05,2.5409383855300547
0.011907835455539311,6.585801076342079,0.6486369117942645,0.03648800357516604,0.010022911612797433,5.578177897544299,3.0451268655963267e-06,11.734333290209284,0.001190820917354326,2.2619231319700632
0.017411298986528493,16.970026832921942,0.5736671697599471,0.032784147844087945,0.013299389483112968,5.233046303816052,0.00021448260679765186,11.373047403919987,0.0002657103419962699,2.2841274321179736
0.04537131417515769,57.42357726268516,0.41335285520199305,0.02150566128943376,0.017472927037641386,5.115975417610151,1.000078019218991e-06,13.751906045312117,0.00011289008356391994,2.491060720310627
0.03765431359383544,40.3862285835819,0.5500093955668879,0.037708320137110306,0.02867331795856095,5.028437245580646,4.209852671652378e-06,13.746239441352907,0.0006875173916493057,2.3384429285909882
0.02396195566623831,25.1179634883168,0.6272101722048256,0.03069602085127508,0.05528911447849025,4.574028437156913,0.00025803658754360297,10.24040345333336,2.199160127379373e-05,2.4669690663267705
0.012065087041116569,11.26506113443832,0.574880617553795,0.03161544366501716,0.03169792135435397,4.868003490240218,0.0011238455895575875,11.625643161938331,3.7658143304687926e-06,2.1842589594877726
0.015653172965523873,12.970464880194758,0.49944998422858455,0.023851608951895698,0.023557161203181843,5.66714856837189,1.2897353773120574e-05,13.63629550546137,4.891805322039944e-06,2.016598269390485
0.07416213023140855,86.25858184712673,0.4681132791898671,0.02076868581012423,0.02388897347688568,4.732511193444613,1.4080273350374796e-06,11.287579427019033,1.7380978200196293e-05,2.2012184830452264
0.013309486829243372,8.764162509725267,0.5242128755251828,0.030782979161697616,0.03499024434756776,6.33719869333983,2.298769601074177e-05,15.46747527077932,0.0020664901631626785,2.0876509786439104
0.011305892105166197,9.409327910230335,0.37043456970868605,0.020019060102329525,0.07346703675559015,8.460151428172875,0.0007064136419034796,18.094503779861657,0.00010947043113108795,2.260886890513452
0.015071882034576323,15.564987554052365,0.5487772721421549,0.031220357702349977,0.021082056670443303,6.316797844417655,0.0019992793173639885,11.353585632814884,8.494530800063432e-05,2.263094284528781
0.010065489333872088,7.207690797828575,0.6169867910844288,0.036794087456992516,0.016106853426756086,5.572710275637714,0.00020284673756971463,12.781242076428049,2.888253833117558e-06,2.272590010589806
0.012532907339813128,12.229650712809809,0.5831799668583494,0.031177658533828694,0.03030546088207045,5.357703638488501,0.0009126080416287118,10.036844294094212,1.8608487760034518e-06,1.906454647882484
0.030443815890611306,33.750538635716865,0.339237500367196,0.011818634108990471,0.03196864086576645,6.58985862459783,0.00012223650765884957,14.916648677028693,1.584596691956423e-05,2.091729431620121
0.010894838597060452,7.081841738824328,0.41507007313871724,0.025771598054086072,0.01218267031707232,6.2772364101426525,0.0009701543077492675,14.129496417139984,1.0826615777177356e-06,2.267513772144544
0.01548326476994041,15.391193930076442,0.391779021721861,0.017887488965878082,0.010079202962628578,6.733302888322435,1.9980921676894126e-05,13.569180833643697,4.497816856514313e-06,2.0585317200035758
0.008369490921544015,7.023424448826436,0.5355024325159256,0.027174482103957853,0.014014254223633213,6.226939392656099,2.908398707182323e-05,14.794679239290366,1.879096783074822e-06,2.0502757383991552
0.029634010870275732,30.469915952167543,0.37325991765432653,0.011839604467847431,0.012158401774114602,5.827059052413857,0.0023597714956067714,13.97594928312361,2.0107505771051876e-06,2.2393446225749534
0.01683254693917187,18.929141203914533,0.5556088735926749,0.03139080711242594,0.011423553237800697,5.278225105415667,8.644280176281202e-06,12.443417702583778,9.167355232814834e-06,1.9000077034890783
0.025542660120819412,26.91155948597088,0.4942161969083363,0.026106156620913687,0.010377257177713964,5.21097944051162,0.001316031623783859,10.965294794834275,0.000218539069898145,2.0238828823146178
0.008764851181041242,6.76382992466804,0.5003122863119289,0.03649122205985275,0.022956547756303097,7.017277449937688,0.006032262507243405,15.99006435796818,2.6830891876674516e-05,2.5154706100610658
0.015569737595240237,19.607263764779514,0.41317190161701345,0.021190560977566948,0.02478884999257964,6.3914598099143705,0.00501288600570503,12.913258625967378,3.6020006345624876e-05,2.2945465560442164
0.00918659147918803,8.84171204460456,0.49570200769306166,0.02079418294931384,0.0411957174565071,6.315310096921862,0.0006266633513189773,14.677928076606516,8.556314528109341e-05,2.023853156106559
0.01454680843917033,16.592088968613794,0.32708513507547887,0.015052813898821722,0.01627843830941461,8.350494860526243,0.0028868125812710607,19.122129878556056,0.0006186892935384478,2.3531450569633687
0.010852795075595051,8.888802499393721,0.4163846989535294,0.02231742511970357,0.02019877198821487,6.748663271871153,0.0022902835806514915,17.21057370070119,4.4273451800044995e-05,2.141728725878781
0.05804613516761803,93.67955075793684,0.33376049769026567,0.016309137549151077,0.01879212580867646,6.483131629417531,0.0058184495606968265,11.687441290354554,1.0638241117009882e-06,2.3336950883772674
0.013031679131626115,11.290684444975989,0.39593929051311233,0.01750708719560409,0.010957918109867184,5.794795864420223,0.000937876936496353,13.636956011688778,3.139960944644876e-05,2.3121646593938507
0.03430162853498397,48.898904739933464,0.47823067672804126,0.02461602443405573,0.04450477928067998,5.354424760700614,7.680093385786333e-06,11.49313610946258,0.0008067023353389161,2.684084042154487
0.012315018391514434,12.394496761710423,0.4214098487336633,0.016208014856756173,0.21580296451618142,6.466492141710134,5.66742532842462e-06,17.197211561203794,9.400679487875298e-06,2.2656004128068683
0.01132750461884659,9.713809866720512,0.46854489780164954,0.026419021636410956,0.03517049988779067,6.144032068564616,4.087586947735382e-06,15.407408988930825,4.49980816612242e-06,2.3813283786647728
0.00962454174667029,6.679061079302792,0.4541125401284205,0.022922445085057162,0.012439570353443247,5.753635650460091,1.615397939418837e-05,15.538937681711998,4.235471789034021e-05,2.4783234872358566
0.016491581308536892,11.948234752878994,0.5148367871927575,0.03047431323124024,0.018329518577510008,5.081157762251138,0.0005194483971575647,15.096926911854808,7.063416446652891e-05,2.255969516782258
0.026490737422581775,28.338705310275177,0.5062895360522789,0.03172609720057599,0.023759968998756823,5.074138104449104,1.13007428118778e-05,14.034687321110257,0.0009349331466881985,2.0374329294972084
0.01728383695372466,13.374182240597635,0.6618414809005607,0.031116499671184527,0.014535911452574093,4.362425145714678,9.08122027910486e-06,11.502801473674392,0.001858062116466867,2.006217713772435
0.022067790960430704,20.396165972354094,0.4613172696156132,0.020364661982138443,0.026198970800385152,5.059967212624198,8.918554341086977e-06,13.54798033818481,1.4672537104980967e-05,2.008996460527662
0.018877700375177716,17.02738387526045,0.62865155673461,0.030510790307694078,0.011975087336708485,4.679704502236794,0.00024871036236039345,11.684589263323268,9.162264067408925e-05,2.1906518354113413
0.04590423231232239,67.42633992839392,0.41652719127084603,0.01715066179523428,0.04207332073664276,5.475055710762595,0.00042043275633526654,12.95954233434398,1.4948650515362744e-06,2.5336276503876727
0.032261583991044084,27.390194517190825,0.47166875593272173,0.023154209328228113,0.016158132044990357,5.825217400380323,0.00020318729250773864,13.699139940284812,9.532398012059093e-06,2.396558267523718
0.0306925903303773,36.68612485473205,0.4098238337456508,0.017130158389532114,0.01997149187199328,5.780920511071306,2.7436511806636002e-05,13.723287452741463,1.2691420850753406e-06,2.133295203471697
0.018489015001010477,16.346514743373476,0.48822666877356524,0.021891656581802553,0.017661851193761256,5.835522298992372,1.4630715394176287e-05,12.83730458950812,5.049368276096925e-06,2.192862309451831
0.0225845281587846,19.865206731906728,0.4002876842135146,0.020128116823127786,0.034499816484332875,5.99914844742033,0.000270919754663281,14.381814704816016,2.585254614887373e-06,2.4159123519075094
0.02630402445628582,22.980409694011716,0.5163187616359044,0.026178363241969305,0.012635282810563711,4.288696984376558,1.3037582636161475e-06,12.080919246174671,6.696168393611828e-05,2.1816524343618564
0.030795757223837966,30.560192360305557,0.532894995556263,0.029564105008208198,0.020067797318341452,4.390129154402483,1.4815462424329156e-05,12.472052462877842,9.103906883876656e-05,2.3034315531711753
0.02320209424170348,21.089236977471867,0.43805990620558566,0.018141051805591165,0.01871306821854195,4.949871148732956,0.0004306120169495344,12.687991778197038,2.4766747138357085e-05,1.8429513742062293
0.024606424981553944,28.21313237332439,0.3172186793111877,0.01299118137533033,0.013581631632100638,6.051249968308574,3.348987583073566e-05,14.816305626637817,1.2226295305558516e-05,2.041020640176339
0.018838703437014884,20.314727782356826,0.42373320278411786,0.020506205563180425,0.012700624339640367,6.318356961352426,4.308464992209115e-06,13.012510419383533,1.753143253615697e-05,2.22081595056868
0.016009792184464192,12.580147718020543,0.4600314150842365,0.022075024546384187,0.02409471214939112,5.8675133048446675,3.334871349222433e-05,12.597897614790723,1.1207014006737195e-05,2.1209895765708993
0.018630056681655734,20.57819568674011,0.388931801332776,0.017064919479128568,0.021840020181604174,6.1064002229034875,0.0011905020050085148,13.05008034272281,2.789050742664844e-06,2.3471633167014656
0.026109142050101977,35.60644722502984,0.5135414240761038,0.026120073887765712,0.015228204347402005,5.9092244698501295,0.004042343760461923,12.266276886525832,2.5727869854251636e-05,2.0997994137661053
0.042649863018383916,50.68331019771646,0.4482280963854232,0.01988664061280138,0.02259815510486837,5.193116101147165,0.0008257567658260525,12.05960025013537,1.240255287364888e-05,2.3347978867217307
0.03159241887562932,33.86712031758477,0.3997466664005192,0.016219439842183526,0.014669895801805635,5.376217987944649,0.0004784137115952354,12.689804853906857,4.8853357863688655e-06,2.2368768735816
0.014641619148017045,15.462960288755498,0.4684252795316627,0.030126107880494853,0.011044315755754248,6.219038974130127,0.000644999246001435,14.36243491270782,2.4241425766239025e-06,2.281555858844981
0.037762579935895775,48.58851058445809,0.29906146436748304,0.02057090786414443,0.023866751260052006,8.749448059058508,0.00027394191871972387,17.98758890897852,1.767473318176342e-05,2.3254481139444456
0.034494504698295625,34.3779678773006,0.4903114279175336,0.02524399295327531,0.014859180312153596,4.3420817884272624,0.0016024983503464553,12.43243521702842,0.00013462898248027398,2.257437047885171
0.034169425762669695,40.197475085653,0.4496818674255303,0.02407866034046237,0.017324875746052792,4.75395435404161,0.00029420776833687497,12.863901234271715,0.00264824069711572,2.1766735517367586
0.02329096021569764,36.12648926562791,0.5019712346370953,0.021915353803090492,0.15521327484019268,5.581396653088672,1.7880869550904732e-05,14.018212612582701,0.00037598295917701496,2.5025422803225865
0.01412766905984576,15.114994393103109,0.40994217415911793,0.017823597280196578,0.05893321122728089,6.871937951761156,1.6674315000055703e-05,16.441535551444428,0.00018283723854784615,2.285994531231832
0.03638251025571477,39.87139210786084,0.5676810253658496,0.03228931807650565,0.04570831706670919,4.69310580605871,0.000125762886613781,13.672505840369947,0.0010495792607169848,2.1832055713362792
0.05909104514378979,61.14114267769669,0.5893945649533928,0.02449884168565615,0.019488083401300236,4.2081943695996955,0.0002250142847643944,10.87605323069658,4.55478203345702e-06,2.1157140071647875
0.020442862596418577,22.391805873246224,0.42890716836034554,0.01863831111205215,0.07770146229008788,6.686525437269786,0.00010267370381402666,17.450881762993504,0.00023369768213426397,2.608786851745774
0.03137976785293549,44.68400609052908,0.5692205204473393,0.03082128304816827,0.0663488436005871,4.505250377000734,8.055685470081981e-05,10.70346499218252,2.8576430994053448e-06,2.5975479721019994
0.01709900290839823,14.236214116286684,0.6392303983288116,0.03454805367854127,0.014932323813299814,4.601447981845637,1.1920438703232607e-06,11.306589274093554,3.184658344669927e-05,2.253226152181248
0.01950928879150575,20.55255314602488,0.5111354434245189,0.025000769229321096,0.018404058118341483,5.209319730125667,5.707861740668493e-06,12.552832088816485,2.296153359414831e-05,2.407211042922911
0.021778728739552024,24.793953172281732,0.5972470375481147,0.035659655518434155,0.013993710168549871,4.735747367856401,0.00014187168369422348,10.626989231565089,3.697709481694962e-06,2.295250931259314
0.028979543062359617,30.83878834676914,0.5509700482013568,0.028244401468520707,0.016867776578959236,4.460306875585654,0.0001344598874739985,12.608623074956698,1.2939203908055848e-05,2.1197397359556844
0.020462067720058198,20.169044715295687,0.38337824318894514,0.01691626147073438,0.010655689079324293,5.690775191382087,2.3103080689408048e-06,12.882086713312782,1.0878636609281614e-06,2.3206029048600425
0.017001474211153236,15.099127950366062,0.41073654787962294,0.01536140857490043,0.021703504664120955,5.238162159755173,1.7062072004797537e-06,14.026252201241247,2.3755410727776083e-06,2.235624802762192
0.018345733317260825,17.817314159643107,0.3657508975344507,0.014547392743089839,0.029626741396798953,5.775422825801506,1.621799018051452e-06,14.854947365703977,4.7347934215121895e-06,2.18416753872478
0.020033002770856137,21.65009956122347,0.3928127133468405,0.016241267675739333,0.055066578602105974,5.946319721054125,1.0112876784252744e-05,13.463046355197836,1.0756252994832834e-06,2.2990754793213486
0.010872430929132822,12.902184200939574,0.3785210003609178,0.012536452879620104,0.14196069565620242,7.308956900692823,1.2240821948123155e-06,16.600546791556543,2.1658040620134208e-05,2.6102029845872847
0.018107218945881437,20.766625001863254,0.44519788639486,0.017108898813330248,0.028318236982745725,5.773810293706815,1.689014611432337e-05,11.653842519701048,3.330351019101456e-05,2.1841476309377783
0.023914927541898768,28.76293950264214,0.5347941295927057,0.026313398084147507,0.057841958035719315,4.777695025904997,2.6729590811344327e-05,11.886572669901746,4.232611131055752e-06,1.7261944432851029
0.029305150959880868,37.771838708102266,0.6246256680040623,0.03553072601815228,0.03961993412734269,4.332177331077041,0.0021481721121098083,10.574221087854966,0.0013418176044311223,2.059521381403229
0.013436258146501014,12.677351399977013,0.5838419588955014,0.035613231242956095,0.040337008668479175,5.189794660201915,3.507695719841893e-05,14.534455475408558,0.00014946312340454037,2.5088684372465178
0.00882640544164445,6.812595312022238,0.593181786847196,0.033951170935525,0.022666673957359443,5.6915713849075535,3.744791088724385e-05,14.224940145474694,1.6946143968383388e-05,2.0856707285693683
0.032107765641377475,43.836313952807416,0.4851596941514218,0.02516562836161601,0.010235346585903117,5.181134344652124,0.0021342569263821517,11.256048819606118,0.000591733597650679,2.3626116111543767
0.0246506873461387,25.736047903524216,0.4250448863353309,0.025427990709155034,0.01079264184738606,6.1722861931545445,8.493894666696206e-05,13.649405826684207,0.00187730090931548,2.19250577606344
0.038432356818148015,50.60858883955485,0.575183995234667,0.04357619695014751,0.02084832056199043,5.063806201365009,0.0014436154430929598,10.697940195481797,0.00021874016367214502,2.411517083901716
0.07017185228394189,98.66054242870942,0.46446897873555937,0.024057439181348825,0.019517426338212397,5.1635980812955005,0.0008985661765396495,12.016432367630259,2.9504172791772678e-05,2.569198222821749
0.05679717581626574,61.71641547562843,0.5034605518387272,0.02780519279457739,0.010424587015695597,4.451106415160715,0.0004766155527023176,10.962626742564195,6.052287301378338e-06,2.105784785008073
0.06620784677994197,84.71869776850733,0.4420836641888744,0.022594304816709838,0.031554250038824304,4.838996457644469,2.9705890665630395e-05,11.86367929847685,1.216069302822479e-06,2.1399690385037147
0.06471663924699207,69.90282761471423,0.47440342145889464,0.022593047163827935,0.03705309362194827,4.179684539606012,0.0002498535804514723,11.896303586061393,8.422588654101503e-05,1.9685016742537997
0.009654838245995844,8.429025104666245,0.3656718482056335,0.015519430629109801,0.010175656999223993,6.38166169695022,3.981423753237782e-05,16.154849776279395,0.0009011555622926416,2.185126255728992
0.01490853588361516,10.6167617429535,0.4807665191619513,0.02422274400396992,0.010078227567912549,5.555539251456439,2.3971477660001793e-06,15.30705863728731,0.000531322909751709,2.2995664327437133
0.03867879600849266,51.48471503890441,0.5540059151337817,0.03254238507223815,0.06757014917492532,4.1584548738596485,1.0085408489324534e-06,11.397635962895215,3.062891724324175e-06,2.433201424237107
0.01425961276558758,10.23017509101048,0.5936653845932677,0.0321509888356249,0.01881307507769202,5.017467707600169,4.414050495033038e-06,11.956983944462275,7.209264135138876e-05,2.33976304894724
0.018752340960543675,16.57340711739132,0.5775206774733253,0.03874137308902315,0.01019639063046524,4.644843935912147,0.00023008251187793256,10.651355634747118,1.5654997895544981e-06,2.2653122193386457
0.011941943909439375,10.8972152518422,0.45692834259074316,0.020421059781238707,0.024973408725161086,6.114367602122091,8.239503910441228e-05,14.804128785112523,2.8283662686115048e-06,2.2302566920875164
0.006973646663367105,6.071782296731304,0.48160294806698506,0.02768960616273975,0.12148633979274216,7.573404998358607,3.585548734363929e-05,15.972450188968319,2.171927271165567e-05,2.393755446032677
0.013292502596488795,11.02380985052715,0.4638119849670627,0.026085006200747253,0.06176867758717984,6.175658610887186,1.95257979158038e-06,15.536463017107097,1.099003138109022e-05,2.057704074061113
0.019245338534344483,20.180356527399823,0.5224259520042083,0.02590617280560529,0.041140261713421514,4.650206543358739,0.0003755997589449345,12.10077387727021,0.003121519032509984,2.1850013873772642
0.022707989079659725,23.05327160439195,0.3630457031318764,0.022225051172872462,0.012009428408105914,6.355883236889454,0.0003133615885613975,15.0702220310701,4.1483586823872036e-05,2.0469105337215745
0.022551161867565964,19.991858311319074,0.4788735181265476,0.02433905631855323,0.02493529146248772,5.103860514004427,3.9641758593630636e-05,12.073657721805834,7.789784405089207e-06,2.1901259669622735
0.008827990586892358,6.404036883875046,0.35957839275312264,0.014158195826055056,0.07177254152144495,7.542670311571796,3.281214118089492e-05,18.629432970993726,3.3857375979830257e-06,2.3672649319808823
0.009532181088152436,8.473503191692425,0.40037134510882205,0.018734637937769544,0.03403343754245052,7.57793770159739,2.2853498768107442e-05,16.522817594790542,1.2596647366474895e-06,2.3516852607754397
0.0639488017437101,85.08951695945899,0.5315188243994495,0.03175745126304882,0.02485801062767045,4.822368884812813,0.00023668892656091478,11.23495684721067,5.5744608572372814e-05,2.4604647148485297
0.030972305819582126,29.28277390328342,0.5275861663801267,0.026440826142253016,0.01621810919656844,4.8635273097469,1.7529982876236206e-06,11.461981293861752,1.6348856087975786e-06,2.0525416615946988
0.021105070730570785,16.976403870059887,0.44238917673947936,0.023127678084467834,0.013393662220565842,5.398278068621589,0.00016539008403924693,12.80143074566666,1.1141246022708442e-05,2.073821873999354
0.02797196596212953,37.061122839884725,0.44706187341683745,0.02501766569214499,0.011921702448523124,5.89454600682464,0.002397424740631221,13.484288158363455,7.279684498280389e-06,1.86097900887402
0.034552831131267316,38.36238409014816,0.44491055950597985,0.019357632020620377,0.02297730627924414,5.6137185714513755,2.1713916979965162e-05,13.556277919880246,0.0001171040084818433,2.1627976485547644
0.04652192622713881,54.161625870153316,0.431677912778626,0.018676920267307474,0.011033127332822489,4.844035143568154,1.3159382186150442e-05,12.456754172122116,2.2402029036845272e-05,2.1499773622644502
0.042247648320587305,45.16264431078332,0.5262042015570538,0.027115594012095873,0.042043859142526306,4.77362113338172,5.7953314165725104e-05,11.38201245723688,0.0006643830424048954,1.98711385599913
0.013877041371642891,12.250367186259195,0.3868385583405782,0.018298538851900654,0.012169162835229544,5.728196899597998,0.00033036419917735016,13.870400923637757,1.0674584688806871e-06,2.3338034702182426
0.009644830075386116,10.19738308219679,0.5147878290987965,0.025855321405804904,0.028139675278958217,7.251619736549513,0.005353741383650646,12.012840102912012,2.2765827751254873e-06,2.391701531947634
0.01180409678572358,9.838882338096989,0.4405142477894309,0.01891526637486421,0.018026447303077137,6.039084651113593,0.0001613514669014429,13.8296456399469,0.0011399878679392,2.237586965709393
0.013208088170628183,12.886022001816794,0.3742693935828199,0.013361182355636337,0.027140043264353216,7.1253065277071,0.0002626949656223063,14.582137868187784,4.5495849574197976e-05,2.1363843153128865
0.020024009226335543,22.26757399356942,0.51653079619287,0.02656034555863872,0.02350973180205863,5.425829633411521,0.0006927692132485784,12.643607537104359,0.0003328780061600645,2.21482769067654
0.012395749804657623,13.309529234578415,0.47231837268735904,0.020685971826418088,0.013410739071776567,6.307193324246852,0.003461424500137658,12.998307851751727,0.0002291389150485318,2.1371046354528436
0.013695646750579922,8.309074243127752,0.40792628363925043,0.013209208162833046,0.012118188221631057,5.964676734155885,6.131564641328736e-05,15.735383843677095,9.84644840988535e-06,1.9772409540829983
0.0091499421206097,4.850559182042016,0.48115525057776704,0.025565106060199724,0.058282245422421455,6.179674090201321,2.711381262018333e-05,16.58740212940736,3.067236393109425e-05,2.5662569029459092
0.0125230698293254,6.112698479482343,0.5511891417563739,0.029688129084225107,0.010165662127944782,5.33657232995603,9.429781886667715e-05,12.845876956660907,0.0001297902117633918,2.581346178220297
0.011434358125445668,9.750081255100685,0.41534424411000165,0.026314743165509757,0.012380308843895646,6.539615599230512,0.0017541675608171267,16.316112105678002,0.00046917934009779147,1.9922532852047423
0.03466542311024041,46.47728782414766,0.4056504424605124,0.01671043499861982,0.028656633711272847,5.129090681150536,0.0002283149869856422,11.919624365174162,1.0297940726512837e-05,2.149728999715695
0.010009460937860527,6.698552413184394,0.47281886585089794,0.023552034986232505,0.0327896758259577,6.111282753222185,0.0012456525823198832,14.887309287304399,1.5089441663398893e-06,2.094989542191304
0.0433600319333384,39.37698197014614,0.4258861974968753,0.017048911948935708,0.02039322373300244,4.468675212492896,4.6288631947679104e-05,13.229194229028302,0.00010001963904586093,2.191026841963118
0.012792356917868824,9.828246168707429,0.45338796981983914,0.018374036632978142,0.011245262993072366,6.071420840852589,0.0003204354923750704,13.107808547800749,1.8243516289239142e-05,2.22291783422981
0.02058120715698645,19.689610261820462,0.539374025682575,0.021483883148129813,0.012223251291109778,5.169708903537049,0.0015717545494113767,12.00582447063845,6.880465850827075e-05,2.3421304181347793
0.029653486673489073,23.780656335208597,0.5041489299037129,0.025070126899217334,0.02328475541910263,5.764492715695202,2.4992210005902863e-05,14.791842960976824,3.62591230548571e-06,2.2932334811454838
0.03797811917257004,46.29287474777302,0.39652541455137413,0.015625385633495123,0.024358187555124634,6.056260173981547,0.00013775167465832712,12.92833775025849,6.729385184243059e-05,2.0489149489425005
0.032926502709784825,37.504227239925726,0.5036826072506304,0.02535251102241349,0.016146098293216657,5.072083596316399,0.0007843171831880107,11.665428822887325,9.840928868352249e-06,1.9406679577812258
0.0366686699607408,39.18792078675371,0.4123511386479279,0.017756099894086094,0.016048751955204228,4.754328079488728,0.0004991079628671622,11.926040962063398,0.00012155399983441255,2.168630342247199
0.025944769143455504,28.070000291726927,0.3966985817170043,0.02257881777974059,0.010804049430371174,5.524204716950807,0.00015710544977591727,13.307223809393758,1.1666165064580387e-06,2.116002931693664
0.01786817464824835,21.06196938831658,0.4517687347082551,0.02773556054590383,0.010183141992764912,5.874939414655202,7.883236285305973e-06,12.674046325944344,4.420024872475807e-05,2.1399656492801777
0.010506520534436244,10.1543124924673,0.580043531896284,0.032182913381209176,0.10695697484923061,5.814446748805688,1.5884167132828534e-06,14.304628096965907,0.0009479781872125231,2.0423445324815157
0.02216921940422019,36.30845689105624,0.4773310763204826,0.023343798416047654,0.3332469350481141,6.095841738597294,0.0013627985784807316,15.788949425612463,1.9429647393198867e-05,2.3058540515175623
0.032138767704968124,45.12849770421282,0.4974407687943144,0.022568365475334848,0.06421261067810798,5.440282713113119,0.0006500428920696515,11.39980128147195,4.2408735514938175e-06,2.2562000728341784
0.016758946997534545,25.131017887268193,0.3953725439002083,0.01874168653758687,0.17486071108532777,7.769111932146798,0.001704882161283842,15.699555936099113,1.1192678081916593e-06,2.1710448782939724
0.013897796402005301,10.505506787835458,0.6951849608170456,0.03854009027243761,0.012717745663241176,4.600524401155215,0.00032389475269881937,10.917387042982702,2.1272154497878052e-05,2.337657909308747
0.051990303128556715,70.34557405787764,0.5553859481668086,0.027843909980853697,0.023743895841817124,4.540202005938211,9.838272408441624e-05,11.036061076356821,6.265780594035706e-05,2.0947100477309424
0.017513945092756875,16.822225395653486,0.43081683559425943,0.023521654182891788,0.019163854781405153,6.051503437179064,4.663830088630191e-05,15.338863512580616,1.231112028048271e-05,1.9787533640439927
0.022695833211887485,23.38382620773861,0.4996325008683909,0.025680770049893227,0.02161853317439612,5.081148951479607,3.860175320415869e-05,12.810121495338617,3.238353930457378e-06,2.011356390535946
0.02501671802539406,27.091929914357202,0.4465867392713854,0.02287018592286441,0.019548653373544844,5.4254483372253315,0.0005692971618775316,13.19995805262884,2.9126627337177115e-05,2.0967101776921675
0.016592687827325592,13.387051651409495,0.4711963104866015,0.025106117024049496,0.011402409482281817,5.3991082691593535,2.685232695081441e-05,13.579864266466982,1.9299354324911577e-05,2.1716366864297547
0.044833577537942954,52.467547245693225,0.5545375664782614,0.033063094718146745,0.014449331144924787,4.540641006792196,0.00011651040115752953,10.677769186836406,7.031916893721332e-06,2.5101468794834183
0.03677849485099647,43.97142229526804,0.521324228426667,0.030442364399054987,0.016169532860792573,4.515320792331905,0.00018373792093648157,11.533854739185802,1.58929784840969e-05,2.453359326826103
0.041064295569291864,50.700738996681544,0.47709783056798416,0.023783037267818267,0.016592326647753702,4.380990254250109,8.732878963030757e-06,11.032453043269363,0.00023634873681765091,2.1911856076253473
0.02807587272701083,27.93828935947181,0.5105613591860376,0.025072107037989004,0.010481199212014295,4.57323553231349,5.07830040980167e-06,11.408302230462716,3.0857223365920764e-05,2.017903201584097
0.02654252287182773,22.808507485003997,0.5067536051775713,0.023901265522545345,0.010095733843214173,4.574461746218551,1.546991806674339e-06,13.050122650819008,8.709954581233096e-05,2.0869280171701554
0.044546135534234796,50.853132516675686,0.4681120302402425,0.022609131541705012,0.012110465181164709,4.711116437925499,1.3138308764524357e-06,12.648178821534598,0.000567981411812525,2.080662052478681
0.05381741098952751,75.43247336902783,0.4200156281402315,0.017983764067573533,0.11379376557024504,5.2108479468992295,2.1022606982305024e-06,12.539187643526164,4.902738121782616e-06,2.08177975304155
0.028529504332085225,35.698363811537774,0.35492134579470924,0.013207963206477265,0.06881476768372953,6.4369061629700495,0.00010351832120210688,14.861722318237382,2.7995293696170755e-06,2.1231088877686854
0.03794651285631519,52.36778355080694,0.36531708774737104,0.01263555414647895,0.12372509942859877,5.736605502234129,1.4320847660731252e-06,14.75161057767273,4.61776164579612e-06,2.3517285935535224
0.014158102133981724,16.436500963988596,0.5098597662828409,0.033936003526975636,0.13162926884596202,5.478202048135719,6.109573258556105e-05,15.697380464944898,5.090525212514993e-06,2.1576014554842753
0.020748700037821692,17.556311857565063,0.4027243561970033,0.012970882292204193,0.03797767548307144,6.290585554116026,4.533064278963577e-06,14.405091407711053,4.940190377199531e-05,2.180668644399369
0.01946955817886664,28.10241861183807,0.5680986588858855,0.03114337570568946,0.07880611487440961,6.182575247814475,1.1501892920075037e-05,11.451421243354448,1.0507888871958058e-06,2.372500244632055
0.008076129374700834,8.001130484337038,0.4705397145166833,0.02330976357470746,0.03606355210606991,7.2978003443037505,0.0003784972344085422,14.930193821311011,0.00024952313814217075,2.410263565184427
0.01273862606440539,13.413071978784858,0.4600903231433178,0.02483203502994376,0.03278095383567313,6.4183376438330875,0.0002472168146242989,16.320807612997708,0.004358083511006916,1.9557972996005928
0.008040489778828696,5.769732987446652,0.48133425671207924,0.02512760561573115,0.016378023679288985,7.035126456300321,0.0007120566999477821,15.621165533595276,2.2291325004037802e-05,2.2102552333725676
0.012448754071014471,11.562791216158217,0.4011440217906672,0.022461110942379417,0.018888109177487917,7.4429993275627,0.0006258309420080626,13.180292199794797,5.590032199125032e-05,2.236781406846025
0.015915372364189093,12.869534655362719,0.4239480505381937,0.016125872438412084,0.013147219633205627,5.950826513405526,0.00027021343932916105,14.557673279178964,4.153776341686773e-06,2.1120548200327165
0.0087423159484383,6.554826725740924,0.4492067697570568,0.02079369942462716,0.021369055820843013,6.289427305220974,5.905620450553754e-06,15.12961521165285,1.8331049040767305e-05,2.1018822776456147
0.0061327604739352315,2.7082344137363306,0.5418228427696604,0.030507736704048775,0.011144492873921158,7.061075088635623,0.00025575732818211734,16.4919746216755,8.318413434590901e-05,2.793490144814307
0.012947337409653089,7.777526991329874,0.47938875134058007,0.019030717506815717,0.013218617686128233,6.626180345332432,2.331200386210653e-06,15.137909403817861,0.00012815562733321394,2.209804375023381
0.019380551077201786,12.843666757404224,0.5996652231116714,0.028636412086550916,0.014086153976349927,5.569806907349077,5.387864997112688e-06,12.16177237994656,9.093428718174686e-06,2.3125474389279677
0.010298703022618672,7.748794665490592,0.5419803353224651,0.028186708195273826,0.018531709775460616,6.028424001332263,3.307587541634496e-05,14.769950361838257,0.0008125242114829451,2.283355273932174
0.04582638376260135,54.266382581981574,0.5474938107401413,0.024559410639814094,0.03248350823374839,4.678885014597834,2.2610146827789333e-05,11.846522613962554,0.00037858378530393927,2.0928224072694923
0.05423157801000325,55.366693705712095,0.5510191146648693,0.028454726763192207,0.022240209605964314,4.4398521581106065,0.00035546178109290114,11.412491448040969,0.0006131205213296151,1.951148026008604
0.014743433779428022,15.189296400087104,0.5108601831646687,0.03148691941510192,0.015436586533375459,5.8007584599645625,4.915960145535074e-06,13.132267727948618,3.89824893164667e-06,2.284028953678576
0.022006677294723137,25.67259242735299,0.5415224335747035,0.032131038966854195,0.013105550642345545,5.479412469897851,3.3850714853163107e-06,11.521334886898726,1.776055807610935e-05,2.160255248974771
0.029121742537011604,30.365242368974588,0.5329683311464185,0.03194547769738125,0.03261419102050781,4.844355594342611,2.3647950777545327e-05,12.11132417673317,0.000153679200732696,2.002696898360567
0.061104153072989074,93.2496753490389,0.42552480052066194,0.02130334572405187,0.041295895281734545,5.55515944942217,5.8136024772645895e-06,11.860963756457913,0.0003687683136927226,2.214355496337055
0.05178832046477255,64.39230024772966,0.44276316050018755,0.020126874667397793,0.039629392921822666,5.70925913716598,3.340483599694668e-06,11.532663464252012,1.1385584065300319e-05,2.2327999428952334
0.02913868822535732,33.733505197071985,0.531029715301319,0.024402286747516173,0.04025484041002311,5.016049665174582,2.362326000993693e-05,10.557379908953056,1.0924225326105675e-06,2.094160495911855
0.019902716596157066,27.26813374142056,0.530556770658741,0.028727167580559394,0.052120160935449654,5.922217501287655,6.463015321607062e-05,11.664780095167329,5.396614989219332e-06,2.233063297934553
0.024936175113999294,29.340409915198403,0.5030750522576227,0.022582262116952054,0.02722735617804917,5.238435547811826,0.0005065082384107594,12.248693683331819,0.0012773517375930107,2.014720367378922
0.014734182607817406,16.095950790406384,0.4847211667533219,0.020288542962584002,0.029264337907476828,5.244193896529866,6.1837990608012885e-06,10.493033469342157,9.623491882302654e-06,2.4220691040957623
0.01942108450935271,20.267355173402382,0.41786081581954415,0.017887285285634016,0.012271069496095296,5.389786328328759,1.2323165552791796e-06,11.465227463433532,0.0008012044786208391,2.317025165928968
0.031532358155110796,31.819515883272945,0.45776022930216764,0.020913414573163914,0.017089228666199167,5.072850468027783,8.7633624826712e-06,10.572151182830098,0.0003508220021523502,2.28541311801635
0.03911402199639092,43.577105170074546,0.372827567850498,0.012421954354497996,0.01659369601201265,5.0639360525143715,0.00014841390094525193,11.913085127916972,0.0005452020963497253,2.5418769830764214
0.07636709512174221,92.27497727254068,0.40633178862202285,0.012524254317364212,0.014104701844064623,5.24930806933121,1.1568818347499059e-06,10.060605687910002,1.5849749758809616e-05,2.4402496838602588
0.044088563521240416,45.12640399444146,0.5021199375800248,0.027124691526470953,0.014171578502390118,4.627441425670592,1.547105487246144e-06,11.887495891988495,4.3763351151840284e-06,2.4485716997919016
0.05998475405210762,63.35133126438439,0.4967237083852789,0.027794092129285138,0.015335726784826377,4.746546005138623,1.4743183183421062e-06,11.911726324673802,5.926299464766282e-06,2.3896850407760963
0.06456383078435926,64.8377379036407,0.5487528992389955,0.022321003155550585,0.015857615413770832,4.479099521777425,2.2490409254611553e-05,10.153107349316567,2.4878000803851467e-06,2.3328258373537603
0.059297575131427645,63.57638500491961,0.4250460977677484,0.016351658649863623,0.010826581125958988,5.099764482515781,0.00022482710287633056,12.239020022754708,1.2716302694943837e-05,2.2028171922196806
0.04946129515474863,46.63277924382652,0.4589139485595293,0.02160640286443609,0.014480935346689091,5.283365026455795,0.0003358934221462123,12.565200531973874,3.17153267779856e-05,2.159261399618463
0.030490926322264595,30.17297903803397,0.448173009719999,0.01724028138571977,0.03792795055998321,5.327881397312859,4.770678676599766e-05,12.532644778875477,1.210594235965801e-05,2.3365327930463446
0.014575460841828388,9.990631481516289,0.42412672880463304,0.01842769384930028,0.014663041283247613,6.160103926780036,0.0005028440034907005,15.833793926062656,1.021605393917977e-06,2.200303753343163
0.01612446327010519,13.460370780973413,0.5195221249000374,0.02848050831720249,0.014138074128173715,5.103372659653499,0.00020782193618221708,12.81248937118031,0.0004075654118829868,2.2074417350037843
0.031762647832108054,37.03265810201066,0.5490880807798982,0.02978214360612744,0.03878890019477568,5.087485395628047,0.0011469012478729805,12.671259099572739,0.000103550311519632,2.25019709393979
0.038929925413175644,60.05796545712567,0.5082344928636012,0.026371543365381243,0.13080111072821132,5.200118312052414,0.0006223493927393367,11.729476698460175,1.250466497248129e-05,2.31843139692792
0.010209372950579356,4.783623558376303,0.4966378787661975,0.023482433772572614,0.01193121726159123,6.038621106652077,1.4428288895295949e-05,13.6234928324955,7.222008021912157e-05,2.2812663360258143
0.019560807906683592,24.539420089448313,0.38858431242420655,0.013081300187203253,0.04854460092649268,6.055593844713526,0.00034388640469202404,13.707453071606553,9.007796593424703e-05,2.4242284311235256
0.013987607860024303,17.41547794723028,0.2320999221723643,0.00649215444587509,0.07146201251854824,9.222000127441163,2.579382066907618e-06,22.02835928414002,0.00015350627934269942,2.501869199098055
0.011050583107350674,10.200940065311835,0.3460082076286363,0.013367351964312109,0.04069685873522183,6.992605854428812,3.907573407875236e-05,17.16535765050568,0.0002877995310012313,2.4434170531513835
0.018832430212905756,26.31707291732961,0.38249269310362327,0.020779938573726953,0.019617592691287412,7.270558704586093,0.003675813665717247,15.194028348080055,2.850643054048543e-06,2.710255257174153
0.03297751285682233,43.437834773551344,0.4054366828510487,0.019360714953325385,0.01583404097250844,6.266616853921551,0.004417926441541847,13.758384909778291,0.0002603168089359372,2.2887285082105286
0.08283233171490935,81.37040902611129,0.3699348591671584,0.015881223026570156,0.01254109467332669,5.483306540859861,1.6418264438620767e-06,12.209184356570194,2.2117407540209403e-05,2.4712030714403923
0.039124000501541495,51.58581303110255,0.40206559483058524,0.01961482675689605,0.030464893803585018,6.0620866804294655,9.379997079776216e-06,12.990784817957257,6.084138166912735e-06,2.167811466861877
0.009892219259536634,6.651293689537896,0.37631201033284173,0.014036861422714621,0.010275979677457785,6.375136460840521,0.0006770594908434619,16.65014278264286,2.3181388043574758e-05,2.0674151157263068
0.008523024713306382,4.666565017926306,0.4342540081402395,0.021080332147215674,0.040672806012187576,6.257737066503728,9.917784065229623e-05,19.561504747415086,0.002787538364259275,2.253792597016444
0.006589194445176223,2.7209357353635655,0.4521411236060177,0.024755936586170542,0.022168682531769558,7.666754973582441,5.699475259598343e-05,17.13830605259227,1.4485399070172788e-05,2.1061653184210796
0.011853148908952721,5.812991517674616,0.4452944305089503,0.016453900582162506,0.017267674705903506,6.830268884927566,0.00017664635374017106,14.359575462469282,0.00022130496789833304,2.066561130269633
0.00827560575276561,5.815145857782081,0.4193635709985724,0.022598529318364837,0.0303107160417072,7.103975135977159,5.093082732883442e-05,18.28418024740129,0.00010280880402835909,2.113508344726265
0.025497247227011438,25.18932629284388,0.46739545477035926,0.025033596826710885,0.013439336057805309,5.563363874922048,1.6618246385683827e-05,13.968030924864049,2.11561067597044e-05,2.1805730180978236
0.03844261279929182,37.662476861332166,0.46221334696382566,0.024070507170390137,0.01158923159698957,4.788474705725427,2.8599763356761443e-05,12.380926114457246,1.1881508309823656e-05,1.869501273943249
0.037348919707981695,43.384590281882396,0.4531517434382841,0.02291684555739795,0.012959387243000435,5.499620312521107,4.786294354045987e-05,12.910941686669322,7.122356114367103e-06,1.9048041220782312
0.020440711012171004,21.718200482783065,0.3481998488267489,0.01935976720585545,0.012945834288717106,6.860278478361982,2.6577977027874915e-05,16.63719557873493,6.556372722169333e-06,2.1945710472795
0.008323700786356183,6.140274826096839,0.49875759990580293,0.03491623578972602,0.010475729495995137,6.8189380740945,2.180584751561665e-06,16.293294124501514,5.7372865134129826e-06,2.0255056599693813
0.008544368545761065,5.340880851529259,0.5536951404975237,0.03310334767121737,0.014209087499092743,6.805304471070888,7.63401708178487e-06,15.732859275733432,1.939876808065583e-05,2.3285474102856103
0.013701952932775775,10.990540891360107,0.5282490828894163,0.026380196982852,0.01042243138808864,5.731454243992546,2.320452965694036e-05,12.92706927373674,0.00044111941007392183,2.1133398869830224
0.021370535609849837,19.742430487383594,0.49658975185083265,0.028233352753514174,0.01066589405395451,4.726676016456011,1.7020357518374517e-05,12.959926110487029,7.0826689731e-06,2.5765808494450986
0.005007637233085343,1.3577814351274875,0.5746728727424343,0.035671858708316226,0.01450421265154157,7.3862458034685,0.001060532749899538,16.51768449159883,1.7788425757575314e-06,2.647910600348347
0.014360323192477617,12.87718652614205,0.4728747686206676,0.023367472473956645,0.019119539618234156,6.286611279942121,4.346888134645553e-05,14.615420226747869,3.8164046245228325e-05,2.3576489465247104
0.056652409356120925,59.81114087098039,0.464167012881894,0.01823821450067679,0.012247485561052644,4.797241257820154,0.0001861607525648896,12.419162319501554,0.0010684096667187433,1.89632611882196
0.026801581980636865,25.81082134150161,0.5286530029916229,0.025495928550895025,0.012174481114182763,4.676011362955496,3.5957063892097113e-06,11.252897650347983,0.0009715391773293158,1.9422030653812523
0.019799113968914095,20.12072881760132,0.5189698790148383,0.03277171479857024,0.015154076077012699,5.436535687429925,8.473311716415546e-06,12.804270019191474,1.2529972337564543e-05,1.8558026996074841
0.014170210368638535,11.691135481400028,0.5330962575211008,0.03275755859882461,0.01319738075158661,5.986308734322883,7.651939043407313e-06,12.399508644648657,9.27076664530264e-06,2.118729113693589
0.011769828634233953,7.4465483228224985,0.4144878698232783,0.01943758002023431,0.0578195829415952,7.295397256794305,7.72407218423968e-06,16.78010772274727,2.7946566839539325e-06,2.42280413351454
0.006801681500144171,3.494420766396862,0.5133574280137614,0.028376765724513947,0.013053333477758057,7.104811508072925,4.9459703984527006e-05,16.590093465128994,4.8696815168592407e-05,2.2850446293531967
0.01503826311832447,11.602335325775416,0.4404250605306011,0.015584492678002953,0.03969899789851877,6.191961764633081,0.00011422349520136726,14.478984879865147,5.1796726967618675e-05,2.7808044161097207
0.01680073000183053,31.894646416946994,0.4617217648716689,0.030136208594200124,0.012109178780242438,7.987913115286005,0.011943223886427361,17.20405919278939,0.006461902696508133,2.3429921548215593
0.034458786272999795,34.459367320636325,0.632614516083976,0.03438322137883862,0.012008748205892176,3.5530321610296625,9.292234550895352e-05,10.332520257378585,0.002349102447818926,2.6117068445474887
0.03976092925908264,39.43850930596767,0.3195914501390383,0.008639305866147957,0.043871004341867414,5.369948513299365,1.8049663419879028e-06,15.660006634720023,0.00028085586407260345,2.584346139403617
0.032113847549912436,33.901486429951326,0.4204144373498748,0.02123794379612955,0.012395694961001435,4.833299923243114,0.0008037563695330784,12.384450432833624,0.0007290546503104195,2.1912518250330737
0.025384977527222966,23.212912015444147,0.5138338729553397,0.027059390092552628,0.014556239915998229,4.533709113493101,0.00018724300422690295,12.92445106618616,6.491464078685113e-05,2.2770031550793095
0.02282367961937667,21.704325998897378,0.6260998671861965,0.03377393911989054,0.01940584616997412,4.236639532294869,8.923562363118361e-05,12.165455592739992,0.00012317393766600045,2.224593475831143
0.016766673722785015,17.046437067911288,0.5424292941331306,0.027598633863096217,0.027442245570726317,4.48383910218342,3.7495360817974724e-06,10.601634975658005,1.8269590462713603e-06,2.1589282533717467
0.03787476849242927,42.27577081666606,0.643414002635638,0.031643707460430444,0.03031070127778998,4.289745178416377,4.551968723294554e-05,10.051688120061975,0.000254517499410152,2.2772506131172254
0.022100372793768787,29.551551372952854,0.6734395878217125,0.04439941279172544,0.37458183925922345,4.364842298366252,4.444952987108394e-06,13.567328587261583,0.0006909245733110729,2.792814575875902
0.02014372623530311,26.021210643821064,0.5746601964036511,0.02505580536792337,0.03514560092780665,5.337056358605881,8.577864246192343e-05,12.472708714363895,0.0004284825721922548,2.1909081334203573
0.026711505705781218,25.2649003964761,0.5809478116886646,0.029117633157265906,0.01130201917930112,4.860356004898936,0.0006220833199658887,9.966408428173674,0.0006699976965740094,2.332651490880512
0.02178174482338896,28.306333467006016,0.48580211014679725,0.021188079026386256,0.01099049738326846,5.203501800868888,0.00020715954172068055,10.729712198153914,0.00048509733920104435,2.198816508017518
0.012556400349821977,10.071411469178964,0.5400711020381262,0.027729424127454994,0.018984921925262875,5.740039615890651,0.0007294186812266126,13.858728711967366,9.197469551986055e-06,2.238973606995946
0.01658171018610185,15.065154996449055,0.43518037184737607,0.018993065471409526,0.017060398655415802,5.817554039473279,0.0002700147305676665,13.363317278213147,0.0012470144964022234,2.352893532181001
0.045538986954359525,41.15941959497314,0.358392589976548,0.017189529160958037,0.023589996201813852,5.916711780587015,0.0002476769427433113,15.06449289354911,5.523588770498168e-05,2.510681965295771
0.021642876224614443,18.856464556670314,0.4786135847610032,0.02376231594727156,0.012366542209110638,5.216971027048891,6.068828608790001e-06,13.55797733594402,0.0007754163945743612,2.131312749594532
0.026212609048636638,26.692847767376797,0.47045307051095797,0.02428940819374257,0.012160879228136457,4.991075087173891,1.098870866053957e-05,13.405131943656105,0.0033125065841240467,2.1336846155142286
0.012705852391185535,11.616791588395465,0.3788908739749062,0.020127365281347964,0.014591511563161881,6.596687740244732,1.0921698552958172e-05,18.459609306870735,0.004932964113712566,2.2604136176946303
0.021106510800289587,20.46597925883156,0.4403797593320066,0.022383882711869488,0.01507424868677184,6.008229808533614,3.1853549737938982e-06,15.804195254578104,0.0035778209272614592,2.3837898804682416
0.014885880598097336,13.229700370304126,0.38436354395751293,0.01400287570962132,0.03316640295867929,7.242345211644468,0.0009807118556738284,17.540508900184953,0.00018972597509317,2.068982502358094
0.009710309348948213,7.776426823554633,0.6830532392382896,0.047707582250492805,0.017773546361710222,5.644384041890396,0.0032025434347790565,13.53438504434537,0.000568760542130693,2.0128799410993694
0.009051943115149187,10.448036522392806,0.49847673354089905,0.0252744235343091,0.016109995898626817,6.642580862459012,0.002856139493097537,13.451262828725017,0.0038594303303236704,2.1658193233902674
0.01670113633387043,16.449694993364986,0.4432001566042971,0.020360582357378865,0.01095563730197145,6.591385624426818,0.0007453040649974122,12.197150736528654,0.00027101353962664547,2.30895965864072
0.029292203220116293,30.859002641493543,0.5011808425290899,0.021745230643997242,0.011896990257506334,5.1603904488513885,0.0006145470170763758,11.730002580080372,8.679496752127442e-05,2.2408988320785657
0.023639397594505798,36.369810716682906,0.4084975359784347,0.01449839127214532,0.02936189844410308,5.938545406991676,0.0006952196454022358,12.458018319198166,0.00037820794888713096,2.2760437204467037
0.07395959324997495,93.50230275884525,0.6596573640758145,0.04558093199648197,0.011638045911797594,3.947390763590255,0.0002608266814424724,9.527538824299759,0.00013079740224609848,2.1030966501647255
0.06511650760037654,87.30889264638753,0.529324844176798,0.02880153403666788,0.031220279334365525,5.187775014091318,0.0010817403202124662,12.193070634713173,0.00015794407594692201,2.1452916291442157
0.0504533925081391,52.67471852486704,0.4998447228209597,0.0210454798252634,0.01257117018642083,5.288393394343679,0.00017285658489222587,11.936759357745462,0.00010800422190929232,2.24299750856844
0.020416622316378974,17.415464175904887,0.4760497248869727,0.019430950908526357,0.016440291804475562,5.198195135399873,5.725110824107645e-06,15.243764057852117,1.8109222441693387e-06,2.2809231319877297
0.023162903589583603,21.189192861198144,0.48076637284554147,0.022182280401522043,0.01876817820699344,5.37096021835293,8.808429720829303e-06,14.081427121806845,3.0170588513309836e-05,2.298897442531899
0.06513967216664734,70.93773716742986,0.5245854955220162,0.022801313932260273,0.027362609583562427,4.467487878069326,2.179434656014948e-06,12.192021787920664,2.7492071918295125e-05,2.2400300872023426
0.026680393904716417,28.41176257053054,0.44343144050683714,0.02219323394458398,0.015214313987735203,5.324556265962959,3.2340550890575022e-06,15.12691337976271,0.0017699752591913147,2.2060436790054543
0.040006527448618184,54.92235161668633,0.5048889627314899,0.021463022184598987,0.02455583900149386,4.67997566826184,3.726032194159569e-05,11.940885250874846,0.0010990082702331586,2.411528871476984
0.01306176634657951,13.674025486138287,0.46902054510968194,0.01682832041984469,0.07837157814935003,5.712825651984249,0.00014734743534014364,13.261183070218044,1.743239167623837e-05,2.4715920418740653
0.014844642391789445,10.307582092618363,0.41714515829173016,0.015946535647510102,0.034371728047796916,6.060776703504126,2.3978339194290538e-05,16.246375929361612,2.72208367582608e-06,2.621952725813591
0.043358947776128885,53.20395160425484,0.587008759762894,0.027075089971255593,0.03657274297081562,4.408289730384326,9.543705824131482e-06,10.031673056519042,1.5202140547085268e-06,2.5197841782015877
0.024770734095300898,30.62157605560834,0.5184271275295786,0.02629618902826638,0.022407472617643354,5.001735791837117,0.0030215895674241613,13.816752141808974,1.895728673928753e-05,1.9247487306545423
0.014996058463055375,14.066610582480138,0.6763749312465509,0.04333257944932444,0.08723422228787221,5.082298975940932,4.264789021345667e-06,12.355867750409473,0.0003855556768557502,2.2544436278652658
0.007145233120821251,4.294295904311858,0.5466673173305219,0.030043330029309083,0.04056250059302072,6.400758147390417,0.0003810061219299223,14.602508912845101,5.5771174010141e-05,2.211335312748417
0.051139650715593676,49.555412578898355,0.4919301432533544,0.020148496309044157,0.010995139003379487,4.938559235209968,7.760917385319527e-06,11.282439389150472,5.356047320709319e-06,1.8962973569543888
0.023971466707873937,19.489871685399883,0.5001450131886921,0.026223419634603087,0.010046265468997175,5.069121951806811,1.708737879017056e-06,13.432765556503297,0.0028426000178205586,2.052110668077011
0.012795746692380119,12.026180973308787,0.5301394781868578,0.02369443384780249,0.013040166197490235,5.59794223720943,1.38470490669854e-06,11.61283447461109,5.653903100617391e-06,2.3568143976658433
0.035352635688959626,44.2443070590352,0.39793322061387515,0.014577730138041822,0.02564037384030456,6.288693492488243,6.656157795591929e-06,12.612304836233847,3.170353256402501e-05,2.3405675233363694
0.06239594693501046,73.87138770189658,0.5065117779402902,0.016935916842487242,0.018069422561405115,4.896193606698748,8.474440541620285e-05,10.607494512108474,1.8400126074502038e-05,2.5304872383300236
0.016282831323941392,15.456760746206976,0.39749279216389405,0.01721626246621907,0.016465094219600174,6.267509117368905,0.000647796618744569,15.141111370217665,1.285184467134855e-05,2.2305209873192067
0.007553012311313464,5.716599525221604,0.4795959738890806,0.025570534279183064,0.029663382169148458,6.797069682530435,0.0006827762983086128,15.457962707043842,3.5150014165709373e-06,2.1777488194676278
0.013330398150022306,8.136887219703137,0.6899888056088193,0.04207097067534448,0.01194313901327448,5.389243301982939,0.00011669506936565315,10.278286801147358,1.3361530591533932e-05,2.5217963000727246
0.0061147639739674575,6.172718447183546,0.38514423661367814,0.019872678633080426,0.12781983489502224,7.381905751878164,1.5776789473591867e-05,15.79528386965488,0.00015557094773790105,2.2722487055048965
0.009206451173502848,8.49675915232896,0.46553326468809436,0.028545246920284293,0.06802045368051299,7.2971896515983135,0.0004471316170642144,21.84164929677372,0.006066633841267163,2.3216478108310468
0.011796685607785379,10.650513807429512,0.4974321488080604,0.023705337209390987,0.026105689317074375,6.731566602284872,7.498497630604526e-05,13.400060892050258,0.00026178804365981095,2.288611680861191
0.010923875786413781,9.036412566950455,0.48726771058049584,0.022459067191321836,0.029695777565964573,6.105482881294754,3.7659512319110824e-06,12.751513482076621,0.00041175152522713763,2.5389595244509513
0.016421478433118548,22.54732777300428,0.5078773343621272,0.028558364492295853,0.01974975932354795,6.041421614301452,2.852927243722314e-05,12.227705047071153,0.002021735834548774,2.215186929339426
0.02251440169783979,22.91960493023164,0.43872706511130505,0.023287688552630754,0.01259373904346814,5.317938400886419,3.969756027072365e-06,13.295190587166873,4.6983319427391846e-05,2.0802697188462633
0.010905054690644397,9.523364822293512,0.5741643105623376,0.029153943268212815,0.012555216102363063,5.596669556339312,0.00010849963530815044,11.271598710206119,0.0005845931724665168,2.101949158506562
0.025912917575248662,27.142459788276376,0.4430273992999171,0.023831407057784446,0.010244670427333352,5.539163978719167,2.235620394128102e-05,13.193260953063444,4.028565851292434e-05,2.212498233504011
0.03576041622911458,59.170709657773564,0.4719446232452132,0.02051411148036675,0.0387467895998416,5.296445199644729,0.0016002876689262722,11.903250956103534,0.00047373815115753703,2.3193067814490793
0.039760693865052314,37.329692542823366,0.4804610302549603,0.020087007671886262,0.01008377961029521,4.491204838292469,2.7940591047257862e-05,11.483964292423515,0.0002932434909439572,2.386846912351799
0.01696986377609455,17.92404290421137,0.4154757256533955,0.0176714154403103,0.03835821289352677,5.994359651634321,0.00017544595996336136,16.08627107699811,3.249677108307474e-05,2.159681210990154
0.010607462545725626,10.164687514835835,0.5152736128985088,0.029222250277448774,0.015260343841548204,6.0678898258864775,3.2490927956974005e-06,11.332570417125924,5.6309592820578204e-06,2.160437911361943
0.014951031086040971,11.380776386573425,0.4388483854882161,0.0218382179417389,0.01268350318323678,5.402118607116345,2.7719602104337467e-06,13.060088272082716,1.9481049341925814e-05,2.2221120056215846
0.009668675554410294,6.870465205474052,0.49018575768935435,0.02695047904233046,0.010780149958311582,5.702830967263918,2.6070864779505835e-06,14.050429807224884,7.922917131588594e-06,2.3318571355393223
0.014108679335163198,9.486940334401334,0.7120639206091063,0.03855665779610421,0.011400481602469969,4.500216853607517,0.00011644781689400234,10.852291877337464,0.0006023631725345833,2.47995913580382
0.006063474806886766,3.5353965206700706,0.47706891110009986,0.028820672875317165,0.020053345069732137,8.146738964871705,0.006088782325613341,15.558899485975118,0.0006746448876017064,2.1899090027985073
0.018907890900328368,19.622463324211264,0.4899934466943349,0.031889451748254936,0.014769149365148036,6.028561382889443,0.001224812350177038,11.693895819407595,0.0001409900615257245,2.289261857481545
0.019740922903275733,17.151999588631707,0.484487362482738,0.027460325816373823,0.010665932205675825,5.278689959087299,1.333127184542142e-06,13.780565602141147,1.2490311542893917e-05,2.043966680755064
0.0173840526484574,13.511350650074197,0.5429749667530005,0.027437109983603686,0.011941333275973952,5.117187227584257,6.40386823431558e-06,12.905213958040894,4.661017466860446e-06,2.1248159302593934
0.011116561913074351,6.058187216361695,0.5659492978948525,0.02804096842488558,0.010808614917402542,5.462384512517889,5.248904349654304e-05,12.710809559110055,0.0004461975196322846,2.3707685675345536
0.00620942427834402,3.120495986594651,0.7209584415717244,0.050159623409991264,0.01535855975257455,6.768380799471393,0.0035297733413066973,15.70814244168266,2.1939183465368505e-06,2.1192685435036633
0.023864576868771747,26.203017396700645,0.4846759097503307,0.028680078843295206,0.01939303643089125,5.607540169008928,0.0017592083691078432,13.305079062525323,2.2969637793396553e-06,2.158540445172351
0.03472808859866472,42.295054151372305,0.5493887450626707,0.029289531022197633,0.02159449859846484,4.5796636314464285,0.0010241535261918196,11.824668606920055,8.30150719340648e-06,2.1223158258150923
0.026187775567418817,18.45184277277358,0.5950348107798915,0.02706590515715015,0.060548204883503765,4.827270361112467,0.000734652862643073,13.5245579246536,0.0002008273211927685,2.6033476893050773
0.03328641954485868,36.156958856760276,0.49022664681145234,0.021410280802262937,0.01066448546529275,4.492036636007638,1.9590216017065713e-06,12.983217290382202,1.6569796729539682e-06,2.421187522016205
0.015076081051080485,13.132533419497927,0.3890549252151043,0.019552847115830524,0.010964243388435472,6.027336066983362,0.0005426438337181155,16.9919509384487,1.5689293868017328e-05,2.5821989836749424
0.017123820240464396,12.529304387211386,0.6181298396700952,0.03458653506936331,0.014257270786709715,4.522191160100422,1.4646355169336827e-05,13.113832648798173,2.7580931165837547e-06,2.35185013136127
0.017789733779302784,9.287690751580104,0.39672641387539365,0.014984301087949467,0.014792560069211124,6.274947373596196,2.0107177260275552e-05,16.842267723023205,5.3433676127242744e-05,2.41552680442029
0.018019569919894937,14.735551571171579,0.4153921339264016,0.01674157889074504,0.026189978644028524,5.829025228313219,2.8493899741368395e-06,14.429084228160058,1.5609350234972135e-06,2.552720228612189
0.021988591330464935,29.393315420886065,0.30549207876468415,0.009058866380483322,0.04814192017552215,7.732314647569477,0.0031132831398073013,17.1518939656269,0.00045137194940993717,2.4107106880388605
0.019434172011759718,20.478974190179148,0.47928108723878426,0.024942287236791424,0.011668840205124329,5.566390735648135,1.746814280653165e-05,13.77181430188544,1.3586858479017313e-05,2.2936263562977537
0.009846773254420883,8.855066000515928,0.5308726848411236,0.03462591675810953,0.012020400489463283,6.0973994821148745,8.831308828080702e-06,13.608365083835775,1.9760491033810096e-05,2.3567496701778436
0.01944317380218506,17.144765353950316,0.5343730726437473,0.031409835247072415,0.015779378141751243,4.56924896206756,0.000382649818558415,13.214012477107905,4.103091397613273e-06,2.1182783520221378
0.01625954377280506,11.799781247881606,0.49300957564971504,0.028278699727554854,0.014274390193057694,5.554901803472301,0.00023746701670192765,11.341054808362092,7.04512695739864e-06,2.293106430590715
0.008112904899042954,7.547473123381081,0.5621611191069074,0.0326463027827105,0.022921413456792425,6.006198454435613,5.219164166921794e-05,12.058635023970151,1.4779440976100823e-06,2.1282095082079144
0.011084934148477072,10.293670968034899,0.5096755376512327,0.02471528153066874,0.038290069759141905,6.0141570546287975,3.483362528113974e-05,13.82439752406411,0.00021002055755055108,2.423176685008589
0.01921741751160512,18.50981318744222,0.45073872196440073,0.022344093233539017,0.011232232800196033,6.375004346142491,1.575518804937658e-05,13.417451469491791,3.351267958313462e-05,2.2517396471184754
0.010865727218500024,9.273605280830497,0.5265810862896487,0.029704646923418277,0.012767922429165633,5.901400746194919,0.00038701883209589944,12.723436248513966,0.0001633934286227926,2.2253474049043107
0.01489882145603936,11.28661237362769,0.6233626241017207,0.030065643753783847,0.011244321980749889,4.556199408744791,4.246064033005003e-05,10.676468641138626,1.5156920000046907e-05,2.0856977833094223
0.010359498806013143,8.129873679378093,0.5644556999278058,0.040009746129116945,0.014164399251886572,5.452205847154971,1.1083343843928632e-06,14.246015828157407,0.0004939616157486964,2.322231387125865
0.01973106899285588,17.64775570338198,0.5323427920657335,0.028580049301620374,0.012788545634637011,5.555055680789658,0.00010859887881659635,11.693899248716434,0.0004376104091149186,2.4010836408178764
0.010663018921731281,6.68668520661123,0.5947653125907922,0.04016073114478672,0.012191577262076873,5.681786299214868,8.008631208101062e-06,14.419506555970035,0.000794610621882333,2.3759367171912276
0.008216521401366,4.643824836013388,0.49047802109421207,0.02622573188218065,0.012917407978063943,6.8172223684130175,8.03670842763476e-06,16.827459806295643,0.0005977152733628201,2.4865464173942975
0.03918834006240792,44.08825314440955,0.45095642676764935,0.02272135165988096,0.05571774972811886,6.14881228108987,0.0006491945598161251,13.349125379030797,3.9031113559736545e-05,1.9538348874890281
0.028107921575077143,37.067021715218296,0.38463159291658766,0.01791506043666818,0.027452525268292612,5.938362622653694,0.000254994525844352,14.397901768674519,0.0002379811174909343,2.1114124261169436
0.01968876292550009,18.792416411398666,0.48122374878776136,0.026964431329964966,0.018551980053319338,5.510073484613003,0.00012508492553454904,13.506219615313961,3.1588937466253175e-05,2.2592262246231933
0.012278403299538642,14.876255925492037,0.3288962329935345,0.014594407049629788,0.011242867286749015,7.683281543265697,0.00020333643673055204,15.306119178346865,2.300478911259804e-06,2.3062789837241544
0.03051901287952573,35.383890109009876,0.43673349032407954,0.023274215182350972,0.01749278226440565,5.310660474200792,8.792071342648626e-06,12.22520372514231,1.5247930834791485e-06,2.0296940007962387
0.05677742051185202,74.55240802823351,0.3755163590799899,0.013211947062961754,0.01344528973639278,6.507515035435682,0.003258857879031441,13.622130634052377,0.0003349366565420952,2.0524117063246012
0.009421817225148205,7.562460591701217,0.5861881831042631,0.04138188867368406,0.011721304445537033,6.261124128809959,9.263378767711148e-05,12.304167264132825,0.00011538314279417464,2.079293888165755
0.025055250256997695,27.2123617439174,0.41730835121595833,0.021799919891617676,0.01629260485391887,5.450573078289687,7.702360538008503e-05,10.306225216219897,1.5872936976631384e-05,2.129839585903449
0.020409642214650487,19.414365255237925,0.5080673258659306,0.023594388186560396,0.025209094873173694,4.702217901859557,0.0002545611199625043,12.495912608799655,1.7186663976727986e-06,2.017021038272702
0.015722508121569924,10.87466149138338,0.4930183812128604,0.022158006031936975,0.014201915301349588,5.338865053962877,0.0001800725556488197,14.814399464307863,1.457051604279044e-06,2.23837246967247
0.009083348213053979,7.602309271813937,0.46863222472718635,0.027025213448303116,0.030807752158082086,6.23353685243868,0.00020005317485717467,16.32838279220172,1.0853851764948585e-06,2.103085129311458
0.01867541765730692,17.575666229038685,0.3503084653280643,0.010798642511770686,0.01112052619639537,5.652290087651023,1.8419265368541842e-05,16.933954356663417,2.3020993791657717e-05,2.534684021253461
0.03388825164474322,37.04756558543928,0.4412576772893033,0.014370276363211046,0.015246420404294669,4.948532730819563,0.0006159948095707688,12.146497646192902,4.79835501856619e-05,2.2561248362880733
0.0138943005131255,13.83745313145853,0.5504613794401927,0.02708505253700087,0.0302355861403398,4.982486681779065,1.6029901961109856e-06,13.202158268533788,2.0138251282167884e-05,2.056764521992726
0.01421928743734356,12.448717212458646,0.49797910859412925,0.025025280633543992,0.06837277744222534,5.8306252078248155,3.2876023649464773e-06,13.50241314457908,2.3153174197566692e-06,2.3950056689335786
0.007281807946532172,5.866064951665506,0.5250849957921462,0.02724942069256734,0.07548748334390425,6.829548390353129,2.240438877361895e-06,15.44501488717838,1.6180297401432387e-05,2.487163846009408
0.009071401242863309,6.201439425410137,0.48717880901890803,0.027412098698292604,0.015547646343678103,6.729701116655881,2.688400051236366e-05,15.539054244369721,7.863128057624233e-05,2.255009000333799
0.012769472926831102,11.467470811173444,0.3982769525152465,0.018513498818175187,0.01279846203025489,7.2059989246417935,0.00024576433132114667,15.728452348914542,0.0011213642926872264,1.8566396092947055
0.030317460112666804,35.2281477560635,0.5638441427128337,0.030951613577633794,0.01195980941893894,4.69539746301947,1.2521561935271336e-05,10.12224211372724,0.0002029467588413156,2.272425733449041
0.031843170269218166,35.30743880366273,0.6853630333484604,0.038133277830425145,0.01473925785411446,4.175131562257433,0.0036171012661659254,9.247905170235684,0.0016529969972579276,2.2095115217461636
0.028435141708393747,26.256133013141934,0.5590620744136068,0.024487847409436676,0.01120924964324566,4.35076811291198,0.00019655777436990913,10.122889174711561,0.0011218274068926384,2.2372648069563636
0.02477617519686679,24.748901474685546,0.54031909852671,0.022889691802860438,0.010938278635245251,4.858982082823775,0.0006229291974424348,9.961377808973205,0.000194678509795165,2.250744065605959
0.018189953939376644,13.137534468877314,0.38884325630184563,0.014512265248665371,0.01348784527734938,5.4588532357715875,1.3351146707477736e-05,16.26541822717053,0.0021463736491226675,2.266789214460294
0.019108802045319156,17.981703754929157,0.411956655499071,0.01625224651098508,0.012637272570244235,5.3909945287447645,4.018644026080068e-05,14.614117001844399,0.0003572169648887196,2.258132972649383
0.01906578296622371,17.185138375549943,0.3893870384769468,0.01759234172235873,0.011219453275884873,5.742915675967189,5.905903859508713e-06,15.534458674895314,0.00021787033879424336,2.183655215107836
0.017043419788964502,13.470801729176625,0.47811836923107287,0.02050896760052842,0.011778957401051803,5.286745938720284,0.00042419156102713645,12.532994095444877,1.64021499015649e-05,2.1134392529888864
0.015279128324429708,10.75917925641393,0.5015813582994995,0.02521791983501987,0.010933463432614667,5.067683323093511,0.0030893286050275815,14.285403957513235,8.41329764170519e-06,2.225959525008799
0.01941574368674731,17.231011077059787,0.5274479734588468,0.03060530751403126,0.015254980152866162,5.4279615486463735,0.00029715545977430685,12.57536131815655,1.4027042390912953e-06,2.0004986934772977
0.014633033266602414,15.267272806479292,0.3908900026219557,0.02705958610658025,0.026766624425670144,6.789090060923995,2.6597869822538188e-05,14.758641417207057,4.811402537686454e-06,2.263158640121888
0.01076367977299603,10.512024900042041,0.5611192792594902,0.039068061407782476,0.025373861519107328,6.801440088600848,0.002074189727360822,12.53570494777533,6.600816691223886e-06,2.0427223772534218
0.03703613660334541,59.288092330636765,0.48900447357074783,0.024187329893575246,0.012772094675836263,5.963990153018601,0.004477895350871553,11.801479122698558,7.77551775667301e-05,2.6152141375447453
0.05020599216900033,66.41884223894755,0.39166595656357867,0.013348529690362815,0.014438240331259228,5.231240659841358,2.2505739303103066e-05,13.629930509700268,1.9965086105448366e-05,2.500858287989946
0.01290821554451463,12.078050513065456,0.5335580852524366,0.02624962024890006,0.017927782661590192,5.075798182218886,1.5927794616635056e-05,11.652290737877724,0.00020125892264299724,2.322349319438327
0.02007126333547259,19.81764878269634,0.5722146130484231,0.027932753610962258,0.01549997281311912,4.575816771118911,0.00027741330291941856,10.429982636946951,5.7228897372850006e-06,2.139733226072723
0.01228889909468422,13.414495616436811,0.62554142646948,0.03627719264332786,0.02705998641053155,5.736045092075886,1.5794359853318755e-05,10.342718247630863,0.0002822516301563759,2.168827342653887
0.014480794535026896,11.428611180533625,0.5417677331393806,0.025542141407259703,0.010445503664912181,5.0187432433825565,0.0010912840512858383,12.470684292046222,5.746501585768142e-06,1.9646699913090673
0.02472239966226541,25.723747112601263,0.5371026493792191,0.025347211136520508,0.015769092241088575,4.510198893768828,0.00015639527167120738,12.359515221441468,0.00021679737261313275,2.328237139732465
0.011844852333486536,7.84545662015528,0.5150235554666158,0.026078990052940655,0.01977854500797094,5.616815434911308,4.587835425699449e-05,12.376995783704432,0.00036257968654748366,2.395544958382513
0.014670229685323943,11.513381591039735,0.34505194979791887,0.013999442953310596,0.01850875121740995,6.209478633097636,1.8419919623470569e-06,16.15446323255384,7.240767696750983e-06,2.484969599503139
0.024164263836603982,25.891523580248286,0.3748019858779406,0.01825787000047357,0.011325336469823973,5.704627784268646,1.0101329983375887e-06,14.43225681085109,6.413069340317542e-05,2.3441258086388226
0.02257972125713397,24.66738003409036,0.37329712039000923,0.014664013564012325,0.014915286524279559,5.491143402036847,3.4981007609043184e-06,13.796087272172738,2.2167069270391284e-06,2.370119885517387
0.02999343528677184,35.85850530943737,0.5250569588610192,0.02047918028266148,0.03439590290797829,4.635452981614696,1.2835514423713078e-06,11.662040869595696,7.907363061968453e-06,2.070170420542395
0.01175731046865251,7.290010730871732,0.5385781550276845,0.023507285402046597,0.010461699386888578,5.752186338377547,6.630322099441242e-06,14.02836397571563,6.873241406390952e-06,2.251011605809069
0.009755699855088043,5.713358166863847,0.5520094309894458,0.024232296372090394,0.011313466730740778,5.567252823361937,1.4131024753919745e-06,12.778049513098821,4.640164014991019e-06,2.0854555947433293
0.037343647454554374,40.59320763374355,0.3884634370992875,0.011971125940282082,0.017392823690971164,5.346837155297992,2.6251896962920123e-06,11.702295700932536,5.379420757611936e-05,2.1574705937041183
0.017811520544308575,17.199230487104685,0.5903654684608163,0.027211223023438976,0.016164566157322407,4.963988980213607,0.00013562716471250967,11.18776327611245,0.0008386057802072172,2.0868925029230865
0.006994192394237919,4.405801009360226,0.40191541489338795,0.02179716005743664,0.012788104664258627,8.512964090660292,6.4207319036115955e-06,18.37379506970805,5.001626665679521e-06,2.326075942042409
0.011892711764540072,6.065616072907672,0.45572091304512796,0.02168357568996629,0.018072480503831333,6.959885149126971,1.3688188489454103e-05,17.06204190317234,0.000734434701246761,2.245617795950052
0.012819402078296366,5.232989360871149,0.6686580189552495,0.040324672091925015,0.02217376690650937,5.2465985588380875,3.755740519462688e-05,14.427118230517085,9.636864368941741e-05,2.3347015699351803
0.008248748892166145,3.3258466235465924,0.5547686111797102,0.034839923535379125,0.012637949899465888,5.331045720308081,4.586475609433592e-06,16.368270253622658,1.4114322662079007e-05,2.37074604575682
0.007183583006598863,6.329779976223012,0.5023957458465312,0.02341686217393473,0.22481976436305406,7.169691762139625,0.00029133193882446184,15.856216934373796,3.2408115046624136e-05,2.3041274752968253
