condition,model,scenario,time_h,observable,units,observed,predicted,residual,numerical_checks_passed
gelain_2020_cellulose_10gl,effective,correlated_assumption,8,biomass,gram/liter,2.861740254941905,1.0861613989453087,-1.7755788559965964,True
gelain_2020_cellulose_10gl,effective,correlated_assumption,8,substrate,gram/liter,9.876727248621048,8.48914592432685,-1.3875813242941977,True
gelain_2020_cellulose_10gl,effective,correlated_assumption,8,cellulase_activity,gelain_fpu/liter,0.0,15.34124101701396,15.34124101701396,True
gelain_2020_cellulose_10gl,effective,correlated_assumption,8,beta_glucosidase_activity,gelain_beta_u/liter,15.872852798553465,36.27163232717323,20.398779528619762,True
gelain_2020_cellulose_10gl,effective,correlated_assumption,12,biomass,gram/liter,3.665041890787295,1.774599383976721,-1.8904425068105741,True
gelain_2020_cellulose_10gl,effective,correlated_assumption,12,substrate,gram/liter,9.219127032038841,6.969387166477538,-2.2497398655613035,True
gelain_2020_cellulose_10gl,effective,correlated_assumption,12,cellulase_activity,gelain_fpu/liter,21.412016864121345,30.663741687957664,9.25172482383632,True
gelain_2020_cellulose_10gl,effective,correlated_assumption,12,beta_glucosidase_activity,gelain_beta_u/liter,53.35127804717679,72.68317303731715,19.331894990140356,True
gelain_2020_cellulose_10gl,effective,correlated_assumption,24,biomass,gram/liter,5.913493103187719,4.432100520394756,-1.4813925827929628,True
gelain_2020_cellulose_10gl,effective,correlated_assumption,24,substrate,gram/liter,2.7353502101590594,0.007276939821669092,-2.7280732703373904,True
gelain_2020_cellulose_10gl,effective,correlated_assumption,24,cellulase_activity,gelain_fpu/liter,422.0973470730104,140.96126802079058,-281.13607905221977,True
gelain_2020_cellulose_10gl,effective,correlated_assumption,24,beta_glucosidase_activity,gelain_beta_u/liter,895.1467083093615,336.1185837937954,-559.0281245155661,True
gelain_2020_cellulose_10gl,effective,correlated_assumption,32,biomass,gram/liter,4.739738476299145,3.441039318663876,-1.2986991576352689,True
gelain_2020_cellulose_10gl,effective,correlated_assumption,32,substrate,gram/liter,1.2601496784731454,4.726792681894221e-08,-1.2601496312052185,True
gelain_2020_cellulose_10gl,effective,correlated_assumption,32,cellulase_activity,gelain_fpu/liter,766.7136314433242,217.4848087240175,-549.2288227193067,True
gelain_2020_cellulose_10gl,effective,correlated_assumption,32,beta_glucosidase_activity,gelain_beta_u/liter,1494.4111120243285,522.6567146471733,-971.7543973771552,True
gelain_2020_cellulose_10gl,effective,correlated_assumption,48,biomass,gram/liter,4.243537934501599,2.0702406349332074,-2.1732972995683912,True
gelain_2020_cellulose_10gl,effective,correlated_assumption,48,substrate,gram/liter,0.5342209822564191,-8.920956911922044e-13,-0.5342209822573112,True
gelain_2020_cellulose_10gl,effective,correlated_assumption,48,cellulase_activity,gelain_fpu/liter,818.9039361842179,301.6116711822319,-517.2922650019859,True
gelain_2020_cellulose_10gl,effective,correlated_assumption,48,beta_glucosidase_activity,gelain_beta_u/liter,1706.7683077175968,739.3038030442425,-967.4645046733543,True
gelain_2020_cellulose_10gl,effective,correlated_assumption,54,biomass,gram/liter,3.5692922874279707,1.7110788550815608,-1.85821343234641,True
gelain_2020_cellulose_10gl,effective,correlated_assumption,54,substrate,gram/liter,0.26861955108609203,-8.94080337715227e-13,-0.2686195510869861,True
gelain_2020_cellulose_10gl,effective,correlated_assumption,54,cellulase_activity,gelain_fpu/liter,845.5658011681369,316.6272127612896,-528.9385884068472,True
gelain_2020_cellulose_10gl,effective,correlated_assumption,54,beta_glucosidase_activity,gelain_beta_u/liter,1818.854277964987,782.4701069687363,-1036.3841709962508,True
gelain_2020_cellulose_10gl,effective,correlated_assumption,72,biomass,gram/liter,2.6271713586585586,0.9660900487171968,-1.6610813099413617,True
gelain_2020_cellulose_10gl,effective,correlated_assumption,72,substrate,gram/liter,0.19742474929847192,-8.993437639224158e-13,-0.19742474929937126,True
gelain_2020_cellulose_10gl,effective,correlated_assumption,72,cellulase_activity,gelain_fpu/liter,887.6433209611139,328.74308867476947,-558.9002322863444,True
gelain_2020_cellulose_10gl,effective,correlated_assumption,72,beta_glucosidase_activity,gelain_beta_u/liter,1893.2358017588563,834.1017516114019,-1059.1340501474542,True
gelain_2020_cellulose_10gl,effective,correlated_assumption,96,biomass,gram/liter,2.1249852272536094,0.4508316352049781,-1.6741535920486312,True
gelain_2020_cellulose_10gl,effective,correlated_assumption,96,substrate,gram/liter,0.27489601807091035,-8.993437639224158e-13,-0.2748960180718097,True
gelain_2020_cellulose_10gl,effective,correlated_assumption,96,cellulase_activity,gelain_fpu/liter,791.203710266842,303.26835369766815,-487.93535656917385,True
gelain_2020_cellulose_10gl,effective,correlated_assumption,96,beta_glucosidase_activity,gelain_beta_u/liter,1636.0853127311582,799.9447574376649,-836.1405552934933,True
gelain_2020_cellulose_20gl,effective,correlated_assumption,8,biomass,gram/liter,4.0002250233517245,1.138409405900215,-2.8618156174515095,True
gelain_2020_cellulose_20gl,effective,correlated_assumption,8,substrate,gram/liter,19.973133273578657,18.277697527913322,-1.6954357456653355,True
gelain_2020_cellulose_20gl,effective,correlated_assumption,8,cellulase_activity,gelain_fpu/liter,0.0,17.415828587844572,17.415828587844572,True
gelain_2020_cellulose_20gl,effective,correlated_assumption,8,beta_glucosidase_activity,gelain_beta_u/liter,11.835292183775794,39.35747279901409,27.522180615238298,True
gelain_2020_cellulose_20gl,effective,correlated_assumption,12,biomass,gram/liter,4.814712467452349,1.92275142467171,-2.891961042780639,True
gelain_2020_cellulose_20gl,effective,correlated_assumption,12,substrate,gram/liter,18.947457408916286,16.450565510598274,-2.4968918983180117,True
gelain_2020_cellulose_20gl,effective,correlated_assumption,12,cellulase_activity,gelain_fpu/liter,0.0,35.440640797152625,35.440640797152625,True
gelain_2020_cellulose_20gl,effective,correlated_assumption,12,beta_glucosidase_activity,gelain_beta_u/liter,42.49712336648312,80.24782007134449,37.75069670486137,True
gelain_2020_cellulose_20gl,effective,correlated_assumption,24,biomass,gram/liter,8.219913529590286,8.929929773945577,0.7100162443552911,True
gelain_2020_cellulose_20gl,effective,correlated_assumption,24,substrate,gram/liter,8.023400382459453,-7.64250063315141e-15,-8.02340038245946,True
gelain_2020_cellulose_20gl,effective,correlated_assumption,24,cellulase_activity,gelain_fpu/liter,234.1939607717343,201.6626956041514,-32.531265167582916,True
gelain_2020_cellulose_20gl,effective,correlated_assumption,24,beta_glucosidase_activity,gelain_beta_u/liter,482.3497986356539,458.1128976570698,-24.23690097858406,True
gelain_2020_cellulose_20gl,effective,correlated_assumption,32,biomass,gram/liter,7.951744677367952,7.245393846923849,-0.7063508304441024,True
gelain_2020_cellulose_20gl,effective,correlated_assumption,32,substrate,gram/liter,4.423403826799742,-5.37948190093169e-12,-4.423403826805122,True
gelain_2020_cellulose_20gl,effective,correlated_assumption,32,cellulase_activity,gelain_fpu/liter,429.8292287863691,381.77559257194565,-48.05363621442342,True
gelain_2020_cellulose_20gl,effective,correlated_assumption,32,beta_glucosidase_activity,gelain_beta_u/liter,1107.606640913948,871.482681298308,-236.12395961564005,True
gelain_2020_cellulose_20gl,effective,correlated_assumption,48,biomass,gram/liter,4.131839147393322,4.769687292048217,0.6378481446548951,True
gelain_2020_cellulose_20gl,effective,correlated_assumption,48,substrate,gram/liter,1.4393416615428438,-5.37948190093169e-12,-1.4393416615482233,True
gelain_2020_cellulose_20gl,effective,correlated_assumption,48,cellulase_activity,gelain_fpu/liter,790.3711177545282,596.1464009911091,-194.2247167634191,True
gelain_2020_cellulose_20gl,effective,correlated_assumption,48,beta_glucosidase_activity,gelain_beta_u/liter,1942.6522561025727,1380.7694259758516,-561.882830126721,True
gelain_2020_cellulose_20gl,effective,correlated_assumption,54,biomass,gram/liter,3.902723708971134,4.0775601309200065,0.17483642194887228,True
gelain_2020_cellulose_20gl,effective,correlated_assumption,54,substrate,gram/liter,0.9118836300307355,-5.37948190093169e-12,-0.911883630036115,True
gelain_2020_cellulose_20gl,effective,correlated_assumption,54,cellulase_activity,gelain_fpu/liter,842.7412414519945,639.8560721983819,-202.88516925361262,True
gelain_2020_cellulose_20gl,effective,correlated_assumption,54,beta_glucosidase_activity,gelain_beta_u/liter,2014.6708309361393,1490.9350808260488,-523.7357501100905,True
gelain_2020_cellulose_20gl,effective,correlated_assumption,72,biomass,gram/liter,3.024125516304073,2.547603089802094,-0.4765224265019792,True
gelain_2020_cellulose_20gl,effective,correlated_assumption,72,substrate,gram/liter,0.45960424881688994,-5.37948190093169e-12,-0.4596042488222694,True
gelain_2020_cellulose_20gl,effective,correlated_assumption,72,cellulase_activity,gelain_fpu/liter,813.588355305991,693.0545247169048,-120.53383058908616,True
gelain_2020_cellulose_20gl,effective,correlated_assumption,72,beta_glucosidase_activity,gelain_beta_u/liter,2150.797238431824,1646.1950907969733,-504.6021476348508,True
gelain_2020_cellulose_20gl,effective,correlated_assumption,96,biomass,gram/liter,2.2692409022337583,1.3607352129654735,-0.9085056892682848,True
gelain_2020_cellulose_20gl,effective,correlated_assumption,96,substrate,gram/liter,0.22848613359859138,-5.37948190093169e-12,-0.22848613360397085,True
gelain_2020_cellulose_20gl,effective,correlated_assumption,96,cellulase_activity,gelain_fpu/liter,769.9579484749818,657.5323608942683,-112.42558758071345,True
gelain_2020_cellulose_20gl,effective,correlated_assumption,96,beta_glucosidase_activity,gelain_beta_u/liter,2001.9314539327693,1606.0897940368902,-395.84165989587905,True
gelain_2020_cellulose_30gl,effective,correlated_assumption,8,biomass,gram/liter,3.386259598851707,1.113783745455879,-2.272475853395828,True
gelain_2020_cellulose_30gl,effective,correlated_assumption,8,substrate,gram/liter,31.188432670702987,28.702599875707772,-2.485832794995215,True
gelain_2020_cellulose_30gl,effective,correlated_assumption,8,cellulase_activity,gelain_fpu/liter,0.0,23.66009869364188,23.66009869364188,True
gelain_2020_cellulose_30gl,effective,correlated_assumption,8,beta_glucosidase_activity,gelain_beta_u/liter,0.0,53.735548397777606,53.735548397777606,True
gelain_2020_cellulose_30gl,effective,correlated_assumption,12,biomass,gram/liter,4.569515420878874,1.860706145349432,-2.708809275529442,True
gelain_2020_cellulose_30gl,effective,correlated_assumption,12,substrate,gram/liter,28.988940995685873,27.34673693481597,-1.6422040608699042,True
gelain_2020_cellulose_30gl,effective,correlated_assumption,12,cellulase_activity,gelain_fpu/liter,0.0,47.54034589588015,47.54034589588015,True
gelain_2020_cellulose_30gl,effective,correlated_assumption,12,beta_glucosidase_activity,gelain_beta_u/liter,12.040766006410783,108.17099487617969,96.13022886976891,True
gelain_2020_cellulose_30gl,effective,correlated_assumption,24,biomass,gram/liter,9.40625525180876,8.675623740091469,-0.7306315117172915,True
gelain_2020_cellulose_30gl,effective,correlated_assumption,24,substrate,gram/liter,15.733988095896388,14.975813587918527,-0.758174507977861,True
gelain_2020_cellulose_30gl,effective,correlated_assumption,24,cellulase_activity,gelain_fpu/liter,152.57859384708274,261.1951556024269,108.61656175534415,True
gelain_2020_cellulose_30gl,effective,correlated_assumption,24,beta_glucosidase_activity,gelain_beta_u/liter,395.94805621763794,596.1275051115072,200.17944889386922,True
gelain_2020_cellulose_30gl,effective,correlated_assumption,32,biomass,gram/liter,9.359389267261477,15.683394178815123,6.324004911553645,True
gelain_2020_cellulose_30gl,effective,correlated_assumption,32,substrate,gram/liter,7.872108338284392,-5.589498203942279e-12,-7.872108338289982,True
gelain_2020_cellulose_30gl,effective,correlated_assumption,32,cellulase_activity,gelain_fpu/liter,343.4897531492801,695.4587154297986,351.96896228051855,True
gelain_2020_cellulose_30gl,effective,correlated_assumption,32,beta_glucosidase_activity,gelain_beta_u/liter,713.5078491000247,1589.5837084522507,876.075859352226,True
gelain_2020_cellulose_30gl,effective,correlated_assumption,48,biomass,gram/liter,5.485934089879789,10.1311984935895,4.64526440370971,True
gelain_2020_cellulose_30gl,effective,correlated_assumption,48,substrate,gram/liter,2.666776280212802,-5.589498203942279e-12,-2.666776280218391,True
gelain_2020_cellulose_30gl,effective,correlated_assumption,48,cellulase_activity,gelain_fpu/liter,665.0016027125024,1341.826580795177,676.8249780826746,True
gelain_2020_cellulose_30gl,effective,correlated_assumption,48,beta_glucosidase_activity,gelain_beta_u/liter,1538.8448261691465,3104.1815997287763,1565.3367735596298,True
gelain_2020_cellulose_30gl,effective,correlated_assumption,54,biomass,gram/liter,4.391623867448644,8.599904171629682,4.208280304181038,True
gelain_2020_cellulose_30gl,effective,correlated_assumption,54,substrate,gram/liter,1.6469777786999686,-5.589498203942279e-12,-1.6469777787055582,True
gelain_2020_cellulose_30gl,effective,correlated_assumption,54,cellulase_activity,gelain_fpu/liter,745.1070257096395,1462.6032765678915,717.496250858252,True
gelain_2020_cellulose_30gl,effective,correlated_assumption,54,beta_glucosidase_activity,gelain_beta_u/liter,1976.4526999260297,3401.735799285905,1425.2830993598755,True
gelain_2020_cellulose_30gl,effective,correlated_assumption,72,biomass,gram/liter,3.694769158253853,5.260075411218349,1.5653062529644957,True
gelain_2020_cellulose_30gl,effective,correlated_assumption,72,substrate,gram/liter,0.812655179308664,-5.589498203942279e-12,-0.8126551793142536,True
gelain_2020_cellulose_30gl,effective,correlated_assumption,72,cellulase_activity,gelain_fpu/liter,796.3737686604547,1581.022789267362,784.6490206069072,True
gelain_2020_cellulose_30gl,effective,correlated_assumption,72,beta_glucosidase_activity,gelain_beta_u/liter,1929.399194542615,3740.835539135703,1811.436344593088,True
gelain_2020_cellulose_30gl,effective,correlated_assumption,96,biomass,gram/liter,3.0835877888364163,2.73100888872702,-0.3525789001093962,True
gelain_2020_cellulose_30gl,effective,correlated_assumption,96,substrate,gram/liter,0.41352825991980907,-5.589498203942279e-12,-0.41352825992539854,True
gelain_2020_cellulose_30gl,effective,correlated_assumption,96,cellulase_activity,gelain_fpu/liter,754.6127961395241,1432.4180568254644,677.8052606859403,True
gelain_2020_cellulose_30gl,effective,correlated_assumption,96,beta_glucosidase_activity,gelain_beta_u/liter,1966.6926933508673,3474.6799834401845,1507.9872900893172,True
gelain_2020_cellulose_10gl,effective,primary,8,biomass,gram/liter,2.861740254941905,1.0515104331988032,-1.8102298217431019,True
gelain_2020_cellulose_10gl,effective,primary,8,substrate,gram/liter,9.876727248621048,8.371783390261006,-1.5049438583600416,True
gelain_2020_cellulose_10gl,effective,primary,8,cellulase_activity,gelain_fpu/liter,0.0,16.837443728448815,16.837443728448815,True
gelain_2020_cellulose_10gl,effective,primary,8,beta_glucosidase_activity,gelain_beta_u/liter,15.872852798553465,39.77414562802092,23.90129282946745,True
gelain_2020_cellulose_10gl,effective,primary,12,biomass,gram/liter,3.665041890787295,1.6929417780421618,-1.9721001127451332,True
gelain_2020_cellulose_10gl,effective,primary,12,substrate,gram/liter,9.219127032038841,6.765839305553813,-2.453287726485028,True
gelain_2020_cellulose_10gl,effective,primary,12,cellulase_activity,gelain_fpu/liter,21.412016864121345,33.23459270371001,11.822575839588662,True
gelain_2020_cellulose_10gl,effective,primary,12,beta_glucosidase_activity,gelain_beta_u/liter,53.35127804717679,78.71980913871464,25.368531091537847,True
gelain_2020_cellulose_10gl,effective,primary,24,biomass,gram/liter,5.913493103187719,3.9462273425565155,-1.9672657606312032,True
gelain_2020_cellulose_10gl,effective,primary,24,substrate,gram/liter,2.7353502101590594,0.0008333816628117567,-2.7345168284962478,True
gelain_2020_cellulose_10gl,effective,primary,24,cellulase_activity,gelain_fpu/liter,422.0973470730104,146.41154459090905,-275.68580248210134,True
gelain_2020_cellulose_10gl,effective,primary,24,beta_glucosidase_activity,gelain_beta_u/liter,895.1467083093615,349.0276368284526,-546.1190714809089,True
gelain_2020_cellulose_10gl,effective,primary,32,biomass,gram/liter,4.739738476299145,3.132250664092432,-1.6074878122067129,True
gelain_2020_cellulose_10gl,effective,primary,32,substrate,gram/liter,1.2601496784731454,3.4296102074125414e-10,-1.2601496781301844,True
gelain_2020_cellulose_10gl,effective,primary,32,cellulase_activity,gelain_fpu/liter,766.7136314433242,221.5870999634067,-545.1265314799175,True
gelain_2020_cellulose_10gl,effective,primary,32,beta_glucosidase_activity,gelain_beta_u/liter,1494.4111120243285,532.5918422175764,-961.8192698067521,True
gelain_2020_cellulose_10gl,effective,primary,48,biomass,gram/liter,4.243537934501599,1.9729358311872274,-2.2706021033143715,True
gelain_2020_cellulose_10gl,effective,primary,48,substrate,gram/liter,0.5342209822564191,-2.3658135039485794e-12,-0.5342209822587849,True
gelain_2020_cellulose_10gl,effective,primary,48,cellulase_activity,gelain_fpu/liter,818.9039361842179,305.0129563950725,-513.8909797891454,True
gelain_2020_cellulose_10gl,effective,primary,48,beta_glucosidase_activity,gelain_beta_u/liter,1706.7683077175968,748.0714822013697,-958.6968255162271,True
gelain_2020_cellulose_10gl,effective,primary,54,biomass,gram/liter,3.5692922874279707,1.6589531787215894,-1.9103391087063812,True
gelain_2020_cellulose_10gl,effective,primary,54,substrate,gram/liter,0.26861955108609203,-1.0431112772702496e-12,-0.26861955108713514,True
gelain_2020_cellulose_10gl,effective,primary,54,cellulase_activity,gelain_fpu/liter,845.5658011681369,319.9523482438962,-525.6134529242406,True
gelain_2020_cellulose_10gl,effective,primary,54,beta_glucosidase_activity,gelain_beta_u/liter,1818.854277964987,791.2157560815122,-1027.6385218834748,True
gelain_2020_cellulose_10gl,effective,primary,72,biomass,gram/liter,2.6271713586585586,0.9862741083399209,-1.6408972503186376,True
gelain_2020_cellulose_10gl,effective,primary,72,substrate,gram/liter,0.19742474929847192,-1.2168039392546896e-13,-0.1974247492985936,True
gelain_2020_cellulose_10gl,effective,primary,72,cellulase_activity,gelain_fpu/liter,887.6433209611139,331.4892391326449,-556.154081828469,True
gelain_2020_cellulose_10gl,effective,primary,72,beta_glucosidase_activity,gelain_beta_u/liter,1893.2358017588563,841.7139578196998,-1051.5218439391565,True
gelain_2020_cellulose_10gl,effective,primary,96,biomass,gram/liter,2.1249852272536094,0.4930401644871038,-1.6319450627665055,True
gelain_2020_cellulose_10gl,effective,primary,96,substrate,gram/liter,0.27489601807091035,-1.2168039392546914e-13,-0.27489601807103203,True
gelain_2020_cellulose_10gl,effective,primary,96,cellulase_activity,gelain_fpu/liter,791.203710266842,303.9455644882277,-487.2581457786143,True
gelain_2020_cellulose_10gl,effective,primary,96,beta_glucosidase_activity,gelain_beta_u/liter,1636.0853127311582,802.2150613093743,-833.8702514217839,True
gelain_2020_cellulose_20gl,effective,primary,8,biomass,gram/liter,4.0002250233517245,1.0721466585999708,-2.9280783647517534,True
gelain_2020_cellulose_20gl,effective,primary,8,substrate,gram/liter,19.973133273578657,18.112548287390155,-1.8605849861885027,True
gelain_2020_cellulose_20gl,effective,primary,8,cellulase_activity,gelain_fpu/liter,0.0,19.838411167268205,19.838411167268205,True
gelain_2020_cellulose_20gl,effective,primary,8,beta_glucosidase_activity,gelain_beta_u/liter,11.835292183775794,44.757138754160835,32.92184657038504,True
gelain_2020_cellulose_20gl,effective,primary,12,biomass,gram/liter,4.814712467452349,1.7573437289045857,-3.0573687385477633,True
gelain_2020_cellulose_20gl,effective,primary,12,substrate,gram/liter,18.947457408916286,16.19111412619,-2.7563432827262844,True
gelain_2020_cellulose_20gl,effective,primary,12,cellulase_activity,gelain_fpu/liter,0.0,39.37781714067298,39.37781714067298,True
gelain_2020_cellulose_20gl,effective,primary,12,beta_glucosidase_activity,gelain_beta_u/liter,42.49712336648312,89.03513302609291,46.538009659609784,True
gelain_2020_cellulose_20gl,effective,primary,24,biomass,gram/liter,8.219913529590286,7.496227408511178,-0.7236861210791083,True
gelain_2020_cellulose_20gl,effective,primary,24,substrate,gram/liter,8.023400382459453,-4.58053333662073e-13,-8.023400382459911,True
gelain_2020_cellulose_20gl,effective,primary,24,cellulase_activity,gelain_fpu/liter,234.1939607717343,206.57081325812086,-27.623147513613446,True
gelain_2020_cellulose_20gl,effective,primary,24,beta_glucosidase_activity,gelain_beta_u/liter,482.3497986356539,468.8225831291655,-13.527215506488403,True
gelain_2020_cellulose_20gl,effective,primary,32,biomass,gram/liter,7.951744677367952,6.327034396761068,-1.6247102806068838,True
gelain_2020_cellulose_20gl,effective,primary,32,substrate,gram/liter,4.423403826799742,-7.471973572042329e-12,-4.423403826807214,True
gelain_2020_cellulose_20gl,effective,primary,32,cellulase_activity,gelain_fpu/liter,429.8292287863691,383.35437108894604,-46.47485769742303,True
gelain_2020_cellulose_20gl,effective,primary,32,beta_glucosidase_activity,gelain_beta_u/liter,1107.606640913948,874.5068292565581,-233.09981165738986,True
gelain_2020_cellulose_20gl,effective,primary,48,biomass,gram/liter,4.131839147393322,4.507285627630493,0.3754464802371711,True
gelain_2020_cellulose_20gl,effective,primary,48,substrate,gram/liter,1.4393416615428438,-7.471973572042329e-12,-1.4393416615503158,True
gelain_2020_cellulose_20gl,effective,primary,48,cellulase_activity,gelain_fpu/liter,790.3711177545282,597.7428120631362,-192.62830569139203,True
gelain_2020_cellulose_20gl,effective,primary,48,beta_glucosidase_activity,gelain_beta_u/liter,1942.6522561025727,1384.2529547990725,-558.3993013035001,True
gelain_2020_cellulose_20gl,effective,primary,54,biomass,gram/liter,3.902723708971134,3.969018860882817,0.066295151911683,True
gelain_2020_cellulose_20gl,effective,primary,54,substrate,gram/liter,0.9118836300307355,-7.471973572042329e-12,-0.9118836300382075,True
gelain_2020_cellulose_20gl,effective,primary,54,cellulase_activity,gelain_fpu/liter,842.7412414519945,642.2989096805476,-200.4423317714469,True
gelain_2020_cellulose_20gl,effective,primary,54,beta_glucosidase_activity,gelain_beta_u/liter,2014.6708309361393,1496.5359008736184,-518.1349300625209,True
gelain_2020_cellulose_20gl,effective,primary,72,biomass,gram/liter,3.024125516304073,2.710113042468133,-0.3140124738359402,True
gelain_2020_cellulose_20gl,effective,primary,72,substrate,gram/liter,0.45960424881688994,-7.471973572042329e-12,-0.4596042488243619,True
gelain_2020_cellulose_20gl,effective,primary,72,cellulase_activity,gelain_fpu/liter,813.588355305991,697.5491073126119,-116.03924799337904,True
gelain_2020_cellulose_20gl,effective,primary,72,beta_glucosidase_activity,gelain_beta_u/liter,2150.797238431824,1656.6183154823575,-494.1789229494666,True
gelain_2020_cellulose_20gl,effective,primary,96,biomass,gram/liter,2.2692409022337583,1.6295201341449546,-0.6397207680888037,True
gelain_2020_cellulose_20gl,effective,primary,96,substrate,gram/liter,0.22848613359859138,-7.471973572042329e-12,-0.22848613360606335,True
gelain_2020_cellulose_20gl,effective,primary,96,cellulase_activity,gelain_fpu/liter,769.9579484749818,660.877431536131,-109.08051693885079,True
gelain_2020_cellulose_20gl,effective,primary,96,beta_glucosidase_activity,gelain_beta_u/liter,2001.9314539327693,1612.4628788722357,-389.46857506053357,True
gelain_2020_cellulose_30gl,effective,primary,8,biomass,gram/liter,3.386259598851707,1.0711868676366414,-2.315072731215065,True
gelain_2020_cellulose_30gl,effective,primary,8,substrate,gram/liter,31.188432670702987,28.603766967022644,-2.5846657036803435,True
gelain_2020_cellulose_30gl,effective,primary,8,cellulase_activity,gelain_fpu/liter,0.0,25.992146413514718,25.992146413514718,True
gelain_2020_cellulose_30gl,effective,primary,8,beta_glucosidase_activity,gelain_beta_u/liter,0.0,58.95736131260236,58.95736131260236,True
gelain_2020_cellulose_30gl,effective,primary,12,biomass,gram/liter,4.569515420878874,1.7549887336983194,-2.8145266871805545,True
gelain_2020_cellulose_30gl,effective,primary,12,substrate,gram/liter,28.988940995685873,27.183265149361723,-1.8056758463241493,True
gelain_2020_cellulose_30gl,effective,primary,12,cellulase_activity,gelain_fpu/liter,0.0,51.38122377187685,51.38122377187685,True
gelain_2020_cellulose_30gl,effective,primary,12,beta_glucosidase_activity,gelain_beta_u/liter,12.040766006410783,116.78136589717681,104.74059989076603,True
gelain_2020_cellulose_30gl,effective,primary,24,biomass,gram/liter,9.40625525180876,7.717807655641664,-1.6884475961670962,True
gelain_2020_cellulose_30gl,effective,primary,24,substrate,gram/liter,15.733988095896388,14.796318937719496,-0.9376691581768917,True
gelain_2020_cellulose_30gl,effective,primary,24,cellulase_activity,gelain_fpu/liter,152.57859384708274,267.6672648573251,115.08867101024236,True
gelain_2020_cellulose_30gl,effective,primary,24,beta_glucosidase_activity,gelain_beta_u/liter,395.94805621763794,610.4183330914104,214.4702768737725,True
gelain_2020_cellulose_30gl,effective,primary,32,biomass,gram/liter,9.359389267261477,13.908337176185128,4.548947908923651,True
gelain_2020_cellulose_30gl,effective,primary,32,substrate,gram/liter,7.872108338284392,-5.877522089332324e-12,-7.87210833829027,True
gelain_2020_cellulose_30gl,effective,primary,32,cellulase_activity,gelain_fpu/liter,343.4897531492801,691.9098804074299,348.4201272581498,True
gelain_2020_cellulose_30gl,effective,primary,32,beta_glucosidase_activity,gelain_beta_u/liter,713.5078491000247,1580.3575293665274,866.8496802665027,True
gelain_2020_cellulose_30gl,effective,primary,48,biomass,gram/liter,5.485934089879789,9.47280233372132,3.9868682438415313,True
gelain_2020_cellulose_30gl,effective,primary,48,substrate,gram/liter,2.666776280212802,-5.877522089332324e-12,-2.6667762802186794,True
gelain_2020_cellulose_30gl,effective,primary,48,cellulase_activity,gelain_fpu/liter,665.0016027125024,1332.2542188947234,667.252616182221,True
gelain_2020_cellulose_30gl,effective,primary,48,beta_glucosidase_activity,gelain_beta_u/liter,1538.8448261691465,3080.9504185960122,1542.1055924268658,True
gelain_2020_cellulose_30gl,effective,primary,54,biomass,gram/liter,4.391623867448644,8.202187631400912,3.8105637639522687,True
gelain_2020_cellulose_30gl,effective,primary,54,substrate,gram/liter,1.6469777786999686,-5.877522089332324e-12,-1.6469777787058462,True
gelain_2020_cellulose_30gl,effective,primary,54,cellulase_activity,gelain_fpu/liter,745.1070257096395,1454.1321580982888,709.0251323886492,True
gelain_2020_cellulose_30gl,effective,primary,54,beta_glucosidase_activity,gelain_beta_u/liter,1976.4526999260297,3381.2028824136187,1404.750182487589,True
gelain_2020_cellulose_30gl,effective,primary,72,biomass,gram/liter,3.694769158253853,5.324555644861913,1.6297864866080602,True
gelain_2020_cellulose_30gl,effective,primary,72,substrate,gram/liter,0.812655179308664,-5.877522089332324e-12,-0.8126551793145416,True
gelain_2020_cellulose_30gl,effective,primary,72,cellulase_activity,gelain_fpu/liter,796.3737686604547,1578.1006703882633,781.7269017278086,True
gelain_2020_cellulose_30gl,effective,primary,72,beta_glucosidase_activity,gelain_beta_u/liter,1929.399194542615,3733.349823728732,1803.950629186117,True
gelain_2020_cellulose_30gl,effective,primary,96,biomass,gram/liter,3.0835877888364163,2.9928728235681783,-0.09071496526823797,True
gelain_2020_cellulose_30gl,effective,primary,96,substrate,gram/liter,0.41352825991980907,-5.877522089332324e-12,-0.4135282599256866,True
gelain_2020_cellulose_30gl,effective,primary,96,cellulase_activity,gelain_fpu/liter,754.6127961395241,1433.4617040399962,678.8489079004721,True
gelain_2020_cellulose_30gl,effective,primary,96,beta_glucosidase_activity,gelain_beta_u/liter,1966.6926933508673,3475.1438754434353,1508.451182092568,True
gelain_2020_cellulose_10gl,hydrolysis,correlated_assumption,8,biomass,gram/liter,2.861740254941905,0.4939038133724321,-2.367836441569473,True
gelain_2020_cellulose_10gl,hydrolysis,correlated_assumption,8,substrate,gram/liter,9.876727248621048,9.641369277636711,-0.23535797098433697,True
gelain_2020_cellulose_10gl,hydrolysis,correlated_assumption,8,cellulase_activity,gelain_fpu/liter,0.0,11.959593837463713,11.959593837463713,True
gelain_2020_cellulose_10gl,hydrolysis,correlated_assumption,8,beta_glucosidase_activity,gelain_beta_u/liter,15.872852798553465,29.822348118343875,13.94949531979041,True
gelain_2020_cellulose_10gl,hydrolysis,correlated_assumption,12,biomass,gram/liter,3.665041890787295,0.6874396016228359,-2.977602289164459,True
gelain_2020_cellulose_10gl,hydrolysis,correlated_assumption,12,substrate,gram/liter,9.219127032038841,9.164119691817834,-0.05500734022100673,True
gelain_2020_cellulose_10gl,hydrolysis,correlated_assumption,12,cellulase_activity,gelain_fpu/liter,21.412016864121345,20.3549734937894,-1.057043370331943,True
gelain_2020_cellulose_10gl,hydrolysis,correlated_assumption,12,beta_glucosidase_activity,gelain_beta_u/liter,53.35127804717679,50.75700008890924,-2.594277958267554,True
gelain_2020_cellulose_10gl,hydrolysis,correlated_assumption,24,biomass,gram/liter,5.913493103187719,1.956090562706136,-3.9574025404815827,True
gelain_2020_cellulose_10gl,hydrolysis,correlated_assumption,24,substrate,gram/liter,2.7353502101590594,6.060650008319867,3.325299798160808,True
gelain_2020_cellulose_10gl,hydrolysis,correlated_assumption,24,cellulase_activity,gelain_fpu/liter,422.0973470730104,73.80340296643959,-348.2939441065708,True
gelain_2020_cellulose_10gl,hydrolysis,correlated_assumption,24,beta_glucosidase_activity,gelain_beta_u/liter,895.1467083093615,184.03557892485188,-711.1111293845097,True
gelain_2020_cellulose_10gl,hydrolysis,correlated_assumption,32,biomass,gram/liter,4.739738476299145,3.052966618872414,-1.6867718574267312,True
gelain_2020_cellulose_10gl,hydrolysis,correlated_assumption,32,substrate,gram/liter,1.2601496784731454,2.952562390234749,1.6924127117616035,True
gelain_2020_cellulose_10gl,hydrolysis,correlated_assumption,32,cellulase_activity,gelain_fpu/liter,766.7136314433242,146.64366125230356,-620.0699701910206,True
gelain_2020_cellulose_10gl,hydrolysis,correlated_assumption,32,beta_glucosidase_activity,gelain_beta_u/liter,1494.4111120243285,365.66946793090625,-1128.7416440934223,True
gelain_2020_cellulose_10gl,hydrolysis,correlated_assumption,48,biomass,gram/liter,4.243537934501599,2.9635846439719282,-1.2799532905296704,True
gelain_2020_cellulose_10gl,hydrolysis,correlated_assumption,48,substrate,gram/liter,0.5342209822564191,0.10533444095253883,-0.42888654130388026,True
gelain_2020_cellulose_10gl,hydrolysis,correlated_assumption,48,cellulase_activity,gelain_fpu/liter,818.9039361842179,331.82462501431104,-487.0793111699068,True
gelain_2020_cellulose_10gl,hydrolysis,correlated_assumption,48,beta_glucosidase_activity,gelain_beta_u/liter,1706.7683077175968,827.4352470414766,-879.3330606761202,True
gelain_2020_cellulose_10gl,hydrolysis,correlated_assumption,54,biomass,gram/liter,3.5692922874279707,2.485975580702466,-1.0833167067255047,True
gelain_2020_cellulose_10gl,hydrolysis,correlated_assumption,54,substrate,gram/liter,0.26861955108609203,0.016243562044031844,-0.2523759890420602,True
gelain_2020_cellulose_10gl,hydrolysis,correlated_assumption,54,cellulase_activity,gelain_fpu/liter,845.5658011681369,378.9875490039226,-466.5782521642143,True
gelain_2020_cellulose_10gl,hydrolysis,correlated_assumption,54,beta_glucosidase_activity,gelain_beta_u/liter,1818.854277964987,945.0403393726342,-873.8139385923528,True
gelain_2020_cellulose_10gl,hydrolysis,correlated_assumption,72,biomass,gram/liter,2.6271713586585586,1.3957584358200907,-1.2314129228384678,True
gelain_2020_cellulose_10gl,hydrolysis,correlated_assumption,72,substrate,gram/liter,0.19742474929847192,3.1741035397139335e-05,-0.1973930082630748,True
gelain_2020_cellulose_10gl,hydrolysis,correlated_assumption,72,cellulase_activity,gelain_fpu/liter,887.6433209611139,401.66719587675664,-485.97612508435725,True
gelain_2020_cellulose_10gl,hydrolysis,correlated_assumption,72,beta_glucosidase_activity,gelain_beta_u/liter,1893.2358017588563,1001.5941265194178,-891.6416752394384,True
gelain_2020_cellulose_10gl,hydrolysis,correlated_assumption,96,biomass,gram/liter,2.1249852272536094,0.6430228465973896,-1.4819623806562197,True
gelain_2020_cellulose_10gl,hydrolysis,correlated_assumption,96,substrate,gram/liter,0.27489601807091035,7.090945474081444e-09,-0.27489601097996486,True
gelain_2020_cellulose_10gl,hydrolysis,correlated_assumption,96,cellulase_activity,gelain_fpu/liter,791.203710266842,401.6992927115186,-389.5044175553234,True
gelain_2020_cellulose_10gl,hydrolysis,correlated_assumption,96,beta_glucosidase_activity,gelain_beta_u/liter,1636.0853127311582,1001.6741629317795,-634.4111497993787,True
gelain_2020_cellulose_20gl,hydrolysis,correlated_assumption,8,biomass,gram/liter,4.0002250233517245,0.6245205456520435,-3.375704477699681,True
gelain_2020_cellulose_20gl,hydrolysis,correlated_assumption,8,substrate,gram/liter,19.973133273578657,19.297469027379236,-0.6756642461994211,True
gelain_2020_cellulose_20gl,hydrolysis,correlated_assumption,8,cellulase_activity,gelain_fpu/liter,0.0,21.48655301772928,21.48655301772928,True
gelain_2020_cellulose_20gl,hydrolysis,correlated_assumption,8,beta_glucosidase_activity,gelain_beta_u/liter,11.835292183775794,50.00929167292793,38.17399948915214,True
gelain_2020_cellulose_20gl,hydrolysis,correlated_assumption,12,biomass,gram/liter,4.814712467452349,1.0107905540124222,-3.8039219134399267,True
gelain_2020_cellulose_20gl,hydrolysis,correlated_assumption,12,substrate,gram/liter,18.947457408916286,18.247270722793246,-0.7001866861230397,True
gelain_2020_cellulose_20gl,hydrolysis,correlated_assumption,12,cellulase_activity,gelain_fpu/liter,0.0,40.06477621244769,40.06477621244769,True
gelain_2020_cellulose_20gl,hydrolysis,correlated_assumption,12,beta_glucosidase_activity,gelain_beta_u/liter,42.49712336648312,93.24953508204105,50.752411715557926,True
gelain_2020_cellulose_20gl,hydrolysis,correlated_assumption,24,biomass,gram/liter,8.219913529590286,4.438351835020488,-3.781561694569798,True
gelain_2020_cellulose_20gl,hydrolysis,correlated_assumption,24,substrate,gram/liter,8.023400382459453,8.921834672079385,0.8984342896199315,True
gelain_2020_cellulose_20gl,hydrolysis,correlated_assumption,24,cellulase_activity,gelain_fpu/liter,234.1939607717343,205.65222308122657,-28.541737690507745,True
gelain_2020_cellulose_20gl,hydrolysis,correlated_assumption,24,beta_glucosidase_activity,gelain_beta_u/liter,482.3497986356539,478.64922767132543,-3.700570964328449,True
gelain_2020_cellulose_20gl,hydrolysis,correlated_assumption,32,biomass,gram/liter,7.951744677367952,7.001265754029498,-0.9504789233384541,True
gelain_2020_cellulose_20gl,hydrolysis,correlated_assumption,32,substrate,gram/liter,4.423403826799742,0.6197637713923347,-3.8036400554074072,True
gelain_2020_cellulose_20gl,hydrolysis,correlated_assumption,32,cellulase_activity,gelain_fpu/liter,429.8292287863691,486.27572775430383,56.44649896793476,True
gelain_2020_cellulose_20gl,hydrolysis,correlated_assumption,32,beta_glucosidase_activity,gelain_beta_u/liter,1107.606640913948,1131.791808703073,24.18516778912499,True
gelain_2020_cellulose_20gl,hydrolysis,correlated_assumption,48,biomass,gram/liter,4.131839147393322,5.186652054637619,1.0548129072442975,True
gelain_2020_cellulose_20gl,hydrolysis,correlated_assumption,48,substrate,gram/liter,1.4393416615428438,8.633033348768644e-07,-1.439340798239509,True
gelain_2020_cellulose_20gl,hydrolysis,correlated_assumption,48,cellulase_activity,gelain_fpu/liter,790.3711177545282,702.0448043518571,-88.32631340267108,True
gelain_2020_cellulose_20gl,hydrolysis,correlated_assumption,48,beta_glucosidase_activity,gelain_beta_u/liter,1942.6522561025727,1633.9877019513685,-308.66455415120413,True
gelain_2020_cellulose_20gl,hydrolysis,correlated_assumption,54,biomass,gram/liter,3.902723708971134,4.567933762672927,0.6652100537017924,True
gelain_2020_cellulose_20gl,hydrolysis,correlated_assumption,54,substrate,gram/liter,0.9118836300307355,3.905688314313414e-09,-0.9118836261250471,True
gelain_2020_cellulose_20gl,hydrolysis,correlated_assumption,54,cellulase_activity,gelain_fpu/liter,842.7412414519945,702.0434133209586,-140.69782813103586,True
gelain_2020_cellulose_20gl,hydrolysis,correlated_assumption,54,beta_glucosidase_activity,gelain_beta_u/liter,2014.6708309361393,1633.9844643697115,-380.68636656642775,True
gelain_2020_cellulose_20gl,hydrolysis,correlated_assumption,72,biomass,gram/liter,3.024125516304073,3.1204537306750404,0.09632821437096739,True
gelain_2020_cellulose_20gl,hydrolysis,correlated_assumption,72,substrate,gram/liter,0.45960424881688994,-2.2516012747320724e-12,-0.4596042488191415,True
gelain_2020_cellulose_20gl,hydrolysis,correlated_assumption,72,cellulase_activity,gelain_fpu/liter,813.588355305991,702.0307879466025,-111.55756735938849,True
gelain_2020_cellulose_20gl,hydrolysis,correlated_assumption,72,beta_glucosidase_activity,gelain_beta_u/liter,2150.797238431824,1633.955079198988,-516.8421592328361,True
gelain_2020_cellulose_20gl,hydrolysis,correlated_assumption,96,biomass,gram/liter,2.2692409022337583,1.8773634682674123,-0.391877433966346,True
gelain_2020_cellulose_20gl,hydrolysis,correlated_assumption,96,substrate,gram/liter,0.22848613359859138,-1.2271614743034427e-12,-0.22848613359981854,True
gelain_2020_cellulose_20gl,hydrolysis,correlated_assumption,96,cellulase_activity,gelain_fpu/liter,769.9579484749818,702.0139394072976,-67.94400906768419,True
gelain_2020_cellulose_20gl,hydrolysis,correlated_assumption,96,beta_glucosidase_activity,gelain_beta_u/liter,2001.9314539327693,1633.915864741664,-368.01558919110516,True
gelain_2020_cellulose_30gl,hydrolysis,correlated_assumption,8,biomass,gram/liter,3.386259598851707,0.8105639159809728,-2.575695682870734,True
gelain_2020_cellulose_30gl,hydrolysis,correlated_assumption,8,substrate,gram/liter,31.188432670702987,29.16790181457132,-2.0205308561316677,True
gelain_2020_cellulose_30gl,hydrolysis,correlated_assumption,8,cellulase_activity,gelain_fpu/liter,0.0,25.686765859306085,25.686765859306085,True
gelain_2020_cellulose_30gl,hydrolysis,correlated_assumption,8,beta_glucosidase_activity,gelain_beta_u/liter,0.0,60.0907895495041,60.0907895495041,True
gelain_2020_cellulose_30gl,hydrolysis,correlated_assumption,12,biomass,gram/liter,4.569515420878874,1.570571983579109,-2.998943437299765,True
gelain_2020_cellulose_30gl,hydrolysis,correlated_assumption,12,substrate,gram/liter,28.988940995685873,27.757263657825145,-1.2316773378607273,True
gelain_2020_cellulose_30gl,hydrolysis,correlated_assumption,12,cellulase_activity,gelain_fpu/liter,0.0,54.155890136520384,54.155890136520384,True
gelain_2020_cellulose_30gl,hydrolysis,correlated_assumption,12,beta_glucosidase_activity,gelain_beta_u/liter,12.040766006410783,126.69053842294888,114.6497724165381,True
gelain_2020_cellulose_30gl,hydrolysis,correlated_assumption,24,biomass,gram/liter,9.40625525180876,10.71240295471873,1.3061477029099695,True
gelain_2020_cellulose_30gl,hydrolysis,correlated_assumption,24,substrate,gram/liter,15.733988095896388,10.60439285980936,-5.129595236087027,True
gelain_2020_cellulose_30gl,hydrolysis,correlated_assumption,24,cellulase_activity,gelain_fpu/liter,152.57859384708274,424.3107166585587,271.73212281147596,True
gelain_2020_cellulose_30gl,hydrolysis,correlated_assumption,24,beta_glucosidase_activity,gelain_beta_u/liter,395.94805621763794,992.6187717824859,596.6707155648479,True
gelain_2020_cellulose_30gl,hydrolysis,correlated_assumption,32,biomass,gram/liter,9.359389267261477,14.408707886577417,5.04931861931594,True
gelain_2020_cellulose_30gl,hydrolysis,correlated_assumption,32,substrate,gram/liter,7.872108338284392,0.03899350533082511,-7.833114832953568,True
gelain_2020_cellulose_30gl,hydrolysis,correlated_assumption,32,cellulase_activity,gelain_fpu/liter,343.4897531492801,1100.3955902284063,756.9058370791262,True
gelain_2020_cellulose_30gl,hydrolysis,correlated_assumption,32,beta_glucosidase_activity,gelain_beta_u/liter,713.5078491000247,2574.229865908225,1860.7220168082001,True
gelain_2020_cellulose_30gl,hydrolysis,correlated_assumption,48,biomass,gram/liter,5.485934089879789,9.560132021076994,4.0741979311972045,True
gelain_2020_cellulose_30gl,hydrolysis,correlated_assumption,48,substrate,gram/liter,2.666776280212802,4.1139391498002314e-11,-2.6667762801716623,True
gelain_2020_cellulose_30gl,hydrolysis,correlated_assumption,48,cellulase_activity,gelain_fpu/liter,665.0016027125024,1212.2158744689852,547.2142717564828,True
gelain_2020_cellulose_30gl,hydrolysis,correlated_assumption,48,beta_glucosidase_activity,gelain_beta_u/liter,1538.8448261691465,2835.8186234992068,1296.9737973300603,True
gelain_2020_cellulose_30gl,hydrolysis,correlated_assumption,54,biomass,gram/liter,4.391623867448644,8.191690248465605,3.8000663810169613,True
gelain_2020_cellulose_30gl,hydrolysis,correlated_assumption,54,substrate,gram/liter,1.6469777786999686,-3.5876363128085526e-12,-1.6469777787035562,True
gelain_2020_cellulose_30gl,hydrolysis,correlated_assumption,54,cellulase_activity,gelain_fpu/liter,745.1070257096395,1212.2086013992493,467.10157568960983,True
gelain_2020_cellulose_30gl,hydrolysis,correlated_assumption,54,beta_glucosidase_activity,gelain_beta_u/liter,1976.4526999260297,2835.801609115018,859.3489091889883,True
gelain_2020_cellulose_30gl,hydrolysis,correlated_assumption,72,biomass,gram/liter,3.694769158253853,5.1535017336308675,1.4587325753770144,True
gelain_2020_cellulose_30gl,hydrolysis,correlated_assumption,72,substrate,gram/liter,0.812655179308664,-3.9119625382687594e-12,-0.812655179312576,True
gelain_2020_cellulose_30gl,hydrolysis,correlated_assumption,72,cellulase_activity,gelain_fpu/liter,796.3737686604547,1212.1867818374544,415.8130131769997,True
gelain_2020_cellulose_30gl,hydrolysis,correlated_assumption,72,beta_glucosidase_activity,gelain_beta_u/liter,1929.399194542615,2835.7505651376237,906.3513705950086,True
gelain_2020_cellulose_30gl,hydrolysis,correlated_assumption,96,biomass,gram/liter,3.0835877888364163,2.778055834567703,-0.30553195426871316,True
gelain_2020_cellulose_30gl,hydrolysis,correlated_assumption,96,substrate,gram/liter,0.41352825991980907,-3.911962538268761e-12,-0.41352825992372105,True
gelain_2020_cellulose_30gl,hydrolysis,correlated_assumption,96,cellulase_activity,gelain_fpu/liter,754.6127961395241,1212.1576897037974,457.54489356427325,True
gelain_2020_cellulose_30gl,hydrolysis,correlated_assumption,96,beta_glucosidase_activity,gelain_beta_u/liter,1966.6926933508673,2835.682507940751,868.9898145898835,True
gelain_2020_cellulose_10gl,hydrolysis,primary,8,biomass,gram/liter,2.861740254941905,0.4934349328260345,-2.3683053221158707,True
gelain_2020_cellulose_10gl,hydrolysis,primary,8,substrate,gram/liter,9.876727248621048,9.614192305755605,-0.2625349428654431,True
gelain_2020_cellulose_10gl,hydrolysis,primary,8,cellulase_activity,gelain_fpu/liter,0.0,13.046514371527998,13.046514371527998,True
gelain_2020_cellulose_10gl,hydrolysis,primary,8,beta_glucosidase_activity,gelain_beta_u/liter,15.872852798553465,32.53554500944866,16.662692210895194,True
gelain_2020_cellulose_10gl,hydrolysis,primary,12,biomass,gram/liter,3.665041890787295,0.67842501124569,-2.986616879541605,True
gelain_2020_cellulose_10gl,hydrolysis,primary,12,substrate,gram/liter,9.219127032038841,9.103652924037654,-0.1154741080011874,True
gelain_2020_cellulose_10gl,hydrolysis,primary,12,cellulase_activity,gelain_fpu/liter,21.412016864121345,22.10478999821462,0.6927731340932759,True
gelain_2020_cellulose_10gl,hydrolysis,primary,12,beta_glucosidase_activity,gelain_beta_u/liter,53.35127804717679,55.125175156435105,1.7738971092583142,True
gelain_2020_cellulose_10gl,hydrolysis,primary,24,biomass,gram/liter,5.913493103187719,1.8556430191580897,-4.057850084029629,True
gelain_2020_cellulose_10gl,hydrolysis,primary,24,substrate,gram/liter,2.7353502101590594,5.878754711235625,3.1434045010765654,True
gelain_2020_cellulose_10gl,hydrolysis,primary,24,cellulase_activity,gelain_fpu/liter,422.0973470730104,78.11841295547985,-343.9789341175305,True
gelain_2020_cellulose_10gl,hydrolysis,primary,24,beta_glucosidase_activity,gelain_beta_u/liter,895.1467083093615,194.8125812307033,-700.3341270786582,True
gelain_2020_cellulose_10gl,hydrolysis,primary,32,biomass,gram/liter,4.739738476299145,2.8312234275188457,-1.9085150487802993,True
gelain_2020_cellulose_10gl,hydrolysis,primary,32,substrate,gram/liter,1.2601496784731454,2.792531119054529,1.5323814405813838,True
gelain_2020_cellulose_10gl,hydrolysis,primary,32,cellulase_activity,gelain_fpu/liter,766.7136314433242,152.24720884430306,-614.4664225990211,True
gelain_2020_cellulose_10gl,hydrolysis,primary,32,beta_glucosidase_activity,gelain_beta_u/liter,1494.4111120243285,379.6758103244728,-1114.7353016998557,True
gelain_2020_cellulose_10gl,hydrolysis,primary,48,biomass,gram/liter,4.243537934501599,2.7681748741928898,-1.475363060308709,True
gelain_2020_cellulose_10gl,hydrolysis,primary,48,substrate,gram/liter,0.5342209822564191,0.0959256685455577,-0.4382953137108614,True
gelain_2020_cellulose_10gl,hydrolysis,primary,48,cellulase_activity,gelain_fpu/liter,818.9039361842179,337.86617434324216,-481.0377618409757,True
gelain_2020_cellulose_10gl,hydrolysis,primary,48,beta_glucosidase_activity,gelain_beta_u/liter,1706.7683077175968,842.5744846085124,-864.1938231090844,True
gelain_2020_cellulose_10gl,hydrolysis,primary,54,biomass,gram/liter,3.5692922874279707,2.365978071707301,-1.2033142157206695,True
gelain_2020_cellulose_10gl,hydrolysis,primary,54,substrate,gram/liter,0.26861955108609203,0.014679019648851127,-0.25394053143724094,True
gelain_2020_cellulose_10gl,hydrolysis,primary,54,cellulase_activity,gelain_fpu/liter,845.5658011681369,385.2039652251582,-460.3618359429787,True
gelain_2020_cellulose_10gl,hydrolysis,primary,54,beta_glucosidase_activity,gelain_beta_u/liter,1818.854277964987,960.6260025874263,-858.2282753775606,True
gelain_2020_cellulose_10gl,hydrolysis,primary,72,biomass,gram/liter,2.6271713586585586,1.415776620664242,-1.2113947379943166,True
gelain_2020_cellulose_10gl,hydrolysis,primary,72,substrate,gram/liter,0.19742474929847192,2.8401278832454465e-05,-0.19739634801963948,True
gelain_2020_cellulose_10gl,hydrolysis,primary,72,cellulase_activity,gelain_fpu/liter,887.6433209611139,407.41920526915106,-480.2241156919628,True
gelain_2020_cellulose_10gl,hydrolysis,primary,72,beta_glucosidase_activity,gelain_beta_u/liter,1893.2358017588563,1016.0266193181668,-877.2091824406895,True
gelain_2020_cellulose_10gl,hydrolysis,primary,96,biomass,gram/liter,2.1249852272536094,0.7107593272293273,-1.414225900024282,True
gelain_2020_cellulose_10gl,hydrolysis,primary,96,substrate,gram/liter,0.27489601807091035,6.290087306659891e-09,-0.27489601178082307,True
gelain_2020_cellulose_10gl,hydrolysis,primary,96,cellulase_activity,gelain_fpu/liter,791.203710266842,407.45094790709453,-383.75276235974746,True
gelain_2020_cellulose_10gl,hydrolysis,primary,96,beta_glucosidase_activity,gelain_beta_u/liter,1636.0853127311582,1016.1057794697759,-619.9795332613822,True
gelain_2020_cellulose_20gl,hydrolysis,primary,8,biomass,gram/liter,4.0002250233517245,0.6184765392771845,-3.38174848407454,True
gelain_2020_cellulose_20gl,hydrolysis,primary,8,substrate,gram/liter,19.973133273578657,19.18225060617344,-0.7908826674052172,True
gelain_2020_cellulose_20gl,hydrolysis,primary,8,cellulase_activity,gelain_fpu/liter,0.0,24.57287705649647,24.57287705649647,True
gelain_2020_cellulose_20gl,hydrolysis,primary,8,beta_glucosidase_activity,gelain_beta_u/liter,11.835292183775794,57.1493565287506,45.31406434497481,True
gelain_2020_cellulose_20gl,hydrolysis,primary,12,biomass,gram/liter,4.814712467452349,0.9754998232890609,-3.839212644163288,True
gelain_2020_cellulose_20gl,hydrolysis,primary,12,substrate,gram/liter,18.947457408916286,17.976258435234747,-0.9711989736815383,True
gelain_2020_cellulose_20gl,hydrolysis,primary,12,cellulase_activity,gelain_fpu/liter,0.0,45.258870707334566,45.258870707334566,True
gelain_2020_cellulose_20gl,hydrolysis,primary,12,beta_glucosidase_activity,gelain_beta_u/liter,42.49712336648312,105.25895410327377,62.76183073679064,True
gelain_2020_cellulose_20gl,hydrolysis,primary,24,biomass,gram/liter,8.219913529590286,3.8984817080481626,-4.321431821542124,True
gelain_2020_cellulose_20gl,hydrolysis,primary,24,substrate,gram/liter,8.023400382459453,8.082059918764799,0.05865953630534548,True
gelain_2020_cellulose_20gl,hydrolysis,primary,24,cellulase_activity,gelain_fpu/liter,234.1939607717343,217.76196640689926,-16.43199436483505,True
gelain_2020_cellulose_20gl,hydrolysis,primary,24,beta_glucosidase_activity,gelain_beta_u/liter,482.3497986356539,506.45092268511655,24.10112404946267,True
gelain_2020_cellulose_20gl,hydrolysis,primary,32,biomass,gram/liter,7.951744677367952,5.816140341784541,-2.1356043355834107,True
gelain_2020_cellulose_20gl,hydrolysis,primary,32,substrate,gram/liter,4.423403826799742,0.5692330476862796,-3.8541707791134625,True
gelain_2020_cellulose_20gl,hydrolysis,primary,32,cellulase_activity,gelain_fpu/liter,429.8292287863691,487.8734588934068,58.04423010703772,True
gelain_2020_cellulose_20gl,hydrolysis,primary,32,beta_glucosidase_activity,gelain_beta_u/liter,1107.606640913948,1134.6515991878207,27.04495827387268,True
gelain_2020_cellulose_20gl,hydrolysis,primary,48,biomass,gram/liter,4.131839147393322,4.783234069119362,0.6513949217260402,True
gelain_2020_cellulose_20gl,hydrolysis,primary,48,substrate,gram/liter,1.4393416615428438,2.2109913448095247e-06,-1.439339450551499,True
gelain_2020_cellulose_20gl,hydrolysis,primary,48,cellulase_activity,gelain_fpu/liter,790.3711177545282,706.6735083310374,-83.6976094234908,True
gelain_2020_cellulose_20gl,hydrolysis,primary,48,beta_glucosidase_activity,gelain_beta_u/liter,1942.6522561025727,1643.516801527775,-299.1354545747977,True
gelain_2020_cellulose_20gl,hydrolysis,primary,54,biomass,gram/liter,3.902723708971134,4.390736560815845,0.48801285184471066,True
gelain_2020_cellulose_20gl,hydrolysis,primary,54,substrate,gram/liter,0.9118836300307355,1.4777973558538488e-08,-0.911883615252762,True
gelain_2020_cellulose_20gl,hydrolysis,primary,54,cellulase_activity,gelain_fpu/liter,842.7412414519945,706.6774874825502,-136.0637539694443,True
gelain_2020_cellulose_20gl,hydrolysis,primary,54,beta_glucosidase_activity,gelain_beta_u/liter,2014.6708309361393,1643.5260562567444,-371.1447746793949,True
gelain_2020_cellulose_20gl,hydrolysis,primary,72,biomass,gram/liter,3.024125516304073,3.3961308830697505,0.3720053667656775,True
gelain_2020_cellulose_20gl,hydrolysis,primary,72,substrate,gram/liter,0.45960424881688994,-3.714754773040136e-12,-0.4596042488206047,True
gelain_2020_cellulose_20gl,hydrolysis,primary,72,cellulase_activity,gelain_fpu/liter,813.588355305991,706.6648175954771,-106.92353771051387,True
gelain_2020_cellulose_20gl,hydrolysis,primary,72,beta_glucosidase_activity,gelain_beta_u/liter,2150.797238431824,1643.4965909325874,-507.3006474992367,True
gelain_2020_cellulose_20gl,hydrolysis,primary,96,biomass,gram/liter,2.2692409022337583,2.411277175402253,0.14203627316849454,True
gelain_2020_cellulose_20gl,hydrolysis,primary,96,substrate,gram/liter,0.22848613359859138,-3.714754773040137e-12,-0.22848613360230613,True
gelain_2020_cellulose_20gl,hydrolysis,primary,96,cellulase_activity,gelain_fpu/liter,769.9579484749818,706.6478570841333,-63.31009139084847,True
gelain_2020_cellulose_20gl,hydrolysis,primary,96,beta_glucosidase_activity,gelain_beta_u/liter,2001.9314539327693,1643.4571472469752,-358.4743066857941,True
gelain_2020_cellulose_30gl,hydrolysis,primary,8,biomass,gram/liter,3.386259598851707,0.799509514579839,-2.586750084271868,True
gelain_2020_cellulose_30gl,hydrolysis,primary,8,substrate,gram/liter,31.188432670702987,29.08775687727403,-2.100675793428959,True
gelain_2020_cellulose_30gl,hydrolysis,primary,8,cellulase_activity,gelain_fpu/liter,0.0,27.973530861626667,27.973530861626667,True
gelain_2020_cellulose_30gl,hydrolysis,primary,8,beta_glucosidase_activity,gelain_beta_u/liter,0.0,65.4066758173871,65.4066758173871,True
gelain_2020_cellulose_30gl,hydrolysis,primary,12,biomass,gram/liter,4.569515420878874,1.524978375863223,-3.044537045015651,True
gelain_2020_cellulose_30gl,hydrolysis,primary,12,substrate,gram/liter,28.988940995685873,27.55708298969426,-1.4318580059916144,True
gelain_2020_cellulose_30gl,hydrolysis,primary,12,cellulase_activity,gelain_fpu/liter,0.0,58.3771917526172,58.3771917526172,True
gelain_2020_cellulose_30gl,hydrolysis,primary,12,beta_glucosidase_activity,gelain_beta_u/liter,12.040766006410783,136.49539183952658,124.4546258331158,True
gelain_2020_cellulose_30gl,hydrolysis,primary,24,biomass,gram/liter,9.40625525180876,9.84078491393837,0.4345296621296093,True
gelain_2020_cellulose_30gl,hydrolysis,primary,24,substrate,gram/liter,15.733988095896388,9.822613283328911,-5.911374812567477,True
gelain_2020_cellulose_30gl,hydrolysis,primary,24,cellulase_activity,gelain_fpu/liter,152.57859384708274,438.17538084705944,285.5967869999767,True
gelain_2020_cellulose_30gl,hydrolysis,primary,24,beta_glucosidase_activity,gelain_beta_u/liter,395.94805621763794,1024.525478316977,628.577422099339,True
gelain_2020_cellulose_30gl,hydrolysis,primary,32,biomass,gram/liter,9.359389267261477,12.900863889623732,3.541474622362255,True
gelain_2020_cellulose_30gl,hydrolysis,primary,32,substrate,gram/liter,7.872108338284392,0.03424952886783162,-7.837858809416561,True
gelain_2020_cellulose_30gl,hydrolysis,primary,32,cellulase_activity,gelain_fpu/liter,343.4897531492801,1098.5784865845385,755.0887334352584,True
gelain_2020_cellulose_30gl,hydrolysis,primary,32,beta_glucosidase_activity,gelain_beta_u/liter,713.5078491000247,2568.6556083112823,1855.1477592112576,True
gelain_2020_cellulose_30gl,hydrolysis,primary,48,biomass,gram/liter,5.485934089879789,9.084912753315608,3.598978663435819,True
gelain_2020_cellulose_30gl,hydrolysis,primary,48,substrate,gram/liter,2.666776280212802,5.767374478875453e-11,-2.666776280155128,True
gelain_2020_cellulose_30gl,hydrolysis,primary,48,cellulase_activity,gelain_fpu/liter,665.0016027125024,1203.5101335618274,538.508530849325,True
gelain_2020_cellulose_30gl,hydrolysis,primary,48,beta_glucosidase_activity,gelain_beta_u/liter,1538.8448261691465,2814.0029064682362,1275.1580802990898,True
gelain_2020_cellulose_30gl,hydrolysis,primary,54,biomass,gram/liter,4.391623867448644,7.961081635077173,3.5694577676285295,True
gelain_2020_cellulose_30gl,hydrolysis,primary,54,substrate,gram/liter,1.6469777786999686,-1.3963039503340748e-12,-1.6469777787013649,True
gelain_2020_cellulose_30gl,hydrolysis,primary,54,cellulase_activity,gelain_fpu/liter,745.1070257096395,1203.5029128078372,458.3958870981977,True
gelain_2020_cellulose_30gl,hydrolysis,primary,54,beta_glucosidase_activity,gelain_beta_u/liter,1976.4526999260297,2813.9860231679286,837.5333232418989,True
gelain_2020_cellulose_30gl,hydrolysis,primary,72,biomass,gram/liter,3.694769158253853,5.357054029355123,1.6622848711012703,True
gelain_2020_cellulose_30gl,hydrolysis,primary,72,substrate,gram/liter,0.812655179308664,-1.3963039503340768e-12,-0.8126551793100604,True
gelain_2020_cellulose_30gl,hydrolysis,primary,72,cellulase_activity,gelain_fpu/liter,796.3737686604547,1203.4812499503687,407.10748128991395,True
gelain_2020_cellulose_30gl,hydrolysis,primary,72,beta_glucosidase_activity,gelain_beta_u/liter,1929.399194542615,2813.9353718746347,884.5361773320196,True
gelain_2020_cellulose_30gl,hydrolysis,primary,96,biomass,gram/liter,3.0835877888364163,3.1588666793176223,0.07527889048120606,True
gelain_2020_cellulose_30gl,hydrolysis,primary,96,substrate,gram/liter,0.41352825991980907,-1.3963039503340768e-12,-0.4135282599212054,True
gelain_2020_cellulose_30gl,hydrolysis,primary,96,cellulase_activity,gelain_fpu/liter,754.6127961395241,1203.452366746964,448.8395706074398,True
gelain_2020_cellulose_30gl,hydrolysis,primary,96,beta_glucosidase_activity,gelain_beta_u/liter,1966.6926933508673,2813.8678382351313,847.175144884264,True
gelain_2020_cellulose_10gl,hydrolysis_retained,correlated_assumption,8,biomass,gram/liter,2.861740254941905,0.4720324865864417,-2.3897077683554633,True
gelain_2020_cellulose_10gl,hydrolysis_retained,correlated_assumption,8,substrate,gram/liter,9.876727248621048,9.661260093145996,-0.2154671554750518,True
gelain_2020_cellulose_10gl,hydrolysis_retained,correlated_assumption,8,cellulase_activity,gelain_fpu/liter,0.0,11.76692800959945,11.76692800959945,True
gelain_2020_cellulose_10gl,hydrolysis_retained,correlated_assumption,8,beta_glucosidase_activity,gelain_beta_u/liter,15.872852798553465,29.333886610903143,13.461033812349678,True
gelain_2020_cellulose_10gl,hydrolysis_retained,correlated_assumption,12,biomass,gram/liter,3.665041890787295,0.6584093393345708,-3.006632551452724,True
gelain_2020_cellulose_10gl,hydrolysis_retained,correlated_assumption,12,substrate,gram/liter,9.219127032038841,9.219235450043792,0.00010841800495065002,True
gelain_2020_cellulose_10gl,hydrolysis_retained,correlated_assumption,12,cellulase_activity,gelain_fpu/liter,21.412016864121345,19.753136390226803,-1.6588804738945413,True
gelain_2020_cellulose_10gl,hydrolysis_retained,correlated_assumption,12,beta_glucosidase_activity,gelain_beta_u/liter,53.35127804717679,49.24278134398348,-4.10849670319331,True
gelain_2020_cellulose_10gl,hydrolysis_retained,correlated_assumption,24,biomass,gram/liter,5.913493103187719,1.8912572728922423,-4.022235830295476,True
gelain_2020_cellulose_10gl,hydrolysis_retained,correlated_assumption,24,substrate,gram/liter,2.7353502101590594,6.33709201642122,3.6017418062621607,True
gelain_2020_cellulose_10gl,hydrolysis_retained,correlated_assumption,24,cellulase_activity,gelain_fpu/liter,422.0973470730104,70.38978841624224,-351.70755865676813,True
gelain_2020_cellulose_10gl,hydrolysis_retained,correlated_assumption,24,beta_glucosidase_activity,gelain_beta_u/liter,895.1467083093615,175.47537217382492,-719.6713361355366,True
gelain_2020_cellulose_10gl,hydrolysis_retained,correlated_assumption,32,biomass,gram/liter,4.739738476299145,2.9886708731835334,-1.7510676031156116,True
gelain_2020_cellulose_10gl,hydrolysis_retained,correlated_assumption,32,substrate,gram/liter,1.2601496784731454,3.3135936794456335,2.053444000972488,True
gelain_2020_cellulose_10gl,hydrolysis_retained,correlated_assumption,32,cellulase_activity,gelain_fpu/liter,766.7136314433242,139.2771703666579,-627.4364610766663,True
gelain_2020_cellulose_10gl,hydrolysis_retained,correlated_assumption,32,beta_glucosidase_activity,gelain_beta_u/liter,1494.4111120243285,347.2053809889754,-1147.2057310353532,True
gelain_2020_cellulose_10gl,hydrolysis_retained,correlated_assumption,48,biomass,gram/liter,4.243537934501599,2.8924882812805133,-1.3510496532210854,True
gelain_2020_cellulose_10gl,hydrolysis_retained,correlated_assumption,48,substrate,gram/liter,0.5342209822564191,0.16654934962782825,-0.36767163262859087,True
gelain_2020_cellulose_10gl,hydrolysis_retained,correlated_assumption,48,cellulase_activity,gelain_fpu/liter,818.9039361842179,308.7667860959925,-510.1371500882254,True
gelain_2020_cellulose_10gl,hydrolysis_retained,correlated_assumption,48,beta_glucosidase_activity,gelain_beta_u/liter,1706.7683077175968,769.7276539373636,-937.0406537802332,True
gelain_2020_cellulose_10gl,hydrolysis_retained,correlated_assumption,54,biomass,gram/liter,3.5692922874279707,2.3923645499657926,-1.176927737462178,True
gelain_2020_cellulose_10gl,hydrolysis_retained,correlated_assumption,54,substrate,gram/liter,0.26861955108609203,0.03180039619885075,-0.23681915488724128,True
gelain_2020_cellulose_10gl,hydrolysis_retained,correlated_assumption,54,cellulase_activity,gelain_fpu/liter,845.5658011681369,350.3711736424328,-495.1946275257041,True
gelain_2020_cellulose_10gl,hydrolysis_retained,correlated_assumption,54,beta_glucosidase_activity,gelain_beta_u/liter,1818.854277964987,873.4436267904285,-945.4106511745584,True
gelain_2020_cellulose_10gl,hydrolysis_retained,correlated_assumption,72,biomass,gram/liter,2.6271713586585586,1.4158558410492061,-1.2113155176093524,True
gelain_2020_cellulose_10gl,hydrolysis_retained,correlated_assumption,72,substrate,gram/liter,0.19742474929847192,0.000121813206616091,-0.19730293609185584,True
gelain_2020_cellulose_10gl,hydrolysis_retained,correlated_assumption,72,cellulase_activity,gelain_fpu/liter,887.6433209611139,376.27884534924357,-511.3644756118703,True
gelain_2020_cellulose_10gl,hydrolysis_retained,correlated_assumption,72,beta_glucosidase_activity,gelain_beta_u/liter,1893.2358017588563,938.0291074455647,-955.2066943132916,True
gelain_2020_cellulose_10gl,hydrolysis_retained,correlated_assumption,96,biomass,gram/liter,2.1249852272536094,0.9588499464928971,-1.1661352807607122,True
gelain_2020_cellulose_10gl,hydrolysis_retained,correlated_assumption,96,substrate,gram/liter,0.27489601807091035,6.519710229840061e-08,-0.2748959528738081,True
gelain_2020_cellulose_10gl,hydrolysis_retained,correlated_assumption,96,cellulase_activity,gelain_fpu/liter,791.203710266842,376.35921429368983,-414.84449597315216,True
gelain_2020_cellulose_10gl,hydrolysis_retained,correlated_assumption,96,beta_glucosidase_activity,gelain_beta_u/liter,1636.0853127311582,938.2294596159044,-697.8558531152538,True
gelain_2020_cellulose_20gl,hydrolysis_retained,correlated_assumption,8,biomass,gram/liter,4.0002250233517245,0.6434487395421914,-3.356776283809533,True
gelain_2020_cellulose_20gl,hydrolysis_retained,correlated_assumption,8,substrate,gram/liter,19.973133273578657,19.282117154676044,-0.6910161189026134,True
gelain_2020_cellulose_20gl,hydrolysis_retained,correlated_assumption,8,cellulase_activity,gelain_fpu/liter,0.0,22.206712473903924,22.206712473903924,True
gelain_2020_cellulose_20gl,hydrolysis_retained,correlated_assumption,8,beta_glucosidase_activity,gelain_beta_u/liter,11.835292183775794,51.68455266646314,39.84926048268735,True
gelain_2020_cellulose_20gl,hydrolysis_retained,correlated_assumption,12,biomass,gram/liter,4.814712467452349,1.0317010326130842,-3.7830114348392647,True
gelain_2020_cellulose_20gl,hydrolysis_retained,correlated_assumption,12,substrate,gram/liter,18.947457408916286,18.214804566271827,-0.732652842644459,True
gelain_2020_cellulose_20gl,hydrolysis_retained,correlated_assumption,12,cellulase_activity,gelain_fpu/liter,0.0,41.19555608579118,41.19555608579118,True
gelain_2020_cellulose_20gl,hydrolysis_retained,correlated_assumption,12,beta_glucosidase_activity,gelain_beta_u/liter,42.49712336648312,95.8797431471406,53.38261978065748,True
gelain_2020_cellulose_20gl,hydrolysis_retained,correlated_assumption,24,biomass,gram/liter,8.219913529590286,4.440393784129591,-3.7795197454606955,True
gelain_2020_cellulose_20gl,hydrolysis_retained,correlated_assumption,24,substrate,gram/liter,8.023400382459453,8.87095072817431,0.8475503457148577,True
gelain_2020_cellulose_20gl,hydrolysis_retained,correlated_assumption,24,cellulase_activity,gelain_fpu/liter,234.1939607717343,207.65567304748035,-26.538287724253962,True
gelain_2020_cellulose_20gl,hydrolysis_retained,correlated_assumption,24,beta_glucosidase_activity,gelain_beta_u/liter,482.3497986356539,483.30389213282655,0.9540934971726642,True
gelain_2020_cellulose_20gl,hydrolysis_retained,correlated_assumption,32,biomass,gram/liter,7.951744677367952,7.007078713272154,-0.9446659640957975,True
gelain_2020_cellulose_20gl,hydrolysis_retained,correlated_assumption,32,substrate,gram/liter,4.423403826799742,0.6274297653017186,-3.7959740614980233,True
gelain_2020_cellulose_20gl,hydrolysis_retained,correlated_assumption,32,cellulase_activity,gelain_fpu/liter,429.8292287863691,486.29967824287985,56.47044945651078,True
gelain_2020_cellulose_20gl,hydrolysis_retained,correlated_assumption,32,beta_glucosidase_activity,gelain_beta_u/liter,1107.606640913948,1131.828106540511,24.22146562656303,True
gelain_2020_cellulose_20gl,hydrolysis_retained,correlated_assumption,48,biomass,gram/liter,4.131839147393322,5.196730842809865,1.0648916954165433,True
gelain_2020_cellulose_20gl,hydrolysis_retained,correlated_assumption,48,substrate,gram/liter,1.4393416615428438,9.91359601265895e-07,-1.4393406701832425,True
gelain_2020_cellulose_20gl,hydrolysis_retained,correlated_assumption,48,cellulase_activity,gelain_fpu/liter,790.3711177545282,702.2428992608253,-88.12821849370289,True
gelain_2020_cellulose_20gl,hydrolysis_retained,correlated_assumption,48,beta_glucosidase_activity,gelain_beta_u/liter,1942.6522561025727,1634.4206804202927,-308.23157568228,True
gelain_2020_cellulose_20gl,hydrolysis_retained,correlated_assumption,54,biomass,gram/liter,3.902723708971134,4.566456065190136,0.6637323562190014,True
gelain_2020_cellulose_20gl,hydrolysis_retained,correlated_assumption,54,substrate,gram/liter,0.9118836300307355,4.7056312139252605e-09,-0.9118836253251043,True
gelain_2020_cellulose_20gl,hydrolysis_retained,correlated_assumption,54,cellulase_activity,gelain_fpu/liter,842.7412414519945,702.2419024263397,-140.49933902565476,True
gelain_2020_cellulose_20gl,hydrolysis_retained,correlated_assumption,54,beta_glucosidase_activity,gelain_beta_u/liter,2014.6708309361393,1634.4183603585313,-380.25247057760794,True
gelain_2020_cellulose_20gl,hydrolysis_retained,correlated_assumption,72,biomass,gram/liter,3.024125516304073,3.098112657654398,0.07398714135032503,True
gelain_2020_cellulose_20gl,hydrolysis_retained,correlated_assumption,72,substrate,gram/liter,0.45960424881688994,-1.0129139693384272e-14,-0.45960424881690004,True
gelain_2020_cellulose_20gl,hydrolysis_retained,correlated_assumption,72,cellulase_activity,gelain_fpu/liter,813.588355305991,702.2292756587075,-111.35907964728347,True
gelain_2020_cellulose_20gl,hydrolysis_retained,correlated_assumption,72,beta_glucosidase_activity,gelain_beta_u/liter,2150.797238431824,1634.3889724499222,-516.4082659819019,True
gelain_2020_cellulose_20gl,hydrolysis_retained,correlated_assumption,96,biomass,gram/liter,2.2692409022337583,1.8469402593801272,-0.4223006428536311,True
gelain_2020_cellulose_20gl,hydrolysis_retained,correlated_assumption,96,substrate,gram/liter,0.22848613359859138,-1.0129139693384274e-14,-0.2284861335986015,True
gelain_2020_cellulose_20gl,hydrolysis_retained,correlated_assumption,96,cellulase_activity,gelain_fpu/liter,769.9579484749818,702.2124223583319,-67.7455261166499,True
gelain_2020_cellulose_20gl,hydrolysis_retained,correlated_assumption,96,beta_glucosidase_activity,gelain_beta_u/liter,2001.9314539327693,1634.349747585283,-367.58170634748626,True
gelain_2020_cellulose_30gl,hydrolysis_retained,correlated_assumption,8,biomass,gram/liter,3.386259598851707,0.8344800230067291,-2.5517795758449777,True
gelain_2020_cellulose_30gl,hydrolysis_retained,correlated_assumption,8,substrate,gram/liter,31.188432670702987,29.144029349002707,-2.0444033217002797,True
gelain_2020_cellulose_30gl,hydrolysis_retained,correlated_assumption,8,cellulase_activity,gelain_fpu/liter,0.0,26.562320989242505,26.562320989242505,True
gelain_2020_cellulose_30gl,hydrolysis_retained,correlated_assumption,8,beta_glucosidase_activity,gelain_beta_u/liter,0.0,62.08478214561194,62.08478214561194,True
gelain_2020_cellulose_30gl,hydrolysis_retained,correlated_assumption,12,biomass,gram/liter,4.569515420878874,1.6013869042855136,-2.96812851659336,True
gelain_2020_cellulose_30gl,hydrolysis_retained,correlated_assumption,12,substrate,gram/liter,28.988940995685873,27.702746665408075,-1.286194330277798,True
gelain_2020_cellulose_30gl,hydrolysis_retained,correlated_assumption,12,cellulase_activity,gelain_fpu/liter,0.0,55.656623066981304,55.656623066981304,True
gelain_2020_cellulose_30gl,hydrolysis_retained,correlated_assumption,12,beta_glucosidase_activity,gelain_beta_u/liter,12.040766006410783,130.09116035091424,118.05039434450346,True
gelain_2020_cellulose_30gl,hydrolysis_retained,correlated_assumption,24,biomass,gram/liter,9.40625525180876,10.675407836958271,1.2691525851495111,True
gelain_2020_cellulose_30gl,hydrolysis_retained,correlated_assumption,24,substrate,gram/liter,15.733988095896388,10.519721171990295,-5.214266923906093,True
gelain_2020_cellulose_30gl,hydrolysis_retained,correlated_assumption,24,cellulase_activity,gelain_fpu/liter,152.57859384708274,426.71390877521577,274.135314928133,True
gelain_2020_cellulose_30gl,hydrolysis_retained,correlated_assumption,24,beta_glucosidase_activity,gelain_beta_u/liter,395.94805621763794,997.4311452612053,601.4830890435674,True
gelain_2020_cellulose_30gl,hydrolysis_retained,correlated_assumption,32,biomass,gram/liter,9.359389267261477,14.4547285009835,5.095339233722022,True
gelain_2020_cellulose_30gl,hydrolysis_retained,correlated_assumption,32,substrate,gram/liter,7.872108338284392,0.042884103133816416,-7.829224235150576,True
gelain_2020_cellulose_30gl,hydrolysis_retained,correlated_assumption,32,cellulase_activity,gelain_fpu/liter,343.4897531492801,1096.04199638173,752.55224323245,True
gelain_2020_cellulose_30gl,hydrolysis_retained,correlated_assumption,32,beta_glucosidase_activity,gelain_beta_u/liter,713.5078491000247,2562.09928981605,1848.591440716025,True
gelain_2020_cellulose_30gl,hydrolysis_retained,correlated_assumption,48,biomass,gram/liter,5.485934089879789,9.568317626802193,4.0823835369224035,True
gelain_2020_cellulose_30gl,hydrolysis_retained,correlated_assumption,48,substrate,gram/liter,2.666776280212802,7.099598320068914e-11,-2.666776280141806,True
gelain_2020_cellulose_30gl,hydrolysis_retained,correlated_assumption,48,cellulase_activity,gelain_fpu/liter,665.0016027125024,1213.2680272286202,548.2664245161178,True
gelain_2020_cellulose_30gl,hydrolysis_retained,correlated_assumption,48,beta_glucosidase_activity,gelain_beta_u/liter,1538.8448261691465,2837.2747286289223,1298.4299024597758,True
gelain_2020_cellulose_30gl,hydrolysis_retained,correlated_assumption,54,biomass,gram/liter,4.391623867448644,8.181114877141935,3.7894910096932914,True
gelain_2020_cellulose_30gl,hydrolysis_retained,correlated_assumption,54,substrate,gram/liter,1.6469777786999686,3.247535653807842e-15,-1.6469777786999653,True
gelain_2020_cellulose_30gl,hydrolysis_retained,correlated_assumption,54,cellulase_activity,gelain_fpu/liter,745.1070257096395,1213.065206459135,467.95818074949545,True
gelain_2020_cellulose_30gl,hydrolysis_retained,correlated_assumption,54,beta_glucosidase_activity,gelain_beta_u/liter,1976.4526999260297,2837.255973318325,860.8032733922951,True
gelain_2020_cellulose_30gl,hydrolysis_retained,correlated_assumption,72,biomass,gram/liter,3.694769158253853,5.113740718453509,1.418971560199656,True
gelain_2020_cellulose_30gl,hydrolysis_retained,correlated_assumption,72,substrate,gram/liter,0.812655179308664,-1.6697435495463132e-15,-0.8126551793086657,True
gelain_2020_cellulose_30gl,hydrolysis_retained,correlated_assumption,72,cellulase_activity,gelain_fpu/liter,796.3737686604547,1212.4569466055923,416.08317794513755,True
gelain_2020_cellulose_30gl,hydrolysis_retained,correlated_assumption,72,beta_glucosidase_activity,gelain_beta_u/liter,1929.399194542615,2837.1997058983475,907.8005113557324,True
gelain_2020_cellulose_30gl,hydrolysis_retained,correlated_assumption,96,biomass,gram/liter,3.0835877888364163,2.7330032406427076,-0.35058454819370866,True
gelain_2020_cellulose_30gl,hydrolysis_retained,correlated_assumption,96,substrate,gram/liter,0.41352825991980907,-1.6697435495463132e-15,-0.41352825991981074,True
gelain_2020_cellulose_30gl,hydrolysis_retained,correlated_assumption,96,cellulase_activity,gelain_fpu/liter,754.6127961395241,1211.6464078793156,457.03361173979147,True
gelain_2020_cellulose_30gl,hydrolysis_retained,correlated_assumption,96,beta_glucosidase_activity,gelain_beta_u/liter,1966.6926933508673,2837.1246844074535,870.4319910565862,True
gelain_2020_cellulose_10gl,hydrolysis_retained,primary,8,biomass,gram/liter,2.861740254941905,0.48336329893189933,-2.3783769560100056,True
gelain_2020_cellulose_10gl,hydrolysis_retained,primary,8,substrate,gram/liter,9.876727248621048,9.626190568671799,-0.2505366799492492,True
gelain_2020_cellulose_10gl,hydrolysis_retained,primary,8,cellulase_activity,gelain_fpu/liter,0.0,12.902198218572655,12.902198218572655,True
gelain_2020_cellulose_10gl,hydrolysis_retained,primary,8,beta_glucosidase_activity,gelain_beta_u/liter,15.872852798553465,32.17144539811199,16.298592599558525,True
gelain_2020_cellulose_10gl,hydrolysis_retained,primary,12,biomass,gram/liter,3.665041890787295,0.6660059877950399,-2.9990359029922553,True
gelain_2020_cellulose_10gl,hydrolysis_retained,primary,12,substrate,gram/liter,9.219127032038841,9.136184015429123,-0.08294301660971826,True
gelain_2020_cellulose_10gl,hydrolysis_retained,primary,12,cellulase_activity,gelain_fpu/liter,21.412016864121345,21.711352503421192,0.29933563929984786,True
gelain_2020_cellulose_10gl,hydrolysis_retained,primary,12,beta_glucosidase_activity,gelain_beta_u/liter,53.35127804717679,54.13694470896517,0.7856666617883761,True
gelain_2020_cellulose_10gl,hydrolysis_retained,primary,24,biomass,gram/liter,5.913493103187719,1.8363092078567025,-4.077183895331016,True
gelain_2020_cellulose_10gl,hydrolysis_retained,primary,24,substrate,gram/liter,2.7353502101590594,6.029853492867824,3.2945032827087646,True
gelain_2020_cellulose_10gl,hydrolysis_retained,primary,24,cellulase_activity,gelain_fpu/liter,422.0973470730104,76.14044786255323,-345.95689921045715,True
gelain_2020_cellulose_10gl,hydrolysis_retained,primary,24,beta_glucosidase_activity,gelain_beta_u/liter,895.1467083093615,189.8551099200914,-705.2915983892701,True
gelain_2020_cellulose_10gl,hydrolysis_retained,primary,32,biomass,gram/liter,4.739738476299145,2.8217517825873757,-1.9179866937117693,True
gelain_2020_cellulose_10gl,hydrolysis_retained,primary,32,substrate,gram/liter,1.2601496784731454,2.975330505333865,1.7151808268607196,True
gelain_2020_cellulose_10gl,hydrolysis_retained,primary,32,cellulase_activity,gelain_fpu/liter,766.7136314433242,148.1524042839516,-618.5612271593726,True
gelain_2020_cellulose_10gl,hydrolysis_retained,primary,32,beta_glucosidase_activity,gelain_beta_u/liter,1494.4111120243285,369.415885903777,-1124.9952261205515,True
gelain_2020_cellulose_10gl,hydrolysis_retained,primary,48,biomass,gram/liter,4.243537934501599,2.740232772890981,-1.5033051616106174,True
gelain_2020_cellulose_10gl,hydrolysis_retained,primary,48,substrate,gram/liter,0.5342209822564191,0.1223958466958537,-0.41182513556056544,True
gelain_2020_cellulose_10gl,hydrolysis_retained,primary,48,cellulase_activity,gelain_fpu/liter,818.9039361842179,324.777452800297,-494.12648338392086,True
gelain_2020_cellulose_10gl,hydrolysis_retained,primary,48,beta_glucosidase_activity,gelain_beta_u/liter,1706.7683077175968,809.827900044349,-896.9404076732478,True
gelain_2020_cellulose_10gl,hydrolysis_retained,primary,54,biomass,gram/liter,3.5692922874279707,2.318583134661763,-1.2507091527662078,True
gelain_2020_cellulose_10gl,hydrolysis_retained,primary,54,substrate,gram/liter,0.26861955108609203,0.020982768100075613,-0.24763678298601643,True
gelain_2020_cellulose_10gl,hydrolysis_retained,primary,54,cellulase_activity,gelain_fpu/liter,845.5658011681369,369.18534325491635,-476.38045791322054,True
gelain_2020_cellulose_10gl,hydrolysis_retained,primary,54,beta_glucosidase_activity,gelain_beta_u/liter,1818.854277964987,920.5583351844288,-898.2959427805582,True
gelain_2020_cellulose_10gl,hydrolysis_retained,primary,72,biomass,gram/liter,2.6271713586585586,1.4043530582785095,-1.222818300380049,True
gelain_2020_cellulose_10gl,hydrolysis_retained,primary,72,substrate,gram/liter,0.19742474929847192,5.764475541613204e-05,-0.19736710454305578,True
gelain_2020_cellulose_10gl,hydrolysis_retained,primary,72,cellulase_activity,gelain_fpu/liter,887.6433209611139,393.3882459166546,-494.25507504445926,True
gelain_2020_cellulose_10gl,hydrolysis_retained,primary,72,beta_glucosidase_activity,gelain_beta_u/liter,1893.2358017588563,980.9079243216563,-912.3278774372,True
gelain_2020_cellulose_10gl,hydrolysis_retained,primary,96,biomass,gram/liter,2.1249852272536094,0.8485573316919596,-1.2764278955616497,True
gelain_2020_cellulose_10gl,hydrolysis_retained,primary,96,substrate,gram/liter,0.27489601807091035,2.009921637395387e-08,-0.274895997971694,True
gelain_2020_cellulose_10gl,hydrolysis_retained,primary,96,cellulase_activity,gelain_fpu/liter,791.203710266842,393.44085294437286,-397.76285732246913,True
gelain_2020_cellulose_10gl,hydrolysis_retained,primary,96,beta_glucosidase_activity,gelain_beta_u/liter,1636.0853127311582,981.0390991874523,-655.0462135437059,True
gelain_2020_cellulose_20gl,hydrolysis_retained,primary,8,biomass,gram/liter,4.0002250233517245,0.6359620579224451,-3.3642629654292793,True
gelain_2020_cellulose_20gl,hydrolysis_retained,primary,8,substrate,gram/liter,19.973133273578657,19.166112868940434,-0.807020404638223,True
gelain_2020_cellulose_20gl,hydrolysis_retained,primary,8,cellulase_activity,gelain_fpu/liter,0.0,25.361192244898643,25.361192244898643,True
gelain_2020_cellulose_20gl,hydrolysis_retained,primary,8,beta_glucosidase_activity,gelain_beta_u/liter,11.835292183775794,58.97626437009511,47.14097218631932,True
gelain_2020_cellulose_20gl,hydrolysis_retained,primary,12,biomass,gram/liter,4.814712467452349,0.9951053766906196,-3.819607090761729,True
gelain_2020_cellulose_20gl,hydrolysis_retained,primary,12,substrate,gram/liter,18.947457408916286,17.942557281740655,-1.004900127175631,True
gelain_2020_cellulose_20gl,hydrolysis_retained,primary,12,cellulase_activity,gelain_fpu/liter,0.0,46.491078858474815,46.491078858474815,True
gelain_2020_cellulose_20gl,hydrolysis_retained,primary,12,beta_glucosidase_activity,gelain_beta_u/liter,42.49712336648312,108.11282660946979,65.61570324298667,True
gelain_2020_cellulose_20gl,hydrolysis_retained,primary,24,biomass,gram/liter,8.219913529590286,3.905818068450801,-4.314095461139486,True
gelain_2020_cellulose_20gl,hydrolysis_retained,primary,24,substrate,gram/liter,8.023400382459453,8.02979047328821,0.006390090828757522,True
gelain_2020_cellulose_20gl,hydrolysis_retained,primary,24,cellulase_activity,gelain_fpu/liter,234.1939607717343,220.047308008563,-14.146652763171318,True
gelain_2020_cellulose_20gl,hydrolysis_retained,primary,24,beta_glucosidase_activity,gelain_beta_u/liter,482.3497986356539,511.7097164065987,29.359917770944833,True
gelain_2020_cellulose_20gl,hydrolysis_retained,primary,32,biomass,gram/liter,7.951744677367952,5.835307420287844,-2.1164372570801078,True
gelain_2020_cellulose_20gl,hydrolysis_retained,primary,32,substrate,gram/liter,4.423403826799742,0.5703945962432277,-3.8530092305565145,True
gelain_2020_cellulose_20gl,hydrolysis_retained,primary,32,cellulase_activity,gelain_fpu/liter,429.8292287863691,488.6790062499823,58.849777463613236,True
gelain_2020_cellulose_20gl,hydrolysis_retained,primary,32,beta_glucosidase_activity,gelain_beta_u/liter,1107.606640913948,1136.4001698862305,28.793528972282502,True
gelain_2020_cellulose_20gl,hydrolysis_retained,primary,48,biomass,gram/liter,4.131839147393322,4.801858457405062,0.6700193100117398,True
gelain_2020_cellulose_20gl,hydrolysis_retained,primary,48,substrate,gram/liter,1.4393416615428438,2.4177271274813354e-06,-1.4393392438157164,True
gelain_2020_cellulose_20gl,hydrolysis_retained,primary,48,cellulase_activity,gelain_fpu/liter,790.3711177545282,706.6319111406056,-83.73920661392265,True
gelain_2020_cellulose_20gl,hydrolysis_retained,primary,48,beta_glucosidase_activity,gelain_beta_u/liter,1942.6522561025727,1643.2395758847201,-299.41268021785254,True
gelain_2020_cellulose_20gl,hydrolysis_retained,primary,54,biomass,gram/liter,3.902723708971134,4.393105527581804,0.4903818186106701,True
gelain_2020_cellulose_20gl,hydrolysis_retained,primary,54,substrate,gram/liter,0.9118836300307355,1.6720841039975515e-08,-0.9118836133098944,True
gelain_2020_cellulose_20gl,hydrolysis_retained,primary,54,cellulase_activity,gelain_fpu/liter,842.7412414519945,706.6365278412047,-136.10471361078976,True
gelain_2020_cellulose_20gl,hydrolysis_retained,primary,54,beta_glucosidase_activity,gelain_beta_u/liter,2014.6708309361393,1643.2503711892211,-371.42045974691814,True
gelain_2020_cellulose_20gl,hydrolysis_retained,primary,72,biomass,gram/liter,3.024125516304073,3.3622440576993515,0.3381185413952785,True
gelain_2020_cellulose_20gl,hydrolysis_retained,primary,72,substrate,gram/liter,0.45960424881688994,1.0377112525529166e-13,-0.4596042488167862,True
gelain_2020_cellulose_20gl,hydrolysis_retained,primary,72,cellulase_activity,gelain_fpu/liter,813.588355305991,706.6237869329533,-106.96456837303765,True
gelain_2020_cellulose_20gl,hydrolysis_retained,primary,72,beta_glucosidase_activity,gelain_beta_u/liter,2150.797238431824,1643.2209209521973,-507.5763174796268,True
gelain_2020_cellulose_20gl,hydrolysis_retained,primary,96,biomass,gram/liter,2.2692409022337583,2.3536374470731456,0.0843965448393873,True
gelain_2020_cellulose_20gl,hydrolysis_retained,primary,96,substrate,gram/liter,0.22848613359859138,-6.379967969083119e-15,-0.22848613359859776,True
gelain_2020_cellulose_20gl,hydrolysis_retained,primary,96,cellulase_activity,gelain_fpu/liter,769.9579484749818,706.6067240019512,-63.351224473030584,True
gelain_2020_cellulose_20gl,hydrolysis_retained,primary,96,beta_glucosidase_activity,gelain_beta_u/liter,2001.9314539327693,1643.1814794264844,-358.74997450628484,True
gelain_2020_cellulose_30gl,hydrolysis_retained,primary,8,biomass,gram/liter,3.386259598851707,0.8236677096528493,-2.5625918891988575,True
gelain_2020_cellulose_30gl,hydrolysis_retained,primary,8,substrate,gram/liter,31.188432670702987,29.05968193134992,-2.128750739353066,True
gelain_2020_cellulose_30gl,hydrolysis_retained,primary,8,cellulase_activity,gelain_fpu/liter,0.0,29.008739882695,29.008739882695,True
gelain_2020_cellulose_30gl,hydrolysis_retained,primary,8,beta_glucosidase_activity,gelain_beta_u/liter,0.0,67.82407010749093,67.82407010749093,True
gelain_2020_cellulose_30gl,hydrolysis_retained,primary,12,biomass,gram/liter,4.569515420878874,1.5538549089838651,-3.0156605118950086,True
gelain_2020_cellulose_30gl,hydrolysis_retained,primary,12,substrate,gram/liter,28.988940995685873,27.494038223707363,-1.4949027719785093,True
gelain_2020_cellulose_30gl,hydrolysis_retained,primary,12,cellulase_activity,gelain_fpu/liter,0.0,60.113383053131884,60.113383053131884,True
gelain_2020_cellulose_30gl,hydrolysis_retained,primary,12,beta_glucosidase_activity,gelain_beta_u/liter,12.040766006410783,140.54854016985018,128.5077741634394,True
gelain_2020_cellulose_30gl,hydrolysis_retained,primary,24,biomass,gram/liter,9.40625525180876,9.773843644382621,0.367588392573861,True
gelain_2020_cellulose_30gl,hydrolysis_retained,primary,24,substrate,gram/liter,15.733988095896388,9.748421250111914,-5.985566845784474,True
gelain_2020_cellulose_30gl,hydrolysis_retained,primary,24,cellulase_activity,gelain_fpu/liter,152.57859384708274,440.26575659523724,287.6871627481545,True
gelain_2020_cellulose_30gl,hydrolysis_retained,primary,24,beta_glucosidase_activity,gelain_beta_u/liter,395.94805621763794,1029.367196129899,633.419139912261,True
gelain_2020_cellulose_30gl,hydrolysis_retained,primary,32,biomass,gram/liter,9.359389267261477,12.943919565468319,3.5845302982068414,True
gelain_2020_cellulose_30gl,hydrolysis_retained,primary,32,substrate,gram/liter,7.872108338284392,0.03820028386685557,-7.833908054417537,True
gelain_2020_cellulose_30gl,hydrolysis_retained,primary,32,cellulase_activity,gelain_fpu/liter,343.4897531492801,1092.8739496610838,749.3841965118037,True
gelain_2020_cellulose_30gl,hydrolysis_retained,primary,32,beta_glucosidase_activity,gelain_beta_u/liter,713.5078491000247,2555.2055954326106,1841.697746332586,True
gelain_2020_cellulose_30gl,hydrolysis_retained,primary,48,biomass,gram/liter,5.485934089879789,9.100637286708325,3.614703196828536,True
gelain_2020_cellulose_30gl,hydrolysis_retained,primary,48,substrate,gram/liter,2.666776280212802,9.767330900833276e-11,-2.6667762801151285,True
gelain_2020_cellulose_30gl,hydrolysis_retained,primary,48,cellulase_activity,gelain_fpu/liter,665.0016027125024,1204.2006685046958,539.1990657921934,True
gelain_2020_cellulose_30gl,hydrolysis_retained,primary,48,beta_glucosidase_activity,gelain_beta_u/liter,1538.8448261691465,2815.511668806231,1276.6668426370843,True
gelain_2020_cellulose_30gl,hydrolysis_retained,primary,54,biomass,gram/liter,4.391623867448644,7.952221907045837,3.5605980395971937,True
gelain_2020_cellulose_30gl,hydrolysis_retained,primary,54,substrate,gram/liter,1.6469777786999686,4.9535930668708046e-14,-1.6469777786999191,True
gelain_2020_cellulose_30gl,hydrolysis_retained,primary,54,cellulase_activity,gelain_fpu/liter,745.1070257096395,1204.1904725385464,459.08344682890686,True
gelain_2020_cellulose_30gl,hydrolysis_retained,primary,54,beta_glucosidase_activity,gelain_beta_u/liter,1976.4526999260297,2815.494739314491,839.0420393884615,True
gelain_2020_cellulose_30gl,hydrolysis_retained,primary,72,biomass,gram/liter,3.694769158253853,5.305142788158855,1.6103736299050015,True
gelain_2020_cellulose_30gl,hydrolysis_retained,primary,72,substrate,gram/liter,0.812655179308664,-1.4822358317559847e-16,-0.8126551793086642,True
gelain_2020_cellulose_30gl,hydrolysis_retained,primary,72,cellulase_activity,gelain_fpu/liter,796.3737686604547,1204.1598837689644,407.78611510850965,True
gelain_2020_cellulose_30gl,hydrolysis_retained,primary,72,beta_glucosidase_activity,gelain_beta_u/liter,1929.399194542615,2815.4439482022185,886.0447536596034,True
gelain_2020_cellulose_30gl,hydrolysis_retained,primary,96,biomass,gram/liter,3.0835877888364163,3.0924667061112676,0.00887891727485135,True
gelain_2020_cellulose_30gl,hydrolysis_retained,primary,96,substrate,gram/liter,0.41352825991980907,-1.4822358317559847e-16,-0.41352825991980924,True
gelain_2020_cellulose_30gl,hydrolysis_retained,primary,96,cellulase_activity,gelain_fpu/liter,754.6127961395241,1204.119099951265,449.50630381174096,True
gelain_2020_cellulose_30gl,hydrolysis_retained,primary,96,beta_glucosidase_activity,gelain_beta_u/liter,1966.6926933508673,2815.376228143839,848.6835347929716,True
gelain_2020_cellulose_10gl,published,correlated_assumption,8,biomass,gram/liter,2.861740254941905,1.7806439832601255,-1.0810962716817796,True
gelain_2020_cellulose_10gl,published,correlated_assumption,8,substrate,gram/liter,9.876727248621048,9.831996524845081,-0.04473072377596665,True
gelain_2020_cellulose_10gl,published,correlated_assumption,8,cellulase_activity,gelain_fpu/liter,0.0,16.403257318569867,16.403257318569867,True
gelain_2020_cellulose_10gl,published,correlated_assumption,8,beta_glucosidase_activity,gelain_beta_u/liter,15.872852798553465,37.72682907831021,21.853976279756743,True
gelain_2020_cellulose_10gl,published,correlated_assumption,12,biomass,gram/liter,3.665041890787295,3.2073794067259365,-0.45766248406135857,True
gelain_2020_cellulose_10gl,published,correlated_assumption,12,substrate,gram/liter,9.219127032038841,9.342691040262633,0.12356400822379143,True
gelain_2020_cellulose_10gl,published,correlated_assumption,12,cellulase_activity,gelain_fpu/liter,21.412016864121345,46.52021077801572,25.10819391389438,True
gelain_2020_cellulose_10gl,published,correlated_assumption,12,beta_glucosidase_activity,gelain_beta_u/liter,53.35127804717679,108.2360690211722,54.88479097399541,True
gelain_2020_cellulose_10gl,published,correlated_assumption,24,biomass,gram/liter,5.913493103187719,6.461109202815747,0.5476160996280282,True
gelain_2020_cellulose_10gl,published,correlated_assumption,24,substrate,gram/liter,2.7353502101590594,4.572646805432775,1.837296595273716,True
gelain_2020_cellulose_10gl,published,correlated_assumption,24,cellulase_activity,gelain_fpu/liter,422.0973470730104,288.0944351140972,-134.00291195891316,True
gelain_2020_cellulose_10gl,published,correlated_assumption,24,beta_glucosidase_activity,gelain_beta_u/liter,895.1467083093615,710.2962979391255,-184.8504103702361,True
gelain_2020_cellulose_10gl,published,correlated_assumption,32,biomass,gram/liter,4.739738476299145,5.715981410856293,0.9762429345571482,True
gelain_2020_cellulose_10gl,published,correlated_assumption,32,substrate,gram/liter,1.2601496784731454,1.8988749726161713,0.6387252941430259,True
gelain_2020_cellulose_10gl,published,correlated_assumption,32,cellulase_activity,gelain_fpu/liter,766.7136314433242,495.1920481368169,-271.5215833065073,True
gelain_2020_cellulose_10gl,published,correlated_assumption,32,beta_glucosidase_activity,gelain_beta_u/liter,1494.4111120243285,1256.2923789970291,-238.1187330272994,True
gelain_2020_cellulose_10gl,published,correlated_assumption,48,biomass,gram/liter,4.243537934501599,3.6554732677657737,-0.5880646667358249,True
gelain_2020_cellulose_10gl,published,correlated_assumption,48,substrate,gram/liter,0.5342209822564191,0.4067823128121358,-0.12743866944428334,True
gelain_2020_cellulose_10gl,published,correlated_assumption,48,cellulase_activity,gelain_fpu/liter,818.9039361842179,711.7696255594881,-107.13431062472978,True
gelain_2020_cellulose_10gl,published,correlated_assumption,48,beta_glucosidase_activity,gelain_beta_u/liter,1706.7683077175968,1825.912507192853,119.14419947525607,True
gelain_2020_cellulose_10gl,published,correlated_assumption,54,biomass,gram/liter,3.5692922874279707,3.2652569151993776,-0.3040353722285931,True
gelain_2020_cellulose_10gl,published,correlated_assumption,54,substrate,gram/liter,0.26861955108609203,0.2665423897289824,-0.0020771613571096137,True
gelain_2020_cellulose_10gl,published,correlated_assumption,54,cellulase_activity,gelain_fpu/liter,845.5658011681369,740.2514223717953,-105.31437879634154,True
gelain_2020_cellulose_10gl,published,correlated_assumption,54,beta_glucosidase_activity,gelain_beta_u/liter,1818.854277964987,1903.01811269551,84.16383473052292,True
gelain_2020_cellulose_10gl,published,correlated_assumption,72,biomass,gram/liter,2.6271713586585586,2.6804697137786033,0.05329835512004477,True
gelain_2020_cellulose_10gl,published,correlated_assumption,72,substrate,gram/liter,0.19742474929847192,0.0967344429422041,-0.10069030635626783,True
gelain_2020_cellulose_10gl,published,correlated_assumption,72,cellulase_activity,gelain_fpu/liter,887.6433209611139,748.2989760108783,-139.3443449502356,True
gelain_2020_cellulose_10gl,published,correlated_assumption,72,beta_glucosidase_activity,gelain_beta_u/liter,1893.2358017588563,1957.1823465731893,63.94654481433304,True
gelain_2020_cellulose_10gl,published,correlated_assumption,96,biomass,gram/liter,2.1249852272536094,2.4126420592297095,0.28765683197610015,True
gelain_2020_cellulose_10gl,published,correlated_assumption,96,substrate,gram/liter,0.27489601807091035,0.03271991452978911,-0.24217610354112123,True
gelain_2020_cellulose_10gl,published,correlated_assumption,96,cellulase_activity,gelain_fpu/liter,791.203710266842,686.331171882469,-104.872538384373,True
gelain_2020_cellulose_10gl,published,correlated_assumption,96,beta_glucosidase_activity,gelain_beta_u/liter,1636.0853127311582,1870.7816159373917,234.69630320623355,True
gelain_2020_cellulose_20gl,published,correlated_assumption,8,biomass,gram/liter,4.0002250233517245,2.643073537963934,-1.3571514853877904,True
gelain_2020_cellulose_20gl,published,correlated_assumption,8,substrate,gram/liter,19.973133273578657,19.437879192198892,-0.5352540813797653,True
gelain_2020_cellulose_20gl,published,correlated_assumption,8,cellulase_activity,gelain_fpu/liter,0.0,10.337074835609881,10.337074835609881,True
gelain_2020_cellulose_20gl,published,correlated_assumption,8,beta_glucosidase_activity,gelain_beta_u/liter,11.835292183775794,25.64935389769973,13.814061713923936,True
gelain_2020_cellulose_20gl,published,correlated_assumption,12,biomass,gram/liter,4.814712467452349,5.018388050950867,0.20367558349851844,True
gelain_2020_cellulose_20gl,published,correlated_assumption,12,substrate,gram/liter,18.947457408916286,17.600662891425944,-1.3467945174903413,True
gelain_2020_cellulose_20gl,published,correlated_assumption,12,cellulase_activity,gelain_fpu/liter,0.0,31.847002375656874,31.847002375656874,True
gelain_2020_cellulose_20gl,published,correlated_assumption,12,beta_glucosidase_activity,gelain_beta_u/liter,42.49712336648312,78.3949103048508,35.89778693836767,True
gelain_2020_cellulose_20gl,published,correlated_assumption,24,biomass,gram/liter,8.219913529590286,8.375004309728645,0.15509078013835875,True
gelain_2020_cellulose_20gl,published,correlated_assumption,24,substrate,gram/liter,8.023400382459453,7.728048416776521,-0.295351965682932,True
gelain_2020_cellulose_20gl,published,correlated_assumption,24,cellulase_activity,gelain_fpu/liter,234.1939607717343,272.7231129753661,38.52915220363181,True
gelain_2020_cellulose_20gl,published,correlated_assumption,24,beta_glucosidase_activity,gelain_beta_u/liter,482.3497986356539,616.4745507855332,134.12475214987933,True
gelain_2020_cellulose_20gl,published,correlated_assumption,32,biomass,gram/liter,7.951744677367952,7.407899027976972,-0.5438456493909793,True
gelain_2020_cellulose_20gl,published,correlated_assumption,32,substrate,gram/liter,4.423403826799742,2.971331263859368,-1.4520725629403741,True
gelain_2020_cellulose_20gl,published,correlated_assumption,32,cellulase_activity,gelain_fpu/liter,429.8292287863691,574.9493258775735,145.12009709120446,True
gelain_2020_cellulose_20gl,published,correlated_assumption,32,beta_glucosidase_activity,gelain_beta_u/liter,1107.606640913948,1227.4191319616552,119.81249104770723,True
gelain_2020_cellulose_20gl,published,correlated_assumption,48,biomass,gram/liter,4.131839147393322,4.3223624686214155,0.19052332122809368,True
gelain_2020_cellulose_20gl,published,correlated_assumption,48,substrate,gram/liter,1.4393416615428438,0.2415899132265834,-1.1977517483162603,True
gelain_2020_cellulose_20gl,published,correlated_assumption,48,cellulase_activity,gelain_fpu/liter,790.3711177545282,791.2373276607808,0.8662099062526067,True
gelain_2020_cellulose_20gl,published,correlated_assumption,48,beta_glucosidase_activity,gelain_beta_u/liter,1942.6522561025727,1859.0689556215432,-83.58330048102948,True
gelain_2020_cellulose_20gl,published,correlated_assumption,54,biomass,gram/liter,3.902723708971134,3.8920435707257868,-0.010680138245347415,True
gelain_2020_cellulose_20gl,published,correlated_assumption,54,substrate,gram/liter,0.9118836300307355,0.12277369886528103,-0.7891099311654545,True
gelain_2020_cellulose_20gl,published,correlated_assumption,54,cellulase_activity,gelain_fpu/liter,842.7412414519945,801.3926540971111,-41.34858735488342,True
gelain_2020_cellulose_20gl,published,correlated_assumption,54,beta_glucosidase_activity,gelain_beta_u/liter,2014.6708309361393,1919.3330126394405,-95.33781829669874,True
gelain_2020_cellulose_20gl,published,correlated_assumption,72,biomass,gram/liter,3.024125516304073,3.3842102738749564,0.36008475757088343,True
gelain_2020_cellulose_20gl,published,correlated_assumption,72,substrate,gram/liter,0.45960424881688994,0.03858036681799601,-0.42102388199889396,True
gelain_2020_cellulose_20gl,published,correlated_assumption,72,cellulase_activity,gelain_fpu/liter,813.588355305991,810.1406472036958,-3.4477081022951097,True
gelain_2020_cellulose_20gl,published,correlated_assumption,72,beta_glucosidase_activity,gelain_beta_u/liter,2150.797238431824,1934.673238434043,-216.12399999778108,True
gelain_2020_cellulose_20gl,published,correlated_assumption,96,biomass,gram/liter,2.2692409022337583,3.1211294365859437,0.8518885343521854,True
gelain_2020_cellulose_20gl,published,correlated_assumption,96,substrate,gram/liter,0.22848613359859138,0.020980170948923644,-0.20750596264966772,True
gelain_2020_cellulose_20gl,published,correlated_assumption,96,cellulase_activity,gelain_fpu/liter,769.9579484749818,812.2194521737119,42.261503698730166,True
gelain_2020_cellulose_20gl,published,correlated_assumption,96,beta_glucosidase_activity,gelain_beta_u/liter,2001.9314539327693,1833.412415396414,-168.5190385363553,True
gelain_2020_cellulose_30gl,published,correlated_assumption,8,biomass,gram/liter,3.386259598851707,3.8950917979301423,0.5088321990784355,True
gelain_2020_cellulose_30gl,published,correlated_assumption,8,substrate,gram/liter,31.188432670702987,29.05793408296021,-2.1304985877427782,True
gelain_2020_cellulose_30gl,published,correlated_assumption,8,cellulase_activity,gelain_fpu/liter,0.0,4.38326802014752,4.38326802014752,True
gelain_2020_cellulose_30gl,published,correlated_assumption,8,beta_glucosidase_activity,gelain_beta_u/liter,0.0,13.387730869028514,13.387730869028514,True
gelain_2020_cellulose_30gl,published,correlated_assumption,12,biomass,gram/liter,4.569515420878874,6.56941616509596,1.9999007442170864,True
gelain_2020_cellulose_30gl,published,correlated_assumption,12,substrate,gram/liter,28.988940995685873,26.542303622303223,-2.44663737338265,True
gelain_2020_cellulose_30gl,published,correlated_assumption,12,cellulase_activity,gelain_fpu/liter,0.0,13.343483793167637,13.343483793167637,True
gelain_2020_cellulose_30gl,published,correlated_assumption,12,beta_glucosidase_activity,gelain_beta_u/liter,12.040766006410783,40.505873715168796,28.465107708758012,True
gelain_2020_cellulose_30gl,published,correlated_assumption,24,biomass,gram/liter,9.40625525180876,8.254044366169305,-1.1522108856394553,True
gelain_2020_cellulose_30gl,published,correlated_assumption,24,substrate,gram/liter,15.733988095896388,17.280427138559126,1.5464390426627386,True
gelain_2020_cellulose_30gl,published,correlated_assumption,24,cellulase_activity,gelain_fpu/liter,152.57859384708274,79.14024500942557,-73.43834883765717,True
gelain_2020_cellulose_30gl,published,correlated_assumption,24,beta_glucosidase_activity,gelain_beta_u/liter,395.94805621763794,230.81257105564782,-165.13548516199012,True
gelain_2020_cellulose_30gl,published,correlated_assumption,32,biomass,gram/liter,9.359389267261477,8.074237249904602,-1.2851520173568751,True
gelain_2020_cellulose_30gl,published,correlated_assumption,32,substrate,gram/liter,7.872108338284392,11.627077390120736,3.754969051836343,True
gelain_2020_cellulose_30gl,published,correlated_assumption,32,cellulase_activity,gelain_fpu/liter,343.4897531492801,168.32273743694583,-175.16701571233426,True
gelain_2020_cellulose_30gl,published,correlated_assumption,32,beta_glucosidase_activity,gelain_beta_u/liter,713.5078491000247,465.718069779971,-247.7897793200537,True
gelain_2020_cellulose_30gl,published,correlated_assumption,48,biomass,gram/liter,5.485934089879789,6.756577594123566,1.2706435042437771,True
gelain_2020_cellulose_30gl,published,correlated_assumption,48,substrate,gram/liter,2.666776280212802,2.6893455978289276,0.022569317616125684,True
gelain_2020_cellulose_30gl,published,correlated_assumption,48,cellulase_activity,gelain_fpu/liter,665.0016027125024,629.8168903179179,-35.184712394584494,True
gelain_2020_cellulose_30gl,published,correlated_assumption,48,beta_glucosidase_activity,gelain_beta_u/liter,1538.8448261691465,1535.2829622868758,-3.5618638822707,True
gelain_2020_cellulose_30gl,published,correlated_assumption,54,biomass,gram/liter,4.391623867448644,5.705360469643113,1.313736602194469,True
gelain_2020_cellulose_30gl,published,correlated_assumption,54,substrate,gram/liter,1.6469777786999686,1.0861746022928154,-0.5608031764071533,True
gelain_2020_cellulose_30gl,published,correlated_assumption,54,cellulase_activity,gelain_fpu/liter,745.1070257096395,781.6946143473872,36.58758863774767,True
gelain_2020_cellulose_30gl,published,correlated_assumption,54,beta_glucosidase_activity,gelain_beta_u/liter,1976.4526999260297,1851.6657500690753,-124.78694985695438,True
gelain_2020_cellulose_30gl,published,correlated_assumption,72,biomass,gram/liter,3.694769158253853,3.652135549501759,-0.04263360875209399,True
gelain_2020_cellulose_30gl,published,correlated_assumption,72,substrate,gram/liter,0.812655179308664,0.13608299896451534,-0.6765721803441487,True
gelain_2020_cellulose_30gl,published,correlated_assumption,72,cellulase_activity,gelain_fpu/liter,796.3737686604547,838.3966032963804,42.02283463592562,True
gelain_2020_cellulose_30gl,published,correlated_assumption,72,beta_glucosidase_activity,gelain_beta_u/liter,1929.399194542615,2219.3099403433625,289.91074580074746,True
gelain_2020_cellulose_30gl,published,correlated_assumption,96,biomass,gram/liter,3.0835877888364163,2.8494232584820143,-0.234164530354402,True
gelain_2020_cellulose_30gl,published,correlated_assumption,96,substrate,gram/liter,0.41352825991980907,0.06003886394726612,-0.353489395972543,True
gelain_2020_cellulose_30gl,published,correlated_assumption,96,cellulase_activity,gelain_fpu/liter,754.6127961395241,821.1991155697164,66.58631943019225,True
gelain_2020_cellulose_30gl,published,correlated_assumption,96,beta_glucosidase_activity,gelain_beta_u/liter,1966.6926933508673,2156.8223212747844,190.12962792391704,True
gelain_2020_cellulose_10gl,published,primary,8,biomass,gram/liter,2.861740254941905,1.6659051594554408,-1.1958350954864643,True
gelain_2020_cellulose_10gl,published,primary,8,substrate,gram/liter,9.876727248621048,9.836982628841263,-0.039744619779785495,True
gelain_2020_cellulose_10gl,published,primary,8,cellulase_activity,gelain_fpu/liter,0.0,19.38983196801601,19.38983196801601,True
gelain_2020_cellulose_10gl,published,primary,8,beta_glucosidase_activity,gelain_beta_u/liter,15.872852798553465,45.200723872459285,29.32787107390582,True
gelain_2020_cellulose_10gl,published,primary,12,biomass,gram/liter,3.665041890787295,2.970216109715338,-0.6948257810719571,True
gelain_2020_cellulose_10gl,published,primary,12,substrate,gram/liter,9.219127032038841,9.398355380659043,0.17922834862020132,True
gelain_2020_cellulose_10gl,published,primary,12,cellulase_activity,gelain_fpu/liter,21.412016864121345,52.751509643343844,31.3394927792225,True
gelain_2020_cellulose_10gl,published,primary,12,beta_glucosidase_activity,gelain_beta_u/liter,53.35127804717679,124.72833358931645,71.37705554213966,True
gelain_2020_cellulose_10gl,published,primary,24,biomass,gram/liter,5.913493103187719,6.363292975392166,0.44979987220444695,True
gelain_2020_cellulose_10gl,published,primary,24,substrate,gram/liter,2.7353502101590594,4.830017275176222,2.0946670650171626,True
gelain_2020_cellulose_10gl,published,primary,24,cellulase_activity,gelain_fpu/liter,422.0973470730104,301.5322815667436,-120.56506550626676,True
gelain_2020_cellulose_10gl,published,primary,24,beta_glucosidase_activity,gelain_beta_u/liter,895.1467083093615,745.6148030962287,-149.53190521313286,True
gelain_2020_cellulose_10gl,published,primary,32,biomass,gram/liter,4.739738476299145,5.749158601880075,1.00942012558093,True
gelain_2020_cellulose_10gl,published,primary,32,substrate,gram/liter,1.2601496784731454,1.995384792339885,0.7352351138667397,True
gelain_2020_cellulose_10gl,published,primary,32,cellulase_activity,gelain_fpu/liter,766.7136314433242,516.1105044272144,-250.60312701610974,True
gelain_2020_cellulose_10gl,published,primary,32,beta_glucosidase_activity,gelain_beta_u/liter,1494.4111120243285,1296.1045579224503,-198.3065541018782,True
gelain_2020_cellulose_10gl,published,primary,48,biomass,gram/liter,4.243537934501599,3.526212053522784,-0.7173258809788146,True
gelain_2020_cellulose_10gl,published,primary,48,substrate,gram/liter,0.5342209822564191,0.4148218546800917,-0.11939912757632742,True
gelain_2020_cellulose_10gl,published,primary,48,cellulase_activity,gelain_fpu/liter,818.9039361842179,748.9888146860793,-69.91512149813855,True
gelain_2020_cellulose_10gl,published,primary,48,beta_glucosidase_activity,gelain_beta_u/liter,1706.7683077175968,1889.608145011278,182.83983729368128,True
gelain_2020_cellulose_10gl,published,primary,54,biomass,gram/liter,3.5692922874279707,3.0916019834509973,-0.4776903039769733,True
gelain_2020_cellulose_10gl,published,primary,54,substrate,gram/liter,0.26861955108609203,0.2733927154831368,0.004773164397044782,True
gelain_2020_cellulose_10gl,published,primary,54,cellulase_activity,gelain_fpu/liter,845.5658011681369,779.6669354776351,-65.8988656905018,True
gelain_2020_cellulose_10gl,published,primary,54,beta_glucosidase_activity,gelain_beta_u/liter,1818.854277964987,1972.5974975750532,153.74321961006626,True
gelain_2020_cellulose_10gl,published,primary,72,biomass,gram/liter,2.6271713586585586,2.4352663101711514,-0.1919050484874072,True
gelain_2020_cellulose_10gl,published,primary,72,substrate,gram/liter,0.19742474929847192,0.10147360925868565,-0.09595114003978628,True
gelain_2020_cellulose_10gl,published,primary,72,cellulase_activity,gelain_fpu/liter,887.6433209611139,788.8020172088025,-98.84130375231143,True
gelain_2020_cellulose_10gl,published,primary,72,beta_glucosidase_activity,gelain_beta_u/liter,1893.2358017588563,2025.754294283113,132.51849252425677,True
gelain_2020_cellulose_10gl,published,primary,96,biomass,gram/liter,2.1249852272536094,2.1345633911582937,0.009578163904684356,True
gelain_2020_cellulose_10gl,published,primary,96,substrate,gram/liter,0.27489601807091035,0.03384679864390615,-0.2410492194270042,True
gelain_2020_cellulose_10gl,published,primary,96,cellulase_activity,gelain_fpu/liter,791.203710266842,726.8329338534767,-64.37077641336532,True
gelain_2020_cellulose_10gl,published,primary,96,beta_glucosidase_activity,gelain_beta_u/liter,1636.0853127311582,1926.1637192871608,290.0784065560026,True
gelain_2020_cellulose_20gl,published,primary,8,biomass,gram/liter,4.0002250233517245,2.46866538482767,-1.5315596385240546,True
gelain_2020_cellulose_20gl,published,primary,8,substrate,gram/liter,19.973133273578657,19.49429985573436,-0.4788334178442959,True
gelain_2020_cellulose_20gl,published,primary,8,cellulase_activity,gelain_fpu/liter,0.0,10.372289340346564,10.372289340346564,True
gelain_2020_cellulose_20gl,published,primary,8,beta_glucosidase_activity,gelain_beta_u/liter,11.835292183775794,30.338632616099968,18.503340432324173,True
gelain_2020_cellulose_20gl,published,primary,12,biomass,gram/liter,4.814712467452349,4.720120858783072,-0.09459160866927707,True
gelain_2020_cellulose_20gl,published,primary,12,substrate,gram/liter,18.947457408916286,17.862813882304597,-1.0846435266116892,True
gelain_2020_cellulose_20gl,published,primary,12,cellulase_activity,gelain_fpu/liter,0.0,32.455766206540304,32.455766206540304,True
gelain_2020_cellulose_20gl,published,primary,12,beta_glucosidase_activity,gelain_beta_u/liter,42.49712336648312,89.67244173016262,47.175318363679494,True
gelain_2020_cellulose_20gl,published,primary,24,biomass,gram/liter,8.219913529590286,8.488931822119099,0.2690182925288127,True
gelain_2020_cellulose_20gl,published,primary,24,substrate,gram/liter,8.023400382459453,7.816777611493872,-0.20662277096558146,True
gelain_2020_cellulose_20gl,published,primary,24,cellulase_activity,gelain_fpu/liter,234.1939607717343,274.7971544171243,40.60319364539001,True
gelain_2020_cellulose_20gl,published,primary,24,beta_glucosidase_activity,gelain_beta_u/liter,482.3497986356539,635.4478177961332,153.09801916047934,True
gelain_2020_cellulose_20gl,published,primary,32,biomass,gram/liter,7.951744677367952,7.54312049616206,-0.4086241812058917,True
gelain_2020_cellulose_20gl,published,primary,32,substrate,gram/liter,4.423403826799742,2.8214123350627087,-1.6019914917370333,True
gelain_2020_cellulose_20gl,published,primary,32,cellulase_activity,gelain_fpu/liter,429.8292287863691,564.0522382063622,134.2230094199931,True
gelain_2020_cellulose_20gl,published,primary,32,beta_glucosidase_activity,gelain_beta_u/liter,1107.606640913948,1225.6561429240085,118.04950201006045,True
gelain_2020_cellulose_20gl,published,primary,48,biomass,gram/liter,4.131839147393322,4.168583948870835,0.036744801477513356,True
gelain_2020_cellulose_20gl,published,primary,48,substrate,gram/liter,1.4393416615428438,0.24067950356280868,-1.1986621579800352,True
gelain_2020_cellulose_20gl,published,primary,48,cellulase_activity,gelain_fpu/liter,790.3711177545282,788.760326395789,-1.6107913587392204,True
gelain_2020_cellulose_20gl,published,primary,48,beta_glucosidase_activity,gelain_beta_u/liter,1942.6522561025727,1871.165577487192,-71.4866786153807,True
gelain_2020_cellulose_20gl,published,primary,54,biomass,gram/liter,3.902723708971134,3.6796304100815895,-0.22309329888954466,True
gelain_2020_cellulose_20gl,published,primary,54,substrate,gram/liter,0.9118836300307355,0.12009281014442899,-0.7917908198863065,True
gelain_2020_cellulose_20gl,published,primary,54,cellulase_activity,gelain_fpu/liter,842.7412414519945,802.3678119226915,-40.37342952930294,True
gelain_2020_cellulose_20gl,published,primary,54,beta_glucosidase_activity,gelain_beta_u/liter,2014.6708309361393,1936.3124989106957,-78.35833202544359,True
gelain_2020_cellulose_20gl,published,primary,72,biomass,gram/liter,3.024125516304073,3.193110549036152,0.168985032732079,True
gelain_2020_cellulose_20gl,published,primary,72,substrate,gram/liter,0.45960424881688994,0.01938779748602032,-0.4402164513308696,True
gelain_2020_cellulose_20gl,published,primary,72,cellulase_activity,gelain_fpu/liter,813.588355305991,811.5257233256968,-2.0626319802940998,True
gelain_2020_cellulose_20gl,published,primary,72,beta_glucosidase_activity,gelain_beta_u/liter,2150.797238431824,1953.4859641900944,-197.31127424172973,True
gelain_2020_cellulose_20gl,published,primary,96,biomass,gram/liter,2.2692409022337583,3.104148963856675,0.8349080616229165,True
gelain_2020_cellulose_20gl,published,primary,96,substrate,gram/liter,0.22848613359859138,0.0016945661214903063,-0.22679156747710108,True
gelain_2020_cellulose_20gl,published,primary,96,cellulase_activity,gelain_fpu/liter,769.9579484749818,812.3174598918395,42.359511416857686,True
gelain_2020_cellulose_20gl,published,primary,96,beta_glucosidase_activity,gelain_beta_u/liter,2001.9314539327693,1860.6595152857988,-141.2719386469705,True
gelain_2020_cellulose_30gl,published,primary,8,biomass,gram/liter,3.386259598851707,3.484066514298861,0.09780691544715436,True
gelain_2020_cellulose_30gl,published,primary,8,substrate,gram/liter,31.188432670702987,29.199404379552345,-1.9890282911506425,True
gelain_2020_cellulose_30gl,published,primary,8,cellulase_activity,gelain_fpu/liter,0.0,4.0260350056507885,4.0260350056507885,True
gelain_2020_cellulose_30gl,published,primary,8,beta_glucosidase_activity,gelain_beta_u/liter,0.0,12.221526121033502,12.221526121033502,True
gelain_2020_cellulose_30gl,published,primary,12,biomass,gram/liter,4.569515420878874,6.242253674900782,1.6727382540219082,True
gelain_2020_cellulose_30gl,published,primary,12,substrate,gram/liter,28.988940995685873,26.838962445046747,-2.1499785506391262,True
gelain_2020_cellulose_30gl,published,primary,12,cellulase_activity,gelain_fpu/liter,0.0,12.29740074616141,12.29740074616141,True
gelain_2020_cellulose_30gl,published,primary,12,beta_glucosidase_activity,gelain_beta_u/liter,12.040766006410783,37.11667553934712,25.075909532936336,True
gelain_2020_cellulose_30gl,published,primary,24,biomass,gram/liter,9.40625525180876,8.587356688343137,-0.8188985634656234,True
gelain_2020_cellulose_30gl,published,primary,24,substrate,gram/liter,15.733988095896388,16.964722933333604,1.2307348374372165,True
gelain_2020_cellulose_30gl,published,primary,24,cellulase_activity,gelain_fpu/liter,152.57859384708274,79.48621319250701,-73.09238065457573,True
gelain_2020_cellulose_30gl,published,primary,24,beta_glucosidase_activity,gelain_beta_u/liter,395.94805621763794,229.81821889090324,-166.1298373267347,True
gelain_2020_cellulose_30gl,published,primary,32,biomass,gram/liter,9.359389267261477,8.35255573780825,-1.0068335294532265,True
gelain_2020_cellulose_30gl,published,primary,32,substrate,gram/liter,7.872108338284392,10.987113138054427,3.115004799770035,True
gelain_2020_cellulose_30gl,published,primary,32,cellulase_activity,gelain_fpu/liter,343.4897531492801,177.42860411739971,-166.06114903188038,True
gelain_2020_cellulose_30gl,published,primary,32,beta_glucosidase_activity,gelain_beta_u/liter,713.5078491000247,482.7178239726337,-230.790025127391,True
gelain_2020_cellulose_30gl,published,primary,48,biomass,gram/liter,5.485934089879789,6.524668798217962,1.0387347083381728,True
gelain_2020_cellulose_30gl,published,primary,48,substrate,gram/liter,2.666776280212802,2.2335252594315227,-0.4332510207812792,True
gelain_2020_cellulose_30gl,published,primary,48,cellulase_activity,gelain_fpu/liter,665.0016027125024,691.4550131380604,26.45341042555799,True
gelain_2020_cellulose_30gl,published,primary,48,beta_glucosidase_activity,gelain_beta_u/liter,1538.8448261691465,1605.4142009362286,66.56937476708208,True
gelain_2020_cellulose_30gl,published,primary,54,biomass,gram/liter,4.391623867448644,5.351516137417821,0.9598922699691776,True
gelain_2020_cellulose_30gl,published,primary,54,substrate,gram/liter,1.6469777786999686,0.9390717755480026,-0.7079060031519661,True
gelain_2020_cellulose_30gl,published,primary,54,cellulase_activity,gelain_fpu/liter,745.1070257096395,799.8854013042461,54.77837559460659,True
gelain_2020_cellulose_30gl,published,primary,54,beta_glucosidase_activity,gelain_beta_u/liter,1976.4526999260297,1896.5381979823787,-79.91450194365098,True
gelain_2020_cellulose_30gl,published,primary,72,biomass,gram/liter,3.694769158253853,3.5047311452436865,-0.19003801301016665,True
gelain_2020_cellulose_30gl,published,primary,72,substrate,gram/liter,0.812655179308664,0.1657939143196452,-0.6468612649890189,True
gelain_2020_cellulose_30gl,published,primary,72,cellulase_activity,gelain_fpu/liter,796.3737686604547,837.4001098980133,41.02634123755854,True
gelain_2020_cellulose_30gl,published,primary,72,beta_glucosidase_activity,gelain_beta_u/liter,1929.399194542615,2213.155831340299,283.75663679768377,True
gelain_2020_cellulose_30gl,published,primary,96,biomass,gram/liter,3.0835877888364163,2.751244060466803,-0.33234372836961334,True
gelain_2020_cellulose_30gl,published,primary,96,substrate,gram/liter,0.41352825991980907,0.08360952941358442,-0.32991873050622467,True
gelain_2020_cellulose_30gl,published,primary,96,cellulase_activity,gelain_fpu/liter,754.6127961395241,818.335313275412,63.72251713588787,True
gelain_2020_cellulose_30gl,published,primary,96,beta_glucosidase_activity,gelain_beta_u/liter,1966.6926933508673,2135.5961806263854,168.90348727551805,True
gelain_2020_glycerol_10gl,effective,primary,8,biomass,gram/liter,1.76857,1.208281761597949,-0.5602882384020509,True
gelain_2020_glycerol_10gl,effective,primary,8,substrate,gram/liter,10.546,8.344470334606587,-2.201529665393412,True
gelain_2020_glycerol_10gl,effective,primary,12,biomass,gram/liter,2.63525,1.84450189417978,-0.7907481058202201,True
gelain_2020_glycerol_10gl,effective,primary,12,substrate,gram/liter,9.9405,6.839950982192775,-3.100549017807225,True
gelain_2020_glycerol_10gl,effective,primary,24,biomass,gram/liter,6.07954,4.112457503273412,-1.9670824967265874,True
gelain_2020_glycerol_10gl,effective,primary,24,substrate,gram/liter,0.0,0.27849124061356295,0.27849124061356295,True
gelain_2020_glycerol_10gl,effective,primary,32,biomass,gram/liter,3.11577,3.0482917346223863,-0.06747826537761359,True
gelain_2020_glycerol_10gl,effective,primary,32,substrate,gram/liter,0.0,0.0011625405443636396,0.0011625405443636396,True
gelain_2020_glycerol_10gl,effective,primary,48,biomass,gram/liter,1.8761,1.5414003267312533,-0.33469967326874683,True
gelain_2020_glycerol_10gl,effective,primary,48,substrate,gram/liter,0.0,1.1215002333608376e-06,1.1215002333608376e-06,True
gelain_2020_glycerol_10gl,effective,primary,54,biomass,gram/liter,1.45167,1.1935010502917898,-0.25816894970821025,True
gelain_2020_glycerol_10gl,effective,primary,54,substrate,gram/liter,0.0,2.2585404550187653e-07,2.2585404550187653e-07,True
gelain_2020_glycerol_10gl,effective,primary,72,biomass,gram/liter,1.2717,0.554044251429911,-0.7176557485700891,True
gelain_2020_glycerol_10gl,effective,primary,72,substrate,gram/liter,0.0,1.187905604179728e-08,1.187905604179728e-08,True
gelain_2020_glycerol_10gl,effective,primary,96,biomass,gram/liter,0.96368,0.19914675407879237,-0.7645332459212076,True
gelain_2020_glycerol_10gl,effective,primary,96,substrate,gram/liter,0.0,2.315974396742763e-09,2.315974396742763e-09,True
gelain_2020_glycerol_20gl,effective,primary,8,biomass,gram/liter,1.95445,1.4772669463645387,-0.4771830536354613,True
gelain_2020_glycerol_20gl,effective,primary,8,substrate,gram/liter,21.1525,18.53578800568845,-2.616711994311551,True
gelain_2020_glycerol_20gl,effective,primary,12,biomass,gram/liter,2.67041,2.5301994228074873,-0.14021057719251262,True
gelain_2020_glycerol_20gl,effective,primary,12,substrate,gram/liter,20.1995,16.955739784266576,-3.243760215733424,True
gelain_2020_glycerol_20gl,effective,primary,24,biomass,gram/liter,8.11221,11.50868449599318,3.3964744959931803,True
gelain_2020_glycerol_20gl,effective,primary,24,substrate,gram/liter,3.834,3.166865519566001,-0.6671344804339991,True
gelain_2020_glycerol_20gl,effective,primary,32,biomass,gram/liter,5.39385,10.19838601758573,4.80453601758573,True
gelain_2020_glycerol_20gl,effective,primary,32,substrate,gram/liter,0.229,1.157845581515045e-06,-0.22899884215441849,True
gelain_2020_glycerol_20gl,effective,primary,48,biomass,gram/liter,2.86518,5.093260615530047,2.228080615530047,True
gelain_2020_glycerol_20gl,effective,primary,48,substrate,gram/liter,0.0,-1.253964749610063e-12,-1.253964749610063e-12,True
gelain_2020_glycerol_20gl,effective,primary,54,biomass,gram/liter,2.39327,3.9257265933307988,1.532456593330799,True
gelain_2020_glycerol_20gl,effective,primary,54,substrate,gram/liter,0.0,1.9218854586612203e-13,1.9218854586612203e-13,True
gelain_2020_glycerol_20gl,effective,primary,72,biomass,gram/liter,1.66435,1.7975976769800195,0.1332476769800195,True
gelain_2020_glycerol_20gl,effective,primary,72,substrate,gram/liter,0.0,-1.1348378043567949e-13,-1.1348378043567949e-13,True
gelain_2020_glycerol_20gl,effective,primary,96,biomass,gram/liter,0.74282,0.6344378776359867,-0.10838212236401334,True
gelain_2020_glycerol_20gl,effective,primary,96,substrate,gram/liter,0.0,-8.413070449559082e-14,-8.413070449559082e-14,True
gelain_2020_glycerol_5gl,effective,primary,8,biomass,gram/liter,1.50479,1.0746639105776752,-0.4301260894223249,True
gelain_2020_glycerol_5gl,effective,primary,8,substrate,gram/liter,5.3805,3.6673040377829795,-1.71319596221702,True
gelain_2020_glycerol_5gl,effective,primary,12,biomass,gram/liter,2.26624,1.5122941042103328,-0.753945895789667,True
gelain_2020_glycerol_5gl,effective,primary,12,substrate,gram/liter,4.484,2.612859187023968,-1.8711408129760319,True
gelain_2020_glycerol_5gl,effective,primary,24,biomass,gram/liter,4.15024,2.024338908039465,-2.125901091960535,True
gelain_2020_glycerol_5gl,effective,primary,24,substrate,gram/liter,0.0,0.056094545608615494,0.056094545608615494,True
gelain_2020_glycerol_5gl,effective,primary,32,biomass,gram/liter,2.23641,1.4158507028331508,-0.8205592971668489,True
gelain_2020_glycerol_5gl,effective,primary,32,substrate,gram/liter,0.0,0.001715620299480137,0.001715620299480137,True
gelain_2020_glycerol_5gl,effective,primary,48,biomass,gram/liter,1.56177,0.6676475107956605,-0.8941224892043396,True
gelain_2020_glycerol_5gl,effective,primary,48,substrate,gram/liter,0.0,2.7917291381364502e-05,2.7917291381364502e-05,True
gelain_2020_glycerol_5gl,effective,primary,54,biomass,gram/liter,1.31129,0.5034819672728427,-0.8078080327271574,True
gelain_2020_glycerol_5gl,effective,primary,54,substrate,gram/liter,0.0,1.13199067021758e-05,1.13199067021758e-05,True
gelain_2020_glycerol_5gl,effective,primary,72,biomass,gram/liter,1.07746,0.21591219666706352,-0.8615478033329366,True
gelain_2020_glycerol_5gl,effective,primary,72,substrate,gram/liter,0.0,2.3288712545089583e-06,2.3288712545089583e-06,True
gelain_2020_glycerol_5gl,effective,primary,96,biomass,gram/liter,0.94881,0.0698224726297922,-0.8789875273702078,True
gelain_2020_glycerol_5gl,effective,primary,96,substrate,gram/liter,0.0,1.043038019395494e-06,1.043038019395494e-06,True
gelain_2020_glycerol_10gl,published,primary,8,biomass,gram/liter,1.76857,1.450551090793108,-0.3180189092068919,True
gelain_2020_glycerol_10gl,published,primary,8,substrate,gram/liter,10.546,9.53002401825539,-1.0159759817446101,True
gelain_2020_glycerol_10gl,published,primary,12,biomass,gram/liter,2.63525,2.363943945371435,-0.2713060546285653,True
gelain_2020_glycerol_10gl,published,primary,12,substrate,gram/liter,9.9405,8.62907802454519,-1.3114219754548095,True
gelain_2020_glycerol_10gl,published,primary,24,biomass,gram/liter,6.07954,5.522616783449443,-0.5569232165505564,True
gelain_2020_glycerol_10gl,published,primary,24,substrate,gram/liter,0.0,0.04377949832130259,0.04377949832130259,True
gelain_2020_glycerol_10gl,published,primary,32,biomass,gram/liter,3.11577,3.9747336076755437,0.8589636076755438,True
gelain_2020_glycerol_10gl,published,primary,32,substrate,gram/liter,0.0,6.669120304634077e-07,6.669120304634077e-07,True
gelain_2020_glycerol_10gl,published,primary,48,biomass,gram/liter,1.8761,2.042872881106242,0.1667728811062421,True
gelain_2020_glycerol_10gl,published,primary,48,substrate,gram/liter,0.0,3.903047090690682e-11,3.903047090690682e-11,True
gelain_2020_glycerol_10gl,published,primary,54,biomass,gram/liter,1.45167,1.591627076986451,0.13995707698645088,True
gelain_2020_glycerol_10gl,published,primary,54,substrate,gram/liter,0.0,8.298747546056895e-12,8.298747546056895e-12,True
gelain_2020_glycerol_10gl,published,primary,72,biomass,gram/liter,1.2717,0.7527334906700458,-0.5189665093299543,True
gelain_2020_glycerol_10gl,published,primary,72,substrate,gram/liter,0.0,9.683018049567476e-13,9.683018049567476e-13,True
gelain_2020_glycerol_10gl,published,primary,96,biomass,gram/liter,0.96368,0.2773582767902351,-0.6863217232097649,True
gelain_2020_glycerol_10gl,published,primary,96,substrate,gram/liter,0.0,5.906454702629476e-13,5.906454702629476e-13,True
gelain_2020_glycerol_20gl,published,primary,8,biomass,gram/liter,1.95445,1.5572398691700209,-0.39721013082997914,True
gelain_2020_glycerol_20gl,published,primary,8,substrate,gram/liter,21.1525,19.52855668602008,-1.6239433139799182,True
gelain_2020_glycerol_20gl,published,primary,12,biomass,gram/liter,2.67041,2.7332621676020135,0.06285216760201351,True
gelain_2020_glycerol_20gl,published,primary,12,substrate,gram/liter,20.1995,18.43257203253411,-1.7669279674658895,True
gelain_2020_glycerol_20gl,published,primary,24,biomass,gram/liter,8.11221,8.551358974684906,0.43914897468490643,True
gelain_2020_glycerol_20gl,published,primary,24,substrate,gram/liter,3.834,3.7476750881939455e-07,-3.833999625232491,True
gelain_2020_glycerol_20gl,published,primary,32,biomass,gram/liter,5.39385,6.128607303099162,0.7347573030991628,True
gelain_2020_glycerol_20gl,published,primary,32,substrate,gram/liter,0.229,-2.713338199492123e-12,-0.22900000000271334,True
gelain_2020_glycerol_20gl,published,primary,48,biomass,gram/liter,2.86518,3.1478577603822586,0.28267776038225856,True
gelain_2020_glycerol_20gl,published,primary,48,substrate,gram/liter,0.0,-2.713338199492123e-12,-2.713338199492123e-12,True
gelain_2020_glycerol_20gl,published,primary,54,biomass,gram/liter,2.39327,2.451941401714386,0.05867140171438612,True
gelain_2020_glycerol_20gl,published,primary,54,substrate,gram/liter,0.0,-2.713338199492123e-12,-2.713338199492123e-12,True
gelain_2020_glycerol_20gl,published,primary,72,biomass,gram/liter,1.66435,1.1587641332956777,-0.5055858667043223,True
gelain_2020_glycerol_20gl,published,primary,72,substrate,gram/liter,0.0,-2.713338199492123e-12,-2.713338199492123e-12,True
gelain_2020_glycerol_20gl,published,primary,96,biomass,gram/liter,0.74282,0.4265549603993569,-0.3162650396006431,True
gelain_2020_glycerol_20gl,published,primary,96,substrate,gram/liter,0.0,-2.713338199492123e-12,-2.713338199492123e-12,True
gelain_2020_glycerol_5gl,published,primary,8,biomass,gram/liter,1.50479,1.3607700347054523,-0.14401996529454775,True
gelain_2020_glycerol_5gl,published,primary,8,substrate,gram/liter,5.3805,4.599013345096828,-0.7814866549031718,True
gelain_2020_glycerol_5gl,published,primary,12,biomass,gram/liter,2.26624,2.1484094327401784,-0.11783056725982144,True
gelain_2020_glycerol_5gl,published,primary,12,substrate,gram/liter,4.484,3.890631778386125,-0.5933682216138751,True
gelain_2020_glycerol_5gl,published,primary,24,biomass,gram/liter,4.15024,3.6054729188000456,-0.5447670811999545,True
gelain_2020_glycerol_5gl,published,primary,24,substrate,gram/liter,0.0,0.002541290440952848,0.002541290440952848,True
gelain_2020_glycerol_5gl,published,primary,32,biomass,gram/liter,2.23641,2.5332811899544003,0.29687118995440054,True
gelain_2020_glycerol_5gl,published,primary,32,substrate,gram/liter,0.0,1.8273064914354073e-06,1.8273064914354073e-06,True
gelain_2020_glycerol_5gl,published,primary,48,biomass,gram/liter,1.56177,1.2491870562641871,-0.31258294373581297,True
gelain_2020_glycerol_5gl,published,primary,48,substrate,gram/liter,0.0,5.8804591070629564e-09,5.8804591070629564e-09,True
gelain_2020_glycerol_5gl,published,primary,54,biomass,gram/liter,1.31129,0.9582555876410098,-0.35303441235899025,True
gelain_2020_glycerol_5gl,published,primary,54,substrate,gram/liter,0.0,2.6452439725497176e-09,2.6452439725497176e-09,True
gelain_2020_glycerol_5gl,published,primary,72,biomass,gram/liter,1.07746,0.4325566567789333,-0.6449033432210668,True
gelain_2020_glycerol_5gl,published,primary,72,substrate,gram/liter,0.0,1.0427773295952184e-09,1.0427773295952184e-09,True
gelain_2020_glycerol_5gl,published,primary,96,biomass,gram/liter,0.94881,0.14978161618202435,-0.7990283838179757,True
gelain_2020_glycerol_5gl,published,primary,96,substrate,gram/liter,0.0,8.413611696031673e-10,8.413611696031673e-10,True
gelain_2020_glycerol_10gl,retained,primary,8,biomass,gram/liter,1.76857,1.2347554539759587,-0.5338145460240413,True
gelain_2020_glycerol_10gl,retained,primary,8,substrate,gram/liter,10.546,8.425638702093316,-2.1203612979066833,True
gelain_2020_glycerol_10gl,retained,primary,12,biomass,gram/liter,2.63525,1.8891825211146385,-0.7460674788853616,True
gelain_2020_glycerol_10gl,retained,primary,12,substrate,gram/liter,9.9405,7.002366840236223,-2.938133159763777,True
gelain_2020_glycerol_10gl,retained,primary,24,biomass,gram/liter,6.07954,4.2711419272949955,-1.8083980727050042,True
gelain_2020_glycerol_10gl,retained,primary,24,substrate,gram/liter,0.0,0.37526307846076895,0.37526307846076895,True
gelain_2020_glycerol_10gl,retained,primary,32,biomass,gram/liter,3.11577,2.8038627447403677,-0.31190725525963225,True
gelain_2020_glycerol_10gl,retained,primary,32,substrate,gram/liter,0.0,0.002211870121675623,0.002211870121675623,True
gelain_2020_glycerol_10gl,retained,primary,48,biomass,gram/liter,1.8761,1.3277199090499279,-0.5483800909500722,True
gelain_2020_glycerol_10gl,retained,primary,48,substrate,gram/liter,0.0,2.3039097820422756e-05,2.3039097820422756e-05,True
gelain_2020_glycerol_10gl,retained,primary,54,biomass,gram/liter,1.45167,1.1015797429903549,-0.35009025700964513,True
gelain_2020_glycerol_10gl,retained,primary,54,substrate,gram/liter,0.0,1.1542155686354493e-05,1.1542155686354493e-05,True
gelain_2020_glycerol_10gl,retained,primary,72,biomass,gram/liter,1.2717,0.8073883418975458,-0.46431165810245423,True
gelain_2020_glycerol_10gl,retained,primary,72,substrate,gram/liter,0.0,4.798329275147085e-06,4.798329275147085e-06,True
gelain_2020_glycerol_10gl,retained,primary,96,biomass,gram/liter,0.96368,0.7130042916298677,-0.2506757083701323,True
gelain_2020_glycerol_10gl,retained,primary,96,substrate,gram/liter,0.0,3.75959765371716e-06,3.75959765371716e-06,True
gelain_2020_glycerol_20gl,retained,primary,8,biomass,gram/liter,1.95445,1.4754874814245191,-0.4789625185754809,True
gelain_2020_glycerol_20gl,retained,primary,8,substrate,gram/liter,21.1525,18.57418558429933,-2.578314415700671,True
gelain_2020_glycerol_20gl,retained,primary,12,biomass,gram/liter,2.67041,2.4997363764495795,-0.17067362355042048,True
gelain_2020_glycerol_20gl,retained,primary,12,substrate,gram/liter,20.1995,17.07429958479315,-3.1252004152068515,True
gelain_2020_glycerol_20gl,retained,primary,24,biomass,gram/liter,8.11221,11.070036171249523,2.9578261712495237,True
gelain_2020_glycerol_20gl,retained,primary,24,substrate,gram/liter,3.834,4.23035105794285,0.3963510579428502,True
gelain_2020_glycerol_20gl,retained,primary,32,biomass,gram/liter,5.39385,9.80684191538413,4.41299191538413,True
gelain_2020_glycerol_20gl,retained,primary,32,substrate,gram/liter,0.229,2.893017950883358e-06,-0.22899710698204911,True
gelain_2020_glycerol_20gl,retained,primary,48,biomass,gram/liter,2.86518,4.623144953941913,1.7579649539419129,True
gelain_2020_glycerol_20gl,retained,primary,48,substrate,gram/liter,0.0,1.504499038446107e-12,1.504499038446107e-12,True
gelain_2020_glycerol_20gl,retained,primary,54,biomass,gram/liter,2.39327,3.7770004285991003,1.3837304285991006,True
gelain_2020_glycerol_20gl,retained,primary,54,substrate,gram/liter,0.0,6.964989253759755e-14,6.964989253759755e-14,True
gelain_2020_glycerol_20gl,retained,primary,72,biomass,gram/liter,1.66435,2.6313308640369737,0.9669808640369737,True
gelain_2020_glycerol_20gl,retained,primary,72,substrate,gram/liter,0.0,-5.195052264780335e-14,-5.195052264780335e-14,True
gelain_2020_glycerol_20gl,retained,primary,96,biomass,gram/liter,0.74282,2.2688634511520265,1.5260434511520264,True
gelain_2020_glycerol_20gl,retained,primary,96,substrate,gram/liter,0.0,-5.195052264780336e-14,-5.195052264780336e-14,True
gelain_2020_glycerol_5gl,retained,primary,8,biomass,gram/liter,1.50479,1.1288485352073903,-0.3759414647926098,True
gelain_2020_glycerol_5gl,retained,primary,8,substrate,gram/liter,5.3805,3.681283250545579,-1.6992167494544206,True
gelain_2020_glycerol_5gl,retained,primary,12,biomass,gram/liter,2.26624,1.5743481665646542,-0.6918918334353457,True
gelain_2020_glycerol_5gl,retained,primary,12,substrate,gram/liter,4.484,2.6766499105844255,-1.8073500894155745,True
gelain_2020_glycerol_5gl,retained,primary,24,biomass,gram/liter,4.15024,1.8538766016337849,-2.296363398366215,True
gelain_2020_glycerol_5gl,retained,primary,24,substrate,gram/liter,0.0,0.10033982013696718,0.10033982013696718,True
gelain_2020_glycerol_5gl,retained,primary,32,biomass,gram/liter,2.23641,1.1266314072061236,-1.1097785927938761,True
gelain_2020_glycerol_5gl,retained,primary,32,substrate,gram/liter,0.0,0.012111768438323116,0.012111768438323116,True
gelain_2020_glycerol_5gl,retained,primary,48,biomass,gram/liter,1.56177,0.6490460495705747,-0.9127239504294254,True
gelain_2020_glycerol_5gl,retained,primary,48,substrate,gram/liter,0.0,0.004503950952545448,0.004503950952545448,True
gelain_2020_glycerol_5gl,retained,primary,54,biomass,gram/liter,1.31129,0.5756141336177444,-0.7356758663822557,True
gelain_2020_glycerol_5gl,retained,primary,54,substrate,gram/liter,0.0,0.0042117111801422144,0.0042117111801422144,True
gelain_2020_glycerol_5gl,retained,primary,72,biomass,gram/liter,1.07746,0.42977172367327854,-0.6476882763267215,True
gelain_2020_glycerol_5gl,retained,primary,72,substrate,gram/liter,0.0,0.004019925229974473,0.004019925229974473,True
gelain_2020_glycerol_5gl,retained,primary,96,biomass,gram/liter,0.94881,0.3003175840728029,-0.6484924159271972,True
gelain_2020_glycerol_5gl,retained,primary,96,substrate,gram/liter,0.0,0.004004335379689943,0.004004335379689943,True
