gelain_hydrolysis_k_h,gelain_hydrolysis_Kh,gelain_hydrolysis_Y,gelain_hydrolysis_kd,gelain_hydrolysis_K_ind,gelain_hydrolysis_qF,gelain_hydrolysis_kF,gelain_hydrolysis_qB,gelain_hydrolysis_kB,noise_scale:biomass,noise_scale:substrate,noise_scale:cellulase_activity,noise_scale:beta_glucosidase_activity
0.00980755260165585,10.151069174040154,0.3263170422158569,0.010159419826103477,0.07363246362237273,7.143934440177923,0.00032400573078107377,17.55814788176575,0.0005257445902130108,2.8910469936589567,0.4294678495484231,2.2116127645834323,1.5838269425584246
0.01034852569530736,14.251363813321023,0.21154675793502878,0.0014309210548937652,0.0488907507031676,8.663516556399676,0.0010599912155237578,19.922140460635802,0.00022740767060251,3.641564997239091,0.5020979349144296,2.394629522979164,1.696032053252859
0.010455166260916113,12.687608007987995,0.2503674767145812,0.0013804704963399066,0.06534206787390087,7.531836852648195,0.0001499934444031215,19.355857371544836,0.001370467394226204,3.5983291219148104,0.46150199981784507,2.169523923329618,1.5688146745787344
0.007023484306761074,7.826482150350988,0.1954189700328481,0.00032235617477814014,0.03202589869175666,9.52860651734336,0.001078823935514203,22.519124931352717,0.00022787154288068722,3.48418518539952,0.5100388662501242,1.8571986618622371,1.6820691489522028
0.007950977648555417,15.80178845587239,0.034608986910174534,1.721680636560827e-05,0.02739059960390709,19.164543289065367,2.327969407291794e-05,47.895125074459024,1.6778000719019544e-05,4.619687146438244,0.42674634329440897,2.0611987200052257,1.4325699784612929
0.0065549458194209785,20.491162195503183,0.01027241013664277,1.1484625559307422e-05,0.04431516468012995,30.17033453358034,3.2844110992253984e-06,70.57697336645572,4.122201412827532e-06,6.562042209379372,0.47789773495639903,1.4686959638380372,1.1331790377384163
0.007283592697241391,21.969710121927722,0.011164271816781302,6.842369781734509e-05,0.04395148795122676,29.214384815185692,6.850238950253847e-06,67.66099886999795,9.92060595910552e-06,6.541430905080248,0.4564146118223215,1.6343053067432087,1.0873383052722752
0.005892274105674491,16.97836032197116,0.010614442980110501,8.922216553464867e-05,0.03486898913660143,29.423502790115123,1.7329209637507416e-05,67.57139080165545,1.3986106711002708e-06,6.066400098949717,0.5857523535276178,1.588370440818088,0.9586545791939077
0.010166682626664023,32.17462490268145,0.01140978400689963,1.4248098453608591e-05,0.03161615100278605,25.800230595106974,0.0005193237449472743,64.73106009123167,2.4209350308823413e-06,5.723391692265979,0.4704644500333294,1.4974543969083054,1.0250457872417706
0.006320747281039885,15.849154763250285,0.010301555288162432,1.501948880764908e-05,0.023535233321758848,26.654830977484796,3.2558985954429878e-06,71.46760889861328,6.318095287405051e-06,5.45596192409859,0.5336867817257659,2.0716760177507485,1.0091059911407134
0.006528304868106181,17.862585611344226,0.011225653200651248,5.8795150105164696e-05,0.1196329759685387,27.88917006679326,2.202523948346157e-06,77.67218547289173,2.5398561062552193e-06,5.631255236472786,0.4972709123649057,2.341271112703745,1.2202612339779355
0.011194643125611721,57.89946079885618,0.01241769673347512,3.829799443146144e-05,0.14876848098595055,33.905595144823764,0.00036266222638190186,68.01369626984068,0.0009971580630808176,5.621034705815326,0.5555763355469301,2.0856860189206152,1.5495062375552413
0.009527286833657195,39.30135933747381,0.011569716349452796,0.0006366900991842155,0.22319527640184766,30.93390664254503,1.856068545984536e-05,83.76845993915951,0.002594415741692499,5.308896726758044,0.502871206619863,1.9514734375299487,1.5929318797015384
0.010334700100949903,40.247680967316235,0.01061624103680943,0.005854502812672612,0.1303724185621101,30.133016052682752,0.002157203187115961,85.01286634479477,0.002377528845788259,5.19964862613988,0.4913716812300268,1.9149279116744164,1.318781919335764
0.010608533186327918,46.86735456861027,0.011176082702143703,0.001059178161535165,0.11607786855126506,29.296301634797434,0.002445539538956446,74.49396938726494,0.0008100247462984108,5.404602446975177,0.529740158783168,1.7787725180810647,1.3889191953322757
0.008693177248763066,31.94392399946169,0.011694362116857308,0.0006157480368809182,0.06636939092562073,29.45283234213191,0.0012864813095343631,75.42613911544086,0.0018195452596973037,5.956373376097254,0.46538204604814126,1.5993735654044747,1.2768940712921735
0.01025066458284584,44.54449484285804,0.010300725441252892,0.0024394413964652856,0.1155805374687073,30.48173737088158,0.00015982344793435678,89.14156320048392,0.0048543791434190325,6.301399033917072,0.47540115219790474,1.531024425272542,1.2508830204502024
0.009042423970888619,36.734066586179765,0.010051914853695457,0.0014575739088267315,0.08877232837469175,30.15151404115669,0.0002731103850246087,90.51307354965121,0.005670563091099582,6.30442737884281,0.4856742930383795,1.5706341495864125,1.2499963795728595
0.00971280748960363,39.69524703775179,0.010006744420213114,0.003096548313700706,0.08917754219788238,28.360890944381982,2.324045651458888e-05,91.9769960791816,0.007925430596730261,6.990170082772117,0.5034894065676433,1.5872285257653327,1.4510472187847105
0.008074458291334529,28.09951736465763,0.011387622358083079,0.0008103178202032927,0.06840880472991116,28.129767817929864,1.0729583845470266e-05,82.46076416105372,0.005374449843267077,6.452441904556593,0.5141959264535807,1.6741535077137601,1.3440227180788216
0.005959415454561176,19.640151823525123,0.011054480573961566,6.219105156866579e-05,0.041280468403967506,29.066913427761207,0.0020833558657271717,77.49680338276305,0.004476976763046083,7.190454073621021,0.609302969867837,1.6595194863167089,1.2864324676796068
0.006459346584019849,18.921860320520413,0.013293599705867675,1.2433033800392589e-05,0.029010574251471747,26.315573569288894,0.00011902737795135412,76.21579040319078,0.0035476418191383355,7.049622845035187,0.5868329628128215,1.55492581337456,1.303576132510764
0.006276379167535624,20.056598662645715,0.011237357099558904,0.0001426119841372416,0.030402555858704196,29.876329774153685,4.076960293896925e-05,66.02353187485326,0.0014145886366449209,7.172278412105817,0.5237988471338723,1.4799044453578178,1.0618498115190973
0.0069408075824518075,20.847970125305455,0.015222107668101477,0.00080903137474893,0.029635662012770347,26.011063653882356,1.207987725047947e-05,63.00765995012404,0.002127211782204937,6.198550540595972,0.5692508851696907,1.75196044454608,1.2115044091476004
0.005176460603606094,10.275221094229535,0.015294906343010103,0.0011399846251317848,0.013716142374308704,25.784930755404492,0.00044140107182078875,64.65735586231955,0.0004575633892456253,6.805605202196603,0.7729203372868112,1.6294640059925514,1.0296146827530583
0.006231741640019603,17.044597348257003,0.013583181176204268,0.0005889983076556663,0.049552818053020004,28.06653374624723,7.2103883003537e-05,68.08184306545724,0.0010457365553908277,5.175029554747587,0.6782109763111652,1.7131645422753083,1.0731772212175101
0.004163995914795752,8.614355903929377,0.01014090511269806,0.00040465797971648844,0.022513373351746874,31.14367330880709,6.335318012085585e-05,75.15134935440362,4.197354822662992e-05,5.989019291692201,0.5661469549834206,1.4729031359421643,1.2177014404051878
0.005090681195817689,11.851904802320906,0.012963410012277327,0.00033099676539012353,0.08264680480013117,30.328800030856147,0.00021075015505487804,72.10626966287367,0.0005831797602094161,5.47532142271204,0.5525920478099068,1.58337664366943,1.4245789999249745
0.005553189309012458,12.626700503307793,0.011725585145420549,0.00037898326354812094,0.03372378679850543,25.910128053297267,5.606864976668681e-05,74.5346323625864,0.0021496154150225113,5.249684455554548,0.6348970214045174,1.921638120230226,1.1208575989545024
0.005294663380477951,13.529026889911213,0.01019582269908663,0.00023740555470861028,0.02906203933507726,28.549049295107647,4.6589752225093816e-05,72.89907311472322,0.0005944486315788309,4.853954490189772,0.6943444132102423,1.6959802819490533,1.185886270919472
0.00488948193681185,17.681655301267266,0.0183148459340909,0.0014576485139142057,0.21645523633966496,34.13218141967131,0.0013982725446958885,77.34973331228866,5.89335904371386e-06,7.373213957203124,0.49759330521272566,1.6857883141284848,1.7533260790984935
0.006258429784499112,19.128012944804727,0.024744845966374242,0.00015573494034032433,0.1631048088813306,25.396821496820756,1.7689540552278163e-05,61.85268094915617,8.805708957597607e-05,6.862925293452706,0.5005421394433599,1.8896883336546366,1.3098509145086121
0.009718232479500865,34.011674176672166,0.012549631101792741,6.623473135344986e-05,0.16509960448875446,29.12982127749143,2.535701746035428e-05,69.8424255816162,0.00019465966240551599,7.695306295521266,0.4177378038972665,1.5077577297699467,1.3599486852654727
0.0044383317541056705,12.03407017106198,0.010602565184750687,0.0006970855789799865,0.06368387926050834,32.96712658796083,3.5891484618363764e-06,72.94843722630554,1.826511102996733e-05,5.694776045094824,0.45140894322774555,1.5455077175193686,1.2810163854523369
0.005216753352327656,11.105300221901837,0.01183325513994971,0.00011509320939094819,0.01159892723706351,27.768589688160702,2.053446102516299e-06,63.591146251003835,1.4580848943379896e-05,5.826182077359921,0.4382642097810116,1.5662669385313437,1.8519936176000864
0.007528551884116651,23.951753221831467,0.0113765582673198,0.0014977332185847575,0.01598866046152995,28.042829601215885,8.249082103156774e-06,61.56166420050292,2.1615024609094127e-06,6.058809631575845,0.6277307683328085,1.604839077821166,1.6578440716220242
0.00816082590329133,29.700844414406724,0.012492799818038138,0.00025411612843999646,0.26227265312258696,28.834786778316047,3.9428707111451875e-06,70.53748566992752,4.483544312048058e-05,6.231825217742836,0.4587786940707042,1.6683963379433282,1.2511661226718487
0.0075590280009327805,23.282575954076144,0.01494881210386335,0.0018566119158108672,0.11204913180800537,27.30130929143717,2.2560287800226885e-06,75.93572411636352,0.002331864224007279,4.879242458233916,0.4846984706785773,1.8420429578903998,1.1595814644318858
0.007804630015491008,28.348628826113,0.01500012772901892,0.00017203851435092053,0.11189734155746862,27.184503435026684,3.5324706398557404e-06,71.03906474725768,0.0027949953761909844,4.642580461402349,0.4753675920991272,1.8276892449133237,1.115694466925983
0.00977327446228178,34.074213227018426,0.014357085328848494,1.8431800248333054e-05,0.07974247170547409,25.94182367041558,3.3429142279405897e-06,69.05087792081893,0.002588490360102155,4.834982364926399,0.42470435089017067,1.8272593639927828,1.2248634763769874
0.007819955114721139,25.2656865033985,0.016000676696542527,3.8918935187183575e-05,0.05727815430410363,24.569885413820593,1.7467520326739685e-06,70.08415771123923,0.0020422641223054165,4.79976880871878,0.45683619897769345,1.8133637567381455,1.254181534739738
0.00620610670129292,16.670676730313225,0.01354599684855444,7.887952866563265e-05,0.0458435358520457,26.016441778164324,2.345914989428747e-05,75.37181156772739,0.002282661864412574,5.299363100589802,0.5396075930333185,1.8728199364892941,1.2980410756612637
0.00474360734908193,12.30309112878523,0.01340238501734578,0.00035654250350517267,0.09161466738319195,27.18064754874028,0.0011231405632499537,66.49547679212014,0.00044527611254175617,5.345586355005484,0.6956514413661431,1.4095239619607942,1.1315769901417791
0.008542750679047499,26.59325650329025,0.015986290643979714,0.00042811242624878667,0.03456472627207192,25.202907461560606,8.489639440746428e-05,61.88178647125138,0.001840393767929939,5.316717353422303,0.5241271613644161,1.6838050881711752,1.4045082430633498
0.01169948761940875,48.453137528496555,0.01718647067001206,0.00027293605379446567,0.14599394237736874,24.235250543415173,3.1154549031078058e-06,57.15258621922098,5.729033917400449e-05,6.089779596724028,0.5902206258032271,1.6759631120596346,1.57442628287676
0.01093510556189607,41.61257046012716,0.014990208899472786,0.0001270482724033467,0.07487555274793689,26.172049463459015,4.037064174069764e-05,62.098702197380554,0.0005889845464426846,5.611331865021606,0.5209986769988325,1.6712332061243615,1.1585721397200262
0.00874139971345154,16.463593611855647,0.15551120125904336,0.0001297120011847194,0.06359991025092726,11.670910779467103,0.002462051730690184,22.633957847750057,1.3362592587128797e-05,3.402601597217299,0.413162138777802,2.5477033115312135,2.0724820154401438
0.009435202947559089,17.678386640494384,0.17978484094739916,7.306356191810324e-05,0.10961021475792669,11.103452700287523,0.0049109221240625734,21.744669445103593,1.3859099570282799e-05,3.3025904261863968,0.44022950895211754,2.6015875597237392,1.9676347616750511
0.00811712892106978,11.648102467711594,0.14152106876724183,0.0006405428441304806,0.030111921996619596,11.691253642628858,0.00017777121839559752,24.375601002935493,1.361639364845189e-05,3.3682114807534247,0.4263266301775103,2.3668888927672005,1.803830096909203
0.008365342960857782,9.313151608727017,0.21967977433474162,0.004932468905049689,0.01068635254263064,9.214844108056628,2.963348802011239e-05,19.35774518362713,3.0265352673834373e-06,3.3111299515037005,0.3624734119179609,2.7069763782159844,1.5661510067494901
0.009694548677196461,12.918172273942215,0.1660857054348627,0.0020900059881354956,0.014156315954100438,9.616676874763836,0.0001662755620727337,20.270905822154827,5.471685518069253e-06,3.3391950677797726,0.4251691583977058,2.3096801075726763,1.7302675584025773
0.010020364539069224,10.707808067280599,0.19405986152190574,0.00540355101462281,0.014172965590771101,8.353538093975548,3.0709134786462706e-05,20.428458667251288,3.284895610291534e-05,3.3124379516913542,0.4163865472654238,2.4710869680817757,1.922822092683431
0.008812165036755762,9.737813747035641,0.19932721578883983,0.002991653553083967,0.016253030494714667,8.899957629777864,0.0001215778148444035,21.08681793302195,1.0531514636199515e-05,3.3325705029780894,0.39831672671435153,2.247673651633276,1.7452499005038455
0.009714032655320405,10.13225281176974,0.31227463679844975,0.013539397076605885,0.03212288796450074,7.16545416034695,3.6503664473708044e-05,17.51798680995517,4.528695694338194e-05,2.777503173089266,0.40700141470859064,2.2893260119031376,2.0003124517291275
0.01002358715286384,10.968898903308418,0.24201841039197267,0.011839294970909913,0.02886858052169155,7.942516354153393,0.0002274369207476874,19.473538354320873,1.8977722732666718e-05,3.1071543823295316,0.42297419464208935,2.277202444288638,1.9759052259062333
0.009617181227715384,8.70206565134559,0.3390594380298017,0.015113771586311522,0.02475055848293605,6.884646557244527,0.00035295574005299513,17.226458608898596,1.0746022496526106e-05,2.8574911540153374,0.4029287059709197,2.379421997093097,1.993529076201542
0.008464942800437117,8.657356022527022,0.243094417513413,0.004034758338611197,0.02619303977821687,8.154602958989393,0.00048196888302204995,19.909074198052327,3.186322093296246e-06,3.128393981902411,0.4345260700427674,2.280170659815841,1.878790276014941
0.00834706480196943,7.58768531464474,0.3421496868614019,0.006162589389518567,0.03004712569107958,6.854472623708054,0.0005821401896308033,16.867969737666787,1.074077871242539e-06,3.103310755780605,0.42427773164012406,2.4092103668979474,1.9810267207030938
0.009425484073715766,9.598469793862636,0.31792821518729336,0.00963814047251001,0.040666858840012476,6.765401512674223,0.0010664543572022948,17.483674504980883,2.07536209274633e-06,3.1204592618235303,0.4134938085909143,2.423068274897136,2.117759380827337
0.010636199794676308,11.151171455077298,0.3250252482841021,0.011218917892599954,0.045941616727873114,6.61849579264269,0.0006094844601834293,17.195680885811615,1.368175737207637e-06,3.0230097833191434,0.41579984518751756,2.520910614930247,2.132738525315062
0.01043620750521242,12.509217602122149,0.31486028187971354,0.009464528152812776,0.09495506148692315,7.055326055765592,0.0024522487592276722,18.136321683669653,2.2562606667599962e-06,3.1012936609804247,0.4231872657764991,2.6941052603527047,2.1298512875243487
0.011162425878691632,13.303609828893958,0.36250917155541795,0.012306652309529752,0.10473752298991233,6.522507839168326,0.0005404313160578723,17.428243694915157,5.199938351234074e-06,3.1362357783630426,0.47307949653794956,2.911210452698476,2.059051338057953
0.01302462050595071,16.399257269294882,0.41675004004217464,0.013815058168237153,0.07766310381397379,6.001128953390168,0.00010253244610173315,15.188859873505008,2.6674616684429755e-06,3.4915169888698205,0.5016949656452226,3.578903046435124,2.359341310859125
0.0136907963801186,20.362867160203532,0.4466859621146743,0.016896308895382784,0.07592606476371232,6.167244434605865,0.0018420563497087846,13.303290867706027,3.6733304408803806e-06,3.373555547950528,0.5271661899532634,3.572566898963194,2.256055218334947
0.012812164601006237,18.868715702325257,0.3939819195157354,0.013977577986897867,0.06852635371193563,6.510474187621919,0.0020022988281369067,13.984126055800456,2.7776529133379694e-06,3.3617748384915833,0.571883588338215,3.439072791018169,2.213950831639551
0.014412908293141445,23.810467247627503,0.32505121849138924,0.006790087728039054,0.08586241492022598,7.257635593022947,0.005066747603253349,16.040320250640615,2.635919311551559e-06,3.6426005241851134,0.5205818432914961,3.1249564000557606,1.9710413234386506
0.01471446586777753,22.789219059818336,0.18724719841057902,0.0034300750471351438,0.0435013645633415,7.729046936762678,0.0002959796505698992,21.62773280040645,4.3664009879341845e-05,3.807387221739482,0.48180365226258615,2.7231496468195573,1.7548144268116452
0.01937488393185937,28.93342565336047,0.4956353697302673,0.024111061537067654,0.0709716884948375,5.289386871733149,0.0035428153618960677,13.289372709620835,3.156053943427451e-05,3.0717474253879615,0.4837795525026322,3.0194367389644423,2.304184809694926
0.015454782710745006,27.160159497491996,0.22867280990950536,0.0037985349212860077,0.09416943244599486,7.5045180853676206,0.000612563874171159,19.015679226819138,1.2606916744771152e-05,3.541857782532462,0.45343861398140717,2.6971242187016733,2.062179593209078
0.01319723835354137,11.580536328887177,0.4477681818172074,0.012834651422707687,0.032093979152517035,4.39102820922607,1.1329795011441397e-06,12.207142883724027,4.063884958644535e-06,3.8351121352150477,0.6896682029775804,2.8685061289756306,1.8429396702274081
0.011065340684765265,16.969887177581654,0.044088575802340706,6.675836138329633e-05,0.012739136506088088,13.266213789409818,3.3495986559009855e-06,41.44166554695522,0.000680920382997391,5.693990660841384,0.5022454610213033,2.2016792374503216,1.5044835143148745
0.017031274907532718,29.079785909435625,0.10824561396881356,3.8562904259978014e-05,0.011279871529516303,9.874949053093617,0.0015212001108327244,24.663094706065113,0.0008059478788866105,5.167984084545011,0.5347625198209405,2.3684787780434373,2.2213953886002
0.006596575851804923,12.940850062529222,0.024343826439716658,4.7478581372028733e-05,0.016160911159974315,22.32944216261527,0.001004356181568948,57.769647479342005,0.00014810623381699578,5.246150196688982,0.5669638621943865,1.7667740629868023,1.0424844135685012
0.004643862325772179,10.468457128642552,0.014648364061932689,0.00021950379786608246,0.05456991628133191,28.017728210922016,0.0002388073146165384,71.26310358724788,0.0009727782843307571,5.134715403956313,0.5726108769456456,1.7516632531256824,1.0771567237496384
0.004335859333146306,7.400434551555708,0.012064156221097924,0.00010641521976912041,0.014475617805836524,27.93176819756203,0.00017037823149043956,70.55713650614122,0.00023797503709602655,6.069373172267814,0.4734349023730756,1.6475687228374474,1.0710512720007022
0.006097832581801474,15.204743167794138,0.013483840976854273,0.00014022839313493446,0.044979176397979326,26.821808157925336,0.00013308188662106537,63.899947394942565,0.000507341731765493,5.644523573623567,0.44887561656412467,1.7977365946915609,1.3344914182200844
0.01058883486004238,42.32418773042304,0.012270465347649659,0.002859604902929555,0.20053015824220927,30.20146842195028,2.477154274592947e-06,70.00963569588134,8.064797114476572e-05,5.476660859160371,0.45659425799626635,2.480689925373817,1.1497722578671012
0.00879103676885235,29.79581401346132,0.011500575145702727,0.00020092768467576072,0.0644025963620452,26.788618868773725,2.746588982625312e-06,65.73169290368892,1.6346271842307412e-05,5.338288010999853,0.4506451769424298,1.8966602795712455,1.0309760957454135
0.009556432055033015,32.13537669766069,0.010064221108408718,0.00014102355604161016,0.05474734189513867,26.656863881155346,1.4469233436022236e-06,65.9045676046245,4.081493284952448e-06,5.200200911807482,0.47935288312045926,2.0075207294894937,1.120086731954315
0.009695354666514706,30.26087484369234,0.011055595948197085,8.442917288860193e-05,0.033045182826645994,25.22727619427946,1.0434420120959025e-06,62.07830995369065,1.679373125488718e-06,5.19004248024259,0.5175904585166113,1.9011662021460993,1.2667367839179902
0.0059014582019949035,17.37030824523338,0.010058035784610574,0.0003868397581167324,0.038980019203013715,27.004119543216095,1.7377152112699089e-06,66.30219940799509,1.186599418032257e-06,4.340831519118196,0.5384010157850445,1.670959977823268,1.2115814388012607
0.004563313592323245,11.845852928169801,0.011380565970352018,0.00013221617073902608,0.04704880094236796,30.632101792455444,9.524181558825807e-06,70.56243475851211,1.9457898629433405e-06,4.943949451067598,0.5053699405365012,1.601689889971329,1.364812723446656
0.004158343456562923,10.580521024758683,0.011752349959628743,0.0011978023644853134,0.025234357067744028,31.457146947299577,0.00028329416421992435,73.01020974987475,0.00014884750524217524,4.899348381046342,0.5378720120935759,2.1425643602052187,1.344981199909181
0.003222549799606966,7.977485234251375,0.010289496213671673,0.0032216038602444377,0.032790255005967606,35.70999482115651,8.9917158722503e-06,79.43490590329036,0.00039067237368123776,5.535235971245883,0.5976545246634929,2.1952651144789463,1.3615484427456965
0.004462523711362051,12.57929619239099,0.0101076573493456,0.005737679145669183,0.028457346826724232,34.25262666714764,7.705331739873167e-05,79.91783279860552,0.00047043673689203943,5.186720972345887,0.5309241804039452,2.292998586035212,1.4163938853448197
0.0050554953266800816,14.268422311797114,0.014219820024001732,0.0028942546251944853,0.04975383113597822,31.131254603872236,0.001155149625778839,73.11936543956436,0.00039630766038180874,4.572658980075921,0.5110713119117412,1.6450591116388915,1.2625710480455796
0.0063921154886643055,17.372409656074854,0.013059065003091962,0.0009532789722958607,0.027967631419121664,29.198461866163957,0.002553241517827551,66.33882112506966,5.8679675843189015e-05,4.188622582179885,0.4431407800807438,1.9447467646009309,1.2199821733508802
0.008586164682186564,32.161086682963536,0.01519640951720115,0.00034588109901525176,0.058020596552779954,28.411024457091294,7.208157019127425e-05,61.906163657630806,1.211520243407295e-05,5.027259552677332,0.4549454548074172,1.9227693112664719,1.232021158504335
0.008232176885947396,26.150715541164494,0.015719121157744455,0.0004997339663617994,0.022459883518084485,25.66357732646,3.465727788166549e-06,55.80333772407822,1.1236981436926766e-05,5.7950117260469645,0.41993890736432826,1.5350175762479759,1.3128631212986512
0.007698916782107425,21.680871575912064,0.012615350821764992,3.435958353022311e-05,0.03213249130482186,25.50281594585397,2.6708518973863032e-05,65.52536915832468,0.00017714636356532703,5.163688827077265,0.4467085575379913,1.6532044941847484,1.0848913461704872
0.006498784862678898,18.136993553219924,0.013223114599364776,0.0038619035241464414,0.027737032083116637,29.918348680645312,6.474073893447029e-05,62.86864637298588,0.00021879134789281953,7.831677468851479,0.4853537365216287,1.6792661043181474,1.5384889996195854
0.01332038871056632,52.0829535867288,0.012453269161760257,0.00023874922554104484,0.10178866466343045,30.03546379493578,0.0007833165000296461,60.833639725878704,4.408580465254049e-05,6.655685116610432,0.42757203675443617,1.4864037085900974,1.4792496075906154
0.013895827546955465,21.478180952241225,0.43732674408415684,0.01385983847635891,0.019166598799926233,6.461058628184121,0.006715679303839126,11.14035143618101,3.1989164310369775e-05,3.528055185960421,0.5515994609134873,2.518023992779777,2.2989732172941895
0.013231740850667173,21.810685463692554,0.331895336297195,0.011054965114022756,0.01137279460314667,7.316757011934726,0.0059991600087910095,12.35215443482817,4.48425603719784e-05,4.049978143693755,0.5404729488890126,2.4107643546609796,1.9604830247790543
0.01529906186812067,26.259006162792687,0.36329188622810116,0.00808837530458283,0.020823962269331055,6.930797579279441,0.010219359380210319,12.302644335959979,2.1472341086458384e-05,4.381908953285832,0.5379642392452123,2.77404031319466,2.0890017838085653
0.012637259365821493,20.517009001930294,0.3422420100669038,0.009556182405977444,0.02833226794243408,7.501693479612816,0.008226256800511306,13.426265338203265,1.0903113342260733e-05,4.4890455793864525,0.5394217527388616,2.7707604590309427,2.052597390507959
0.011258028017232592,18.59678524251413,0.3512839829276359,0.013049463409458928,0.060513158527138844,7.735278166686161,0.004931464581631196,14.11313915110706,9.256972070258949e-05,4.014145368487164,0.575024277971657,2.1482859124857607,1.8827564670328523
0.009427950646377657,14.220131055126027,0.3770580743282026,0.009716263620900821,0.06658357995263701,7.7825076493014445,0.007173651338633562,13.615427710683834,3.8610459797481866e-05,4.069996517134865,0.5756418650910247,2.1622518895567584,1.9192028889317345
0.01559137316186682,31.296362336616223,0.3195730735804818,0.011670101450744408,0.0898873335985848,7.825929553267953,0.006731768520948754,14.430143459530278,0.0007355116092393644,3.337813689502214,0.5695421621865115,2.6367498416114112,1.9932087485723973
0.015483109084415666,25.42306830920561,0.5055815776014561,0.016320516735296015,0.05940658867458023,6.1107464785300705,0.008673930460527392,10.69462685683967,0.003049578690258255,2.9667074969731577,0.5770130389920419,2.61277661100265,2.0606597750526743
0.010793995156752131,14.690700362829771,0.3939821145093645,0.010162339872737208,0.021584920852675004,6.89716258564257,0.004592060069365949,12.092378633623154,0.0008131438495710875,3.6085993808299985,0.5926317564487057,2.31781729607599,1.8985766302501483
0.012346194765030785,18.63068692187718,0.4193827104309932,0.008008555526838467,0.04854336993834915,6.95019909253402,0.013562091514017056,11.620833590753426,0.0007061152885515633,3.5774040159988196,0.5623959858859517,2.1097015488550896,1.881216708712194
0.013724537733891557,20.77053201778198,0.5487957075720393,0.0143557066090353,0.032422766346670386,6.120518220373632,0.00773876639933181,10.460497948104997,0.0029158284396084287,3.453934299219808,0.6457444202261402,2.495887682205152,1.8806814794000155
0.011643301795401897,19.9072348476981,0.23010606299371453,0.0036501553467887817,0.030455396181264943,8.606423119927166,0.004299658744068625,16.213296136214627,0.0006671668041506434,3.9227625554990775,0.6124753085137012,2.3322060655261225,1.6444498853078924
0.01046876816523619,15.424541739798524,0.28132866801671247,0.002185217970689574,0.019494501714630023,8.040198404150688,0.005880691024454697,15.67656605365308,0.0003186143323728219,3.840525140137363,0.5940257480436565,2.362112919199809,1.685922839492373
0.010321828592366411,17.79066055628429,0.1805810851640585,0.0013221498792933023,0.03266363500496074,9.70586068523622,0.004480498569481763,17.899116326720122,3.283671558110505e-05,4.285584864971487,0.5730556724942838,2.375161831800692,1.5492074886342775
0.010368525346614907,15.971784448594919,0.24472477696824743,0.001666910007121306,0.026329036378505845,8.611177803197936,0.008829938598798435,15.317292893067643,5.273893135357006e-05,3.8292636974002674,0.5786375969278964,2.446355430777476,1.5878949694288467
0.011507034949520729,19.031319550399072,0.24006177279821805,0.0018781833566364839,0.029508195029967002,8.554432558459933,0.00516281218066212,15.288692760111307,0.0002068581813777843,3.912022076043333,0.5644026552068134,2.433400975144606,1.7107885579727908
0.009894018223183575,15.650972160368186,0.22814416131945361,0.002249504236206275,0.022143754480613023,8.895743284883567,0.004183171234139564,15.475311954772897,0.0001943590093564505,3.8875496209907556,0.5678932816322785,2.5100224388046137,1.8263357843870853
0.009676481660252433,14.803830191232947,0.2708148010687215,0.003563499024382707,0.025645056192244508,7.9942500903177915,0.004263029632953664,14.687402289982941,0.0006512332185406635,3.3438995441642065,0.5933800856670657,2.3760149477686716,1.8614205792770055
0.010068306084844093,15.176699122948154,0.25471287197144105,0.00337617594631924,0.021259689390774175,7.755047785851041,0.003247572611524851,14.746512924462131,0.001169861458987087,3.3077818405109225,0.6260286910644749,2.281671000901172,1.9380174171938194
0.011090184323080085,12.94616610231835,0.5521577779394092,0.016353361983943677,0.01587376127323136,5.440970803683015,0.009359346397738673,9.93985854963237,0.00047974608909098543,2.6965440078468776,0.677444733224077,2.530260269273874,1.8994414440641174
0.01128079063346365,12.7346787951102,0.6491444826674104,0.029095953032792027,0.012559615188837935,5.121600996717005,0.006350498153156327,9.112396842706938,0.0002350745861596751,2.695949907346845,0.622611949853323,2.518179027334537,1.8590706694497563
0.011031239051844574,14.014432968945947,0.6109459821324725,0.02360873853341479,0.020334015150741288,5.397226793852922,0.007281521154153119,9.253312914581578,5.936452846241266e-05,2.999840100214766,0.6637686449419895,2.4736967541173973,2.013204437012129
0.011053130291749228,15.828313193580922,0.3765125370234265,0.007265640468153118,0.018593600224304695,6.232542112042208,0.003108170673683289,11.229189614938607,3.225069999688225e-05,3.30175823839586,0.5939690030034723,2.2747546948108055,2.000250169493839
0.008271424719543365,34.761082938751365,0.010675931910743421,2.592392305814658e-05,0.3034065179322931,30.3765117189305,0.0005033611804728315,70.60520313880775,0.0002649362181612024,4.9975815870737526,0.5357718116829586,1.644906765971503,1.0258715656062376
0.007147811398585372,21.27577525361124,0.011863984918196097,6.216939919901282e-05,0.0868166360265976,26.961775241406173,6.308834956265367e-05,67.86693147199301,2.84626755702566e-05,4.537618743866486,0.5204671677052569,1.5203593728085676,1.0946838973769109
0.005865727783544017,14.685405764298196,0.01103827424147088,1.8859860270583905e-05,0.04057580785468495,27.37095543825292,1.2052764993068697e-05,72.145867351659,4.68624920847911e-06,4.218089428358199,0.44850102583095963,1.3294872298412546,1.0583317071896297
0.005523794838123985,12.911883598347002,0.012690198407803903,0.00010920256972621959,0.016829949085444766,26.237047696173907,8.956640289384112e-05,66.7917210819548,2.533511812772915e-06,5.236743394164148,0.3662737171033613,1.702710812226299,1.1241364307467308
0.005832230587507973,15.262856285691099,0.010570678361949594,2.428492488407757e-05,0.03037692376934543,27.837723307087224,5.316109173617101e-06,71.55493710975587,2.0874634080323096e-05,5.5460443795931464,0.45462003922161637,1.3185984840935305,1.3243615002560056
0.00738140585670394,31.635296775894126,0.010395699139722605,4.437038977542196e-05,0.3760622970529289,32.987216962286915,0.00014724144086014773,83.55338658899142,0.00017280112900089914,4.957313503707296,0.46755992482773207,1.2729867208560228,1.213292234394914
0.005614544310662341,11.749849028681346,0.011666934452297863,5.691293229661749e-05,0.015616745069454294,26.09683651192921,0.00014105815776911578,71.51954418194208,0.0001445958441150476,5.296362030683038,0.5294715461135907,1.34232854130286,1.2200110944941458
0.0044068322995536235,9.01658509375604,0.011462807679280696,1.2361220726232433e-05,0.010505350210592481,30.106514437404645,2.9433777518586482e-05,85.7796467413037,0.0033953321627579547,5.418325565163666,0.5142997487944536,1.2065791134885835,1.3073516421367166
0.005012776307138445,12.251793632766939,0.010883994364216875,0.0002897172319088977,0.022604473951431017,29.32500015481774,9.259913135790338e-05,77.68015587639964,4.715544396031045e-06,5.697957880598304,0.49667295318217747,1.5603982424759868,1.266008117564576
0.005089124809369645,11.819799711376156,0.01250416907537441,0.0016387008669284907,0.01133192987982219,28.481631584773577,8.092504773406945e-06,71.42467794208774,4.75071934392663e-06,5.5957887288937656,0.4061781887334876,1.3021184211339578,1.17963904370028
0.009488392978999187,21.467698453467015,0.017542326171392154,0.0006661630293556031,0.030731890167173502,21.967287322045006,0.00027217683928206914,58.993513699899886,5.374446513564892e-06,5.975016305933647,0.4694735593335035,1.8973679729304944,1.3487507527314713
0.008736287207938013,27.13215079693259,0.016423624953891325,0.0020707277380870013,0.0541203203138628,23.27827860379238,0.00025723330200822306,64.5034913430559,0.000132097730909692,4.425294091018839,0.49346826418426165,2.1205802587448286,1.347581122578412
0.005433246077606134,12.75591765118697,0.010150387695778437,7.630951907212306e-05,0.015277645561325779,27.63046164431243,0.0005942321602090121,68.93030513470386,3.860472216979971e-05,5.300547464422168,0.49587366659542187,1.4934899055406372,1.2031595939258906
0.007105916931334143,18.99845334683513,0.010841592663583494,0.00021529161180157026,0.016968452748269098,25.731446346597927,0.00029581247766205504,61.409219582341166,1.1401078237275451e-05,5.402520716879859,0.5151345912041756,1.5071890471007943,1.4401031340383517
0.006199634865160434,16.696957024078646,0.011190225615572372,6.207048660723037e-05,0.017920926890272085,27.48253358377696,6.010178502226559e-05,63.45745622261113,1.020170606495405e-05,5.961308265631732,0.610793464089014,1.9355659520612962,1.2902823560263967
0.007294587479025163,20.72777677461858,0.01044076138897306,1.4784901017948109e-05,0.019306534918332622,28.743923158983065,0.0003580229453243913,64.54606509192335,9.551694773033571e-05,6.335405896839777,0.5907481636197578,2.197431012084386,1.166684225475958
0.005935862650773199,15.302986249639963,0.011822804688921025,0.00015112195495802554,0.05025298499866958,27.86785467777299,0.0009304508062289992,67.93724548984447,8.681690784710042e-05,6.428041437238135,0.5321151957846644,2.1951567729494617,1.074367280186331
0.009376232239443614,35.700860334605544,0.013329045029950179,0.000481765807864704,0.3790655065847444,28.55466434845276,0.0003483721721698409,75.71748474035215,0.0014306552031739931,4.964279802362323,0.45456714267935966,2.229790492633166,1.255672998410373
0.005465872013294449,14.870290661458444,0.010827409984167785,0.006714472368142367,0.06443879212679701,30.777722397911685,5.8813412617704124e-05,93.91243462242097,0.002429899320159101,7.185462485491213,0.48723177538616746,2.4306174095213637,1.087953411443468
0.004606500724988342,12.547689843944639,0.010366037720205069,0.001120065067775839,0.04860662764043139,32.28980002555459,2.0308656267061086e-06,83.20189481991473,0.002700547153074075,5.811069795997035,0.5399837454600119,2.0064489160884067,1.236344761564513
0.004274188205755541,12.883002867303793,0.010079196950660835,0.0005842630271213156,0.02831326752319923,32.12589356966079,1.0196013732464178e-05,76.59944464326439,0.002924780964879424,5.128504905946969,0.5374155469804808,2.039466238525464,1.2541424948446465
0.004993783049644009,12.971382444493441,0.010911295226608294,0.000776307165154193,0.016383934819219428,29.826439554165255,1.270495519521087e-06,85.80688282124692,0.005239568176021786,4.3700400961875605,0.4117932051793628,1.8664181591026396,1.2977783591335101
0.004302024695119849,11.780801908975434,0.010546691172607349,0.005314814717127055,0.02553128140462577,33.35914947152023,1.1488111121193302e-06,100.24751906550895,0.007341475015270452,5.439089213073859,0.4457466069848691,1.5142556753536287,1.2230587745920947
0.005552952861995276,17.0022839297512,0.01349874551241949,0.00021336508202750667,0.08294794025768108,32.661038702511284,2.403079376768524e-06,70.73279464726068,0.0003537547056762766,5.203991114601905,0.4688896384745814,1.5002310668558858,1.1044389412055386
0.003864822830781134,7.225294458697108,0.01210146817785508,9.740387087734325e-05,0.021821241608448557,31.190519828861845,1.839674467109888e-05,65.76433379210052,1.6932470248920371e-06,5.535262645554836,0.5112128901717646,1.330832479957957,1.282423036551896
0.005438728286656325,15.606777483195259,0.010119640508707029,3.180671495941912e-05,0.04683879093834759,32.6477482985676,2.0225625768519573e-05,71.48067848918069,3.302133179070203e-06,5.876833501501513,0.589508408235525,1.6956641345948869,1.1920915477332654
0.007568561136004607,21.168816316116917,0.011794380699389227,1.492616532365786e-05,0.0213794821770028,28.808621195519223,3.4956015970572164e-05,66.85701538004,3.0988212084250294e-06,5.472299385963369,0.5875095198936697,1.8964054907996726,1.1738518602263628
0.008520721628548684,20.288173894071598,0.019395525120596325,5.633686949548281e-05,0.014720308429605042,24.05566106689485,0.0003616185396461238,58.99343295459962,3.5084049578700166e-06,5.313020637844328,0.5908855397473765,1.8547209414825174,1.602524196189139
0.014970517304941588,58.223895821826275,0.017561186001351255,0.0008557867124208626,0.2525496781547953,24.451295038175267,4.363331964486644e-05,65.6233848312568,2.958303602476814e-05,5.206860931460276,0.6111526423798785,2.26210521842665,1.3207657549826373
0.01373380070322661,73.65513796455637,0.01008994175997167,7.420881362554708e-05,0.6264567381059287,30.643733337774904,1.9757555857996246e-05,76.60131422933088,1.6222516504736446e-06,5.4304889364136635,0.7919590489778047,2.2635560466956433,1.5341794553156145
0.00813837088515552,24.79364228934626,0.017737370693944886,0.0006309625462254453,0.04936035897440138,24.711907820482132,7.148089620435974e-06,57.88596147495049,1.178321546396548e-06,4.439629453962753,0.6655960800607194,1.5643141263093467,1.2490501086925585
0.00659212678384269,21.017069062739605,0.010302659305221751,0.00011621146110709907,0.0709984548074278,30.897246089088835,1.1206475842295825e-06,70.45840467085978,8.08845774022333e-06,5.122126733072739,0.5615608951510224,1.2582452949447758,1.4309702956555888
0.009910726155690107,47.00507306473117,0.011682283628762053,0.0006494161384081121,0.525014324842748,33.29829758572747,5.338780466568711e-06,76.59220986859654,0.00022653392748965114,5.556904460292583,0.5568512429275316,1.3064674030650651,1.4752622931057695
0.00374925479590856,8.851476684883966,0.010939781252867778,4.598919698256549e-05,0.019468999659931832,27.65135601604321,1.1145983465614397e-06,67.73133876405413,0.0007466506236581571,5.671896648268905,0.6938290162145208,1.7053085006571085,1.1597445285643848
0.0076225587642466145,23.76594404750308,0.01112033278189901,0.0004856467546194152,0.0355387240992605,26.59887440175517,1.3598104571709637e-05,69.71565096054776,0.0013384665763214924,6.113135393299088,0.6385000037452326,1.846224511865363,1.128842549310843
0.009499051971913187,34.64482985245514,0.010924294362257538,0.0005543225848848315,0.08166405419493167,27.414850825990733,4.6343136619702584e-05,66.35445639486197,0.00014865056781949125,5.825638789264168,0.5871540447117066,1.6930193178880337,1.3139193002708325
0.008985007812084275,32.91345146212462,0.011565997410761425,0.0003031652175510317,0.12871114448191529,29.041451108945456,0.00021225484459278017,68.26784948708178,1.1518045481026794e-05,6.156716043063991,0.5776593095849074,1.7846593155514197,1.3543526116375963
0.007560664276369337,30.84198035611556,0.010190009451148122,0.00021494887362088572,0.1578888814285794,28.048461987272013,4.838516540044629e-05,69.47762491063443,0.00022078117098972927,5.881031046007172,0.612095120177471,1.7073269239360451,1.2127035875609886
0.011109534047956443,42.773889159294065,0.013015990142423441,0.00019676430837853588,0.061638270968324624,25.946983082274865,1.2545067908750567e-05,62.44363489834,2.483794233439468e-06,7.577754027500773,0.7077339844719506,2.067784535163563,1.2565443108261296
0.0058511671902639764,17.002707162529784,0.01189213119621337,0.00031256236750567466,0.027513306417769487,30.29687521077867,0.0010044017139954776,69.48921805398179,0.0014052173978759052,6.327623092628193,0.5316206088437775,1.3663069192832737,1.625558671348702
0.007187895656631291,25.355630797313093,0.011037945483735628,0.001508142607963017,0.04201031816596502,30.74523254855065,0.0028256514206284854,73.19213170067353,0.0018238286196354734,7.248496997798861,0.4873722546669941,1.424998524811554,1.683137270927399
0.006125219224944525,21.734759679867317,0.010290322027662325,0.0022089734893742403,0.0819982791022393,31.76735250629242,0.0023392646192505542,77.85949992624789,0.0009142099715130815,6.438190823296855,0.49970322727791483,1.8359692570898276,1.5943659620668114
0.004439782277456198,9.833432273559465,0.013178800426628364,0.0007967105474149283,0.01967068861201064,30.263430799715085,3.266906208805415e-05,76.52930156652747,0.001331758519268263,6.57444207190661,0.4460790039639714,1.5042407257370667,1.1813995842295084
0.0037178938884585813,6.544422901228856,0.014796755770216285,2.582981587053182e-05,0.012547652929839361,29.462966646571456,0.0006195015782091387,66.03827561898038,1.2955787773574116e-06,5.797260191351056,0.49549051038845554,1.7123669106927804,1.5200211177935228
0.004356837344274302,8.945930227707287,0.01007055517303702,0.0001851424920623703,0.014584508064387032,29.59043063049071,0.0004087637882663561,73.49198201799767,0.0009088109875999336,5.373120394323329,0.4424126559618136,1.465809495265944,0.9649419555358284
0.005732834331988493,14.341483144856632,0.012492203387817464,3.466894258841121e-05,0.03064222298124443,28.12586455555251,0.00026280541486917587,69.39653957119792,1.202258159421094e-05,4.926111451756942,0.377289277468215,1.748781783031636,1.2882386816491995
0.010022396548728595,9.33098262827009,0.2945298573319166,0.016011554014379217,0.013374620378168977,6.756029499212993,8.376406957504744e-06,18.94860672785338,5.416184995325942e-06,3.106842753778854,0.5329792965840451,2.5735179159428956,1.8847889445820583
0.00935230154810646,7.203703124172488,0.4575519396372878,0.022765801782134724,0.013215688730364427,5.743104459706542,2.947517770888481e-05,15.77959688824742,6.996011108944165e-06,2.811384314444823,0.49167212974117747,2.662403809856531,1.7787987066311
0.010878535188852682,9.921725855983015,0.5988222273181311,0.02988960653949274,0.03342324741050717,5.130465160001489,2.015680626360394e-05,13.106336083562976,1.552065049957016e-05,3.1677334067531966,0.5096654924478972,3.0494991110656025,1.8798360986917257
0.01052992493271815,18.191445102041207,0.15316792958838424,0.0015676622318046925,0.2565630723545153,10.526472958114457,2.481566944065451e-06,28.319550339671178,3.470621032063371e-05,3.7169162930533752,0.43811517125705424,2.6321012556985757,1.769490346041827
0.015192919165855532,16.04320832924283,0.1959745774903616,0.001429654989028929,0.013823608934976207,7.027393469943067,1.3714997311164356e-06,20.925915223259707,7.015772935604352e-06,4.23752117182677,0.47932082286018307,2.8168162362254563,1.831079560455716
0.033980795316756934,58.08654422813778,0.1219710461823805,0.0006103090874236325,0.0569833261650888,7.607577107783112,1.3430612642527989e-06,26.042227186213854,1.7512010653536407e-06,4.369769813467976,0.46817849559174785,3.019503437360969,2.1288283827494463
0.006772816856145616,16.914009571116303,0.015264263154854012,0.00014323817623991352,0.03121593524784413,24.330349112924406,3.8674054213888556e-06,66.70033273183412,0.00018829116543289754,6.220202665641106,0.4859915068524979,1.7329658822606377,2.060855438511837
0.006382434345832173,16.30527810606644,0.01013816749112914,0.0002252834965057319,0.012418056352535395,25.15762062394265,2.5085892085249534e-05,71.47186535939406,0.0010216995025399283,4.3201591527126,0.5206780371249042,1.7705280547272204,1.6273200362613482
0.006497512247387231,17.19215991225589,0.010904305683840647,0.0003092254073917078,0.015102421772649597,26.132704312566776,0.00011206421920712025,67.72904640134317,0.00014831284527222342,4.915340823183963,0.5564791126140296,1.7931008908674562,1.6610375404114015
0.007157980814381666,19.405565970778298,0.010495759796722617,2.4682700126963615e-05,0.018892157125666352,26.552337758644246,9.282807192912676e-05,63.51031780125611,5.456236557847956e-06,5.737619111702389,0.5104227175721581,1.4574347531542051,1.6461189687377904
0.006049886435230464,14.987640373069766,0.016896900763204464,0.0005838765047649369,0.016041497984584617,26.801671498107343,0.001804412414819016,57.43985467093384,2.4066707447692426e-06,6.991614802219941,0.5400884036339826,1.3312665293477466,1.426122379743183
0.00612899702896903,14.903434442700645,0.01593510662139166,0.0006863835896860405,0.03342638577887526,26.03854954129169,4.848832879489548e-05,64.69064820194042,2.180907448664159e-06,5.5854883058059315,0.5109087007184094,1.6171228182896895,1.4573449435238652
0.004425970223558215,10.18214053133716,0.013683211009150525,0.0009498024889004157,0.03196890405800512,28.582125097060924,0.00047777476699681836,71.65428517915137,0.0009227348100091128,6.367337603539258,0.541067723186745,2.152649583205106,1.3120084205624865
0.006092336480792492,18.297771730083717,0.017688590725986164,0.0008462443587376979,0.09448426924343406,26.82225719991407,7.78816584730833e-06,64.0761468567567,1.720297477208473e-05,6.289019627659165,0.5372381800609586,2.1316954012980673,1.1887271956855563
0.007376117042024527,25.804019071192755,0.017823477883951094,0.000750595093065628,0.1002050056290007,26.440086760765208,0.0016233700140336296,66.61029507833364,0.003942985832014297,4.749347094723192,0.5728651286490567,1.919104166962486,1.4210006845351213
0.008091007620612342,27.601340599499935,0.022728350240170555,0.0005571058357667046,0.14971750677611415,25.04040017369907,0.00023056868035484468,58.62138774204236,9.499656507961049e-05,6.103033294294323,0.587343026078121,1.8905586447477212,1.315079107796435
0.008621810457845725,32.62344999548335,0.016776478377309213,4.254224211014082e-05,0.14708849331036145,26.983807781596557,0.0025707200565460533,64.2296147261668,0.0010596181915668793,5.1596030087354965,0.47989098321578244,2.099371883884001,1.2317345683636451
0.0075872061103768465,19.26245732796018,0.014633486676757351,0.0005272418713496591,0.060039575957640756,26.79864627578542,3.221807791648106e-05,65.74874486387598,0.0005889461438779173,5.474935323907217,0.522655503048442,2.488753756179093,1.2912410153411558
0.01747927785294893,69.0534641116763,0.011212862011428707,8.617170180817634e-05,0.44483607600431685,26.30878368304024,0.0021019303667506634,74.50566129170343,0.0019130032286315205,4.428367568392847,0.584251982910791,2.2406992455763883,1.2338524549963759
0.013994742796287553,60.43340340292022,0.010362850176830281,3.201746166099725e-05,0.1842161993260868,27.685165886847734,0.00012853001532842494,73.93575182239026,0.0007009710118392144,4.314976977855842,0.5245400995028837,1.7617562349140394,1.1923817436875876
0.016759618049948022,61.11802519134939,0.011638630136200602,6.529468713930105e-05,0.2481627479947263,24.748422709158934,0.0008619204373242498,69.2757688327734,0.00016841007914369024,6.67031337051688,0.5465258165702521,1.8122287957976158,1.2480417433186086
0.013111553033505842,47.7773966122652,0.010144741121838007,0.0006106424242722749,0.05877446992203439,27.64632597325805,0.0007104059033074027,65.29988468210001,0.0022196240931751455,5.407459944613831,0.48309893883213917,1.746545663769953,1.4427714307646888
0.006005777877584566,16.01583539338652,0.011842180399587069,2.5123900620038744e-05,0.012701741484699323,28.21111073865339,0.0013974477537003862,67.55828552504937,0.0005983637565297152,4.890813065511284,0.5186896597068688,1.7717095727353553,1.31442173791438
0.009571176974944584,12.56485385630909,0.1982645902068953,0.0029025512761949313,0.07073405826182635,9.2017547388105,1.2397081926904308e-06,19.288956568626947,5.7854628338528816e-05,3.903495127854708,0.44128096019771035,2.5516799479897787,2.0059880479543857
0.008795911729498758,9.656447645610005,0.22042952130917953,0.001967282473921656,0.03356151412420531,8.573977811825646,1.3840733013313595e-06,18.815578293001415,2.0118718081627468e-06,4.063245867753416,0.45484492535103266,2.708227333465272,1.8931266415980268
0.006708433747600868,8.933935404767732,0.19130045701670406,0.0009839146831972462,0.03000701150392743,10.746497377630977,8.454834409810773e-06,18.931670828833884,9.10575528975727e-06,3.4110743275211717,0.5048827465714102,2.3663093911849766,2.5716856381968047
0.007346706795096401,10.593081208401852,0.1517393009931369,0.0010386483296418766,0.0412580362035647,11.358805680439392,2.437199572827911e-06,22.306541160720048,1.7101274704249736e-05,3.704489284591223,0.47833427149026775,2.3436242113219348,2.1011083101161736
0.011789903936088843,50.69946215949866,0.010464973426983187,3.102461939919564e-05,0.24521252199320773,30.45805914297776,3.275757580576422e-05,72.78292877826198,0.000824173487395954,5.812745167188258,0.5326371902813939,1.6518490597312652,1.128344489898068
0.01146818029328825,43.48369611288346,0.013088803588016165,1.0502664606557136e-05,0.15940570525723796,28.18824046405512,0.0001443304491248287,66.77860172095215,0.0002126620240035201,5.263265005488606,0.5501460922494465,2.1548124589800897,1.088245694699922
0.004044465877459875,9.943567087736778,0.010752994204407477,0.0010553104667086735,0.12070784504740675,30.25964724452866,0.0014209443599101082,73.59910110417361,0.0008843330944745208,5.157037870432357,0.7824382466844071,1.5598102330971737,1.195063035429674
0.0043069249857805225,7.162073897260711,0.015779384778835264,0.0005419294326439693,0.018867878021403706,27.01477984310083,0.0019471414096157323,60.71449828120224,0.0002961571953914205,4.942254174946345,0.5209324577842455,1.5295567045941285,1.2169215411771277
0.00527516386527175,12.835617627338348,0.010436016779696656,6.835187249896415e-05,0.012052437753907849,28.951603314241208,2.9486814755784214e-05,68.77889673306953,0.00011041744804100783,4.85750357933235,0.5327936470729837,1.6934964693369845,1.0470779413151228
0.004764771003476368,10.33539524265688,0.014856027968262148,5.988447892738005e-05,0.017512741738906802,29.530545206648785,1.0008009310219106e-05,70.9079301789194,0.001070394932532596,4.825649704996031,0.496788332801483,1.8304960240878048,0.9939109669852249
0.007841516706726163,30.58814898403962,0.011164083391913866,0.0014276947709734966,0.1339954170085905,30.028500874970362,1.8216419092550654e-05,71.6606459732657,0.00016902399829233817,5.1112936919742165,0.5293256418230475,1.4908000935722407,1.310949214722804
0.015272254683906165,73.06372332067141,0.011258185234596206,0.0006696446481711687,0.2359300981551541,31.346109495289333,4.813864060906126e-06,75.12864660458767,4.685782076151569e-06,4.531005032223472,0.5697678461543826,1.5804257764117497,1.2338186008796914
0.008464295073403322,31.347290210930424,0.010115350176639814,1.941677507150365e-05,0.1460898982487855,31.15627808563508,1.6420664070439516e-05,74.91745749738864,5.817457757220985e-06,5.44605471469714,0.4792073310100707,1.5712979907192735,1.2353127903684658
0.010261366185739432,37.62949736928084,0.01165226643621816,2.7202343246919855e-05,0.030380864610409865,27.504239629491806,3.124371401607844e-06,63.485910075526085,0.0003551904520014384,4.250995114826082,0.4281630596399619,1.7605572373123142,0.930113588063015
0.009346256889643918,28.49391665182441,0.010858650921563082,0.00021677072319709767,0.02370552986368134,26.06965724504446,3.5107194777141635e-06,66.3892306305372,0.002576754400805014,5.049136212628257,0.6732023180134974,1.6575850701521462,1.1053716933661872
0.009011299524903179,30.965856969713382,0.011278640776146695,0.0010364113523073301,0.037539227623962494,28.49712917721191,1.0544402891988812e-05,75.75557316842443,0.003433637510243677,4.856465465839327,0.5095271242188306,1.7629243891172133,1.0712483536304196
0.007693961172818021,27.903706854974047,0.010228645232128384,0.0029446347758210097,0.039293293995275466,30.945200881449683,4.545537112398192e-05,67.9161887459855,0.00067088568456184,4.527096741419658,0.453929653865105,1.6615696094467345,1.4291327307568573
0.005302646525740081,13.305614644182954,0.010320769759181172,0.0025432639844365054,0.010995073180729596,29.682276460371714,6.599870569460818e-05,70.96145001966032,0.00026162596336716277,5.0374046461374995,0.4189082983070405,1.5901378056204076,1.2031710082250304
0.005619818721563043,17.84140967673886,0.010914627621920798,0.0006170843059733824,0.0707037521712306,31.003606045569878,1.1395220884154632e-05,74.86503842090232,0.000709420081324,5.168731147753671,0.41307755137607344,1.790844074713692,1.2730782067311504
0.00580743808780823,22.245199432008643,0.010478228226403612,0.0013728869855876556,0.4468805922135116,34.01511267691487,1.2910080742753768e-05,91.4828175238253,0.0018982755792942966,4.24772468836923,0.3803823397020339,1.6739134574058874,1.3682337754369234
0.007060945568812406,31.452495583680538,0.011211781906439433,0.00042436137063837513,0.09687811099855173,31.312189281069532,0.0005863613936840106,61.51428862032459,7.739258160099193e-05,4.769176538961057,0.5831991153434012,1.8157778973438734,1.414727257066964
0.010726903087341288,49.00790123526846,0.015584402771031368,0.00046300925348822917,0.22951238964719495,29.607250558064152,0.00011510427552093136,66.73977429770035,2.1205608484265013e-06,5.1711773527108384,0.49827228340551705,1.8265759125635372,1.8806633147329557
0.007212092656948461,24.249183710244314,0.01256367622555984,3.0496986523400084e-05,0.1275087026532869,29.936061496608513,1.168788904272506e-06,74.80167015313536,3.215626897627175e-06,4.392041454549871,0.5252679751124983,1.881764403771801,1.581566253452042
0.0055224475283619035,14.693541345625015,0.012074412661147777,9.51410456923576e-05,0.024918094848371302,30.118672483563863,6.729951559989299e-06,69.14913556121164,0.00018315172400908036,6.627705657516048,0.5710603913835719,2.4569120977704784,1.1469680600420684
0.006898900547864501,24.186859001800947,0.011863817118110263,0.00035303912257281456,0.025783907447896312,30.385152005753014,6.599998310212568e-06,68.77912164838682,0.0019816278609167096,5.3149999353902055,0.49065479659986744,2.4917892191251156,1.2273525765374478
0.005775147611534265,13.937917364736675,0.010238453518341512,4.739610126921934e-05,0.011653951901041713,27.51725974669787,2.5187801147293624e-05,67.46752124624784,6.079587782631137e-05,5.404400128014988,0.5582198478876517,1.9138965099106917,1.2814135763403736
0.005131815596551436,12.143266569844453,0.011026708935125003,9.10665167789674e-05,0.013038600036194385,27.385543661708798,3.4221755073874536e-05,67.44266696619884,0.0001009214154531901,5.165555745663978,0.5667250541672971,1.8153156178376844,1.2686324505704314
0.004340495406459488,9.812213378529123,0.010067145040274422,0.0002847950651099922,0.01827473126482138,30.269870269037735,1.8804042562644806e-05,71.90944197840082,0.0001022624836632303,5.237217226447177,0.5832986947784398,1.8399563068477753,1.2178544334556332
0.004428413578486363,10.061594547855757,0.010969950803630352,0.001321350157481601,0.018469090608133218,29.74599507124056,0.0018100530673348446,68.31533469174302,0.0003714478921730889,4.437382513465701,0.5504101281662465,1.7419320837748575,1.2972437704259607
0.010315449851705424,40.224931282131884,0.014789871175505117,0.0001243946931816124,0.2656468664289408,25.544293773522938,0.00046927262249225155,61.29299192328059,1.6043458234659844e-05,4.574002169302537,0.5755692379373973,2.253434225017863,1.5327415359343888
0.004373564998393408,8.20103664155315,0.014184558885278848,2.0357766051566628e-05,0.01613836839594669,26.583782533779218,0.00010342405822731333,67.7939018200967,2.8288087553642687e-06,5.380340370165938,0.48210062752130606,1.7389490044913252,1.4245155103748572
0.004472082924567447,8.982786422004486,0.01009648668348146,1.4616869226228123e-05,0.01357290168374214,31.1070186089064,0.0009209320661774633,75.44157086859462,4.026616592736138e-06,5.776968306587332,0.44628625459510113,1.582074903087844,1.330880737343472
0.007066013796844081,27.69082385167494,0.013987000513595157,0.0002486000027906157,0.25223397547060206,30.977643043696787,7.50839591741954e-06,75.38875061762508,0.0003234479365165766,4.731148006812948,0.44380542070596146,1.6594145669630744,1.5982661646567182
0.008054360378362579,24.027604575820554,0.015971768405484872,0.0004522477262208991,0.08271089305787313,24.87061771873729,4.100457907982205e-06,62.42986697131257,6.312282051548667e-05,5.146907461493388,0.39748265050176607,1.8745039900749068,1.1458713966959169
0.010003566993900762,33.8727469948782,0.013169384337676292,0.00039885041932639177,0.06336951428236343,25.435167912086413,1.756588455708531e-06,69.25677311641526,0.0018628165676881827,5.9739244469356185,0.4681713610810327,1.6121682780374074,1.5211179650765705
0.005232743073345111,11.969968602413182,0.015890894140955326,0.0006093563201273425,0.010775432397731238,25.759168219448405,6.621879778539214e-06,61.87980338259781,0.0007705794643777371,5.957166483514406,0.525134451059788,1.629536819521216,1.262059321953294
0.00607036229618649,16.408811254821888,0.010090581329877142,0.0013688349219471592,0.055277290456097375,29.87101214438759,3.363659227290342e-06,72.33836187205344,0.0009502938624410221,6.978440584490139,0.43207562722878956,1.2206471897902482,1.0523168219727956
0.005614724799918335,13.549861378855276,0.012087135251570515,0.0004009161190396066,0.03262404444950172,27.42767383002465,1.7753675105180846e-06,69.37692485106867,0.0007055463768484613,6.53888196502469,0.4871719246525345,1.257726867950674,1.2713835460797003
0.007607078384514917,20.13749787668017,0.011720568171883375,0.0002152695197592268,0.022894226974958166,26.489380856777544,5.952302159759139e-05,68.08213298649557,0.0027656111298236035,6.891343676947395,0.40822074924088964,1.6056047350369078,1.1077974485422775
0.004892034178098734,11.918246165419372,0.012890317208358879,9.376691950966452e-05,0.04603189467119426,30.345277738063043,6.971551738104246e-05,70.40690996939774,0.0001313828851505434,6.631451976178259,0.4325377567905746,1.5632590857262532,0.9654109053816138
0.0069307402337950115,26.852100409942945,0.010850991536471578,0.0003155446085090557,0.07305032663787242,33.20230127102214,0.003948103665780386,68.61059271298593,0.0009615650853708227,6.479328103426031,0.5024634282227992,1.525630737575601,1.2287865338614365
0.007950208284243913,36.35941911035024,0.01151214760364314,0.0014594036287522713,0.20486619470874173,32.00422593015843,0.00013085118150579734,67.13246477255886,0.0006652837566289202,5.190765637121406,0.5746460805315463,1.7149505649949353,1.5092010698819116
0.009818277479098905,36.96994652548844,0.014237854009491556,0.0010584245741442845,0.12293260627237462,29.662729336191514,0.0009717207948663069,70.49998743511682,0.0008062888245649048,7.196442875509005,0.42330779606491414,2.114825908213626,1.2767645414870967
0.009110792507570823,33.23524445985314,0.01197149025902691,0.0020667214030855477,0.028885583498410118,28.98357668092596,0.0002474985883242707,70.97273690814977,0.0013247256294693663,4.707417782706375,0.3889997822887716,1.4195600687113683,1.1423396207380618
0.009114992273238715,38.855270143750694,0.010046510270189468,0.0008802480575571818,0.08415521538500224,29.815881295528357,0.00046567056223902314,68.95438680706522,9.798191248343832e-05,4.632127740861932,0.4591894316915163,1.5093606128234436,1.310129213611811
0.006248028993597508,18.14219644291234,0.013921262212361138,0.001246964469668156,0.033469054882395856,27.715470588928373,0.0013038542781119683,62.905269355162766,3.468635795810232e-06,4.349838548511472,0.4738453239854065,1.3017342893584558,1.3169481663757532
0.008168486469881995,24.096691739053355,0.012758278847438636,0.00014202124891613043,0.06203932024806553,27.66524533077323,0.00013105401683346317,71.77541405334605,0.0006222687361844063,7.67693538411051,0.44903826235116223,1.8258432462039311,1.2453795197629942
0.00804129527156214,23.51121493204321,0.01269356235352346,0.0006886130360164878,0.04736854609058312,25.619378349429308,0.00034783159230128045,65.02980230061664,4.4133142782217804e-05,7.115865146889771,0.4604987922432397,1.69264108560811,1.1733826590681444
0.009834859552721382,39.74060891359608,0.011242397265766766,3.8748909430165956e-05,0.12581505133005286,30.484614198184865,3.685653838211776e-05,71.72188477648447,0.0009201209026960062,7.786834098050626,0.3936303275162762,2.216213402378989,1.4017532187929673
0.007901522123816875,20.687223563617344,0.013410984817690588,5.592038322543442e-05,0.03110826202822169,26.04619251817318,0.00019070298077632127,73.41497532278362,1.5243742775725228e-06,8.01866185842069,0.3821590992970019,1.439856568675774,1.3252885351869892
0.007977381627044321,27.71991940181259,0.010398278445044056,0.00026597873540392997,0.146663782674485,30.568381358049724,0.00012932227384582426,76.75015165782116,2.9297608546423127e-06,6.906520252145459,0.5497515745888574,1.528480424427444,1.2542225604484627
0.011035143420679258,31.108413748652232,0.021087722601614452,5.7128340507603985e-05,0.040106218391725124,23.48222997692188,6.583873219355302e-06,55.93818094092363,1.2094496165621262e-05,7.5785121697837985,0.5806607412486007,1.5020919212817299,1.6113044502695033
0.013802262784659998,58.73718059074709,0.016022848959291316,0.0005146823759277558,0.07984144244404384,27.429058999387074,0.0015923067108796869,60.10067612914532,0.0012581245176104378,5.407238667928441,0.5538282055696421,1.5525653820435992,1.1641636706003016
0.00774604093413992,29.73492087225664,0.014204004127116279,0.00011131366240965582,0.1833575306838563,30.044508446752847,8.918909069511146e-05,66.35883865999399,0.0004627490606053099,5.800656247199989,0.5346295152386505,1.3782784309317186,1.4656463613655586
0.005507991806785289,15.26920331577805,0.014067838997759085,7.908983709061765e-05,0.030919014382070297,28.708014527284387,9.471318622170819e-06,67.21278836269919,3.688860520938973e-05,7.702158301717086,0.5183993810954537,1.4856566376642781,1.2886378528838
0.004802167272238452,15.974674948991485,0.012136817426781818,0.0007417877526828497,0.04763174290382199,31.130508265584545,0.0002476412093300246,70.12963941079914,3.82666334567623e-05,5.9742892192656845,0.5077070585108099,1.7208316915719415,1.4463287140477254
0.0073185360500875275,24.462118758892217,0.010889302187967612,0.0007337062359068845,0.033368710852435146,25.80390836599484,8.499282609025982e-06,58.258975066408475,2.563099550389815e-06,4.490299041118748,0.39280966283915153,1.5029929183016224,1.5443370499423923
0.00932380687285694,29.10632221583842,0.018955267732979838,0.000459300264769708,0.030649004738002895,25.01146011279279,7.813302448316783e-05,61.67340554368601,1.3814848460335801e-05,4.864723080626118,0.4077422207603863,2.117118370209327,1.3258517535511491
0.006284476149756515,17.30263263394099,0.01568864608154116,0.00025841714476791563,0.024644747758449333,27.63519576088111,0.0046986093948592125,63.03891217158277,1.0811606980454394e-06,5.784545681779396,0.4893887521891101,1.832555065479765,1.6936657571283245
0.008293096532367388,23.29989351242308,0.01542710476892661,0.00012246881536250658,0.012617909022723807,23.975205205099652,0.0003474017255784291,60.27344248891432,0.00016339907073778157,5.542287889333063,0.42533035025257926,1.4850624031170319,1.6529585121654717
0.006606756665896329,29.617564691524233,0.01025284026891159,1.3216858231016294e-05,0.06847749619398093,33.24041979007696,0.0028639375830824573,68.87531739140202,4.973950063391951e-05,7.003358135575911,0.46968059966274617,1.8290635324687385,1.190647876119072
0.004556272054438184,14.391256325851984,0.01193783749398239,8.652564038132036e-05,0.015447452323983073,33.30580678764732,0.006824412655987523,60.36312270609759,5.316500633778896e-05,6.365128701223176,0.5523400270276346,1.803924069795572,1.2052540995661303
0.005192335756179929,18.744903695632757,0.010383748150703023,0.00019443735068763135,0.016685436716695555,33.433277589060104,0.0043185389295125245,61.494080495622384,2.3858444060014953e-05,6.23862001406094,0.5330236768399129,1.6783483622563986,1.4923621503079836
0.004900472058268696,14.510989415665035,0.011961315445048457,0.00021239531273547867,0.01466171649311381,29.66935003055887,0.0019096659984188307,65.34111475258366,0.0005535753993275145,6.579416052545292,0.5522143145533527,1.3171433414924698,1.4743141713643708
0.005965242484282837,18.742545637157512,0.010412583186882539,3.751578736833016e-05,0.01562824912607374,29.899977659079653,0.002717493343988429,68.16139656202255,0.0015258828063374479,6.308229703152211,0.49911259184881096,1.3900613845522,1.363155552257112
0.004846876931561189,10.014441848860292,0.011314907315470248,0.00186856209067353,0.027551351079126325,27.555222702800908,2.70042337940004e-05,83.38651033964709,9.815063871249237e-05,6.910088088430402,0.5076682836312375,1.4821951077318725,1.6098398848025175
0.005222134858766527,12.167363666443064,0.010414606899083497,5.241865041071377e-05,0.027117058364550556,28.95748249059499,0.0006473175238242558,65.97404827403862,2.0399896465061597e-05,7.042842766678464,0.5148615554063886,1.6483335430671342,1.1514839609273573
0.00917467307072533,32.978346839209905,0.01092604409030484,2.9382978338368778e-05,0.04350874882355148,26.621777236119748,3.821587706692127e-05,62.3851809417374,2.1426605723006215e-05,6.1303912279981665,0.6974876989808961,1.606139775806051,1.8771990423060527
0.017760781465988165,87.6414725910821,0.010158447446338162,0.0001649544803515025,0.21112072700224915,30.282270907265517,0.00013338830202496013,70.63631974698234,5.060338920766086e-05,6.674249470498404,0.6759919845371767,1.8223187199773516,1.6773258080658109
0.005284133425362119,15.217607912930125,0.012398765632072185,3.252963207293266e-05,0.010601024335850043,30.91796156571949,0.00012631887841186453,68.08284711716566,0.004406800112270821,4.7678086871704375,0.4800572816839853,1.9088274310000393,1.2026300528973646
0.006004585201815975,22.05183494566583,0.010074964899607427,0.0006414128508938251,0.0494465618062834,31.723795189040004,0.00013638179665448168,63.82761139624128,7.563584443500287e-05,5.260497786275527,0.5067818627052973,1.798297214318437,2.15782044405632
0.007248698816952666,23.302531379413786,0.01192562761281675,5.53590654825501e-05,0.021406884142710747,28.344649350221324,0.0003463839800499546,64.49123219784906,1.6666807794514304e-06,4.93391229756177,0.5056391979564359,1.6168267962189344,1.7792695252139341
0.009571173147143366,30.98215976254258,0.012288166231591027,0.0004834781155090236,0.06268627265796287,26.857848730408207,4.875384380426832e-06,64.11310281634546,3.284798195356183e-06,4.669454476930222,0.5314312421145748,1.7830927379696957,1.727550790244997
0.012439016328517674,55.563498261465824,0.011475052291624887,0.0003618563330828316,0.23281012213321609,28.74387256262251,2.6324333969359584e-05,72.80441719775291,2.560519776549142e-05,4.916866924149282,0.4727439553885319,1.8353353797613012,1.6786961487913163
0.007158524297065995,21.134284820362865,0.012582435066526709,4.2796872103057754e-05,0.024990919283280153,26.970859437006762,1.1125628148046025e-06,64.91210304607692,2.5183492091234853e-06,5.365449237276952,0.5035544926732384,2.096501617257319,1.734303303429297
0.008140035878102796,21.73967553589077,0.012330861769824623,2.8008784596522267e-05,0.015222838879414457,25.399912416170203,1.0265224483706412e-06,62.154184669097674,3.1652139661059734e-06,5.582884329762216,0.4703653373009976,2.3224415166036176,1.7148323953694
0.007500127063086381,21.217225571040757,0.011412258871584088,9.040569876758328e-05,0.015793533431019125,26.852278561852117,3.606220892977009e-05,64.89728555732125,1.0071706198444282e-05,5.365626216639339,0.46029472570900865,1.751214878008675,1.1421525555977212
0.009007302585704927,38.036900550957284,0.015201305291482172,0.001699084647663128,0.08157826563381176,28.380624689117262,0.00014052087578910578,60.94181201709954,8.585105092621607e-06,5.000776914596368,0.5899511572951393,2.0500899457067137,1.1902711087121423
0.0064955507624043785,18.223675265361106,0.01786797023214376,2.247693607281351e-05,0.04905435160215618,26.613498252319957,3.19275457131676e-05,60.85582471739278,4.582928420648861e-05,4.53404574581614,0.4797527527741604,2.171118785193084,1.0884511290349712
0.0054883354177703075,14.99299429426517,0.014639428169399305,0.0012234830438606784,0.04490899522186936,29.16766505642787,1.562333244538164e-05,66.68243571548464,3.7509092553413836e-05,4.720159196134924,0.4619989718367947,2.068180122556133,0.9830455607181154
0.008818108947027902,30.141275506705043,0.014821784084092484,0.0007624168752024478,0.03489994072801189,27.404969963269806,7.849634894460976e-06,65.02071373392171,6.92914396372603e-05,5.215142505607503,0.507842698231579,2.101407031958794,1.2151133183069371
0.0046571826765244234,10.172402094806635,0.012671672522077859,0.00022547056257461064,0.0194720275698792,30.31982111004456,2.2044119057122655e-05,66.78177836899297,2.973622476868403e-06,5.598847276929975,0.43792815953673175,1.5107299739996478,1.1786941079276327
0.0049139674210481885,13.142250817276652,0.010688096368691006,0.0002575657856217221,0.10819435107371207,30.579813071515407,1.7504280720418485e-06,73.40729749822064,1.0539686528884747e-06,4.639532185324344,0.589162856137103,1.817452793957419,0.9754892692100374
0.003557434342969334,6.88979197976212,0.01211834688352519,0.0010308190547822422,0.010771992677408044,29.919150957067554,1.2200327104169789e-05,70.68135219209339,0.00014298045092948257,4.459628617606746,0.5980774064357622,2.441848404817305,1.068636702696143
0.004008801419855879,9.970197722748996,0.013678850327981983,5.434140186264855e-05,0.017104697166823633,30.608351498014816,1.006010977431031e-05,71.92997973930026,0.003123662007369075,4.421574201014912,0.631166189188461,2.3631322392102305,1.140986319898767
0.00480625654680401,8.40709564152965,0.010811931379341689,5.108465503920163e-05,0.016131063995978568,28.911154854152088,5.222035148383043e-05,68.43352277658911,8.045765347213273e-05,5.066286842884558,0.6083905688882251,1.6313308924599816,1.2516692794720599
0.007531613376811946,20.813529506723366,0.01583269262218742,0.0013069029227430974,0.11172771109367684,24.56228385059982,8.754921938793652e-06,63.41070622759054,0.0008685823130389278,4.971778326181415,0.515934751610431,1.7965848381062284,1.9188980436332772
0.005510570120298844,13.6129742224529,0.010137206284263614,0.00037415426496465473,0.071798295335794,31.30415045488947,0.0009367209882602467,76.10400211540497,0.0005109297553204295,6.4230032596134405,0.6208308703087465,1.6383726059151955,1.351007349245429
0.005504196734946776,15.363832242683175,0.014198903558951046,0.00010649418040507558,0.030439923479157117,30.639042177688772,0.005107616040814582,60.184249736122844,3.965407759584837e-06,6.2242482806704205,0.722172898871781,1.6895838688117608,1.4962362227855914
0.003822613960984453,9.296230560190837,0.012613201113633229,5.1162107813379036e-05,0.011613673792485965,33.58955018998805,0.006598331611843153,68.757013964075,1.804837406695478e-06,4.50639145088478,0.7085748096256215,1.4425537536733433,1.5270305492644476
0.005823961153017571,15.541948406206942,0.014966857866246873,1.9369931563717513e-05,0.018073050278811613,28.876251722097862,0.0030366419020048216,64.7062074338617,2.2567339448537446e-06,4.918928883086391,0.5547702642534613,1.4813888068843013,1.3336987174323187
0.008635923009388211,29.23113019029438,0.013454981197884073,0.0008531610471881888,0.07833859693219572,27.55305574073178,0.0009792101347179387,66.6754441243483,0.0001380193687781203,5.020025656863142,0.42718713544005815,1.6786592199667356,1.267053831379869
0.005541870190433458,11.068058658552351,0.015576039208499088,2.561842175327936e-05,0.014264984147447412,27.9831579324648,0.0006808191653129183,67.69283383860082,8.441062477731392e-05,6.903336478329843,0.48832507835387856,2.410421307664831,1.0280783079019022
0.005201645096010123,12.046891529179563,0.014463846164379561,0.00042458267195875655,0.013496905403608405,29.73256849267113,0.0028175545837856525,66.97786335759001,3.175890968520208e-06,6.078351353352182,0.44329512693096546,2.4174327836644434,1.1232599643079224
0.006470454231668517,16.167631275943243,0.016165260999369695,0.0011571140892680531,0.02512063435097447,27.056425857627314,3.7305129095373324e-05,62.74887037151676,4.983824984938033e-06,5.774894899500977,0.4816900520185015,2.0352894561113546,1.4139919390233298
0.008099510396320024,25.22727049958182,0.011801583334003485,0.0006793973746227988,0.03834115184419241,29.178307071761704,0.00012180481447567552,68.82079368508128,1.383276351602159e-05,5.548245037571009,0.5431408817380348,1.594590822405576,1.204423483354697
0.012213460969025508,50.00639294432746,0.010881692849439477,0.0007728315437021901,0.05533816300577671,31.35976082351442,3.2217193879567166e-05,63.363676678998935,1.8990082104523491e-06,5.953472456177111,0.45152226431495457,1.6999892900151574,1.3681699781820602
0.009925028970714104,41.89407097208528,0.010297741748786381,0.002095522235954284,0.13123353513027633,31.195256006140905,1.6175478797240043e-06,69.97383932253521,0.0002137041273905375,6.472406102793419,0.4589867785712455,1.7038767061623064,1.2089290498780012
0.006600223380611377,23.45955062884068,0.011032405889610434,0.004292970413707438,0.0779323171990802,33.51288517237412,2.555748724053765e-06,73.45267628837607,7.974362230668214e-06,4.705972170624475,0.43085257612692845,1.7792360526096724,1.0186444702534359
0.006748423397702542,21.652201436737535,0.01681553113518515,0.0003030433128762403,0.15688371256268063,28.332770040809464,2.4112894858538918e-06,64.5543946626565,0.0008235758879730402,4.464732505651067,0.4290183566250738,2.287084844968456,1.4614543455507443
0.005655844501523894,18.76108871504,0.011290704742696294,0.0004747115370330164,0.0711212245610671,29.23200948202802,0.00012880519959652516,63.881024230384355,9.401744309979041e-06,6.303074336831323,0.42996964980540736,1.6963237936877948,1.5678884082873996
0.008623414869778964,29.345070091533206,0.011622847663427608,0.0003080993375430009,0.044037973435016815,27.6397377553919,5.9638750310157884e-05,74.18991123821945,0.002474432233829386,7.29748168298879,0.34028546775168705,1.6378474790934112,1.3771942846854202
0.008420118752520491,30.79001881633074,0.010245919106285004,0.00025483980600141435,0.03809151195410121,28.77436409268936,0.0009223656315840247,73.77867597251155,0.0032981117962037248,6.865350898318473,0.4271524036433709,1.723446375179648,1.2821538328206903
0.0057670155482448,15.484085956826375,0.012990869512530444,8.728217964787573e-05,0.028895884031736745,26.870574501105736,5.949868200017703e-06,58.98028115271818,0.0003104593504015209,5.232390185058871,0.5493976653260577,1.3257377422421752,1.252485943360893
0.00359712604566782,9.03682711023001,0.011875850411520795,0.0008320937637028223,0.02785128865576933,29.84838136186902,2.5255602029714823e-06,69.19479451607877,2.004151989710244e-06,5.334494135972313,0.7625756576410413,1.4908639553641714,1.018838576476363
0.007576979784323867,27.095990783075226,0.011226721382819393,3.384614928600669e-05,0.09397372961753747,28.50639358332341,3.6525860848738423e-06,67.90571629251637,4.862601316383952e-05,5.263032518853053,0.546928110605889,1.7134322035373644,1.1534750804515301
0.011552598093868001,55.33307368439572,0.010114232023369849,0.00035915700438298744,0.2933804916875282,29.96310767027132,4.138199920367936e-06,70.5563271499439,0.000508327990845954,5.17721334900509,0.5537766097030127,1.6855817214928324,1.073022387205916
0.00995928474457321,41.06108990678896,0.011002127065650591,8.44637295849476e-05,0.23696478067711446,29.082119085257133,2.0979149678900456e-05,70.60943616114552,0.00016927281037658565,4.476839003335736,0.568077513994826,1.2493327977317479,1.1110085762557906
0.013436713220980922,57.5783298585822,0.010528353255431304,0.0002703237934368309,0.12469475499643438,28.090349412329893,4.80607122566077e-05,73.28120463030331,2.8349424288883147e-05,4.83387696162582,0.5559007284678057,1.369439899643972,1.4678204425335604
0.01325069759328733,53.46829485616316,0.010508663494985002,0.0003003623972831851,0.1572432064816855,30.494068500079678,0.0009143620138641327,73.65172219901432,2.728338508762329e-06,5.78071752123829,0.5277927348128127,1.4931844873637934,1.2360896103477166
0.015412244158130533,61.533052813400246,0.010629989994778771,0.00029741600404164327,0.06775736811360039,28.39102412246721,0.0006890206151519886,68.18621750199048,1.0219403870757038e-06,6.330419512406035,0.4864533066073039,1.5361573536140345,1.1831512389842929
0.00870724497879068,27.20075099021836,0.014432991913074442,0.00011115543729563064,0.033068408631261904,29.060316769722323,0.0029103500941175886,65.79311961263772,3.846124889102633e-06,6.672203493452834,0.6178487468975538,1.8467816113253295,1.3381852449571698
0.004621788125238458,9.734502199582744,0.015265861039669959,0.0004061681682922043,0.028414660671435457,28.321591140120685,3.0420862660151253e-05,70.08126566676833,1.493326104628103e-06,6.208004234619356,0.6315899527746245,2.0943839708043908,1.1939236045263129
0.006637582461021556,15.822246468073589,0.014053391628706257,2.2532145736707702e-05,0.018687615578003428,27.73975738873399,0.0008063793442276832,66.98209419201956,1.4478088447579182e-05,5.149307187452662,0.6507756397744787,1.5385649845498495,1.2868595459813181
0.007382989668616356,21.61027847819338,0.01035987276285528,4.21869840616742e-05,0.014411627680732638,26.872276228889078,0.00020287031281671466,65.95587459248891,0.00010361296700338814,5.650345018472809,0.5941286462922548,1.5323055693930108,1.380820814544443
0.005821307842971629,22.774162496378743,0.010657992296072427,5.501862527027576e-05,0.2377404530150065,31.953949117460162,0.0006692304183154044,80.31036597146519,4.983786412894201e-05,4.752905089581847,0.518387741568183,1.8342736291387831,1.2694561512968827
0.008576937831109572,42.221563121081815,0.01443314415884482,0.00021902303217864627,0.6625322026132822,32.29899756172553,0.002580716817549948,70.21382389398867,6.022120753430165e-05,5.445978660602215,0.5167520777937515,2.4469035107553,1.7438795731491705
0.00990057868515474,49.454000736057786,0.011021237842632144,0.0002973406342789427,0.557072356340482,33.19229191376331,0.002432214534743504,81.71494252670455,6.516007205986726e-06,4.42464827798438,0.4449082198257116,1.7539496774873133,1.5134006741710548
0.009454399655077638,40.83951069011585,0.010475966045950495,0.00016810208714137988,0.1281025034874432,33.1965064249616,0.001844322630668699,76.91795776844846,1.2553904699623886e-06,5.269699626073911,0.48115290108607445,1.8700788344119343,1.4615277311396875
0.005022585810855504,17.384318704882293,0.010783086747349988,9.99332449829185e-05,0.09316012913295466,33.90810308968144,0.0061096841009440715,73.43143838251531,5.383505742628391e-06,4.699460992507542,0.5019447480903368,1.9783566018157404,1.6436360917871882
0.006819733485803875,21.573278300722794,0.011323682709463656,8.159255582996127e-05,0.04766226185108767,32.469922562262056,0.00030781367269226755,79.5106780052163,0.004722659245094592,5.083645591027222,0.4507937810556919,2.182486479338309,1.2363434766508528
0.0047632283152627955,15.349014532712905,0.010613628862970839,1.7484459184921116e-05,0.01946611824407029,34.358938088012344,0.003943870665160991,70.81317689833794,0.0036882672236770195,5.815737683089713,0.41727501053832433,1.9616815780969032,1.3058792346684662
0.005671692021200908,14.711108885181636,0.013741329701309726,2.380782854944278e-05,0.010040712688236867,31.86849834939832,0.0016929941398381994,68.14414508031092,0.0005175154627405481,6.6290904300014395,0.3850881279674092,2.0275847700516274,1.0689039363093
0.00749870728125768,28.68864870291394,0.012763266634297192,0.0025004788739792644,0.05240158413846383,30.357121048200646,6.909371514525435e-05,65.51646550050698,0.0002217023954139815,6.200195737894961,0.4582481734694535,1.7451979177419432,1.2948913054614106
0.006018607493719735,22.734528570312342,0.010553033139894029,0.0010881356288152504,0.059375597030728484,35.10134986722212,0.0035414677488404757,70.76583066461595,1.8835487044230814e-05,6.374605643540876,0.42169097842102704,2.0194864672891004,1.402972654861963
0.006287460284101692,22.294808682734452,0.011662234742509405,0.002474770919271447,0.06679004123904693,34.594690138536436,0.0020368082645293812,66.9109825947064,1.9574050824056167e-06,6.747691623622566,0.40742588676395664,1.6042080042744087,1.2115422152581414
0.006216081059980947,22.84041006166845,0.010880132642079812,0.003242842573641732,0.09008910507058225,37.021805561398565,0.0052162308991394206,70.47391408623861,1.2257660219533942e-05,6.043662942177554,0.4351491445070139,1.6482497389068649,1.2190360149299009
0.005485572581544734,17.792180576181376,0.01069768338574632,0.0002904908666646235,0.08896813454092532,33.96968667957461,0.0015289039931365518,70.34298409335653,1.4017942148718863e-05,5.797117864545681,0.5095598223722402,1.606999407534132,1.4807267136613111
0.006314447451684325,27.083834444656574,0.015163709546156012,0.00048683146615071657,0.24412446839255578,30.307425443651084,0.00623155030312921,71.22185814580061,0.0009055449239592177,5.160452820440808,0.6696578619486917,1.692763857794621,1.9206459029204344
0.006510267467477503,22.22405748290771,0.01628726126201389,0.00011358026170639665,0.055801879855207515,29.451706529130373,0.001667911774083425,72.30626394089823,0.00444585198544517,4.749478247535532,0.4421855589448551,2.0555114893357787,1.5044424706817854
0.005422373023073538,12.236915385362524,0.020387607670343418,4.283137695137963e-05,0.08943191632895492,26.51855375034057,0.0013195044442439368,68.11844971887484,2.9814029652319058e-06,5.319685345206432,0.48811145830046204,1.85098675928387,1.571071864315371
0.005044406670414759,12.14330023724336,0.01196230587651585,0.00011564626747526298,0.022280027403821945,30.46925735819558,0.001227364669312465,72.16372680399311,1.1437103953121654e-06,5.9698209171177465,0.385781034369754,1.7903099286815432,1.6216855990216743
0.006621433687545492,23.327340502597433,0.01592629817226034,2.3275542124556848e-05,0.04809574800483543,30.666475886957247,0.003317220650330143,64.25663679718161,2.588011835322941e-06,5.25779800989863,0.34699050524231434,1.659910525807358,1.4395828120796208
0.005115123815294657,15.018923224767772,0.013370543037753759,9.697412630765166e-05,0.024924337328066478,30.084216249963276,0.0026196601964130948,67.0329877805698,2.169195387882525e-05,4.899781276193502,0.49518940523314525,1.8837340017454216,1.2169624921791393
0.005560434086438668,17.53309502349031,0.013763509556866785,0.00011607363248365463,0.04491755881659864,29.14594732917527,7.650398148757212e-06,69.89051410219835,1.1453206095986257e-05,6.140685098568067,0.46656948585671926,1.725708928839437,1.245009367395097
0.006444329786141493,23.632376716468794,0.01864650959834033,0.0023198529759387403,0.3440846070619993,31.218386169241732,0.0035197954747280694,64.78025932222614,1.064729345182712e-05,4.771749518031244,0.6702367397264267,1.9113064314425303,1.1326701232783842
0.003832506968927502,9.345631912425725,0.014544718480719952,0.00022360008342215516,0.04984934781853945,28.554230452188072,6.399343734191512e-05,72.00608685565145,1.2027111948812153e-06,4.907482117935192,0.7096124856072049,1.6567821855824334,1.156747683645172
0.010508487978795368,40.22650937932766,0.011846160505086148,1.9146313462890464e-05,0.05729721811255205,25.332565885551414,0.0018492379211567003,64.47685399144537,4.108290219546212e-06,5.150836542694896,0.43493286391256075,1.6577176834587788,1.1941014750570405
0.005588698071568133,15.130446684719619,0.01038790068075287,6.641929488086398e-05,0.018723988273307877,28.827892030228465,1.8366193023667554e-06,74.9723261872363,0.0006647459524412466,5.387988151850808,0.48858316244050437,2.72641815507112,1.0764842244444968
0.005170787449881323,15.410037450704811,0.010582777298525895,0.00038046844968495514,0.038661226496869365,29.50263655056327,3.167697212539164e-05,68.84299868867811,2.0443103185590823e-05,5.706801803769702,0.5557216034697218,1.4668420917250646,1.1803010341850437
0.005058463223879627,13.191649735669284,0.010131152271927228,0.00019555976965882947,0.014947887408203278,29.660440666622243,1.3361567599323851e-05,68.57837550032623,4.826025609385783e-06,5.464797483491282,0.4833335585784814,1.6841156393728853,1.0715633568653598
0.0053722015143818575,13.58771944272165,0.010704022057299171,0.00015995402819957678,0.01025890097317459,27.386876470006513,3.2055908376784005e-06,65.11701300699029,3.0136703279856224e-06,6.204708337993264,0.4963724782425204,1.9121119501381565,1.0814985863235484
0.0067704569971213996,21.324186243214754,0.010389340229785226,0.001948591081679605,0.015493905593795251,26.84526691088594,5.8945385439123364e-06,61.217022183835034,3.6372199136051375e-06,5.373142118498251,0.46104633963966024,1.9425782742427242,1.1682020548993826
0.006652975865223004,26.25871015729979,0.01113287748127051,0.00034608940619056886,0.1865223131489054,31.637667801617248,2.4266025416399692e-05,70.20401745852607,2.753068000699464e-06,4.996278560930412,0.4557886968731092,2.5278767735353678,1.4204410524154074
0.006479381969665504,21.45138822051902,0.010058507377906482,1.6015479675373022e-05,0.08597405120636308,31.422392460320314,0.00036559596724098313,74.10437767560919,3.1523815627242675e-05,5.888094282776822,0.44944301990937335,2.1128703457260247,1.0347308819341137
0.00573257013527837,14.605447699824971,0.01138833670714515,0.00026769507228466743,0.06067900200602173,29.854891149296098,0.0006781720658664824,72.83439717750773,1.2137357029594537e-06,6.211130435360345,0.440187608066385,2.2549467809870385,0.9110095318149435
0.004958851462577415,10.341273043920205,0.014574561731217808,1.3185760684388942e-05,0.0191586371621705,28.62519956567839,0.0034211217532379608,65.41431413839709,0.00018325573182538128,4.974460757362693,0.4434713180811521,2.0752051660998823,1.1406355028039297
0.005967237640585399,13.828419547259804,0.010414368547349619,1.2348558817280448e-05,0.010968033360474775,28.7148623939513,0.002340311067787435,70.756206872262,0.0010405813031151775,5.332043288634768,0.5232150471742494,1.8731351089303658,1.4956460955786581
0.00502053307820105,11.996671041243664,0.010548455013533718,1.3749457582380088e-05,0.011308252321691671,28.4066787453724,0.0011422618589504187,65.93046275709948,0.000610076257937449,5.163647851493906,0.5434037162480319,2.0453397460126626,1.221386774897533
0.0051678373244776095,13.503880599386582,0.010551905285154279,7.138980405194571e-05,0.011187821207887359,30.126162167364686,0.0009456385332031626,66.91549747862476,0.0010353625546404973,5.209295643212604,0.5048822279375554,1.871020126005879,1.2121399676036448
0.004898357405598475,10.685485570469098,0.011536908893320858,7.246659710163869e-05,0.013672116602880357,28.228956662431937,5.418903909383089e-05,67.38143762817748,3.0898194611989163e-05,5.214993973120726,0.5191388254246734,1.6015367289230724,1.215970401542415
0.005801181412896521,13.452836798890432,0.011268663284994238,0.0001832422316022958,0.020039132567182646,28.79220057240583,0.000424653468699927,70.56695962296885,1.6933052834568235e-05,4.772204748105286,0.42811937916961323,1.6089261541530202,1.214711557811047
0.00514288818126252,11.968297768023447,0.010105549739579518,5.993147056616588e-05,0.019297194078766542,29.310079641398037,0.00016368343591600013,69.32646504527723,1.6783558262338378e-06,5.879677803227015,0.4636578692986441,1.537834723761753,1.2518650069965171
0.0052231000117979424,13.812907387315112,0.011448246090112902,0.00011038011522254609,0.045015793417780746,30.70441954417644,0.00014441686888904277,71.8616569947684,3.0858454688283906e-05,5.626800134851718,0.37252200163981,1.7441846112413542,1.1493498870431134
0.004505197563795559,14.257666900304761,0.011036341308780532,0.0009075209610822082,0.06576416449369528,33.452388645537155,0.0007919232459238199,73.21785557908358,1.0241326752460558e-06,4.4502124817899,0.5827761136380484,2.287942132964744,1.0867347333034953
0.00644700049367356,24.32357465550794,0.012121339891127465,0.0004692795272946943,0.08630626537996279,33.805423059976164,0.0007173161425253836,68.32539645571123,1.96252967561749e-05,4.1618701842369505,0.4616484809344562,2.1161824848761217,1.162443077914114
0.005075409013457104,16.483938513086947,0.012566460297470548,0.00011572134749876743,0.03322303183941941,31.83878112549442,0.0012828020870417065,66.35189156513265,0.00029350493334083245,4.04579713079569,0.5260431210294255,2.050347330410554,1.1769004333591544
0.00791196292071481,29.51562983107263,0.012011434620417198,0.00016556285649189478,0.10501960711425104,31.003199462974536,0.0003415631126039223,66.59067212930422,0.00018174139647151032,5.020277909404748,0.48473983973382195,2.165844593297044,1.1605827216236504
0.00522210785026244,12.979904871604225,0.014857130098670596,4.725830841477374e-05,0.08545529803155234,30.586821421378684,3.1853733622100614e-06,67.31982059703284,2.6505733926260794e-06,5.791553832228997,0.5128374592511099,2.168738138055341,1.335668338603667
0.004464556320941433,9.28607002490051,0.010541080817700195,2.0722359393436268e-05,0.018530614237246053,32.07891007020328,3.8095385748229303e-06,83.75740503361186,0.0020326512998037364,7.256018372484387,0.38091880703803277,2.6108830146752227,1.5313441399116476
0.005409486299962525,15.194704870815979,0.010766653654666749,0.0006286798826468975,0.03217265745006411,32.312385797961035,6.423298787826373e-06,73.50743082061639,0.0002386763425240481,5.861005718303901,0.44511874857197853,2.025676034170283,1.4468897744885563
0.007391662547612695,21.153390394365765,0.010540075036984922,0.00034784531023983924,0.029095974778057324,28.90083138516503,1.0110580185909805e-06,72.69075330090378,0.00011193308444178354,5.182722507288821,0.5005928097118965,1.5460619128746582,1.4095368515456912
0.006944943659490568,18.73741493352847,0.014873112184918895,0.0053204129817417695,0.04180884268448774,27.24924078313286,1.960329408029963e-06,69.93285613704322,5.071492826515379e-05,5.370504598994026,0.3930109106378617,1.5754619595127823,1.745131417251578
0.005233921877992576,15.76670170574468,0.01155671734819421,0.0009986224353725104,0.05849480103381929,31.8706893612222,5.557017622359356e-06,72.75910138620169,2.191787151229003e-05,5.802287807279662,0.43059148286650284,1.56943603854568,1.67203502956923
0.006149267909478871,18.315690514496275,0.017057883740704115,0.004505697300647207,0.024607821698450993,29.151669753335497,4.773213700565072e-06,71.49307204473016,0.00013670768067334773,4.220221876433875,0.5798648945680439,1.7173836788699768,1.480733313180282
0.008323386964061973,36.848165021801094,0.0104496245792821,0.007109273989897387,0.1251078572914482,32.35511267912626,1.2426995520016743e-05,85.83756943783025,1.7881286654846958e-05,5.374081570198906,0.4849553474567741,1.7851132310548872,1.5599756967181766
0.009757883139848395,47.72496068028549,0.010500636689705843,0.002787024584599869,0.44979833395967483,34.88623658173284,0.00015402758472306738,80.11205164066008,1.7921465287152408e-05,5.596900267811848,0.45859027839653066,1.9885840683968863,1.4883458281984012
0.009184302112895205,37.00645552844218,0.011954488372069047,2.4268190499712923e-05,0.5054862727145449,31.21752104248482,4.6616471281825924e-05,74.04943217334981,7.860359343588268e-06,5.110088898547353,0.45924164721060207,2.3507260937245578,1.4071542497090375
0.010457629049865972,33.37386526068727,0.0159144313076591,2.638588718441793e-05,0.17373987980701858,25.17071813388206,2.899612484161583e-06,68.9079844802096,0.0001392735475430377,5.072645072933499,0.5573182940037652,2.3981641929348454,1.2431569067881985
0.009790902385807264,35.64700622497394,0.014784436608749682,0.0012967896767650782,0.056284938076588034,26.03874845077372,6.966602838662407e-06,67.25980062587242,0.00015839970463604877,4.846527376291726,0.44381273687655887,2.1086469489689317,1.699179265738746
0.009417904779479118,31.314016284481333,0.015310262948086474,5.367945452667396e-05,0.08063711043728554,26.47229078511923,0.0028160118406537977,60.21491114273914,9.251109904966858e-06,5.356197737151419,0.3831338361936082,1.7893943316189522,1.8570890551996972
0.0072889144798004655,26.28162525083738,0.010307963988245008,0.00011601657454965854,0.1403173685791325,29.82070515645209,0.0002879888447156365,67.94432433276559,1.0558134400854743e-06,4.939655405498024,0.45333152084687756,1.7140442479796578,1.6634100062255548
0.008916178987302412,23.965598480683052,0.013488244055507777,1.2466754902219868e-05,0.012280399887426111,23.721379264622804,0.0003403184720728765,56.80392978795844,3.0730692335766354e-06,6.305848553294323,0.4509610016677709,1.8698109319127563,1.3348220798585269
0.0061760408843758285,14.16243738382103,0.013318027107469486,0.00019687850417470648,0.027944495008663615,25.67734309360115,5.649625808852168e-05,65.15400956863671,2.9064314511350087e-06,5.60957501374053,0.5322195081953908,1.7659191777257257,1.0972536831862425
0.00540176748222994,12.41734826192611,0.01776034656825667,0.0004038228482414513,0.011522805337224034,24.036903742042487,0.0003393542827647335,59.06305468026265,0.00013376276555815013,5.030563846165576,0.5273658656472844,2.2217863886492197,1.1909610945994977
0.01054304023720659,33.54635550351653,0.020650538986236377,0.0005134044312050632,0.022501681888626154,21.946199070170238,0.00029297905234549476,57.66501583472476,0.0009830366005425097,4.843961668445324,0.5779719190271886,1.8310964332555275,1.4924299740158469
0.005531411629391106,13.760126332083916,0.033954572330330585,9.018679614159345e-05,0.05112824035008925,20.389268461594334,7.613996841203992e-06,49.659655814363084,0.00024219493945556916,4.768170219545798,0.6470392526010468,1.9530650066622597,1.5316176675291278
0.0056346611158872035,15.344407155818484,0.01954866569193325,1.825977720413057e-05,0.02484370469898185,24.068114607493495,3.426898752322243e-05,60.34950874268601,0.0014445289917373865,5.765606541363092,0.6050983275348798,1.69555831297637,1.4140869953114565
0.007261709202809481,23.24672408829373,0.014983861354434738,1.9899251493292575e-05,0.031887421337378964,25.366935533200643,2.621873231332593e-06,58.99416036686746,0.0009344138056173783,5.960557829298385,0.4350339149998274,1.6851273978272951,1.5851350354400293
0.005033671085033857,14.330730422129365,0.014064273506458658,0.0008658195708741128,0.03385341240595744,29.46179775201726,0.0019447435366387327,61.47367843675757,0.0003057791221390983,7.521530575064569,0.4362904634461853,1.558065536391493,1.232337607667171
0.006306745769734681,20.074123019286898,0.015819410743128027,2.496991685938648e-05,0.06129980728646789,26.036524111740803,1.4631033224446815e-06,59.48620117256855,0.0008525958004115143,5.018986169189487,0.5998992008690568,1.600621792912228,1.5106568257229898
0.00722329971778953,23.396076105674,0.015062067711179536,1.9103822900938705e-05,0.06162756269832166,25.4983184868832,1.6825288645495823e-05,64.82894425081886,0.0006383642714529217,4.957964134492481,0.487857304576765,1.3542575098796552,1.3915460741819585
0.005599645317316882,13.73578012678581,0.017591155013830104,0.0003453638066798831,0.026384347815153725,25.474441133468208,1.7098207523041081e-06,61.74769862265078,0.0002497888475737479,6.7529111406642865,0.490636898712079,1.462974482384623,1.2484692227535872
0.005767135462469373,15.788110892709648,0.015976729609226685,1.0287672229322527e-05,0.01350705269016175,27.847053375053324,0.00035355599357013976,68.38808174441307,0.0030229443939130476,5.50080385794711,0.5458546600303281,1.5915709463446486,1.0915770776504883
0.007004545929275199,9.197289375717745,0.19326442459298665,0.0005593348433560429,0.13848654403767854,10.850480574980052,3.913620233709712e-05,20.449081971970674,8.94865650645359e-06,3.355318021615027,0.621739714301477,2.634050046466658,2.1855779643222624
0.007006409887310512,7.309194828541506,0.21414504169495677,0.0004088100545203166,0.06059960596354239,9.826976829061518,1.949555444495121e-05,20.1082196646019,2.7892333842248905e-06,3.3393356825037186,0.560237704678868,2.818965730049273,1.8284817540394085
0.0044630706813508616,16.443891772875272,0.010193391817658645,0.00022405038109596628,0.08739943186214555,32.181490986011255,0.00012201921534316168,71.71183175137648,1.2257076773566857e-05,4.410652706584877,0.5967380185918175,1.4340336297110339,1.4947418371538028
0.00737674373292744,36.66941631964938,0.012983996970837316,2.6224478674185204e-05,0.26105680221510846,34.80601214794027,0.004014614039189301,69.1413635484733,6.376428870098027e-05,4.493721529587272,0.84891121583639,2.1515988208801753,1.7281742845017574
0.007379073236317699,28.925006484126165,0.01195531950488519,2.12962453602827e-05,0.05076324436988133,28.362569294513275,0.00025117631192863834,61.694005038886054,0.00023791080738824519,5.005132290812329,0.7227372159922902,1.6248420151077205,1.5090346868828657
0.012265856008499705,55.683464563589745,0.012942269678234171,1.1395319112432388e-05,0.10624708176303752,29.41786414600439,0.0010396926161229695,72.18814700021946,0.0044038815136718,4.304020126746177,0.5721775876508082,1.657174045389866,1.3914075506930226
0.005018844017566091,11.774532578727646,0.01881934026524292,1.9588587974433508e-05,0.027804618731713946,28.806254013582183,0.004103019938026461,64.58446817267208,0.0004936967655871943,4.4783574971882185,0.6083363461523947,1.654848590102002,1.488303778434184
0.004180774553618612,10.299284207789073,0.012648803274220941,3.1320955476927794e-05,0.020006920682830494,33.382159640497136,0.004814753935796082,67.80277754351334,4.836963129648121e-06,4.577414673872293,0.5571926865353258,1.6175363077238583,1.312622141137868
0.003513703724257784,7.567762859490053,0.01110109318245443,8.56554360099426e-05,0.011368516974029434,35.358788207917634,0.004849037501089721,69.06699747379531,5.417257845654949e-06,4.322771655344151,0.49131032851564893,1.4954828565149185,1.160315296867404
0.004012191885418568,12.347512989540947,0.01179488874094251,6.74063404240035e-05,0.0374092384207405,37.8509572981344,0.00754603895281056,72.8879832864805,1.8038560666864803e-06,4.243566418674054,0.7147080756659117,1.7971676832189432,1.3843937432181221
0.00452258423919765,11.637901602110881,0.011719817634098665,5.798540657181042e-05,0.01074391145949311,30.0712766585331,0.00028892533287888883,67.22196527510101,1.7416197160846996e-05,4.262307875890466,0.5629090345141555,2.111749734077488,1.0806873281959783
0.0045754621946645395,12.619017482799844,0.011623741784751722,5.5269518275012705e-05,0.03244986566333559,29.397332966936506,0.00047868874428980054,69.65591286538783,9.499481351351192e-06,4.783486666268919,0.6870843103534379,1.9639170959375278,1.334723010771262
0.003066869687029036,6.66299721153922,0.01001892820135114,0.0005253372932734645,0.030970044391929467,31.94090743238712,1.4323511364369916e-05,67.63375559097399,1.0246040965237905e-06,4.75486424926315,0.6523522931665032,1.6680138445156985,1.2490632154697607
0.004523350654813875,10.492596486741746,0.010007514663933369,0.0004901593413782709,0.012251145430537215,27.147821142171463,1.0257083194200097e-06,73.01656630964355,0.002776518812879083,3.9505650842266915,0.8271621090404311,1.5816008236764654,1.4039021823020894
0.006508447575634995,19.756173434843525,0.011123106256756153,1.2713918431893234e-05,0.04919441598045778,27.91153985931974,1.0888643885914767e-05,70.38370298321746,0.00019579271902979897,4.8174888504422055,0.6323408332165955,1.8540978017881862,1.3043157546824253
0.005204923056091909,16.591718481420855,0.010893769156362606,4.718794866854155e-05,0.029821411181565602,29.651462169685463,6.968411980884018e-06,63.949161473078455,0.0001144684291899887,4.377970126959917,0.5391252110777127,1.652786477509237,1.4015150530437366
0.006413340406589371,18.424121026333587,0.012760296154587644,0.00021300493151904016,0.036796206918579405,27.28646693065248,1.79988187328946e-05,62.177405790003995,6.532245640082417e-06,4.866797534389842,0.4601935858524693,1.75305278575323,1.2309344756449072
0.005873270898895596,15.419483776210374,0.012687231584304773,0.0005794806916164306,0.02478929237716118,28.878494217536414,3.8141115838438572e-06,66.29356444800032,0.0002772465676499331,4.476874434466017,0.3889636159147584,1.605078617312238,1.2777896710153998
0.0041170959786810905,8.541486239931762,0.011020993111751105,0.001191907086643204,0.01577314236632204,29.74392837823046,2.155652062739681e-06,69.68188151967162,8.626729270804254e-05,4.586566222113854,0.5024907115819979,1.7740947083399825,1.107601012522499
0.004038685227281334,11.446796647671748,0.011288883607648568,0.002373562786659519,0.07645349344225134,33.10040400340731,2.976353114767084e-06,81.28561205580229,0.0006774400320470653,5.042395651592856,0.45200803868158324,1.646625104823598,1.2635740256178793
0.006034543874128867,15.485151682174742,0.011100744267373149,0.0033788262945984742,0.02972470237486036,31.80814177052984,5.647035176261288e-05,82.55017023442115,0.000342943445153972,5.6723756507595215,0.5156751219437474,1.56169124192586,1.4473788513121055
0.006578074706108326,25.102560996367092,0.012329118191264308,0.009662066696272321,0.1260162201394364,35.5493660128497,3.043312245555e-05,98.02189887219917,0.0038949016836570313,5.828916043525589,0.4077346516918065,1.713153947165974,1.746397321943776
0.005693792186838074,19.138301258437238,0.012316309145475246,0.0013063966187993941,0.08104845681868578,32.223037379299484,5.635439368905562e-06,86.30618897889718,0.005586866919611704,4.364953135910496,0.44111176717133377,1.7102608188298238,1.549143438336466
0.015179159936038746,66.8050974146452,0.012007519423162572,0.00018828542086051772,0.03625321867503369,26.442546759866694,6.020295229395566e-06,82.18348077023535,0.010507017368277386,5.015519141507723,0.5706725569444482,2.034555598029526,1.2469442220401168
0.006872059938608791,19.45478190764529,0.01711865680934223,0.0010732744107680111,0.01476350016528319,24.583737175955612,2.1950950763939436e-05,77.38196385923221,0.006438768804025595,5.352260643274925,0.6276693091526828,2.0681066185457313,1.5405511933060865
0.006416928213667784,18.6318486849032,0.015657352094334904,0.00344878698513092,0.01112794108420087,25.944701932578525,1.3624896613972274e-05,87.39212253482654,0.009031937581591924,5.256377099052022,0.6168698476657638,2.106785343468483,1.492555022691602
0.00912070374523117,27.628853644978477,0.016820618541987784,0.0009123979544100273,0.011086179160407411,24.22765494197047,5.273602243669762e-06,80.17139330519218,0.010461356738975752,5.097799365055556,0.5882619434186112,2.199811645398785,1.448830396980009
0.007397318787324007,20.680113590121422,0.021177031166799323,0.0021636494911033313,0.025189950572095013,23.826303854313846,2.215105326156e-05,68.3691558336671,0.0029290810924562038,5.045031186368133,0.5922325869655293,1.8004466413875846,1.490449327783867
0.007147885994451522,24.210383183460465,0.012635629519176367,0.007561431675404566,0.010210820059459844,29.31638731624219,3.9538579953458914e-05,91.14267181992511,0.00568257282229353,5.194803997203142,0.6336148563273436,1.6286079232728183,1.4301406412388487
0.00723637582952038,25.718194967427976,0.013316957626233734,0.006002951712500146,0.012274350708262185,29.450847680620555,2.5481868230713306e-05,92.85084170117388,0.007421233589490797,4.815948492008821,0.6419300571128881,1.6516938459616421,1.438085035151028
0.007865098557122327,23.94400116862507,0.019508869138349462,0.00368807606645929,0.015267908922867009,25.01618566333777,1.5333264166494245e-05,86.2684215814295,0.007130050057600908,4.018475588908796,0.6547486005065785,1.5923971335143747,1.5474119283631336
0.008246774686151287,26.928098402034596,0.015343738473651997,0.0007762333635396527,0.03776193374237694,24.99819293561346,2.5522213394285655e-05,77.42875413965027,0.0055391112742663035,4.777730581948675,0.5511073148760419,1.5492988631732063,1.442707183936914
0.007716639209090662,21.77085215528994,0.014594156501274528,0.0008740577664878394,0.02362101698525691,25.271867294832294,1.258541478780713e-05,77.0691338709247,0.008088035152144834,5.9726937098114234,0.43242208502678287,1.6430259305752584,1.3460185847391306
0.007184880946684572,21.56609227826362,0.010786818247168813,0.00018474972952668855,0.012379642590734574,27.43774614942705,1.890595148275068e-05,81.36926787090951,0.0053715398984507294,6.636614706853599,0.39256837149443025,1.509040997436085,1.0898182615595253
0.007702158137584889,23.697678549205882,0.011159011169356893,7.856552871921738e-05,0.012257567262568493,26.954506094003673,1.234411088853157e-05,81.38983550335448,0.005032386565795902,6.423358483835375,0.4165628583744038,1.5675479458053343,1.1185309860389963
0.007419033551652529,20.587994506440264,0.011184159082258782,4.069086505876376e-05,0.01526327521829489,24.678102040044532,4.444828374540236e-06,83.03521617914313,0.006545931861515642,5.216248847570429,0.40718523155417075,1.7299155374387922,1.1060413729778344
0.009913563849471323,31.302484876339012,0.011967903339608985,6.869171401922718e-05,0.02841384982872327,25.021266737110874,2.375249426925463e-06,79.1770057170553,0.005027314455474991,5.24384792368273,0.4274925619697585,1.68683268844456,1.109167341611901
0.009272728291006787,31.166080918348477,0.012647533565059143,7.445379789589485e-05,0.03780371304953878,26.2747956443725,1.0745058272109122e-05,76.96494798509397,0.004173909088402623,5.7627859403392305,0.4369598474440556,1.5256666433331052,1.2663331543763252
0.006737794360398991,20.35620908412182,0.011023107892945042,0.0021116821249880045,0.04097588413926768,30.406749055301148,5.95880129780367e-05,75.93862224422354,0.0007543873647583586,5.121704461199354,0.3686412105117431,1.56584695782622,1.5303230818591211
0.00505376593004663,10.219373348191791,0.011314743880009966,0.0012299024857244261,0.013409168748626889,29.03440544700434,1.6262036736956191e-06,74.71948473420072,0.0006652489360527696,5.894949987216954,0.4923705415360359,1.5779472747393333,1.057150422985097
0.009281778015037224,33.5088271093711,0.011130613105181424,0.0009719590153201552,0.04279411856154123,28.838650618325577,2.4971400831827186e-06,72.28454051533346,0.0028814898701236447,4.455697091055008,0.47351655765490536,1.6273127920966266,1.0164134580980781
0.006259924282095211,17.96032042961488,0.010988523486303118,0.004907022720703546,0.030680771967631994,30.78423229377118,3.436400515848353e-06,75.33025496430974,7.945171161460456e-05,5.6630386445913805,0.47810838143405,1.6312645916640527,1.0923672724140623
0.005910550394767133,14.195148547253766,0.011276853481078049,0.005190119925690023,0.014465281168717961,31.559334156219673,1.5743883177419376e-05,76.27786730552045,2.7142227736924127e-06,7.272454135275221,0.5890968063324851,1.4712882623701788,0.9925283631724752
0.0049645390858852195,10.772447990345615,0.012189737559183386,0.0007043570257585098,0.0150644039427695,31.596645273202707,4.939691001687613e-05,74.66806750062625,5.16477249989684e-06,8.163654187071455,0.6174736319098164,1.5420759704988891,1.1258541857629032
0.004893654045693277,12.817044273074881,0.010963888617824569,0.0005117622595747726,0.016598884950916888,32.01318938316962,0.0009179514107602797,68.51182472193669,6.259321566370846e-05,6.23025193419989,0.543146654017782,1.8978533795746826,1.0753423569765097
0.005755230127493229,15.657683576152412,0.010465799042565695,0.00020474499358181101,0.0144369381324718,29.031726796013217,0.0003529840744050331,63.041700915867466,4.0359829148187423e-05,4.823494178953252,0.50361163735412,1.7616717837897087,1.11386749135072
0.005419653538499721,12.08350161060446,0.010932441412293697,0.0002129284244110921,0.012256915357339061,27.873758441532477,1.1340506039399023e-05,66.88107656437865,6.404780202285192e-06,6.705980134133249,0.49625966021124235,1.3869128096212664,1.206664991807951
0.00920139705650473,34.346895611568215,0.012442397494921367,8.26889316558369e-05,0.08393547985703936,28.391871887590614,0.0004022165933711033,68.90602912589478,8.671202526489918e-06,7.296594602907442,0.44687407676768875,1.9616397764625377,1.5370698964678466
0.007132695360286866,26.25102728664608,0.010159157301748557,0.0001252182461166795,0.07517748819752045,31.631850482881603,0.0006602033636583374,69.0989609770687,4.1065709707240795e-06,7.443280702845677,0.5440767374250034,2.0675863974437543,1.3795099448016128
0.007510579846231786,31.837728766918868,0.011017966184047696,0.0003124161243102186,0.24972622841986403,31.69871037036825,0.0028132534423534346,67.6661905313126,1.5531695942635177e-06,5.937498452430414,0.5922113871435052,1.4986574145785947,1.5525587453268004
0.007179520833691826,32.72152016993396,0.010473546042361245,0.0003453814575055782,0.13735959221999475,32.255051696597164,0.0016823768633665748,71.05049935358119,3.6216472371717697e-06,5.117985476383862,0.6319409371796344,1.8907172171058448,1.6176945200402024
0.006354587023277617,25.07126057634583,0.013629124001082864,0.00023257147983595316,0.16069037309446638,33.101543893577016,0.0033088215944865815,66.8051128990636,1.1787930311506796e-06,5.19024698945615,0.5533680195492671,1.7765904120043134,1.7055736288122134
0.00608790169501253,17.41375312849076,0.019127745036761686,0.0005155201472797525,0.07864052526216816,27.475798249460638,0.001362609157572043,59.1294507632598,1.1846294788843892e-05,6.333205469604762,0.5604615189474551,1.5677989015868437,1.7686815469760953
0.005530679063112241,16.990221143130626,0.011864817333263281,0.00029103570203958064,0.06855884898382095,33.55041370676517,0.0008931590124678159,77.73718010560907,4.724870585089382e-05,4.961757422525191,0.5129968819771477,1.9113332538303285,1.7152563359703574
0.004773644396601199,12.626579625376351,0.011683346454136974,6.61735562721414e-05,0.023016758518256613,27.904258269016847,0.00013657451058634882,69.63691359188738,5.620856012934802e-06,4.712932050734178,0.5545924964402238,1.968414576656644,1.5769973860013873
0.004015279606426331,10.87697946542736,0.011139901574180955,1.5840071995478102e-05,0.038972121016476756,31.025537984639357,2.0343764646466738e-05,72.61787004726209,0.00043584669679428117,4.96744173451829,0.5650969017148216,1.9850403024464158,1.5662935320792035
0.004733786594280768,13.042795129247196,0.01058221282545812,3.2413863629035734e-05,0.029111310221661604,29.729807554404278,1.4237377571029285e-05,67.90898662984816,1.3969896470096973e-05,4.599862139088581,0.5640305241129114,1.6980940865803655,1.576501152750818
0.005491638397922682,14.540252108078956,0.010406800000197655,8.589701658243545e-05,0.08018028291749221,28.380847421240198,5.570859543386498e-05,72.0293047573759,2.1733550283249615e-05,4.854263716394866,0.555499494340349,1.6282708946146671,1.5289907264397729
0.006801562314353611,18.156295659085586,0.010389548859653874,3.089713179990488e-05,0.04608559544222113,25.31686346604234,0.0004947031899352383,72.8551981856123,7.268255355075452e-05,5.829065070370786,0.46358012111605396,1.7382026540942548,1.3253303887302446
0.005598504403863364,14.928881930668869,0.011520411994995544,8.653967188053261e-05,0.0348053233271893,29.009713580433434,0.0009034663270580591,70.69447085874758,0.0008403269448175352,6.269328473051101,0.44901372688489943,1.8577395353462136,1.26549323347569
0.005543694310904699,15.521106872262248,0.01023887492565852,1.24631591839575e-05,0.038351781089689785,29.324402437256186,0.0005660780626773539,70.82808322332713,0.00026369013374778224,6.326444841265981,0.5765893289138945,1.8543714953251536,1.231018573213478
0.007781562783177645,18.00589518834419,0.013800948929098849,0.00033821404194516857,0.05729559707548024,22.834017894753508,4.185161299059312e-06,68.55623460374187,0.0012421973891806432,6.184663718493185,0.6855032543067547,1.966054769236215,1.213427223044327
0.011876005337824002,42.76735504207848,0.010528279402370572,1.0633219241835274e-05,0.049756130913126154,25.978613649176637,7.717042974857408e-05,67.456944161242,0.0016657005911104186,5.09205233071401,0.6099445945287181,2.0365085587743295,1.4499847292351842
0.008380726209548208,29.870718446423083,0.01137363663074176,5.295755422667536e-05,0.11425023347896243,32.315057889169125,0.006034775948642336,71.826390134782,0.0005211747414452344,6.426749760888811,0.4873749218346716,2.4773624785918695,1.56311360699524
0.005098840918266141,10.468326798015354,0.013650673001087174,0.00011012260971031257,0.010070034072150553,26.927313907083743,1.8381932484046473e-05,69.1808721411838,0.0005200042495576683,5.156651670562394,0.5943165396174351,1.836493281456264,1.9140454134453277
0.005569432480201712,13.40444788370307,0.012420624707199648,0.00030504021763694457,0.010610412609182928,28.824320363246017,0.0002158057012197691,67.75609065149864,0.00013292964901903196,6.17294630070459,0.5420926672879661,1.6217808455307923,1.6499472138741156
0.005454894509984087,14.537295758967732,0.012624025620234604,0.00038876723956101993,0.014746946073348897,32.03398545471017,0.004372008324874582,67.30324269345905,4.4189735844185626e-05,6.069601486053274,0.5579689777455282,1.3351887447355175,1.6589389679519215
0.004598623124971016,9.03274873672481,0.015510011581798494,0.0023674767898916476,0.018158957153714052,29.940874853347562,5.5664688424767693e-05,71.57380568316599,4.164370737894703e-05,6.520690675948905,0.5669604900639152,1.3816068412847748,1.333454106667047
0.005706586461488837,14.174381225678308,0.013871235138147458,0.00023403495845580047,0.01854635750337147,28.526319953106835,0.000382031618278832,64.31546090659803,7.59478527799443e-05,5.944913790927133,0.5233287701175189,1.3301539077919335,1.323255550180066
0.011511162270485998,13.84727718720926,0.19269883605220153,0.0003490018136163958,0.012096756664402672,7.419756067937111,0.0008740990869148788,17.88928488486837,1.28616006769878e-06,4.133092799467754,0.37607048060590303,1.8686341316430948,2.628903939908895
0.010846928680212403,11.312907199421256,0.23300701974385643,9.952193782161913e-05,0.014959796218864304,6.891481111524348,0.0018366013929881867,16.397250613673826,1.7860135415662576e-06,4.559637387682715,0.3859874255379225,1.8964556069205063,1.768553127014355
0.010164342337984349,14.29770697724948,0.1679760691368971,0.0006852873232758171,0.023583254303279858,9.606284663058164,0.0017195527224917384,20.633873315525108,1.2008870396387258e-06,4.2664065591222515,0.42908726339069336,2.174116519004669,2.12191435218382
0.010870157521414934,15.971524235027017,0.18903278360438366,0.00035918978471127306,0.0405498895834033,8.995722541135464,0.002068405994813472,18.702850263543258,2.618289178169004e-06,3.9341985049153276,0.47411862166157825,2.1591617088736497,2.2888165830795693
0.012831284697282182,22.558238005824833,0.150439805289079,0.00016527726134823157,0.04539907534460509,9.948693339272586,0.0009128833194571111,20.85776018366521,3.3857783928918315e-06,4.007406849572282,0.44345847866130805,2.074185375067245,2.1289427303163286
0.0120284399213935,18.193223663096692,0.1816274806237601,0.00010033040340411675,0.01848907880032577,9.398182591601628,0.0023168841828123104,19.13260064159782,1.2961301763716496e-06,3.9114882792353445,0.4281714424760118,2.0952354745965973,2.09617643302023
0.01636880299445394,35.804686819985875,0.19058580067488357,7.044238123575241e-05,0.06504943155455852,9.669734765695416,0.006777789037185716,19.53258749669125,5.3625462284255395e-06,3.294767614022543,0.4608926021421428,2.1024487728973504,2.237810086672974
0.01428710826801088,29.990633591606027,0.14479085593025565,1.985883546069586e-05,0.04879487754879676,10.928728001529242,0.0063499603639198664,22.17764632745344,3.173669766104922e-05,3.6637771525298937,0.474605277275542,2.1970033325093965,2.216460041145894
0.009685079910746028,15.908458523364352,0.1069780225761707,2.9071880954717896e-05,0.012026854459199095,12.209657780133872,0.002088716588574017,26.636714976278885,0.00043266521442161804,3.6281838898998324,0.5251353259190955,2.003000938189669,1.7597901713043345
0.010183378290428854,21.66999552382889,0.18153967762527892,0.00019656280363120147,0.026826425862066527,12.15203166892575,0.01177994018829953,21.199462369323992,1.8671920338025318e-05,3.243400658716385,0.4455199279103352,2.711337712809412,1.8535110043306826
0.007311457475596881,15.311949837921555,0.03979025980593996,0.00026061980357322995,0.015660424871075756,19.677122237562955,0.0008343606609660684,44.98350066758596,2.434061530918778e-06,5.536971962076281,0.4991663739005651,2.8473848939218827,1.3193670528090151
0.004859685138054683,9.775608104175596,0.04684162198501424,0.0012407440632516244,0.02886043045216609,23.140130028735648,0.003963084984387306,47.106765625777875,0.0005268802152330808,6.324922932384513,0.5752912604329329,1.7282822060862417,1.4594619414541619
0.006441914985395869,15.209495716073292,0.022000486159891076,1.3543062076570652e-05,0.07472111138656981,24.084660853586264,0.0011095312374800673,54.05422876590051,1.5373672538540117e-05,4.3029181926614095,0.48615770265484115,2.172901841098465,1.6713020370729215
0.003516845836064128,9.50594133902491,0.01041398708161152,0.0003159574660943624,0.023079042946682313,33.05717146996807,0.00017155732789605815,77.8003123694902,0.0034574402118732026,4.399621520695328,0.581682038991404,2.079633618535946,1.3030674668888604
0.005778655560870236,16.10924556237161,0.011535500329084456,7.761455492399062e-05,0.02311287511833428,30.17085176594472,1.0369582283780575e-05,67.85745599407151,0.00017563824928687005,5.7650034427976165,0.5243240035526825,1.910210673887064,1.337310959392301
0.00693109621355993,20.388768362285237,0.010743774448778939,1.7937387322277507e-05,0.01053797765385841,29.08077873742896,1.780295354234608e-05,61.85748695490994,0.00028338770166270875,5.695590585192139,0.47461712172952414,2.4762027733148493,1.5936235259909075
0.006949114625124778,18.50479914995234,0.010101047087083778,3.8182902472593165e-05,0.011353586029676054,27.744781183313453,0.00010339923006256956,65.40604211730225,0.00019175088146190902,5.6028053723765545,0.5545704064534788,1.6953164168031198,1.335442063180908
0.007677333929227261,18.465745999514567,0.014539677240296391,0.0007134161723107084,0.011196006234791922,24.83757999544202,2.8147709979861385e-06,56.64269441178788,0.0002717039699192045,5.799258173584148,0.6089828912781212,1.58710413421135,1.8520140928184452
0.006079625973680797,16.903838820690257,0.011056974490062859,0.000236918542744386,0.024382136123091806,28.61484154163235,0.0006032806445842479,72.78516355118138,0.004034397951786239,6.5749923824634,0.3891392312561887,2.348455780503544,1.2435504677815015
0.009590974236712953,28.925751038177758,0.01565146144237068,1.0641401271034216e-05,0.04168612247235871,25.979028621356136,0.0008159867930523397,64.31348987409179,3.3739015610747914e-05,5.0239158506142845,0.44516955073712045,1.5387456871188123,1.22515434826667
0.009079685568806041,32.400501972651035,0.014483802089263094,0.00027701541370690584,0.10060845843337539,28.358887634388278,1.216469367451713e-05,72.47794003114109,0.0008801077440732291,5.764284325743212,0.3934183176190091,1.8544266491889407,1.3504715730984678
0.007643351884207156,26.379758713567373,0.014213509429521038,0.0008651062247932461,0.053330586669136704,30.06945049849817,3.384972172709385e-06,63.83492277663929,6.142139740023752e-05,4.818541982739749,0.5082558331557767,2.3567601938051843,1.7869232027795223
0.005093577813317968,14.217320250225647,0.012841047184562375,0.00036028014669592086,0.013954063334701505,30.446908564377104,1.4910061114916658e-06,66.66150295081293,5.6446360548681984e-06,5.317768127644663,0.41777058015554647,1.786736075217995,1.7388416172844576
0.004306333662403847,9.691688999537044,0.011644054529247695,1.5650218641317488e-05,0.038437448771122575,34.196952934363345,8.092199113648835e-05,76.8842436230041,0.00011848083835907532,7.648853207607628,0.5375912306094806,1.572937650690446,1.484671176901683
0.005819254526445189,11.443910807892708,0.01957945072932798,3.229036174996507e-05,0.012581731637821815,28.06323068958797,2.8710964746905296e-05,62.65583449966553,0.0011399100681247483,6.109837759869194,0.40517367198097776,1.423381177365712,1.2211024939576638
0.0045618861839887654,10.09572041440461,0.015972165395841977,1.3998693647708566e-05,0.010563104872636158,28.637367774583797,3.7220055676319355e-05,62.277962081262444,0.00021983929242894095,4.661624585649178,0.4944737788310617,1.5613759502629307,1.0529762124925046
0.005143132317479317,12.65545204700092,0.015107881185777662,1.8940498458009465e-05,0.014196740860564683,28.819304081667916,0.00028002362381196325,63.76516938122096,5.997522917727038e-05,4.54728389403647,0.6037702980463904,1.4641230326103731,1.1925440100530178
0.004552561314857599,10.875645853081727,0.0153365214871363,4.037188314071579e-05,0.011556936770025335,29.585500728693994,0.00025299735031552174,63.55963056204758,0.00012922855365980193,4.418878798885922,0.5746234422225042,1.468537641680749,1.1178869196511874
0.004927878947009733,11.101340699367261,0.020411903013644758,4.575618696779885e-05,0.031648192232597176,25.04374377172152,0.0007863708246869365,61.255426446557195,2.0092752414219295e-05,4.4288597581631155,0.6345253684832546,1.9616686889966295,1.1012597552699634
0.005077593562921214,12.434286265359509,0.01364429816793387,6.994931000309778e-05,0.031104588400136742,27.54791448264384,1.0857197642450197e-06,71.08607025198594,2.041341505151269e-05,5.576719849511371,0.5946372724727974,1.6541216202838858,1.1200250559704001
0.005871568184625522,16.58430530212992,0.011853526477214977,0.00029361472660770476,0.05327079839439444,28.90013453501961,1.7918038464331296e-06,70.24846543430876,1.0220462845169366e-05,5.939171401380065,0.5699261079705144,1.8710798646748568,1.0944047123706262
0.004797278583438688,12.05978969486429,0.015133568239566061,0.00013084201035427613,0.0341009071299055,26.384887509677853,5.411648706008938e-05,65.0292506186628,0.00010359692528797761,5.165420380048333,0.657684639133885,1.797159946278236,1.2961809603074428
0.009655931491161094,32.21736302543911,0.012672874785990015,6.354117432242267e-05,0.10003660526441596,25.134594483840043,2.080584584031758e-06,67.27964602257097,4.2238176319201275e-05,4.940860738537507,0.5581971155472476,1.9048850660643828,1.211503582463746
0.01868759505213566,65.96996282794873,0.010016514284765608,0.0006821426439766402,0.03748577725259931,25.478247985515182,5.236795168140342e-05,65.70277727269469,0.00014158616450526046,6.700290413483066,0.4065981301840545,1.4882053239489876,1.592384291489268
0.02193342917287226,93.98638937043478,0.0109242831375786,0.002641109372714433,0.06390842332971411,28.57238236927279,2.944009959620672e-05,68.64189698120113,0.0001669782853568014,5.142540931789922,0.5129696657298952,1.7812153126184234,1.296654561800222
0.013101877984777357,47.441835145876176,0.012188423164628702,0.002830303045083153,0.09185320576129162,27.44920209905502,2.8558091888234045e-05,66.37516750356498,0.0003189238984126131,5.081073667403118,0.567839630495856,1.704126539862488,1.4201511228760573
0.020956779984341603,85.74589127971329,0.012501614986700774,0.0005453504457333875,0.068208092727887,24.917803371493687,6.236671675299331e-05,63.20980668519105,5.42733525855951e-05,5.1081743488569105,0.4893481151725881,1.5767951898848729,1.2575897620716
0.015086357822516081,63.400844628099684,0.01016165251831099,9.627776658050037e-05,0.04284966908461166,28.25090323156763,0.0001520373247506206,70.56280746407083,4.873905899251282e-06,5.726591066448186,0.5875672790855107,1.5486698202940299,1.6738054878790687
0.006052278737277153,17.37369128683805,0.012778895105314526,0.0017539057519544376,0.015242130823430186,30.456677126057496,0.0011695034046309346,60.39220266268017,3.3977951145437055e-06,4.618225197015502,0.46393512806971154,1.7574918825401762,1.787521218057765
0.006208188274367291,15.270090376971579,0.010020927769741658,0.0004591078672722531,0.014352511376125645,30.621386503845752,0.0002719280726877322,65.84287707387382,1.8899812099738647e-06,7.261490020538338,0.4073245131054447,1.6197904981788172,1.09297876871075
0.005014899587337382,14.041798541358292,0.01024728241780847,0.0003632638663989495,0.0277143820324934,33.15113198642378,0.004845572058831966,68.60835290939121,8.835678214173476e-06,6.212848298575214,0.45499443289059177,2.1303225416698592,1.1814872456272598
0.005786486958190503,14.521897310708136,0.01076356182795315,9.9514423992932e-05,0.010338928048525639,31.44184156090266,0.006623195613781451,62.02479978130153,8.390678032796162e-05,6.753360487779316,0.5983834033335637,2.021684957095034,1.162263102603329
0.005728778958119675,16.336571438792376,0.010271868066265712,0.000113707276322549,0.02581428614008647,29.426423494122673,0.0004999130208490352,68.52916018624543,0.00020710691830359932,6.141828281329606,0.4280116424107779,2.306110046570435,1.3463928697251721
0.006700996907758244,22.480293138627466,0.010971369434804033,0.0001277123088148746,0.019540716597375943,29.93371648781417,0.004742690831915616,68.43487228560383,0.000322090497262682,6.177367851613103,0.459978104285407,1.8349659194026748,1.500982297700584
0.006182372207617011,20.573619325614416,0.014154907724835884,6.402078810872805e-05,0.02083111451511831,28.656883794399977,0.00020449620196796232,52.38781196638529,8.558420243692342e-06,5.72990392537122,0.4539613963301351,2.6073923955222376,2.1871483256107194
0.006313290900771557,20.351715682299144,0.01480471623613931,0.00046715617103829815,0.031877294488208884,27.238129407090774,4.768817075884243e-06,63.66074871054672,1.0528990574792665e-05,5.04110195465585,0.6723037539778698,1.5200897664381265,1.58693467845167
0.008464465777577888,9.482773256475785,0.2388744648794935,0.0005391043596480787,0.02966461944217499,8.130973969282596,0.001322298862692603,19.979333648850076,3.346356880179426e-06,3.655305631557313,0.4548831805936847,2.2278595818686826,1.7332368927203208
0.0067233596189179455,8.070761253920253,0.2139835601288252,0.00047064098623220667,0.05216969297658201,9.990354359160872,0.0004920045604760304,20.59828965494761,4.764250099263083e-06,4.379199527684234,0.5124524592593105,2.299775902653598,1.82736174422388
0.005223240426875699,15.20610646309594,0.017804541243217724,1.4412608467738595e-05,0.10145200194706526,29.80152113751502,0.00024821832186352517,65.8768600104109,1.7895573616867642e-05,5.498479846330818,0.614309848080744,2.0403858260949392,1.3822512605197381
0.005672616095440282,11.15227258633459,0.032402016803399256,1.9691117173245182e-05,0.04160551247190054,23.327941935529257,2.0944137163339982e-06,60.47595723275171,6.407420287015202e-05,4.972470720233487,0.4676026356673704,2.036399006265236,1.6322735485447077
0.005408336326329627,12.15297485812493,0.014423683365205792,1.6655676401577773e-05,0.022954064907820905,28.088334121557445,1.391897071292121e-06,65.56546745353586,1.698974259510243e-06,5.548675582651336,0.44105476744206373,1.757301557366422,1.3820484916724578
0.005471880960215097,9.690302909948567,0.017238155612665913,4.058406801409874e-05,0.02087776432880633,25.192789922344627,1.947519147408957e-06,66.64896350576782,2.662886590185318e-06,5.125504203201562,0.4981794725300163,2.0535287575973897,1.7591638983153568
0.004588719069040317,8.1599536551883,0.011247405869983847,0.00021801418547306447,0.015981050477745985,29.95883188412513,2.65066656248161e-06,76.56580021138615,1.0142137142141563e-06,6.716728899663179,0.5436352194267681,1.743977201548417,1.2339659494551143
0.0048060178369790756,8.314189643604434,0.011361479295210159,7.719754098512222e-05,0.014356969160182864,28.59670886895457,3.5543196092377523e-06,74.30336704035014,1.8633161613212504e-05,7.471570102156348,0.492222146147798,1.8096070188868658,1.610036129442894
0.0068243155288421975,15.397801398561718,0.01621289969785644,0.000211453844254707,0.011066096956659903,24.552356486761628,1.5660392873300027e-05,60.88132967027947,0.0008214306469500717,7.5877436628108255,0.4877579117759918,1.4204335619691917,1.2136222111367758
0.005792280745072795,16.76279572553495,0.016856236257388097,0.001124870886465539,0.027496187138291318,28.778134453883183,0.0003180156347393389,60.21178367853324,5.438850908692587e-06,6.087512695148775,0.5726615520603558,1.714626641870751,1.3044475733956196
0.0072408573165614575,28.990328760981868,0.010806871367547224,0.0007813407435295118,0.1890128637221691,29.486806023000458,1.3700014920278777e-06,76.02594092990194,3.2863885280929905e-06,5.176279958324069,0.6126442114280649,1.7654469776836543,1.6575243685463565
0.005742685717155834,19.08109171635031,0.0120763868703871,0.00014432665253453087,0.10671549725447564,31.34336680985513,0.002775755464337363,70.1319866097505,4.435872191863711e-06,5.788976221277478,0.5767663905282525,2.0807209967555447,1.7543937374438807
0.007063814559939083,25.265857811119776,0.010099908271787219,2.061288990931144e-05,0.21614409781508284,32.818418490246636,0.0008670706772780865,73.19609183033516,5.079285852148126e-06,6.391984233165399,0.3934771178990185,1.6891377728348407,1.6046264514492243
0.009220377903334574,35.94567213106824,0.013303434062533134,2.1935649690461216e-05,0.3412054388733263,28.3134573368037,3.18251753146047e-05,67.86667155660562,1.5971121877412053e-06,5.973678140157832,0.48287319344823904,1.8192084242691484,1.1855845823869442
0.008114431396040712,27.047598397586423,0.013425594902905548,2.4993624215717943e-05,0.24810369634226334,28.974387642242906,1.4865368932303457e-05,78.51100505570804,8.199424319654881e-05,6.316747237950675,0.4151269611260199,1.937696304904212,1.1790098516495784
0.0058068386035700385,16.237636249184934,0.013876037682146654,5.784413168288829e-05,0.0728529845063438,29.61907553561872,1.8076127075483642e-06,72.58077285307402,1.2692479740628518e-05,5.375674429910955,0.5014593189723393,2.765468780172819,1.2520503360825874
0.00661757932682512,21.43638374755978,0.01067719095795458,6.88717754286158e-05,0.02489953548811537,30.616288956629898,6.6703662894650835e-06,67.37215683647172,6.8800098349253616e-06,6.738826182835378,0.5953395037470092,2.2164508243185566,1.2296749463509917
0.004530984961409428,11.432401602328074,0.012941459002600873,0.0015568760741636303,0.013903142440114789,32.49893848034664,0.00011804365902913521,70.51534344966021,1.4581125011884708e-05,6.242987901332636,0.5021285808867211,1.7359723418143533,1.252905779221268
0.005316774424396282,16.28252999669589,0.012506796583809219,0.006547494903653899,0.056317725659864246,30.71225927394497,4.543579193441871e-06,76.04083693080217,4.1291698405712476e-06,5.823168075512937,0.5853509294290594,1.44648788161731,1.5152987308264168
0.007090650733187341,22.66236375276861,0.010167854130793555,0.0012724438315127875,0.013051733368243662,27.768830435999003,0.00017726989439729662,61.20732918494754,2.972504914236776e-06,5.037445173304728,0.5549074130927377,1.4327727036851987,1.5375818659538267
0.0055970982077733185,14.470103645055325,0.010238673144846227,0.0022055648491519212,0.01020413307442411,30.557742207418777,3.866380898832628e-06,68.43163494793804,6.42322037778182e-06,6.535301353347455,0.4512451690140752,1.3450755453767667,1.3828313489777007
0.004937325970857198,12.81013732891693,0.010560565345010209,0.004469227184134425,0.010514474038865428,31.2169464190937,3.3498975199369996e-06,66.97732094176423,2.5528578793576443e-06,5.804310601800485,0.4450318012835753,1.3995038688492623,1.2178116569935167
0.005398799190194856,14.936581484037738,0.01071972864717604,0.0009771432075092864,0.01657820810126398,29.92191246356777,4.875189188946937e-06,66.66895661783491,4.90944048148833e-06,5.296468274520562,0.47622696432258893,1.4426167851105791,1.200874110754966
0.020466887596222005,40.28341549746897,0.23089940382128207,2.417109521804911e-05,0.44008404730093587,7.798195977685324,0.0013089816956344462,19.811999271682787,4.202289427560361e-06,3.540719091880345,0.5501247481792095,2.6417925140757026,2.615069361326655
0.014700840450792362,29.089815418514668,0.0803993790860596,0.00030784173048964457,0.06999129932542561,11.430588973844728,2.802637111516028e-05,32.74032551972048,7.31981463194602e-05,5.244036859334726,0.5484530779649645,2.8302414225517665,1.9342452441676528
0.014083080783843354,20.485551029786155,0.23615175504622524,0.0005140699089054605,0.36095840761496484,7.400924667546577,3.016017122959175e-05,19.798500582918667,4.324869251878704e-05,4.349789824797058,0.45744899257105764,2.482740252725289,1.9534611881029194
0.008844690099859383,10.320890381393005,0.19869600527355694,0.0011431364158378677,0.034363955382202285,9.449386291269048,2.5549476486587925e-06,25.03614693655442,0.0027548409503798505,3.874173433146393,0.4595799232707284,2.775945032527964,1.8164681946099186
0.007272283610705094,10.560804540525801,0.107497750286909,0.0011868150525161183,0.05257364757698531,13.26855792004661,1.044937661545195e-05,34.50418450312171,0.0016450933657223476,4.236253330604006,0.490134343137753,2.411011709855293,1.911181573007865
0.0074169838727186676,9.634841042093361,0.12008519146526822,0.00028211254261072285,0.02690572226954674,11.63385194260415,1.0908858984984384e-05,27.72473908821443,7.970700691387895e-05,4.339738414857632,0.46268345899402247,2.428349184965115,1.850953270657828
0.008118667622077252,9.503395778829937,0.19168272029506403,0.0004577790449223067,0.03161257665386653,9.705615542369618,1.3503145123512174e-05,24.247584313486026,0.0016510462288730277,3.1303693174729896,0.4681710813749234,2.4628463554640097,1.7544383417467462
0.0076276632366868114,7.848989024724345,0.21386764869670188,0.0016383094457223355,0.02490104024060763,9.014997116020027,1.0836066846286376e-05,22.983682583366612,0.001003909050022463,3.167967685234401,0.4145683487920334,2.354215466163321,1.7492044835102207
0.006953349207936462,15.679596577581467,0.014060211889355153,2.7303509742182843e-05,0.04390791551905108,25.580549793524753,0.000855282495318242,69.78810621993075,1.4724421920442636e-05,5.372183319426076,0.4236450604617359,1.7924707662830046,1.5053823640042001
0.004074700106491392,8.856615648290736,0.0102159468235329,2.7592631498395408e-05,0.015225889487153282,29.61463154573254,8.759923092611001e-05,63.220615305229806,1.6019167120402596e-05,5.47337351743972,0.5317817864931303,2.0775890636365086,1.2845515293301373
0.006203771757080431,17.860827386321496,0.010978078997692183,0.00028696405255418535,0.012086999796862865,29.419560270356424,7.835218861757654e-05,63.478059775601764,0.00041849814591100946,7.176299755296938,0.4169299077856628,1.9000080864524413,1.0434635431090236
0.005655905436765266,16.043077830922392,0.011280371665772317,0.00016246364365341643,0.02169445894522881,30.818227486265993,0.0007215394286076384,61.951538381782115,0.0004884475518926151,6.561624010148968,0.5039957195669643,1.8072912576994506,1.3889561733818419
0.0061387034549569884,16.954865066917435,0.010367560366766709,9.981916362212982e-05,0.01146048853024436,30.929829982945584,0.0033881220900279763,63.94013198362174,0.0006699540768775847,6.338557325495836,0.45878466317176825,1.806911746142767,1.4174024895978117
0.00483624274145702,18.596665621338172,0.010022175234334513,0.00033296457095950764,0.0946329152780504,41.66719402904915,0.009650040842874371,74.27946852461476,0.0030869727031581904,6.128747821792939,0.5704015773833858,2.328425645232785,1.5047361987624688
0.007687782539065742,26.077792802734017,0.013469247108131065,1.6791897477240293e-05,0.027782118184118267,29.83795443462175,0.003382193470435101,55.635832712555235,0.00018095479928741156,5.957085441454292,0.5127338713294268,1.693286269509884,1.5022984391427698
0.008421018722231987,29.41388572342804,0.010895304811217154,2.265667044621824e-05,0.04030971648104205,30.955242278271943,0.0015762380962792127,65.47754776862817,0.00036533163661389115,5.522001076194559,0.43869342089699326,1.7485112639931426,1.3014671555298267
0.009836001382695341,42.80436493680073,0.010717392288109617,1.539080527612882e-05,0.053851243044045524,33.35709600898171,0.003422749101151799,62.94828526697321,0.0007800514255638982,7.030932839937118,0.40111033508988936,1.7777282289748582,1.404628672423586
0.01120500218958736,44.566424148547505,0.010668499384355124,1.7286113145457494e-05,0.0500629971576692,27.701671784846134,8.383063133094172e-06,67.56063392955225,0.000986857361330384,5.658722737243785,0.41543752095288083,1.7683178317842894,1.2821433175201058
0.005257764954669041,13.688222123415802,0.010774239732066008,1.855970154657393e-05,0.01959816622622965,29.787469100892412,5.697736680482951e-06,67.85019373923728,0.00043678494540482947,7.503293254945154,0.5008902957028463,1.8214969055272183,1.427304154630325
0.0068102878080013515,20.400826874981668,0.014155815531465296,0.0005440105495516743,0.03920623482966678,27.947836495617047,9.627740926561181e-05,59.30172414722524,0.000205131229277195,7.363463037929209,0.5215786775759221,1.975083451922344,1.454127195519135
0.005929169979983219,15.285370873439602,0.012118744512011514,0.0003835680692217942,0.01903712663961056,30.24947470084653,0.0006343056224106421,66.60700690337886,1.3942139053213637e-05,5.979770564480363,0.6153297822017642,1.5203942582680197,1.2264667209008433
0.005639352801165515,17.218355740928732,0.011527977700119686,0.005104612814430589,0.026268643071794145,32.164384902373286,0.00027638707060825027,74.52832119728562,0.00023213292004004281,4.40662654981877,0.636995315042437,1.7329860202784848,1.0047267681531105
0.008074631969217965,33.9173955196639,0.010220188009509402,0.0011068725769543453,0.14159552893762647,32.44531656536755,0.0001563090742168806,69.30991566429462,0.00040839622941983767,4.887169226564254,0.570562698073038,2.2966778697256847,1.2614621059675657
0.0070302655628099045,29.037852505443805,0.012574628550532672,0.0007074657030345734,0.1525384436494639,29.06224254504133,4.454101839356308e-06,59.468448758708284,3.960417403271632e-06,5.082041169670533,0.5036848753735823,1.7882301884386609,2.347036044220244
0.007054674981851382,30.051991837762305,0.011387550422228878,0.0003039386698530223,0.19348624420581712,30.889679465717578,3.239782414029389e-05,62.841933120309555,9.915783677637406e-05,8.142574603334616,0.5546329484337992,2.1848874935114764,1.7503970251376035
0.006243357447507722,21.25918252851811,0.010053251665369784,0.000750890943401656,0.11299424787156999,31.21904217046098,4.2414277524484524e-05,67.66791566554879,0.00014088973678254228,6.853446248982847,0.5026663081444593,2.028478510560003,1.8224246956714205
0.004428554405776765,14.458324241889922,0.010091336394904272,0.0007038140015153255,0.08051832053884686,34.07313883392533,1.760513732335604e-05,70.70334988115519,6.927516193526615e-06,7.330653262072917,0.4687452141554363,2.0024125935273274,1.4763998337200992
0.004788806672795726,11.864125608827333,0.010192924494279791,0.0027276681969254125,0.04341463453795423,33.87296001572125,0.001234274471918019,76.76873289021628,3.2646603623208525e-06,7.3051788270714555,0.44210069794629886,1.6705910127183947,1.3401536337098394
0.0071570746474297646,17.82013663926089,0.02000832873633448,0.00018326079626775947,0.03127896407059242,24.56704509107991,0.00044662296749400536,53.994791623140145,1.798234548251623e-06,5.938860531268836,0.4885161992959445,1.7526667444697592,1.5136723961924243
0.01848699484350333,66.31160886534376,0.016300986501419187,0.0001618242552963824,0.04938294668075507,24.266385389147942,2.7944261326750345e-05,55.29157847217696,2.396515776699134e-06,6.993017173785621,0.44490870951151335,1.8529925887444256,1.5571984281396654
0.005080635950819978,11.902993397914136,0.012015738653173194,0.0006800225920405527,0.04983313805447288,29.22593536441489,0.0001592128595931699,63.93046601595263,2.9544536473669992e-05,5.770100349599347,0.5564509563996586,1.9983882636394192,1.4624280706281991
0.004850055334431629,9.565765874111957,0.01511545442901348,0.00022499296384979978,0.0294683738031317,28.326081807189002,0.0008772981102282098,62.8771154002854,1.2420468586578166e-05,6.231779158042903,0.540654547061819,1.8538148390176983,1.4036837111707499
0.0048434663349711925,7.998944959792069,0.021592054707411476,0.0003987450094078509,0.01422182031558464,23.785993685251416,1.8682914271642916e-05,61.523100310025676,0.00034536159824492607,5.593059320837577,0.5365424446018997,1.990142746564417,1.1896488197269952
0.009284521944612557,37.86210270532065,0.011109610463249375,0.0012482026508891513,0.07470742842598399,30.72003503766885,0.0021117520788191935,67.74637300838452,0.0012722944134108969,6.040331572819478,0.539643510181595,1.4150903620894384,1.3667312595055654
0.012840505998356715,72.21717458705197,0.010092149009808664,0.0030405387094775255,0.09384539131141305,35.195065336843285,0.007021588320606644,71.68911097162146,0.0018981276869242446,7.098743687435875,0.5926702442028637,1.5201980305066771,1.0956234780439855
0.008693939822726532,31.552202045241422,0.01035598676763773,4.6971089627611554e-05,0.025923750277304678,29.454378482343074,0.0018336202139823485,67.42529075493565,0.0012187962939818027,6.444939273697142,0.39038944270314285,1.3923394889300715,1.0488855750939337
0.004218789990001104,14.16127825085391,0.010029400208257164,2.0417119545458532e-05,0.036029660906942075,36.24115678623323,0.005124372732937326,72.95035059418807,0.0006024374153673021,7.028980643140522,0.4286316451620739,1.633764257537537,1.092576875317818
0.005178650014863906,12.41633189812587,0.01732452338620133,0.0005123305509739317,0.017704953259063468,27.98942362795139,0.0025360008401093988,62.408851412063576,0.0009064507177166646,5.933211686273299,0.39597453323900433,1.745872553143916,1.256622494385835
0.004795891864933999,11.94090736667981,0.011775740653069864,6.12669151761252e-05,0.012128606942546886,31.333088817805073,0.006436702507253631,68.50609567436945,0.0012992411854893646,5.681501386763697,0.5335424746343037,1.6452308898118269,1.3701566322448204
0.004036084682320484,10.389365760419508,0.010847537912161408,0.00012353290205575307,0.013253217608391495,31.898543552817387,0.0030911992014775176,75.09029125156763,0.003155540285188168,4.960577273817837,0.4852099278275736,1.5104862558381118,1.305855690212775
0.005613300705650472,16.550330741448285,0.010013195496641036,2.9744586986609816e-05,0.014586757364162421,28.97888653280313,0.001379444879640643,69.06037217934846,0.002283549013211509,5.117151937536119,0.5765321210029368,1.6128658547716148,1.2932749442586557
0.005182374348018068,14.433996899929667,0.010090484012843603,1.1641379920091517e-05,0.01014565946111596,28.528596499328987,0.0013534820398256268,68.51390534456742,0.0031273125447892993,4.964414135640296,0.6276657619616184,1.5965611528210892,1.2580057092360566
0.005347361379923035,14.005134048746003,0.010084513508284846,4.266385471654428e-05,0.0260703181448978,28.494690882433904,0.0003799114016764533,72.03116079928354,0.0005253587049459015,5.0568754810553855,0.7413008223961837,1.4009072948042667,1.175339878626816
0.00423943297632939,8.310779415632956,0.01287833868090944,2.1718266433663124e-05,0.011771698712399905,28.601181391154316,0.0005522856194966543,67.0500482655247,3.448248559612747e-05,5.763783121107399,0.601746603507483,1.515537317590219,1.2156692922582335
0.004015859431797904,11.012257892561696,0.0136176051303998,1.0084488051008634e-05,0.013922588606957694,29.671279479946218,0.0007086121457326608,64.05567888824719,0.00036844378426563446,5.2406546034341215,0.7869007500202991,2.2591606863158336,1.249320890259647
0.004824801133046908,14.731549869410305,0.012042169048337062,0.00023484694518097825,0.016338021239115947,32.503235950391996,0.0020404787022360745,65.68862760452518,0.0001988896131021373,4.7572723579661975,0.5638523788837,2.091182258136789,1.2656379843294123
0.005395474549637404,12.873103253289909,0.01739906769946834,0.0008090264188355899,0.020269071191096735,26.98740950886824,5.3142432399872154e-05,62.059264584483564,5.6486030592856815e-05,6.2892271808167255,0.44246671514505914,1.2752350952146678,1.150571802743607
0.0067515395190646055,19.046433626909835,0.013644397609030502,0.0006516033233637043,0.038638648061086404,28.540101078787284,3.509789210101869e-06,73.14274235317987,0.0021557936701451924,6.268830029763458,0.402407969603278,1.807822165268643,1.0853843497046605
0.007864731074863381,32.56182121709565,0.013636718188746875,0.0011945538043153785,0.07923741810067815,29.017678638797136,3.808687710994208e-05,71.05564966712554,0.003820857776683672,5.238132067102603,0.45594095675671875,1.67898847188605,1.2271346816649022
0.0057324433516695444,18.07756817046702,0.013725920578763996,0.0010894349726145978,0.10221892050303164,28.820666405240463,0.00016205215975304455,66.29290668916124,0.00023207775291940032,5.1479139805432546,0.5409683735076977,1.5847365048134983,1.1341610908228805
0.005485709602490529,19.742482951370373,0.01048528057522246,0.00028490250539861615,0.07835337342634596,29.58351123241433,2.7478553224705806e-05,66.02791105251194,0.0001783562811334283,4.5529688053294395,0.6801160689077114,1.7814646631724393,1.4022744043213113
0.007110525227124574,30.09288023151288,0.012178350195235653,8.085511181612077e-05,0.1543713549836964,30.092832000496692,1.1754730842786361e-06,67.71484442922507,0.0011869442432207774,4.593808218705895,0.43152880020617823,1.394573962015543,1.5264595306585556
0.005896625094449098,15.924570027336141,0.014384114240048578,7.026181280477768e-05,0.018750304488677042,26.785435058197336,8.264728584543753e-06,64.94567412746723,0.0023293381745720923,5.2251086842620085,0.5044701320089257,1.3516260427866595,1.6424524724265346
0.0049418099381952196,11.724903419222311,0.01149757922050342,7.399239513196365e-05,0.0372409234532158,27.73015294947768,1.1442238617293835e-06,66.87968766141975,0.00024593356474606333,5.01916433588315,0.5440612808915298,1.3706849436630888,1.1330655395485727
0.00476667668499194,10.516423899936507,0.010019619471940288,1.1294410296491268e-05,0.02713022437649156,29.591110367241388,1.4596316809786577e-06,71.81854961198032,0.0002454713946232842,5.511415354986579,0.48181738948730685,1.5112361746290102,1.0011152459474695
0.004516889178264424,10.754289568611421,0.010235628033292681,4.739382406888382e-05,0.03229107243598011,32.47247597526729,1.1327747509324086e-05,72.30184904844387,7.904561702894789e-05,6.135669210835447,0.4540646232492944,1.5065522270234621,1.033837288762445
0.00798964764837235,29.169793440592606,0.010799930703887057,4.062174289543835e-05,0.070103042379023,26.12275742968538,2.3554262157112543e-06,56.996047761455564,4.873393789714775e-06,6.4629788153983,0.550747317902386,1.6205311256030497,1.551181083592261
0.005651585145680861,16.69548105334996,0.010602010176374778,4.1984051817513344e-05,0.11628029517153594,28.139051114093235,5.70493660577924e-06,67.55358083522098,4.755589290604065e-06,6.426255622458703,0.5520150669011318,1.7244455631782865,1.2236658385735324
0.00635685213654586,20.134546492285256,0.015129072422765271,0.00011647572285340072,0.03625636739316619,30.737739621450764,1.8559760712996227e-06,60.94647129176773,2.3090890875719905e-05,6.578127703555831,0.4470746097576549,1.837669525245178,1.3047698400945547
0.006176227245370734,21.53028137805164,0.010118033467433304,2.1824251000851725e-05,0.046678846663466556,31.789976267699643,6.0855828710871165e-06,69.04555285442932,1.2595015296383472e-06,6.8883701161709325,0.5079272285966872,2.0108172240704545,1.1633403997013643
0.005074193922093518,13.407030280004653,0.010067477516557014,1.6508580681163545e-05,0.012430661637920622,32.174911138062214,4.2088926068167915e-06,73.18575298409783,1.175256490721963e-06,8.874101990908166,0.43107452631569015,2.037330350252151,0.9491921903368193
0.007919600887055282,23.47950468407014,0.01493897947639722,2.8243380821196267e-05,0.05064131780033187,25.6764418611707,1.1388109818293478e-05,60.796376755736915,5.419114390684832e-06,7.216826082609046,0.607089939726968,1.8339686501444188,0.9987977990241785
0.004249535245077597,9.1267640706467,0.010379545794369073,0.000931588524924183,0.0102357331899295,31.51638289234401,9.74484104172618e-06,65.59703009230657,4.506699314950424e-06,6.13692145289181,0.5556915354553177,1.649525689712275,1.1375414019331178
0.00499618371951911,12.156656816981208,0.012769527307022016,0.0002636109128006727,0.018240711507989924,29.1576198006296,2.2745694121290385e-06,65.10734440320991,1.3982784427453856e-05,6.480910195058524,0.5798658758625784,1.6429592902831893,1.144685160167786
0.004892397111306363,14.557362474818902,0.0129953386298685,0.00025019524593998787,0.08501860756525982,30.963063456289497,1.7182141741540223e-05,69.7173552960539,1.7015182102269125e-05,5.715455142304584,0.6138074200070717,1.40206584284046,1.4448445876615075
0.0064276087865382725,23.499265419053785,0.012152009457970564,0.00019498554351128958,0.35954665682834697,34.303202678363284,0.0006454614996167185,72.02493416068522,8.766898331965358e-06,6.66057882809031,0.5121441498855637,1.513183500362466,1.4774740484970317
0.004909136899588029,11.497729387796364,0.011850786154334266,0.0004674551344552717,0.024179414857431865,29.847774253974013,0.00039976002377095556,72.5783360974552,0.0012794318451526882,6.799600370821529,0.4412778880835767,1.5966776317997768,0.9376871938733083
0.004312423413927777,11.014452812188042,0.010521301632014271,0.0047933085791554315,0.020863583503680998,34.51424383775051,0.0008257954140036436,82.14490606584577,0.001978094766353491,6.551328443100245,0.5586708015037861,1.557473392582322,0.9455962579572336
0.005196575891192054,16.164822494462655,0.010204085448274914,0.00028365135955632373,0.022085510488007415,32.80695385128459,0.0013425166922337122,77.78388965474862,0.0012214775322784905,6.192287599766702,0.6078595632682066,1.6564398882570783,1.2139356821101357
0.008578210322060437,32.39983972553612,0.011984338500977973,1.1403393038922506e-05,0.07287660669445628,29.30077957248118,1.0194273055598708e-06,71.61644807857971,0.0003142454740209869,6.2596276031020235,0.49827472207394385,2.2897855781689955,1.2878792446942608
0.006416084544749191,19.367131362571236,0.017006075030584624,9.588854998852013e-05,0.03443076039984155,26.312165320119377,2.361401491941494e-06,63.68494640128039,0.00043441793643121245,5.016897951646979,0.6112667395543535,1.832444582918317,1.4008841071796239
0.007402720429560164,18.910561975846022,0.027213262833861034,1.081299677464021e-05,0.03710303793752512,21.064189984036815,2.116015527618127e-05,52.69453166571773,0.0004734180163940231,4.47309054069117,0.52226794277374,1.9755544789686,1.6701914178302086
0.007360374743275159,29.816982484704987,0.010426326755995233,0.00018216329505042707,0.1399957505309306,29.11947373407563,4.3925264910296604e-05,72.68548988453189,2.942697721352928e-05,5.166214001748491,0.49149947211495526,1.374490020624037,1.0569938541013397
0.005970171571546135,15.03652592173561,0.02135735813228667,0.0012955774459045498,0.059768320806055375,25.96641090381874,1.7371449983823508e-05,59.30456432672936,6.653240940474589e-06,4.57011161328994,0.6113700210600062,1.7051836279086836,1.330819817307912
0.00463710908392096,7.570934938801649,0.029157323362077762,9.094777083406676e-05,0.01397287085737184,24.619280103981474,2.3029648830917585e-05,54.756930903991424,0.00011345996224274421,4.516704143522484,0.45631315103577963,2.221216236438878,1.3232243497922478
0.005100147052938405,9.781082767436104,0.016710891145846167,7.253485838397437e-05,0.01661594568624166,25.910226001121504,4.107548027572858e-06,63.20176475856791,7.305145384205274e-05,5.500922045407386,0.5403619716052924,1.5095896459115568,1.0589745178269163
0.009264322846121201,22.98892749270643,0.015276762115342164,2.684708741422922e-05,0.028769081982585112,24.12429763135354,1.4989380310397705e-06,63.6588596287084,6.471141357237493e-05,5.349726331507241,0.5355049068535904,1.4780789126161926,1.1001369082063595
0.006717280677199327,18.164805110066727,0.015435349375636512,8.485404381670593e-05,0.029778177955574935,27.8968952849345,1.430939979696944e-05,67.00225767265655,0.001984379609673057,5.8424353941884535,0.523700607538523,1.5435300568739274,1.2130235894433385
0.008428646922870299,24.66001408630029,0.010382615365166898,1.1053371232280579e-05,0.028895581760442993,28.60826957724416,1.8699040301664758e-05,64.32546844413785,4.979834546731152e-05,6.824434718368239,0.53288870635977,1.451131949661217,1.257297110549059
0.005585516112496318,14.229487389419887,0.01143799933850058,7.552280582734164e-05,0.021840045364585375,28.980234600821536,2.7161092839243616e-06,66.096793963794,5.9177422197163406e-05,6.478908527231614,0.4827880250903606,1.5105680223416973,1.2772748805850789
0.0053561097646402985,13.768693668559981,0.010971391689575628,1.2703650534525803e-05,0.0218175864339831,28.309335105274265,1.1356118884255504e-05,66.15493394479624,0.00011265771208494186,6.237220788388434,0.5258474227780922,1.5643315303825385,1.2678419254526
0.00733215824021588,23.16383196587009,0.012299968367723832,0.00010789500902900618,0.035886595366960844,26.62759933019638,1.606693139046361e-05,66.05597794658713,0.0004340435537002319,6.11068597544779,0.529299107892528,1.6757889776933137,1.228884994898452
0.006360649111374478,19.475198884081575,0.01272203729358134,1.050486684097042e-05,0.026127834603147146,27.1334592192293,4.2113660636087076e-05,66.21665534450406,0.0003660644153223278,5.90486382844304,0.5252434124348303,1.6736666299557985,1.2260714775530928
0.004261368390339952,15.353008605366648,0.010002035217331234,1.924581677088544e-05,0.022818468331898257,36.67340983346195,0.004203080614098493,74.42675216972025,0.0023071624587411993,6.66938304704901,0.5246779461191992,2.1327098375704345,1.1177111345021118
0.0050614655157232005,17.38222302039152,0.012259252798158472,3.1770391944138355e-05,0.031790691437509046,33.068107532354794,0.003735106373850795,66.25125549444049,0.0014490117061169588,6.130832283504973,0.43977561823208444,2.5189475193833837,1.0977211465510737
0.007007150156065097,32.02586081944195,0.012142575525581836,8.952015255781202e-05,0.08611118301851098,32.55148894760809,0.004052800678456927,71.08140807744542,0.003964217405768983,5.7255740049604205,0.4486853754162271,2.296010999900212,1.0752415445872483
0.005876948302413329,19.80697047754367,0.010485510070545278,2.4044414703917567e-05,0.0234016136752985,30.601338822491265,6.266321965696354e-05,68.55658726920795,0.0007941073022757646,6.974696138694579,0.46790158950308414,1.7566497272095098,1.2817028930074308
0.00998686144490895,46.42818019660922,0.012919932613712,1.1098901255140157e-05,0.21534970643039822,28.564459076805424,2.143150434360117e-06,66.75246008791026,9.467292329886247e-05,4.386116497072833,0.5104730695549085,1.7033565743712578,1.4891235151409503
0.0061716404675921785,21.7474264045118,0.01127765869744477,0.0003277052123678627,0.11383301685851997,31.624592749225705,3.61953264328684e-05,69.08224305136585,0.00018243862587444116,5.552147843317386,0.4313341158128011,1.5633995711292783,1.250985603872088
0.006243422508184106,18.14843102219457,0.01437376712305515,0.00017920683454905858,0.0737463186948058,31.131618822939497,2.8543838709075393e-05,70.74094082655219,0.000168116760193514,6.607523184033614,0.5056797057946245,1.5660826449559322,0.9474294596134577
0.007338375590447247,21.92934757056606,0.012527290825348607,0.0005918257863910624,0.03096384876710623,30.912370621125707,0.0025625570187889175,67.34587278840183,0.00015334191491755172,5.838524168572924,0.5189445184348445,1.751061703234049,1.1521152127261503
0.0059597474500178065,20.801416441934514,0.014621154879536379,0.00032658385495011496,0.025134902410963396,34.446274169863415,0.0051424339441147856,64.20941788325356,1.88518287070488e-05,6.242895931180466,0.6133842114664548,2.1064163458839174,1.2991569072460463
0.005450822992121398,12.191555903664783,0.01146488041823758,7.591306827875375e-05,0.0192240483785102,28.1482434413667,5.955149994582343e-06,65.23133821182554,1.3136947182040673e-05,6.19502268944353,0.650895835600281,1.4172223377875393,0.9688297510861847
0.0065313839501995735,15.904105133668727,0.01100715400351259,0.00018492460079492303,0.010408451180347873,25.846721952415603,3.1465441968021505e-05,64.32500222290477,0.00011091286336879219,7.768140924598453,0.6326236599090358,1.2265404379969027,1.0037023014453745
0.007891480414811497,20.650603842640276,0.013468789389884018,8.19230228408181e-05,0.010117075329349731,23.825773819178647,7.327644268357565e-05,61.97638815241313,5.125219407018843e-06,5.160287474184876,0.44071517233314944,1.6718477204233113,1.2601989411035246
0.008433561636430576,24.870984171631626,0.014027472927236636,1.0277431403727433e-05,0.018372105643158405,25.82859634531358,3.680741202166861e-05,60.006452858038784,1.3545636358700594e-06,7.5281358941953815,0.44363302129521026,1.4910906598016955,1.552192591905119
0.005165686476229517,12.13344093431328,0.010928957601415545,6.803707628947078e-05,0.011741120114344484,29.81457792308621,2.286193638349533e-05,68.12591230768598,3.0718093784171265e-05,6.5803204006125515,0.48119124105011457,1.7392530637941523,1.3813955363841357
0.0059780033104912455,13.826786401685245,0.010900129869033623,0.00012872650996564647,0.010880227550581288,29.917431814765315,4.581620567801444e-06,69.50328502504473,8.89506691732157e-05,8.403384116568741,0.42374992015967056,1.5801014525423642,1.7435790463048693
0.005182942929401977,11.85945377907569,0.01027622428027723,0.0001780288319917408,0.011502532384472635,31.316222634133652,9.906001664203436e-06,69.6653340725454,0.0005480670083201854,8.649348232053432,0.4395364512436914,1.6720308581853216,1.4696496328841113
0.005906347089257307,14.631708719869495,0.010954646651093485,0.0001904837824531281,0.04696322842609576,28.80163171304056,0.0004264956793909268,69.02428382400367,2.2519974449855375e-06,7.095416168692043,0.4241033460813657,1.427503953758935,1.329570859924787
0.006100566117213013,15.921328973691521,0.0105773431505621,0.0002821759901970821,0.018956728781674783,27.48015850933889,0.0005032248722058174,62.991510847992636,1.2852536670727861e-06,7.397741672889886,0.4336119459896717,1.1682629359298824,1.0919112874608154
0.006191033582865939,17.183007554586446,0.011729091257766045,4.552901422078732e-05,0.08818970066835691,29.98406250324523,0.00034254363722093596,69.37626035340833,4.958434428369594e-06,4.843136807586586,0.507994163456378,1.4996779235063085,1.2970329999296166
0.004502742147098471,11.533649508753212,0.011046094713044049,0.0014544882101716115,0.030887741861874877,31.864684267826465,0.00023362442586189302,76.34760319962531,2.0588158185249892e-05,4.832151208007571,0.45741731822555715,1.2401549136168388,1.3849335513484828
0.005402093917806161,15.137716054936625,0.010326439867319256,0.00010254991281887462,0.05076169572144079,31.57631833387574,3.08066560981254e-06,75.15604953965132,0.00017700426126822412,4.827282076048915,0.39189159621425834,1.5090884511057434,1.3560214546413556
0.004393378027360698,11.809033904321987,0.010462429648940477,0.00010252871939206924,0.04648587377793409,30.970727766375944,1.2191837290097714e-06,69.51980955909308,5.2856384520604544e-06,5.954330244477631,0.5834409346403289,1.4494661888029818,1.2583978816399208
0.005679440534713419,17.767302838681516,0.011430272639689256,1.6620816206891435e-05,0.0521491559416493,29.28697499814432,7.437210033095268e-06,66.97715562818385,1.6834070202225938e-05,6.409675456818717,0.5632603719572464,1.617372587133741,1.4613922154596843
0.005191892252593027,14.013792647580521,0.0145648325990769,0.0001979499919799205,0.05476789541589609,28.474797378351855,4.122004672213446e-05,66.86862962851185,1.6824258285904885e-05,7.032472211886369,0.5623184958103957,1.655911299535895,1.5642429094291643
0.0068364301040494645,18.33851625633294,0.01316847371602953,0.0005077580428582189,0.018534426058654414,26.77887709049845,1.932419637820798e-06,64.75277024005453,5.22775437264718e-05,6.658826226780116,0.5404224136687731,1.3859372247740782,1.457594052457555
0.006741152491738888,18.417715747415947,0.012227184932172,0.000547840452080498,0.019332969989586304,28.32924905655182,2.687341986638032e-06,64.53572880571375,3.759710308466235e-06,6.472857612589589,0.5915217311831578,1.713190698640537,1.4763303331192552
0.006223855950495643,23.83705223270724,0.01222085793753963,0.0003205760816017965,0.032363028368711286,28.42977997656833,4.300971042405312e-06,63.09957406126694,7.224860353200214e-06,5.346815492533772,0.6027123690426666,2.2318994888588004,1.6488916456699023
0.004597738424958362,13.362677120821589,0.010283658193063787,0.0003207944468068049,0.01404341966801852,28.82183983778286,3.776562530360466e-06,72.53246475608182,4.68159754446829e-05,5.70489025619489,0.6094750359077158,2.2571947777066876,1.732916039447191
0.005687354265389176,17.28081301608284,0.010663876645811652,0.0008420233066622808,0.02494177071557032,29.769915615192968,2.445845001753428e-06,75.34063269445768,7.058153141642769e-05,5.850075903444453,0.516485916884482,1.8776087476931644,1.5990396910919735
0.006979114363736236,23.738979056737534,0.011790875363333599,0.0035288991882827243,0.017794158208791645,31.389016203796974,3.699716437315537e-06,65.66984900285576,3.572534763126676e-06,6.397203888238767,0.45994768188637153,1.4937079131053934,2.0018504006889843
0.004605666001076989,10.352472468256437,0.012244936530470645,4.4545237180790085e-05,0.0237336098273716,29.36513439954588,1.626692454250113e-06,72.82653194691257,1.6306903988759746e-06,6.2928613976870516,0.5309834360362148,1.701237509992278,1.503935903220686
0.005996840125973474,17.4765537170165,0.015231406068525345,1.1327652921230633e-05,0.06866930335176664,27.43624002006584,1.6109582846925167e-05,67.25839007962696,2.2104362058430803e-06,4.765708029907858,0.540894859702274,1.60934075778865,1.487361795793797
0.004778843122852281,12.74559051752657,0.012316935443018732,8.947400271286194e-05,0.03467810855493943,28.50084664220176,6.385821872937101e-05,68.96016829491035,1.0912091655513508e-05,5.308998221588506,0.5174568926032018,1.4094400835532577,1.2344175273517064
0.004901273769156211,14.589280854424185,0.011383791424278105,6.080797218521592e-05,0.06672189111444285,30.399989622483215,0.0006220666133161557,72.26426809954553,2.302939050559915e-06,4.975803137759452,0.4559710363494643,1.5186192399113028,1.4685605960688737
0.004319286560162762,9.86208278820987,0.011356856238684595,0.0003689939199864954,0.039753380104226556,30.611782226996212,1.763513799004143e-05,75.44472572123158,2.905577432382603e-05,6.125273310915671,0.47950599722789267,1.7851909497242047,1.0510740989925873
0.0049777511715420894,13.632903624313562,0.011017781770125431,0.00031797283810506237,0.10398831239132242,31.628500792545577,2.9139128218324403e-05,76.61577943118776,2.002155610613954e-05,5.477752216289606,0.4971771591572532,1.598195451883152,1.4077443073931981
0.007218627732425843,26.36014964591706,0.013029469158719977,0.0011281037895137303,0.2542405827625828,28.977299910180914,0.0001465929898129312,77.81426978416395,0.00027648236257040516,5.512696363356145,0.6112529558505145,1.8839637500141129,1.4839475607658656
0.007881698921213775,28.50469006998221,0.011630921664629345,0.002164350284184124,0.17066237492192932,27.561611026489526,2.5353204354409316e-05,76.52977343272896,0.00021981806298937602,6.019505176412515,0.5538531876470316,1.7623702329800182,1.5356893147463657
0.006835055211822715,20.441470490691948,0.011810627305095725,5.245541774033115e-05,0.04990479616704602,28.926408575736822,0.00030854973727417067,72.36928163609262,0.001425320142501321,6.5999965084196965,0.5753916511879942,1.2125749290526504,1.579989949724598
0.006804265375773644,18.840375535658524,0.013126327539865736,0.00034014423863363083,0.03671126101472162,26.620562419146136,0.00039410133390025917,64.05168326150647,6.214926373853278e-05,6.989433538771904,0.5988176781333335,1.58387431899346,0.9464838027652115
0.004850782779476957,10.54257318336656,0.010462735360362189,2.5938613870726215e-05,0.016293808041273665,29.25773492224335,0.00042583654928436096,70.62681378124992,1.7519520666870447e-05,6.275955539457361,0.6972438454941497,1.5885937568717403,1.2604801696612737
0.0046836539182135315,9.072047266955547,0.013674592324113381,5.627650007702252e-05,0.01655754384089693,28.47349277779335,4.770572819089624e-05,70.44434152392137,2.1223518028389526e-05,5.9459716274837495,0.6225324463002473,1.3594536656353482,1.1841621118333272
0.005808364730227636,11.997904074109458,0.014902107634496984,2.0444467868189554e-05,0.01197020111392398,25.9163067815639,7.02046542866029e-05,63.78534264871392,5.121539898795684e-05,5.5029115451559,0.7148139189164704,1.5055783945452383,1.1198863256477642
0.00622520072939107,14.130846096864627,0.0113198156435188,1.309378490520103e-05,0.010601479130460148,26.34655519935729,5.47752403814221e-05,66.24303429939935,4.504287563297364e-05,6.469467903682337,0.45117433466523305,1.5794557992076557,1.1388682125249112
0.005221091709780296,11.57842967332167,0.010682012132042057,0.00011718424552336596,0.014210764109540428,29.366596763435194,0.00012892124140419012,72.20510072615828,2.7810211713969e-05,6.0723451073049235,0.6181401005086348,1.4429163580906843,1.569031501331338
0.006215285117315333,13.063856380144054,0.012911512197395236,0.00010704501059855424,0.011072315071569945,24.663901224779693,4.051992246672489e-05,69.50323539289276,7.936318144280043e-06,5.636860839030794,0.7403681824268127,1.7156046594535193,1.25884514525913
0.0054060393657180406,11.439484091914245,0.012367168593598972,0.00030531357910169117,0.016080756899025557,27.74572914411604,0.001007607094376527,70.30991302304369,1.635294579979539e-05,5.505323618997088,0.5515246598361763,1.5883384338515742,1.1094079166307544
0.005304252979810572,11.746630180061622,0.011529382652215658,0.0010933173307198453,0.013594435447770496,29.74452526660421,0.0025861639005040106,69.66051910877371,9.291234598940871e-05,5.682740164364946,0.5205106317307902,1.656803618878527,1.110069365064901
0.0062129829588749895,17.35714824964876,0.010138166328353687,1.147489451219871e-05,0.018067108495198915,30.07442150747167,0.0018910543322473003,64.89598876647248,5.463577160058484e-05,4.868638468743193,0.548652888730142,2.1237138225957977,1.2839078811495712
0.0051975952615349475,12.290352542958344,0.011325931225806832,6.182475831563165e-05,0.010714020066153459,29.218885404568805,0.00014543245775244912,61.79613510400634,3.659410239033546e-05,4.8060530968687845,0.6039676005978921,1.8292502931448231,1.4300171329093962
0.006653025501247646,17.63308928803333,0.011027089480415107,5.944250863924239e-05,0.0207054040170176,26.960318184079775,1.0827082964747396e-06,64.48023187046823,0.0005439058767545552,6.684155697647748,0.5269971159194005,1.763842389905139,1.4343949191117336
0.006866876738402646,19.424540919919313,0.012248769716402708,0.00012459825766355053,0.05885290837885251,28.09347838844529,2.407246066231695e-06,68.17065028469094,3.008896515524015e-05,7.286970992184074,0.6280582094558218,1.6066985737104675,1.544623905618035
0.004987886326322176,16.22841220580766,0.014950683198078348,0.00010637475255579072,0.2606038333666763,29.606380238504325,4.906047514824296e-06,69.24273157836201,1.965444931781443e-05,6.341958607189187,0.54094812948427,1.8754296190982198,1.2564323525808065
0.0064516265852185934,20.697801140571652,0.012045747650905195,2.506801563972772e-05,0.027725227447267797,27.998294117670138,0.00045640084812340997,67.42516000432457,2.399671242894874e-06,5.867018733934285,0.4537228042052003,1.716966572875024,1.566602182818162
0.004894332635369645,11.62223892060296,0.01301143412968084,4.9691195952343214e-05,0.02884129013275564,26.990500033469083,0.00029014397413756557,73.69325333713695,4.273013910793037e-06,5.493547196228097,0.4911160232376712,1.3884423435153903,1.4988271769021175
0.008730783554140968,9.809139658846615,0.23376171818792046,0.004835918056825905,0.01391412158717587,8.598658452124049,3.903957757489336e-06,19.495957964885957,0.0011408910275037558,4.098904606181023,0.48106985964515886,2.4646607645525953,3.1792459469730723
0.006845272046119473,5.293134264662744,0.28950286362995326,0.007050479908288103,0.019277734501356197,8.205866599232127,1.4818049721756517e-06,20.561109946677416,0.0005921651643304237,3.01016061377427,0.42980734602446574,2.4570163799610927,2.728967174030218
0.007585685388725684,6.675926518843852,0.22946057303331327,0.0044676148600511605,0.014270754996186541,8.555823419160873,3.317418408426096e-06,20.898531250112626,7.517108596515172e-05,3.4851987847028116,0.4510305883285451,2.484004068809175,2.4186146207178205
0.009228212879827013,8.174065215744486,0.3333863608442552,0.01104308059057625,0.02429270749551438,6.7974864292541755,2.4106305598785128e-06,17.896961394794992,9.564806728868903e-05,3.7154183620064267,0.47849958049611585,2.884916123604777,2.2431374409577396
0.009885279022407933,12.999179358329725,0.2115112270877641,0.002251801781086891,0.046669251113612975,8.562753381354142,7.116997768073109e-05,20.412583631318956,0.0003357985640006627,3.7108814526094407,0.5137437573511157,3.214318761690015,2.52264738489682
0.011075701879044258,33.30830662295552,0.026614159888711846,4.045257239607536e-05,0.16501258873308342,21.95997117276431,1.0232944919333078e-05,56.42659183851956,0.00020220151861968718,5.196915580502024,0.49168255759298185,2.15807459112331,1.6518268549962154
0.005632914619441116,19.72445290023714,0.014099112179748883,3.006644764742995e-05,0.22288634343137523,31.83215274895173,2.0752002373044602e-05,74.76746102377625,0.0003320778431296499,5.771104632256798,0.5082794291065188,1.5222494200508438,1.5060896170922122
0.005659329788165248,20.411992910207886,0.012738430668021166,1.3124529289814058e-05,0.2389087434575796,31.23096081217308,1.2621539162532005e-06,80.57054557439798,0.0012794776391447159,5.905502546607407,0.5898164155829032,1.9303997909759985,1.7157476756002767
0.005027788119318938,18.813542402011997,0.010252383076707054,1.2126097821470232e-05,0.5522089063354721,34.246088029579454,1.2463476621266671e-06,79.98884175385696,0.00017466890069711759,5.6039721346847475,0.5866363192802185,1.536271648776021,1.4918057414815284
0.004702774771087919,17.237475840858743,0.010624793799825746,0.000121417148602732,0.08258767491823618,31.745572516971333,5.124426929070371e-06,71.83785084999911,0.0011956462806027087,6.012569547626025,0.5492835442476456,1.4774315064014463,1.3695043468947554
0.004706438581462044,13.500028352700859,0.010651021921982817,0.0005630298317795309,0.030878744908396493,30.355173818460464,0.0004481637043510454,69.60119972676264,0.00014986436348039077,6.799029519260948,0.5773277172424318,1.2628981602211806,1.1237523135023917
0.006802953417443839,18.362766957467443,0.012508490817289518,0.00021657305039462339,0.04958189501700213,29.2305454282829,4.602344541515035e-06,69.57360245695364,2.3422509234336733e-05,5.464566413456337,0.6115901196954427,1.6800964585368832,1.1956390807706783
0.004601532951433952,9.775524514471572,0.012339078904335886,0.00017963946275161005,0.013669760080501985,28.557177096158405,1.8331245317779187e-05,70.31126040013696,3.5393207957971655e-05,5.7166589667563,0.552744255017618,1.5893879053880255,1.003133780210245
0.004967846467719896,11.680740509562279,0.01478091132748279,5.132034028691232e-05,0.031825044314283985,28.609182908400047,0.0019940227988995527,67.13257999090544,7.079660988452388e-06,6.301358904469369,0.6271246786619765,1.7796551369351366,1.2260972133908838
0.005130572482246867,13.507348298480299,0.015346743699908452,3.704534080158589e-05,0.0230722575392144,28.49642241327671,0.001146047698339496,63.86786743350189,4.759439184420027e-06,5.77942897315957,0.6464507523043439,1.7859407451300864,1.2016907858410184
0.005308150587903669,10.755200394256978,0.01235401229142405,7.311426587593843e-05,0.02166314145662888,26.99031111523928,3.9978546111422466e-06,69.35376248033243,0.0008012590464641676,6.627764322159516,0.48575203209589946,1.359526520980822,1.0962405747661381
0.0041810426772023145,8.706530484513971,0.011024321117444976,2.9963782431257596e-05,0.01645881337730297,29.23610920640621,5.405539008968749e-06,71.92648592646077,0.00027223093721338393,5.926289144606171,0.5126221715898562,1.497148828854592,1.137051936119425
0.004906822858765136,11.039393272696717,0.0103776029831855,0.0005090073393586831,0.01535740623176067,31.285376147659477,0.00027018046662853835,71.85028407328232,4.273901502468848e-05,5.516745270175044,0.4455512609333491,1.357784873605849,0.9744304456711107
0.005261354001382143,11.941432792989247,0.011020353647960751,0.00020762269207710192,0.011020644375760046,28.845235511332888,0.001863453594651617,78.09689167792122,0.003454288748549092,6.970291381470312,0.6376532646523694,1.4807308105949315,1.227113622536968
0.00841369610823506,31.772769556546635,0.01122584088902096,1.4919010176202053e-05,0.040501871929547836,28.723497207356473,0.0006955775021389184,68.64226041805992,0.0010019513811821564,6.619758026339478,0.3698313205066624,1.634997471109906,1.1689723976439648
0.006525992301620377,20.006591773475115,0.012486727341924549,2.6105558036159692e-05,0.04022140709080958,28.395530578970398,0.0009446967946441769,67.08625815488178,0.000213552938043324,8.264938425094137,0.5230370103029163,1.974015949631071,1.01667656391286
0.005443298950842799,13.745767670789808,0.013662961035609322,1.00655466780782e-05,0.015210271647572694,28.427819855811205,0.0035491473127595013,61.96854819959005,3.29342972575484e-06,6.32341571611883,0.5482170756232162,1.6099994302015996,1.265595408326008
0.005617972472235895,15.147957652293195,0.015413500853831768,6.955344325601196e-05,0.023938206230169082,30.8705545234358,0.0022128967743847896,65.0628256061219,1.2344691898147943e-05,6.3968485716244325,0.4840612230967892,1.6384072780893502,1.1572711381539589
0.012221705794437892,16.475178302410306,0.2424227574850915,0.0025900294132286577,0.015102434350431286,7.51683751115594,4.052878513845237e-05,16.364028232566667,0.0007279595106228476,3.05842543780299,0.6472090528050328,2.225909611264003,2.7097163309460583
0.011199734968994722,17.127537046910827,0.19087530672040093,0.0001948069809971166,0.03598204318879166,8.892197952793715,2.157755253902279e-05,18.347781692996925,0.0009012865882275245,3.385096098961066,0.6419052931952463,2.8617429276759503,2.431239793297685
0.013504558372145111,21.165120104234315,0.21558729874513483,3.23527863116352e-05,0.08175543067797796,7.9447731293864825,0.0001075119715832181,18.872651863563792,0.0011923089517724879,3.6670760708003836,0.5990055661016584,2.4873321575508696,2.3460114246391175
0.013145547697001965,22.247915427339883,0.15510321069311425,5.183903273308637e-05,0.08948184997814039,10.0231657638388,0.00010086536818524595,23.729902691497664,0.003189358678140976,3.496610031963029,0.533671475018462,2.3059339188978023,2.6310521488681027
0.008791813928446404,32.25754837412857,0.013780509969428645,0.001956973015430251,0.07636467775000563,25.64414280205887,3.27286144777416e-05,67.19219315186635,5.6086132260380936e-05,5.823572711704783,0.4653639103028896,2.2542569335095815,1.3631300122141237
0.005416364147207057,14.112162689060693,0.011935216078576632,0.001780214283634199,0.046912858990748756,28.55913631547153,0.00025453249233026767,78.1412215837897,0.0027794247915043325,5.277553219166855,0.4843441062557756,2.033808886548563,1.2187400417890522
0.006054640959715279,18.094903917365396,0.012355357046965585,0.0001476400834761064,0.04572177223939146,31.319449969203244,0.00023655430953967185,69.6185702820077,0.0009759301630176327,6.441709862837758,0.5246544592947946,1.9207921193735922,1.3649012683864559
0.005891943076209957,15.181935159932632,0.016708973160222483,4.018579738945326e-05,0.02618041788071089,28.35734178195286,3.524326661434654e-06,63.41220035264014,0.0018727330040790378,6.432352969274295,0.7053499046895274,2.3867682814811912,1.4209989363962174
0.003556813819898794,7.948301369277999,0.012779361397726358,0.0006499439576176634,0.031122389959573216,33.354879986374485,2.3261433514034866e-06,75.94317981402564,1.9252888588990594e-05,6.252944890846507,0.553170449330653,1.8050548291712756,1.0084945754050898
0.004932431898252433,9.891138895508297,0.02130929281434701,0.00040869229468875744,0.028701799114784828,24.510258542469337,1.0214751624667605e-06,65.52769874204473,0.0009589474698363624,4.866050820812417,0.5812122105994825,1.817632873916827,1.412165759507106
0.006812723212206117,15.27960296913638,0.022599207347316613,8.897399318816629e-05,0.011588505973176358,24.9345332375455,3.9836056541328005e-05,56.13002109256405,0.0004145984029437205,4.989802157176836,0.7047486149957556,2.0670504816347517,1.3460514467569586
0.005337585663808678,12.238269000076835,0.015058817474892346,2.394854394357974e-05,0.016763813494492692,28.478355227939378,0.0003288445641094104,65.5909875414169,1.927691997998408e-06,4.671642875338771,0.5138535714079928,1.8249050046094386,1.439428981615344
0.006193061008954434,12.622948668361385,0.042461907988858516,1.9574275555136694e-05,0.028385814735592263,19.508956798306926,0.00010923197697106774,45.1716835345224,1.6995603384146333e-06,5.212969475042072,0.5746975800976619,2.064247044056064,1.4859353848428767
0.012423151988038401,44.89005677261283,0.024263875731448017,9.058304498329661e-05,0.1469363393224005,24.128647644495548,3.506243498959462e-06,61.00263360195554,0.0019624325498294507,4.540967856796079,0.5333693025069968,1.846599067968693,1.1186125612914721
0.008353615609313357,21.678428381843467,0.016866099069495242,9.806340480808541e-05,0.01859409263569293,23.894801724957926,5.972520105791533e-06,59.50978859546865,1.9762796310235847e-06,4.543821365761617,0.5230026878593662,2.379149956250903,1.0285206889330882
0.007158047681900349,19.495977793832314,0.0136411103635597,0.0002595174464082367,0.03788592166615695,26.247973634809,2.263846887928749e-06,64.41192144877685,1.2433701592486774e-05,5.623135798049206,0.5250044702629967,2.0413572293930136,1.2019877841958166
0.007049518456241397,20.157875956362908,0.011721524971640597,0.00017842486981219322,0.028376051296893783,27.870441077368167,1.7111583936630915e-06,64.19977113292539,2.9107536862931743e-06,5.532717588002607,0.4759475705165718,2.063981406006751,1.0791927671470383
0.007475098151853021,24.802128166348776,0.01667162204789433,0.00019306378021685655,0.10781372206809296,27.206432040958365,2.897742106375188e-05,62.899048205190994,5.691212359438079e-06,5.144988852063353,0.4699506048234365,2.220992321711986,1.2405639968013618
0.013991821063635836,62.29969831361013,0.01306605379952832,0.001140792400082309,0.29735118766161434,28.093578971472397,0.0013670340109090064,72.99272417049548,0.00022483702749345681,7.419171829664085,0.558644939202634,1.7929391835287862,1.2657452297151477
0.005076719263921769,13.635538817145248,0.019149969620976374,0.00011070710997946023,0.025019981277970196,27.82341734528806,0.0005658170013572217,54.785337605816785,2.4787125239508088e-06,5.408131012791975,0.5358284518253601,1.6388345660314254,1.1508645038962608
0.00843699421297818,36.27948341187085,0.023267396344914926,0.00011343751987509416,0.17564332191779902,29.146141278538305,0.0019717320528499604,62.860311082818505,0.00010923653612005099,7.783427399925315,0.5432770949541683,1.537578968542591,1.6848396146355418
0.01150262257294082,45.29075708892699,0.01618401200348332,2.798556076102265e-05,0.0885817648498383,27.98620704707983,0.004340469595760823,61.70918564362771,0.00010607064056462143,6.266228217411557,0.565805409230684,1.3667915199805454,1.7326929018930635
0.006747559021254982,27.45834074004191,0.018340028281444213,1.4701654616547172e-05,0.3257729603676646,29.35446441024822,1.575809964007591e-05,74.98402959977754,0.0010642308269660083,5.913719587420649,0.4985856250014047,1.6671901017809887,1.4187555060799646
0.007947767290310348,29.019714584494416,0.01913339743503982,0.0001967454867410844,0.025749973396900973,27.537031286095548,0.0022323246460695355,56.96442886680355,6.478675556838352e-05,5.444406676927251,0.46264081703367615,1.4901888486006631,1.007659356883701
0.006958499700058135,21.117852660237357,0.014542133952266608,0.000150573948568703,0.029193227329021073,26.84587247390952,0.0007494344847983561,64.49699279501888,1.4424284855600534e-06,5.8673556350868425,0.5683395168670379,1.4266621910433979,0.9674880702091097
0.0059651751021308225,16.560289172813015,0.011272593911916495,4.5729810820772674e-05,0.016236384226132376,28.356382254132477,2.4731822579032207e-05,66.1155015678055,3.514133848732098e-05,5.0745169705496656,0.5038731211423543,1.589822845210907,1.3294355470036878
0.007904088482814344,22.60616161013082,0.012325283168779708,0.00026713490611524185,0.017233544737331175,26.18933959085257,3.2578637154570165e-05,57.39860195455462,1.3226818259949364e-05,5.825243992692397,0.6758507382560649,1.282631719224957,1.6665725459769318
0.005263103478831681,12.09372466114773,0.015142767390811728,0.00010940685005078843,0.01162777950963662,26.96420565950655,2.071993936092862e-05,60.69692854302459,3.59441378813421e-05,5.40954343563738,0.6423152190275709,1.4240549106730416,1.3247614120186133
0.006783132773053678,22.9994727860955,0.014133524789721892,0.003440325759744332,0.03517600972663117,27.072884281908266,2.118011691851559e-05,63.08675690303141,1.4922138757160369e-06,5.627779706513886,0.5297668412669069,1.4547522460612952,1.4035330939897048
0.004778942212398784,13.26432196723469,0.014160656256720024,0.0004941680594684411,0.07454330522662833,28.839603319528404,8.512473570635676e-05,72.85314679860264,1.4428723352108819e-05,4.507332657298749,0.7061859267978341,2.0697317543401623,1.3448063495478553
0.0048136935913771295,10.4051529834274,0.018987677504902382,0.0007966743883567678,0.016923845789919113,26.47125131898796,7.0182612817462545e-06,64.9459686041277,1.018505612798466e-06,5.589137013850306,0.49321615110807676,1.4827669415688896,1.300190704002897
0.005548063088486425,13.198501994429925,0.02042113175323818,0.002201825793902261,0.01763743128827462,25.504700394758565,3.264631382122767e-05,58.3562853475324,1.1759048914658386e-06,5.129534998698888,0.4025822426617187,1.7721566197726544,1.293539849361726
0.005420483142613007,12.175499616782245,0.016575403004205798,0.0006969690230618006,0.010141665318039693,25.877122676271572,3.7197651034955296e-06,61.410322842029295,1.0491329206267707e-06,4.947551114757297,0.46865302079312726,1.6721628321063247,1.1697052312552936
0.007212763946786643,21.501267094558894,0.01149910465290926,0.00022818887241839297,0.011453770350164103,27.872878978276805,9.050625426955172e-05,66.7014443497656,3.3212714260622944e-06,5.022667314627384,0.450853680562465,1.6989034774763945,1.3199874015270925
0.003899039505162538,6.852906750248119,0.013397283487139098,1.327615784661391e-05,0.011135768234756292,25.05510803869662,1.821751308888032e-06,66.9643997607015,4.579432409014705e-05,5.22236537512089,0.6516756590549271,1.5180343697206837,1.296457073128149
0.004562513869108101,11.14970164131635,0.014017744219525112,1.8534486239257726e-05,0.037486226143862274,29.285880291572052,8.256695115094843e-06,73.0142100445844,0.00026287722343009063,4.3991100635430085,0.7249611788897726,1.4903814202182613,1.4760345888550097
0.004948506054516574,10.942956594349077,0.013462019000733374,0.0001162686418109859,0.01159449345005222,26.744237408471783,4.034277899556158e-06,66.73516547355769,5.711372360891448e-06,5.509283195906403,0.76211660221544,1.4190056729374594,1.300726363701916
0.007813951631424761,31.210038220995447,0.012165436393121247,0.00016319057599978635,0.16529753653609427,31.21505731776713,2.585376495623504e-06,73.91618733901286,0.0008143846323722161,5.736619311568304,0.6472173141052383,1.512412079587279,1.5846220063075414
0.006045090402263674,22.79771287142856,0.012162641893583612,0.00030478981565357536,0.17984395780361062,32.9909829565738,0.0001654624671205134,65.05551009749958,0.0006879374565664419,5.658726348249499,0.5356053460687715,1.3084207260450167,1.3722726864149712
0.008142643963028492,30.93487359666944,0.01046329877528424,4.800145674454124e-05,0.06290031871594483,29.499550128608774,5.280289421467764e-05,62.15650118524414,0.00022532699873424383,5.70045811416684,0.4872814076405432,1.4678879190811103,1.5050941995876472
0.009816410151906504,40.206902033210014,0.012770363840679937,0.0001672445091122961,0.15212289100079068,28.70779745040302,9.95043770204172e-06,67.06833163579216,5.1286754296961985e-05,5.417397381125663,0.41053035423910017,1.6044567630734057,1.419992991379103
0.011181033298383068,43.831097080537354,0.014940582785127035,8.613705454273367e-05,0.1285525815430139,25.87289073182194,1.6740650824609424e-05,61.882846748243296,3.395375328753358e-06,4.1054072478690005,0.4597972595284505,1.4321460479818708,1.2368711235224026
0.005287245724603215,13.649093140983004,0.010536053417098915,0.001271339398984415,0.045517016774902226,29.82466684600711,5.7146623283964234e-05,74.28359086643351,0.0004910605487593568,5.21217547159128,0.6998378372479678,1.61567675303689,1.12390856566974
0.004919916246940166,11.613512085571234,0.010015973489338817,0.0004070781234140211,0.03298291214682041,29.582621112722997,1.4755368192016508e-05,72.1393562644237,6.99658909670249e-05,5.861871364177289,0.6398945488697071,1.703168978636842,1.1125461158991152
0.0037362807093170606,6.133195175621834,0.010819068183760265,6.656954805300045e-05,0.01505504010927945,28.22694196442953,5.309826886089352e-05,69.08845037443065,2.3193165186020443e-06,4.712329866905432,0.8259694309526966,1.7232222493755427,1.1678016828415378
0.005219969804035679,12.10053718974573,0.016458290268139185,0.0003539404730139477,0.021106494088293192,27.067094289440654,0.0008310791525822219,59.83159336118193,6.349600680364665e-05,4.42294378189145,0.6260543111946641,2.121692511517954,1.273981645992945
0.007560419180867874,21.88493344846514,0.013181858415709645,0.002024070264651771,0.048570400204287885,26.743670161977874,0.00023364428899713552,63.3817952355873,2.0649529467032363e-06,6.52317015500155,0.4859235457751439,1.7827316394082127,1.6219270658556795
0.005916472039540495,17.386419998494137,0.010723117031251372,0.0016044532235052092,0.033692384511597145,29.329251245146658,6.20272610216728e-05,70.48862146652817,1.352303386300839e-06,5.410856704013586,0.5676654918050518,1.4426144265981047,1.4757930769449938
0.0066080423765402935,19.191789896320543,0.012030984936038942,0.001112444601527943,0.038965543734618094,28.485940239715244,0.00032668635130986637,71.0322765939052,7.002029199511107e-06,4.9277577538723225,0.6595668470744848,1.4333350133890437,1.4324006189441276
0.008927693525611041,22.205800803552453,0.028578085646008677,8.368154198154345e-05,0.02330566340049433,20.251316343722106,0.001225332993866934,50.83094208888318,3.9585346481220466e-05,4.049980895621411,0.7011589562429436,1.9126923038039758,1.3830836490871843
0.006893092817901699,24.463921634810166,0.012109568204498078,0.000501275806380782,0.0916218277136555,27.587904574178076,4.958690730837816e-05,70.510437123098,2.261742179099892e-05,4.9652180534750086,0.7225008983143523,1.6919536628754936,1.4626194113605564
0.004268486420034861,10.940536287830858,0.010763501643391645,0.0038581162445259086,0.012726026491485996,31.07515399578534,7.485276660634043e-06,72.12858639220715,6.7334347824193134e-06,5.193824907502348,0.633373155880219,1.2389343309369931,1.236171095550783
0.00469199543912142,11.75271562992192,0.010760875460022495,0.0009995113691079881,0.020523337532726567,30.498458075487353,1.0242855393944875e-05,70.95035679132704,1.141862264167762e-06,5.950506692550088,0.5542434214934662,1.5039493122689522,0.989580469273542
0.003560523743722266,7.726246773187675,0.011448195048712048,0.001434709906216836,0.01840949582185901,31.516393757973184,4.968857178981852e-05,72.81991556207365,6.741304168371411e-06,6.120023810187135,0.5561130369048749,1.506956201607821,1.0933382012465898
0.004737405802346709,13.12388929663634,0.01912104085323565,0.0036488472174438557,0.10162446287153482,29.16964299588826,8.49420844728435e-06,72.20295351431993,6.276685102722229e-06,5.7625414014918865,0.5583381682628986,1.7909903339609123,1.4310889635352453
0.005107792611687023,10.373182883144311,0.02213069114380878,0.0003520035092520323,0.04227968309634226,22.8628596490668,2.0285139765638622e-06,61.75733815741002,0.0005635031308632162,5.205700543492539,0.6594435808488984,2.1214960142884527,1.267961470262039
0.007884708636503715,27.223755232806727,0.01152970681739901,0.004417683580440503,0.13022731526085687,29.765930685978542,8.321253202911913e-05,77.41513169724041,2.4366894659196516e-05,6.3469932421591535,0.4429388730756002,2.1047248426709713,1.439207390676324
0.010343091098108301,40.36791782074702,0.013187895695380633,0.00048190315444821577,0.13607445998247772,27.477287629806565,7.60310355906957e-06,66.47661741300837,4.576286018754898e-05,5.057396699056057,0.502892748582766,2.123254136691224,1.23803341882592
0.009825682411172551,39.47580401770333,0.012829404576627547,3.507577885529144e-05,0.03485802165510334,27.04827924664152,8.45534512868041e-06,64.0031363678664,0.0008319472580173278,5.855017991755086,0.5295717285048762,2.3707577051440416,1.207653498337352
0.004429402393060244,13.577826790236877,0.01129262608609046,7.91902426084259e-05,0.04125743672018434,32.40713950855139,7.643986017731686e-06,69.12286508971994,0.00020135382346969714,5.7484205548784235,0.5759738624564616,2.533821942308782,1.2963513034409717
0.0054674245105848455,14.39033607858154,0.011237350023416302,4.863587540737922e-05,0.027346844702744372,28.469762971430466,1.6471515977093678e-06,63.564509353037884,5.636147885502382e-05,6.7590490567516435,0.4477645286328673,1.6582100602879386,1.1877433448262715
0.0060999704059153635,20.628667347343207,0.012790245802033988,0.0014423704462891282,0.04868254880835139,29.707111369656346,1.5191282689439288e-05,67.2545224374816,0.002374056799592178,6.126830735120896,0.45210661115664114,1.4688833136803934,1.2933573980129751
0.0063538616817483025,17.388354452038097,0.010383915102529992,0.0002497784418093285,0.018074776001367296,29.28148969987868,6.509745238017238e-06,66.103931260712,3.19173396362176e-05,7.671420634021811,0.4749956130030291,1.621728608875975,1.3822604944422336
0.004373840237913659,9.975415013922978,0.011082223462804401,0.00032178609352718183,0.02204020233849227,30.54383548665029,3.21514652580648e-06,70.55583127966761,4.33636955471487e-05,7.683696571462106,0.41988822422417255,1.6753883259155455,1.2593854779869063
0.005872512038431166,15.580973185600778,0.014771184976451647,3.148329922467785e-05,0.014745057157010731,26.4400894940339,0.00035109589123844155,58.824199254333905,0.0001336121583827148,7.0592867228683875,0.49967716313099314,1.5686118914377394,1.4812292692149605
0.005888105307325051,17.144683114643037,0.011672945963842708,0.0003042643868228468,0.01504701073656098,29.88254124496985,4.5966960535455285e-05,69.0884974900911,0.0017484076448596555,5.482909476215179,0.5650130957794717,1.684854418833225,1.34792094971026
0.006701433603256472,24.92610038863321,0.014148934840655717,0.0013537655073030041,0.08346163510601869,34.23079633332721,0.000282084486686261,69.72482657979072,0.0006287040777095559,5.685206719322963,0.48148174435415414,1.8947070680442109,1.30621178135317
0.006573518238244684,18.965977824184638,0.01567117834588705,0.0002980682994447774,0.031616854988995045,26.27815609075541,0.0007846657726767404,64.67769696116494,0.0007735749135521077,6.474777587135022,0.5168942229920163,1.5169286641760256,1.2022403806555257
0.009328383614540046,35.99119451494451,0.012648042871678975,0.0007268107258634445,0.0573920503652011,28.911981417661142,0.0007203963753105214,64.04925568850396,0.0009872698968374691,6.167632545719251,0.4949278480398683,1.5803225111360195,1.0581261006874552
0.006100356255797044,14.87450395856002,0.01247934058825692,4.057381581298453e-05,0.03961887188282407,29.608823121020492,0.0004698299333526027,67.44353899695295,4.146499852115468e-06,6.654717426361456,0.5944742651360249,1.4694477485818507,1.4801376826315358
0.005016541876814928,10.157626227103007,0.010576253525447131,3.8472297891906916e-05,0.015607463976413775,29.61901200525464,1.8699415523638306e-05,76.40373025284873,7.386321592051085e-05,7.795010579421002,0.6652410924435707,1.3008096549992698,1.8435724963201268
0.0048846246787750645,11.907349795187287,0.011372627747008259,2.7767605084781305e-05,0.03485058043249365,29.083859663394907,0.00014304994921381266,73.00363333184428,7.654247679547395e-06,5.824576789274058,0.50058847664108,1.2908479196102909,1.5048089884945501
0.0038618388854238616,11.72240663033495,0.011661721364200043,0.0004889447793273419,0.023629304127118757,26.24255968525704,1.2692576460762095e-05,59.54020623479385,9.641394910773328e-05,4.48228465522611,0.7713495926934505,1.328226129776991,1.7060805484591337
0.006636473893834043,22.308397090220257,0.015902900490169642,0.0033165686230426875,0.06434666668753304,27.33913798265961,0.00045316159793766856,64.11116899514545,0.00022125937720830454,4.825088203824967,0.6335384648903648,1.410586642635347,1.6342911354185599
0.013205301388938105,63.190188108358015,0.01052030349887845,0.00041283726078829845,0.48553972006510543,31.235446351238515,5.1450050661481226e-05,73.5078224592029,4.333136044602965e-06,5.700971972429289,0.49270770114839735,1.963289080152691,1.3433341356643116
0.018054132879540302,95.06215859457399,0.01228454939544423,0.0006144196052137013,0.45147667738545616,28.350162535623024,7.83489642972678e-05,69.93818271686177,2.979078017101899e-06,5.654091667345359,0.562525084398855,2.2293017815095144,1.3520321953792775
0.008361619613332679,39.2707340480923,0.010435881730817678,0.006213192309057626,0.3600332417291966,37.064070827561025,0.0009763816702262922,90.85949729854602,0.00025503849654582087,7.045933754390453,0.5606829971825344,1.6424343073992596,1.388979524173199
0.009098144276330117,44.73152577056511,0.010060965692541418,0.009015531489967971,0.2786851929733506,36.696007555761376,5.65848769672231e-05,92.31105501725321,0.000965077174774369,6.389960768748474,0.5397255250964788,1.6723274953013005,1.3888809427515685
0.011385539249230081,55.79490044794406,0.010304564270835675,0.010370528151942318,0.2803704052246481,32.16411458589926,1.1154934894011038e-05,89.58583715805177,0.0021173446795708924,6.625917906954504,0.6292322871840137,1.6130936933463529,1.3538138015362091
0.011414062122829876,46.66622453431149,0.016667765509139437,0.0003766073563854963,0.11168457368122177,25.27431585107912,0.0002786612812224612,72.33654070009321,0.006214577428807823,5.76098079880062,0.5181128978969026,2.195302807942269,1.5847205296153541
0.00864681567994253,34.987471325985354,0.01085235312841783,0.00015234012179698883,0.04346047183176904,30.22436444924537,0.004973548779578355,78.1029507924254,0.005709629102399819,5.713656771963534,0.5170427013484531,2.170777368501789,1.365084166399294
0.00803356540324208,39.4360730499841,0.010713998796843344,0.00019614063555807213,0.03182568942364772,34.87172340268796,0.008263952715313251,79.1593333783577,0.009198173266160766,6.965482268784908,0.6233881693599873,1.9905350711215952,1.2742462605058429
0.008279897044578583,29.582065498480464,0.016519253761417656,0.00018662893782177287,0.038062840303664885,27.37003240516349,0.004977791873695648,63.63496752833988,0.001426952006582922,7.043180640891146,0.5147674383682098,2.215731023770212,1.3242381237386434
0.012160797201693933,55.00957815290929,0.01027598795448196,6.640503919123192e-05,0.09808626477322284,29.945580568409884,5.375734925868814e-05,74.00704073152826,0.00438876292331162,7.455811121558066,0.6556725060341789,2.1563263343128796,1.3021221820950186
0.009015700606948389,34.08100741909304,0.011645228394095236,0.00013275150331468088,0.04979553827381567,28.81866706402107,5.526017920905364e-06,70.14969332282976,0.0013057044286583729,5.398021896660131,0.5634245208340765,1.9135357572076634,1.186111314694488
0.008620052474032573,36.11468830851484,0.011773076336973717,6.436633414698666e-05,0.034594620316495336,31.106478733869555,7.714414925032822e-05,61.241678895284075,0.0008281497692595751,4.410994206012968,0.5104526585144039,1.722278936892551,1.3672405210702063
0.00772639658879787,24.58968833243099,0.011692450378391308,0.00010634059205666159,0.01802435189792578,28.625499499758064,7.040872286429661e-05,63.534392165547274,0.001280278576154077,4.455367392494262,0.5387528831860587,1.4244954009749218,1.1137285809762685
0.007454077474631877,24.48368836905827,0.012780775346715732,2.407642646527831e-05,0.021153390843582347,26.978533231192902,1.778312906858108e-05,66.79181362041017,0.0035485855098959115,5.048191210460553,0.4760773856260798,1.5046347438832497,1.2258670176711708
0.007587271253636453,18.70263394488466,0.014120182760472078,2.7626587196812813e-05,0.014177884665669587,23.517485172848602,1.2632563935240766e-06,70.89130294488062,0.005613888419397549,4.807857692862616,0.4934902432300927,1.7065574510659844,1.1182352583742363
0.008626248936242057,22.791878763415852,0.013290366456030163,5.161149008656614e-05,0.019602653785892155,24.499121410863758,2.6827111355407513e-06,74.24952804232431,0.003920309840079609,5.0012638916007965,0.4320856458686803,1.7137941616124601,1.1191711109706857
0.0065125961841329735,15.766653850097994,0.012838599667597842,4.0938891956022564e-05,0.013438517806467801,25.507767275149337,4.11183420788083e-05,76.78913003739835,0.0037164353610675024,5.252504583679134,0.5017079938566422,1.7911067882527503,1.1557986818466286
0.007212557519112101,18.07741734817397,0.013212105180612948,1.4703358828901413e-05,0.011189856485929487,25.743572650602736,0.00011760829981640016,68.44098587492243,0.001695963345171695,5.201986306386836,0.5226978702213663,1.808963631086218,1.1363348906026673
0.013777159602734797,58.55884434173232,0.012504024994080043,0.00041705097882540135,0.3700253503443379,27.213366396660437,1.133285171395767e-05,72.68313607172888,0.00011408131901233843,6.838576494774621,0.49968890951512335,1.5887026246534592,2.093293722118842
0.0092162260772407,35.120915035359246,0.0106014432064776,7.931043544760972e-05,0.22052208596522804,30.34449672994321,3.638708465736101e-05,72.46998541443931,4.019460063322021e-05,5.349170322788122,0.5227488485618673,1.5197995966595739,1.514052550361882
0.017762510485487736,79.28446065585389,0.011161782042004825,1.0458520974426087e-05,0.23525768576443132,26.980790405730083,1.038408492783165e-06,73.57322953026052,0.0007212624817955987,5.598582132733255,0.6509379995128243,1.21050696720702,1.7038904948350706
0.011059586282250455,39.535976215080254,0.01103794281416091,1.26695959964926e-05,0.08312232778151359,28.4003105134141,3.1319318261759187e-06,66.09874643239817,9.929664181876519e-05,6.232402000546131,0.5417528241004421,1.5743100193946875,1.3440252587270947
0.007010507983880489,24.66586658466619,0.010154968570154575,0.00014733149410252414,0.12850303583130826,30.55624472771292,1.210963076500048e-06,75.78837607088403,0.0002823195418513896,6.0378836727867595,0.5657264749706957,1.461819991503367,1.1925964073269537
0.0054548773298935685,15.147608936345668,0.011564891414198496,0.00011252537993966782,0.07660656741790611,28.482574438080892,1.0986986989863988e-06,74.67276713712823,0.0017106389438108823,5.929218756520921,0.6061791498597897,1.3646759323018802,1.1283417896225623
0.009630454213245024,40.2052246144478,0.013455450134723684,3.816689670525412e-05,0.1915111750404108,29.190677337135973,2.0710224232693848e-05,68.2435768294953,0.00021967270394582293,5.297393584659667,0.5443840218028803,1.9424160724270871,1.359526002382405
0.005756531510516068,18.11317274697497,0.01394386399361885,0.00019102772365632594,0.1019590339274951,30.4748565375749,1.9438531133688587e-05,68.23069408738031,4.377845427823856e-05,6.28748221024598,0.6020779452314317,2.0930626486801853,1.1139227727295982
0.0071787018249300375,25.577957033034025,0.01040685782093801,0.00012999233133627057,0.04362194266178828,30.330696597394738,4.413647427608817e-05,64.72497015661139,0.00038868463153635905,4.858114709053855,0.5472636559433178,1.8116923696503937,1.3313832584406393
0.010623481677972476,36.202838277609125,0.014763249128495701,0.00015714621283152182,0.039653416731921846,23.64427382753312,0.0005321281890429017,62.79303739988438,0.002184494251909272,4.324296034455501,0.7061841954336258,1.480096152161381,1.818750314835353
0.009167667435798207,33.90322638413036,0.010965939357378931,0.0005855836781997687,0.04170104483707349,26.54712069844536,0.0006044822000880869,68.70262606371045,8.462319790917004e-05,5.136614110214263,0.5600116511549736,1.5006736810004637,1.3300749821542595
0.007623323575183272,30.637594008155492,0.015228545482973145,0.00033461657603328166,0.049909522731958006,27.4690578872742,0.0005332863038771474,64.81013798867949,0.0024689256714207465,6.926833199969677,0.6843897934711459,1.9062139164166918,1.1237593676791635
0.0069364448452238665,22.814027847113472,0.010491961694454842,0.00010893479305914927,0.05299478682879653,31.54293193602742,4.715640289271902e-05,72.93030478000195,1.3318362272200102e-06,9.572422187645172,0.49466276331787495,1.2426891227511248,1.3506651263319505
0.0060228541456679024,18.419553837223667,0.010148260932769382,0.0002917257866825797,0.04164084759756635,30.591607749595507,2.1121790465348923e-06,72.35316024121603,9.566382458810146e-06,7.608430432669103,0.5038233295606126,1.2827647468618675,1.268290921537316
0.006892910788823515,22.11941137052716,0.014758479219649475,0.0017740292124422566,0.08527250118572972,28.52185954093863,8.777873245226074e-06,74.11728078489469,0.0009541766052837627,5.62468080501591,0.5152140675224299,1.238242606556302,1.4260651252890977
0.006285896507710644,23.174339246698057,0.012250208020342228,0.0006509747743672423,0.07251181867100698,32.27495262384808,0.0029659634710707066,62.403598767756144,9.238270678135233e-05,6.293611679612911,0.6130017444289086,1.255937022656628,1.2467961482315393
0.009764780873428566,40.90494018066191,0.010452331278875925,6.995624792228774e-05,0.051677657436416675,31.70779539401298,0.00010928314291330016,64.01456475890386,3.6502037484607883e-06,7.689112646706152,0.520257697103038,1.775142983520935,1.2835331789068387
0.005354851733783363,15.001499761332306,0.011871613700574365,0.0001126355374727211,0.017957695381444608,29.883470279161088,9.711122445565274e-05,61.305446826871496,1.6791188486955907e-05,5.616294252317992,0.42047463264136664,2.188949724056803,1.3373797721859748
0.004784863745316518,12.884148199877535,0.011562564431191859,1.2432290496461883e-05,0.018186420055036474,30.310364477853632,0.0007554815966407434,65.36424873369289,0.00022039580417636468,4.465386434602014,0.5487647111596279,1.618383593151545,1.2449229660529453
0.00502098893201666,14.404830755655123,0.010953892583607546,1.930183473611642e-05,0.01129677453936617,31.933905080395157,0.0050344351641401445,60.89610809339809,4.099166872069143e-06,4.913341344159173,0.538091573763301,1.3047742997553993,1.0811189576205782
0.0055024761531853855,18.401597609333272,0.010345472513049023,0.00012002555397370467,0.03409630547146088,32.15984623060948,0.0031607394622174415,70.68064415848104,0.0016472653804592134,4.9741051145801585,0.4595563225141472,1.4903686376979357,1.0871114610297183
0.0052821495680779535,15.064867395960539,0.011903980499805159,8.066755830928863e-05,0.024880344549721115,31.297101463456322,0.0012245416664226475,67.97113759338099,0.0014666777792188789,4.4337736630437075,0.4073162496299389,1.7342299798740672,1.0298021188002038
0.005313040077950155,14.248621090813362,0.011699387242876625,1.0151688724757995e-05,0.010456472475106346,29.47450397437999,0.0024186813555680583,64.8453465918872,0.002398322168367599,4.705900560790247,0.5988256528420824,1.5551735505154065,0.9909173793645281
0.007891456819919313,6.924962496775397,0.44601336608132736,0.020484743272201462,0.014954078260732372,6.934532556843843,0.0006401592408036405,14.950507809404952,4.029890787296273e-05,3.1649581674899157,0.5280016922078952,2.4675352191100246,2.5199488350108896
0.007161749714807126,7.3507489192037045,0.2554325456543962,0.009260841543936048,0.022569978084817685,9.074742581295988,0.0011343812386831766,20.46670531542753,4.4085994666194276e-06,3.3622912121237514,0.51054131208183,2.6785577906401254,2.6253968171985473
0.00658457593998789,7.934552288891067,0.1780889806559682,0.00045352917272032306,0.05862028151682243,11.064206339532635,0.001217461453729209,24.151252396084324,7.676777142143045e-06,3.242896419863956,0.4466265559573878,2.393500042830444,2.3738153801954205
0.005220175100424146,3.3180769566504043,0.23581875005627953,0.000451642165092084,0.010042870584978016,9.57461412814832,0.00030379080867512336,20.756199616061757,0.0005362127697429664,3.035202735913183,0.5756797467422484,2.358916086630038,2.5198480498063165
0.006786468928890938,6.764059448345591,0.19091313568830928,0.000717180985694486,0.05568978021765391,9.997243859561987,0.00021301036476854894,25.532834689434633,0.0013528197664314453,3.413585628896059,0.5818798293551135,1.858267588437094,2.2449898658335696
0.0049295904309024806,14.771158435005026,0.014967871272614638,0.00203141507851469,0.055640405615601976,30.377059099764015,0.00022703007143657776,74.20891224111996,0.0025170664866545154,4.260734101284953,0.5259838988001956,2.002030525663017,1.6259032681727028
0.015335335109767463,84.42554370806101,0.010863116127694536,7.654241924852747e-05,0.5305832792827013,32.003772100684635,3.376662139361782e-05,86.27487986635673,0.003845021001242485,4.5945542655897285,0.45103169474257726,1.8705214881710313,1.3110298269133083
0.012441589772114105,56.922260956444504,0.011379997063939171,0.00014588430449258044,0.2874396520457761,29.84639920702369,0.00012190615573800662,78.92630501093807,0.0030760420356334274,4.710297999455286,0.5309715637566929,1.8188827015672993,1.2867563078230149
0.014530305499456771,77.73272469705904,0.010596688515225595,0.00013898875476946548,0.5127484414014623,30.510791668948773,4.755771191796073e-05,78.68251352749381,0.0002455170037612966,4.974219096940562,0.508550098489596,1.684897938639778,1.3881784156393664
0.012691521472736382,50.360522708052656,0.016142467386640342,4.583463566237936e-05,0.17704988530141866,26.23787987418509,0.00018892911634150482,66.64372415662461,0.0005342262328964546,5.44330881851175,0.529687329880945,1.507841438175111,1.4218894535425923
0.006564253478367258,26.895617860446997,0.013875304686907838,0.00794251098716038,0.30587688759557913,36.45971690584932,0.002421129224090404,83.01813255563118,0.0002022889403840199,5.48672646588836,0.5193978319210444,1.826441643495335,1.2882914657151439
0.004130379559164711,11.17054428583555,0.011202744844542672,0.002463225553328087,0.04390716365098898,33.791891166965016,0.0006919291934345912,78.05866995434083,0.0007693702861723221,5.856386009004272,0.523178494818355,1.6279533797383898,1.0551290957893038
0.005931476663243376,15.020194782033636,0.02326817023479991,0.0051303587000776805,0.0376831245741675,26.753347975189662,1.7712463220449986e-06,75.95615169945498,0.0046112734626677305,5.839421047667245,0.5632801982306375,1.641935468209891,1.6721031898262297
0.004968732977100092,11.193094570343398,0.02416895990169139,0.0017801621673115603,0.022175038691479906,25.324512822394542,7.3226080021382e-06,73.25261588009478,0.006335661438681667,5.070625802226879,0.6780824213901568,1.6202761891372546,1.607696028184606
0.004133066717299531,8.632917307733267,0.011168386107477054,0.0006670933240339581,0.0218146794289342,28.806768484134786,2.2365438577061322e-05,77.44932891407191,6.104842243196804e-05,5.216627377782116,0.5873220585104361,1.378598166905594,1.5011854898255645
0.004113157892727388,10.464155416304164,0.010880373386402459,0.0011906706271661773,0.013440743222031473,31.69781990189459,0.0006143260789256206,70.62036802202685,2.3316737694025576e-06,4.937532959585317,0.6761851088045747,1.5879872718481485,1.5122841239933318
0.0043770809557881355,11.982329293827839,0.01121517262980203,0.0003835681144623444,0.018951022510361765,30.15112904266046,0.001240135520075483,69.35863079584674,4.040736016241926e-05,5.534941038045787,0.6353053445742314,1.5475740591450875,1.2989624099594652
0.008385255379118673,25.683863199084694,0.0116458816814125,4.116739652998045e-05,0.029054986989384267,24.994949335576734,2.055160544349831e-05,65.56522918516409,3.188561212546837e-06,4.752015424213612,0.8489677600853641,1.3547559703446128,1.345113294692541
0.005889631848759881,18.08276279464936,0.010350899634406508,0.00016825928725090777,0.059816132714468416,28.02957199927862,0.00012309647983075906,76.31764272044408,0.003011380421058473,4.525126476349881,0.6081855136621918,1.8078391523406738,1.3195859114025228
0.0040163202069917305,10.83093052299906,0.011886694865717915,0.00029349418522136086,0.011017160147028027,27.857036190293556,4.957794130963246e-05,65.94644935999845,0.0006676112816888858,4.5875783027287955,0.621664703123319,2.0553717472777535,1.320697100464798
0.005637540348043387,16.98898251067721,0.011481793464977469,0.0002060417136754252,0.01192145456191015,26.644721409035572,3.738012108736665e-05,69.8898672901542,0.002857150937516312,4.812841799159244,0.586545945985293,1.7800154446573826,1.2472394013077177
0.004951301401690976,11.055369584835654,0.012431462030408428,6.192490422186967e-05,0.010414008555963906,23.095069750112874,3.0338981388332595e-05,66.76453877744159,0.0016394269655291643,4.150535589666836,0.6416829861116816,2.1460439646433653,0.9574930378204866
0.006262773524702427,21.510199372114013,0.010322000903279631,0.0004011266371186671,0.07043819912961855,29.831067625075814,0.00011163029531330061,66.5587849115809,0.0013318445116230545,5.507056766111615,0.45597728602632964,2.44783895759051,1.4580411982737516
0.009731446395730097,11.154693332910366,0.18068114007429567,0.0003227947507259042,0.019869014876892504,8.57359358321584,7.832776783977967e-05,21.03696163065613,8.936629662808907e-06,4.108365377972994,0.43139974129849185,2.6189487959396525,1.7097810533068158
0.005312227632487005,11.475871256330908,0.01760630055525377,3.508472743040633e-05,0.01875180775685228,27.461722563308626,0.0005714391534016516,62.46740856940875,7.05550624315708e-05,6.249678966236099,0.4774535913614078,1.8758301263245911,1.1669242630345729
0.004305972274532529,10.930609033099268,0.010718386699611478,3.7326133721025634e-05,0.018412869651661487,32.81174173399449,0.001289949021825263,72.14980125396654,3.1487538463067554e-06,5.5780885106693665,0.6044275415325925,1.9921921449955151,1.1004278293624405
0.007079780536238214,18.311554659148516,0.013790988525841087,9.804199375368656e-05,0.02397429148657563,26.788023651685105,0.0008442274128826669,63.86364591426508,4.0668482764390154e-06,5.86186560237869,0.5802690973512202,1.8484220258977626,1.2363206859618572
0.011756634415531701,37.98814219591524,0.011254075631038946,0.0005046082525072261,0.025566253616943892,25.86394423426476,0.0008783839275380666,68.36261797973978,5.509038919576505e-06,6.136012724489909,0.5066589123557018,1.731565953441541,1.4051425557939325
0.006540104354507349,17.43461490006329,0.011027491137578543,0.00017514877610916706,0.012635631142826079,27.43590186370956,0.00011214487236747118,67.16809950197806,3.0738419452239315e-06,5.732152131719017,0.5197034486299116,1.7002969967007238,1.434336187904668
0.0035500687862296924,8.907493811392786,0.010187385297341638,0.00013979877648569687,0.014046004449032605,33.813834068588186,0.004006130005535422,67.78388152121397,1.5101461522880544e-06,5.9344780877436785,0.49574348960701214,1.6182963944632742,1.449097769184266
0.004880071039127318,14.640852681305143,0.010144285714556084,0.0007513285379400931,0.02707672251334487,31.47318572440943,0.0007098698921745604,70.94263421237416,1.7765327357359194e-05,4.953948080874918,0.517721022493545,1.965023802222581,1.4013801550715461
0.005089473688369028,14.929499481984443,0.011431630928163093,0.0011115745138045145,0.01922898909246404,28.654197008690375,0.00011390554594728058,65.43312410511878,1.2377179381065772e-05,5.394764848922963,0.633549025162613,1.7097306389802984,1.1880104338334625
0.004899486767907602,14.376769264919657,0.012252114251263858,0.0015622069226398697,0.029894327449831316,31.599216431558297,0.0004441389310411775,67.14048951531858,8.18112029614722e-06,5.164405303091277,0.5391889340543087,1.5823939233625826,1.0868789974036168
0.004332392838952714,12.342842986158386,0.011969768134484348,6.704725955767968e-05,0.02480366290966667,29.62659961845781,0.0026311588201649587,68.79867556839667,0.0012223635350536034,4.048249296946767,0.7274045262976797,1.5755558949504587,1.3740389324045201
0.004150575534411383,13.963059926269896,0.012736306376354117,0.00025198452215618463,0.06210025291433007,33.938482061655655,0.004356816687128461,72.00937569628366,0.0024752855764164743,4.766971762791186,0.6495985006477499,1.6550582432709269,1.1325471893660508
0.005030365827190246,14.940964094950747,0.014929393334892599,0.000110388408751883,0.032147631675863896,29.131965079878995,0.0023186996422769127,72.92010772389993,0.004596831778852071,4.554618483240643,0.6096785886482936,1.8010848437403737,1.0476151992126717
0.005164271619113989,14.03548943749391,0.010926848178537204,3.085240923976262e-05,0.010575818765593301,30.145831250581594,0.004883452196452723,86.11753798431607,0.007062903028138915,5.001691986907385,0.49218996820340255,1.3683601930388183,0.9503306070756498
0.005979480445560382,17.008506912427023,0.010638313866481827,8.394193621104413e-05,0.013186242000443835,29.001741536737054,0.0016130312413640184,78.23644624363365,0.005076698525171213,5.011980440503724,0.529674266753955,1.4956781269027728,1.2055647615091503
0.00796913144235398,26.151014348982315,0.013799572726219029,4.074848596118053e-05,0.017315423321344423,27.01898792510089,0.002341060629684658,65.50926985425318,0.001859747231992516,5.104170385489917,0.4090645411401223,1.3718688270175086,1.3753757333439869
0.006942834747137944,19.868123633060573,0.014753041785739818,1.9240150131985723e-05,0.025323538543853427,26.503230295590775,0.0008806844379119354,65.34050449163244,0.00014167298226062632,5.2671040770503685,0.483887263103591,1.8726717208174108,1.0783547047993358
0.005457863219920541,13.03799533713936,0.01715334009314476,0.00024107100811156641,0.016230770277521008,27.279595641798842,0.00021975413380488328,58.82816761002437,5.4237565202179136e-05,5.965344030304968,0.43839891904898687,1.456910283417977,1.001733615908972
0.004951119311129328,11.166340739392538,0.01340623105644135,0.0002450743402053916,0.011484902067233202,27.317272929759138,0.00013383388712079217,67.64024571049204,0.0008911481404637281,5.40388388058257,0.5067511618544562,1.826287170772881,1.1903762214456692
0.006626794502481356,20.312755819362415,0.012429607164625094,0.0004919492492877698,0.04983205166677258,29.63408921305272,0.0037054091742756102,61.50747434786707,4.3056475428917374e-05,4.552307399774313,0.46903394179591723,2.1798799802057878,0.984588990248661
0.007723858815769889,22.73135780785791,0.010628733466009642,0.00022749658418317727,0.020657530570814046,28.26802828575331,0.0015328321889000666,64.65835295534677,8.099768316329516e-05,4.777273070313873,0.49981255468933955,2.0031532532853737,1.046233040797526
0.007825705966242578,25.494101064245484,0.011992504198110277,3.773109557329376e-05,0.024489930559608096,29.82370402984421,0.0034621362687379665,68.28333455001066,0.0019874801702492594,5.123002196236027,0.4141289531862471,1.5406479916970721,1.2014722065099055
0.007621300185787535,36.26842476618561,0.012840689032655988,2.431643675753137e-05,0.04926947377610034,38.36012960569475,0.011597991156128452,76.21110925384048,0.006274056034936097,4.389666675631755,0.356161104108052,1.5250941104374978,1.1745053650571415
0.008390932363955186,20.55140384625006,0.040206273735632035,2.0565223198693333e-05,0.05469001883615789,19.48333948313199,0.0002852329432755007,41.73537865444909,1.7452718642659136e-05,5.400318433865816,0.46952859064513197,2.3055259336373375,1.5304968679352215
0.007793960735809105,26.087086956517233,0.01681128550122533,0.00045721823006371625,0.056543656685794495,23.678480445474644,1.8128212938427814e-06,58.41587255808391,1.1688753566349343e-06,5.476036380926444,0.6387166059829702,1.869748874073223,1.4235991311410452
0.011010408670377681,57.49703303775601,0.01142014559587107,0.00020371792478373162,0.17327786324827502,27.73966657440962,2.267378122364367e-05,65.10909212873558,1.3361789267255098e-06,5.062010284876616,0.6331598610909477,1.6987779600524933,1.487545977147176
0.004842429595858167,15.224169353447518,0.012408278520970692,5.757183126244721e-05,0.10814586702423265,26.90295212571938,5.810348025478454e-06,67.05209878920749,2.4794594433879432e-05,4.676099484528686,0.7381511546568474,1.5438478206643178,1.06580261532195
0.008041764897297982,27.65693501957104,0.011169222588261486,0.00017336893231527568,0.04558958790487427,27.535440750788645,4.480414810875396e-06,63.43814372539424,1.173310716455855e-06,5.951985588169533,0.6609179569319417,1.9458186825004313,1.0735453592893869
0.005124696549954091,15.072006497908577,0.01504001442191344,0.0011292767732749942,0.06513104166031967,29.78090423126465,0.0001982849267016493,65.79689927504069,7.747276485166185e-06,5.270820576342716,0.5455205976729918,1.7712822648550766,1.475943208017518
0.005702849731687579,16.161721219174165,0.011677024754872006,0.00047742870829517925,0.031718460846957036,30.200289214275497,0.00021511687390725874,70.41820575090455,1.3625171427999845e-05,6.820765226712331,0.5559637086513626,1.6064189688999364,1.765292854193853
0.0077346698430525804,28.22025833993664,0.013554970118782044,5.3386825934357636e-05,0.03595181419276887,28.816160084725187,4.18537287620839e-06,64.08528041697575,0.0035251997360678375,5.54662405959253,0.4531907713496326,2.192967793681819,1.5232244253024625
0.008447278338033166,29.24414770304201,0.015560392377847891,8.574640432393733e-05,0.05885123761197183,25.649991015733004,3.328682737904378e-06,59.99657519830306,0.0002920278186787409,4.796678139972273,0.4860140720627369,2.0101761352848704,1.6159500590781621
0.009679186780898233,29.363942218560354,0.01376278641585638,0.00041217765891997295,0.03192933485714828,25.088167395228655,2.461423372588144e-06,61.4535306202081,0.00024201209650330142,5.940478911718615,0.4366749237521514,1.7327567518117029,1.536638120425256
0.0130683373120776,45.39506421794236,0.01873532436375483,1.1110121971175581e-05,0.01728560400840462,22.38531771651216,4.30914029597878e-06,53.570158309600345,5.099780771549352e-05,4.649970790710777,0.5785183744684106,2.535440743201825,1.4474681895988937
0.012874364321308611,48.801056731368085,0.013108088197411064,4.036868348411542e-05,0.021226122552122376,26.059710381349518,0.00016001461104075482,59.412031869855646,9.157547636754304e-05,6.580799785163274,0.512655639112634,1.7693371783084726,1.5285372695162813
0.008285934305361032,23.958496059602584,0.021999463417566735,0.00014969341671654815,0.014740976969019909,21.612937501661243,1.7396765302025224e-05,50.38065365682991,1.1408767218304858e-05,4.670652763984885,0.5372356380469067,1.6086578031769048,1.5244508324896042
0.00726722598876261,16.75367608385496,0.016841007919569717,0.0002159211388819718,0.01100681679930101,24.090047824631696,3.199268253451802e-06,58.79280988633814,7.120551043469047e-05,4.302122360170329,0.6034723599708761,1.9857952978734927,1.2063834711855994
0.007303589670077013,20.352256490124397,0.01302019072967562,1.731580357826013e-05,0.011234126782920632,24.89444294073273,0.00036510543945244325,64.5840881755255,0.00011436937423854169,4.892659762807587,0.6603573432885904,2.1670454173579876,1.4110045746344018
0.007975458242873516,25.301588788829186,0.010226115772694442,5.497082594300605e-05,0.03424615602594241,27.597277939273297,0.0001754938409790858,70.47871470465523,7.905363992491226e-05,6.043657530157249,0.37797349291742555,1.3342836555350912,1.3949190986047528
0.0063261753705056815,14.624012309512956,0.011318319884997983,1.3008350873517888e-05,0.046124785431013025,26.065637094378246,0.00029908777059388706,72.35937476679136,5.3339724940993945e-05,6.379950880085703,0.464582160804323,1.8698007813749618,1.529891665905561
0.004961297087831762,10.502829628608339,0.010788042361303162,1.668857657559992e-05,0.017129425294330623,25.25791885501203,1.915025904701671e-05,66.57841772559644,2.413749710191008e-06,7.790461822162327,0.4938310159393828,1.992455810317143,1.2006530602376246
0.006390840137500433,17.917394141324948,0.012322996347326408,1.6183927033036186e-05,0.01793713710991964,27.275933251908835,0.0002519815330887071,60.50254579211693,1.4348220315935072e-05,4.847737822712556,0.4630131604180559,2.1361796915719062,1.0981369391069362
0.004597559592363996,10.26234367503369,0.011856784725880762,1.0327703047676145e-05,0.014106014225686523,26.640751637295846,1.9253483388673505e-06,67.43357117229964,3.4421109834106465e-05,3.351439164170868,0.40333230525228975,2.3893769710963046,1.137097572991088
0.005594585791800101,11.196644380613584,0.013852085958977484,0.0001904257953176904,0.012501734501786894,24.664240183875222,4.529747143623517e-06,68.1345910259112,9.918397232348137e-06,4.659239636267771,0.44532252793852717,1.7647235872652216,1.0692096072334127
0.00598347817253467,18.308789484745986,0.011731367228741225,4.645222909364073e-05,0.14000086337306564,29.41399417482356,2.9429978073776685e-06,69.68731919254512,2.1177257862089857e-06,4.270591190676269,0.4321980985297001,1.695415460702419,1.1056721844683253
0.008618568653157539,33.32050056054335,0.01001579337585531,0.0006075786004037979,0.11926284982409481,29.38023621830073,6.280250987025618e-06,64.05806361829569,2.1262928182906275e-06,4.179501266132394,0.47312902270243296,1.745748947529716,1.6957334304110852
0.01917580085039549,71.38776075892477,0.014639004273306036,5.351207677143205e-05,0.04725939110478959,24.379492301433746,3.4172213275356052e-06,65.56079317573862,0.0020771914529711796,5.271673482010477,0.47166020425800026,1.8071440755001889,1.137758740720743
0.021814119843776986,90.716838421745,0.012663783279370615,3.6797043763189985e-05,0.05554414424587912,25.73906807944068,2.841660886424163e-06,70.01288987217511,0.004025844228018503,5.297635959607693,0.4679365865909604,1.8318164701400153,1.1093792909711662
0.02133564669849766,97.94781195699689,0.01098233418909754,5.043653615830157e-05,0.048923031439462875,27.25780810595631,1.9699080688084722e-06,76.47554579939731,0.004546484084865391,5.080704079015687,0.5006477733287562,1.9092389429223264,1.1260639989909134
0.023172889911462175,99.92714245583888,0.014438796790063107,3.815907859131279e-05,0.06895335173106132,23.723116151904804,2.91904365144741e-06,64.76760116677443,0.004351450269148331,5.003249736846791,0.5007539561018716,1.8669101385759657,1.1104789242688076
0.016671358319416872,69.15250770263607,0.010540004306204557,3.615561820148148e-05,0.050611403239438434,27.45799423754503,3.1796982184380612e-06,76.77232666625783,0.003854433428113473,5.2623581730444675,0.519377864238394,1.8844962142494068,1.1130894392218293
0.015209274314779251,63.26240672507608,0.010432330123524968,2.8484281776309693e-05,0.06997527904564518,28.45225005748032,1.0101115094790325e-05,77.06597103148968,0.004233530432266463,5.21727174662622,0.5130835973572195,1.9863707929432826,1.0795974780374353
0.009167357666899014,29.261325934902004,0.01177502350488488,0.0002283214962967388,0.056684801790031346,28.151180261228347,5.157871321856013e-05,72.45462430949985,0.0003006210221135843,5.653955837689493,0.5546727647122092,1.700460995457721,1.1508003944811618
0.005604583621164707,12.352469400742512,0.014980097506110363,0.0005270004598029496,0.0111703922884081,26.921557532455274,0.00031609412303428507,63.670635421341466,0.00023565758061328682,6.076797186009313,0.5485905787373717,1.415183152193659,1.0235648421029402
0.005770076837205445,13.616780990696256,0.013736465869333104,0.0015003882649452173,0.01585514475075869,26.954268127248145,4.289475845395116e-05,68.76868449418818,0.0006820094057063955,6.1204702313928285,0.4599472252854245,1.8151630468622901,1.182770735523826
0.006457215888795912,16.704714681035824,0.012606035125795972,0.0012312759151720857,0.019726258336122605,28.050602321347363,1.3650239314790564e-05,66.30802408755075,0.0008243936027848938,5.8951102140059355,0.389842283726852,1.6031116312323546,0.9593468519776195
0.004513775880059441,10.15986712249955,0.013419251845297417,0.00021716471315315813,0.010496778058555095,28.10651859367617,7.564102783922241e-05,63.88653898175481,0.0006768946681705383,5.0625125822934285,0.5079160558237559,1.560390761396164,0.9028764926182811
0.006427589679404344,17.654508051553346,0.01712972069048774,2.16730555712929e-05,0.04934396144385677,27.3612189400472,5.886053951018403e-06,64.2742203285817,4.235871249970952e-05,5.640739781893461,0.4151819587290417,1.8833562970032351,1.0880202264163488
0.004848775679111081,10.297213935594957,0.017474088049904597,1.3016042502670097e-05,0.02042515533829246,26.546276709847554,2.0984379666285472e-05,65.01687957839363,1.2374007449223195e-05,4.9525618639472695,0.46534180579404216,1.9928805682472215,1.4202114464293336
0.006146837603654213,17.60783432318082,0.01404794244581315,6.214605812855087e-05,0.04861051186927132,29.53851619158656,1.5058425863692212e-06,66.47496295946038,2.7889052870622438e-05,5.262858613050193,0.5207773054124004,1.6857791414322318,1.4559983090693225
0.005999823636402417,19.425247721713678,0.012558758333168598,1.3624110284469594e-05,0.06458470710861472,31.831730984713364,2.536922671279269e-06,67.70992378640717,8.822312034699444e-05,6.351586185965522,0.35154000642146155,1.547890248692128,1.2561431379979944
0.006575018954219167,24.68161882917633,0.011586613511566203,0.0001908525775411357,0.14529083738243947,32.39267990268129,1.9503563561559117e-06,73.18046743604917,0.0003958259572337126,5.551905003857255,0.4005254737400355,1.2887343282552626,1.085600289022317
0.00887531165042838,45.93808061334743,0.014685583199567021,1.9817016258084756e-05,0.19518944612487998,30.78575295271726,0.0019272082417537847,61.36901284635309,5.749586334662276e-05,5.611017655044682,0.4921298391436849,1.8161383382311782,1.261795061049961
0.010645031989295665,59.504065235902885,0.01117347041281014,2.507667076343012e-05,0.32738930803200966,33.58216151451532,0.0020559687285079363,67.05061928994684,2.405920960376932e-05,5.526126327525282,0.4289071370212082,1.7604600623257614,1.327854422489785
0.0072807390211292134,28.154437148842117,0.010404135192837054,5.570566506462344e-05,0.19495050809118236,32.86423257707933,0.0011009600868986998,72.92159621448175,0.00047238725358273543,5.4745188063224814,0.4825797188297902,1.942255417898074,1.1557901594657989
0.0052939661800581565,17.835700853702452,0.015123631485570109,2.4077595131385528e-05,0.09577955312298703,28.43649382386921,5.424087273589227e-05,65.18221334536189,0.004149024398523975,5.584048441045851,0.530337576010571,2.1764023969947046,1.7891133279077247
0.0053894782068156484,12.930510250554333,0.011195226297644972,0.002031866880461459,0.015023771874592303,28.920915884123477,1.870707282930445e-05,70.69772733671503,0.0002285942737744876,8.800517419866564,0.47261163410587886,1.9765478295554302,1.3880211313394415
0.005315534665875511,14.18483401191976,0.010126672087626198,0.0001238226848493937,0.02026112623758445,28.11901243303518,1.1217780853472413e-05,75.90958265941586,0.004251229554549906,7.299406129262179,0.4932173534183954,1.8476042268823216,1.2191085188536093
0.01414469029777325,52.436396781210014,0.01052372254021597,0.00044455446816824576,0.14338200380226107,28.876933349138927,0.00025728593351730166,72.68585061390438,0.000565021953937223,6.722265690786577,0.5371859315112991,1.7807806054990647,1.223845317650318
0.008545188847765414,15.647260672529605,0.06876577346151667,8.33592698801796e-05,0.01573662288644694,14.281099040850126,0.0011392735028518328,29.320991984766884,0.00015841833976961055,5.034074044052821,0.5649118782064376,2.175308559346635,2.041505544639269
0.00893661017017578,17.456701100869733,0.11993451966420313,0.00020089601802567302,0.0465066806511877,12.671202469475768,0.0020551516517325467,25.587813074977394,0.0011950008070996947,3.9144911563981237,0.5762383668210908,2.355157357612338,2.4020244091602425
0.009985018734582763,17.74337384643042,0.21153408062579734,0.0018275530001380417,0.018516082948485568,9.613685393611275,0.007880173761571145,18.206553091662585,0.0025696320924140452,3.4414761182622917,0.7242467893294091,2.297949571427793,2.4869695239345906
0.004608187493603311,10.331080502800743,0.010485288112664585,3.253917656392744e-05,0.016553352324313958,32.894812822791835,1.2685689021399242e-05,70.67689237811966,4.182272355482913e-05,5.807306167882781,0.5336580130746458,1.9931763437921957,1.416155068308083
0.005549515145854889,14.624320344236178,0.016723105577468488,4.642520678211002e-05,0.028117956274168732,28.719604693163202,1.2149610216129557e-05,56.618164834171495,1.4096369737108731e-05,5.213829422759981,0.4823568784702015,2.076682655930084,1.4252517887750857
0.004677964105564658,14.068275537910141,0.013323939274475314,0.0006955967754530976,0.06102039080441162,30.666860869269254,0.00034699681970456705,63.940096133674714,1.42507264916467e-06,5.928602371390866,0.6161150031887161,2.106892950970952,1.760144467325261
0.006616158150894481,21.108978341113623,0.010005793501538027,0.0013690743528161598,0.0417913742689608,30.932601754396014,1.2104954399187607e-06,69.40285635349672,0.00013499201138745729,6.509971384639333,0.42426529434870996,1.8851528577007353,1.3645797002468016
0.004269164918586364,11.01556845100855,0.010042341713650106,0.0002752078760194519,0.019375243216181715,30.30412580793522,7.978096289558697e-05,68.08778340225554,4.740902816728111e-05,6.148673047589415,0.5315527364085171,1.6860825482027424,1.4445488888731797
0.005186158832129936,14.933792211826725,0.010366240124233537,2.7516051162112628e-05,0.08857330175444461,32.646124445326194,6.728785205866987e-05,73.98636062153656,1.1587554687251155e-06,7.010792661151607,0.5856681063765293,1.8185672555918249,1.1865625893688307
0.004966085350473001,9.825236128513543,0.01704781064266626,3.582100338568685e-05,0.025464876938491855,26.021878908281494,9.170441897854794e-06,66.28262058738147,4.475426774389049e-06,7.784246554137735,0.5234707052180982,1.5835397449842195,1.2804758556876548
0.008052784508782709,29.28177655458544,0.014396626916803197,0.0009335389956534011,0.07610916700600241,27.525649681754558,8.960056335520942e-05,68.57753045524422,9.577178968666914e-06,6.336721763771527,0.4645934876995746,1.3976182598992348,1.7578722054718432
0.005665378731341696,12.453877061424295,0.014671002917495912,0.00010222498430336467,0.03190463016213134,23.862663733702245,5.425856602951916e-06,72.4508665815216,0.004112822793278503,5.648383317649025,0.4870096771183499,2.0099135668471657,1.4799438652353767
0.00450483482924274,11.008013343453248,0.01068257323078144,3.897952267305688e-05,0.028552535775381385,29.34327168608817,8.805914150527445e-05,73.70446793108049,9.183050785636772e-05,4.961268922733709,0.5731980077852457,1.712015212341101,1.1877295006161164
0.004681477690278265,16.33706542310692,0.010263555620687896,2.5791263301839513e-05,0.0891469452082843,29.34102810943174,0.0001268787752338003,66.20921105529416,2.4743210190813887e-06,6.176406480018016,0.7370780688573024,1.3871329142769373,1.4129327199457864
0.003505660543888548,6.761681337356442,0.012329026937792443,1.3283512283097475e-05,0.01425925234479415,26.730374608348907,2.0515954891237373e-05,65.70635456602757,9.508884948293965e-05,5.028913274951635,0.7873730073537324,1.5732711568386,1.4159791688006151
0.00620289309853626,17.14690849024195,0.011255704671822171,0.00010556686767652943,0.036417283310354216,29.364905145411697,0.00021383161046567155,68.01157803015072,4.015851562888453e-06,6.152586594054672,0.5830007198956225,1.709663340519658,1.0312560906102044
0.004105674825530771,7.204497275319861,0.01169180704934973,1.3378981363492886e-05,0.010530476827104219,28.22291949397606,3.321952898983127e-06,69.26034095140406,5.748404281613616e-06,5.220238398080968,0.6752047152931299,2.044052695606742,1.3088295307960247
0.004063324573268163,8.133641354240455,0.010179718986592944,0.00011289692166813535,0.02715733212535766,31.400520945346166,6.004729971463016e-06,77.2974453634008,1.8716127286653496e-05,6.0227003504131185,0.7041554875465018,1.7544466420343496,1.6052278591279936
0.004903082260486661,12.736216402787784,0.011307391824612358,0.00011726752431666811,0.030658079139981576,30.638824975536334,2.462368013012007e-05,75.06028337153818,5.252745728655344e-06,6.092613712871723,0.5293997268622407,1.5034464973918353,1.5158683562031745
0.005737511501362586,14.867876333159671,0.014383416744533766,1.5036873109827496e-05,0.029108723628275046,28.41831112323442,4.99897692699067e-05,63.71590705859206,3.4965360926505416e-06,5.009700877793516,0.5014427924014093,1.7686141713400845,1.4243433127551661
0.007349334582619313,22.97718477027991,0.012460333667682726,1.431837773871922e-05,0.03317319458066035,27.323102008140783,3.8204696811744334e-06,62.779059044784326,1.4243436178143155e-06,5.639682797021492,0.6129432395602986,1.3317836058252268,1.4512833649288166
0.007283871661587852,19.963075595076166,0.01866499788852241,3.304020540723984e-05,0.034982071465516865,24.04429541883943,2.7464100251873746e-06,60.06995164610686,3.379105649713057e-06,5.9112343013692845,0.582409322268737,1.3975217651585883,1.3130720607923116
0.009391995858331345,32.03390219328249,0.013095301953277962,0.00021030290334475937,0.07374521183646279,26.124601148196625,9.343704298492846e-06,69.34560326605519,0.0019606156185952768,4.562012298449492,0.4454482225913299,1.842802460294627,1.2296245077711212
0.006347059025823381,16.753877651485222,0.016361657992107273,3.520163720473852e-05,0.031226742458512518,27.052263784603056,5.14992899455486e-06,62.60366034673195,1.0906901189167278e-06,5.287915162351999,0.5490369512893307,1.7130977166826298,1.1930994259686198
0.008873693588365001,20.987393937123514,0.02005270783410984,2.9797778903532333e-05,0.012537734074727016,21.974270918359032,7.5719741880332796e-06,57.37943094940344,1.4814226496093115e-06,5.816158211499581,0.552181496257475,2.030967640161677,1.3544750101584555
0.007604427168855144,17.344293177867147,0.02313619319686655,6.474202994060864e-05,0.013752050687805778,23.37763836903232,6.803100569623003e-05,55.89627775205632,5.6429907053607535e-06,6.105659500083242,0.5916130341288611,2.0174730950110504,1.4391589645861012
0.005888922327791869,12.886430670805646,0.013762214765384482,1.4861872171905319e-05,0.01239436964456427,25.134373992169717,1.4303406062009958e-06,66.24679353093431,2.382266650422905e-06,7.45120007670853,0.5299467412530812,2.3915463012651736,1.2775523894604077
0.004710581602460792,9.639793769504028,0.012058039595167722,1.1406049279928212e-05,0.011555407896583242,27.71508869781846,5.191066644741387e-06,68.7123301549484,2.856357005326789e-06,7.761082591553857,0.5535162603746411,2.1918961557375187,1.2001043787373014
0.005157441379186215,9.605185497524129,0.01453567848997514,7.23937898120523e-05,0.01157714945638234,23.01359007198651,6.160679156924038e-06,63.2746676068815,2.680880341456756e-05,6.200598403285973,0.6139898815318748,1.999529137994649,1.1890087327401317
0.00893157593687665,23.959322971042255,0.019767185740999144,2.0992064600012133e-05,0.025588272597780123,24.803967936527336,4.658408485891544e-05,60.296653955465615,1.4584903359231637e-06,7.038633688993746,0.4245280432483448,1.9347538209779318,1.213644617321326
0.007082972956913867,16.807714342909275,0.026135898477824573,2.142283803844461e-05,0.01206005917903391,24.572027926021974,0.00017843226311039284,57.10293713866328,0.00018940335505015412,7.1004257638019626,0.4976967884446717,2.292010299765874,1.1949548674664943
0.006511416492089379,16.120587157034556,0.012965116473582526,3.687418141803832e-05,0.014406104638752186,27.20928727013011,5.0478915114042906e-05,71.43175246888376,0.0003625619326937628,5.50239905132069,0.4678234419404921,1.9177738744644894,1.3973347950116244
0.00747171783978459,22.32996526153023,0.010763532316134068,1.0090011963815463e-05,0.01936071502652111,29.847496500464256,7.904234957579342e-06,79.42289471930997,0.004948114820685159,6.917318895910659,0.4414470209059729,1.8963439706916718,1.2257596053578559
0.00752851765262891,22.116999882213136,0.012555996825252207,1.6151476803857266e-05,0.016511458748672353,28.345726797381353,1.5487098707529054e-05,70.88081811609703,0.0029372663144305445,6.428176461055298,0.4827419348498715,1.9280218573317618,1.1562164789588185
0.007284536188795352,19.175023702693558,0.012517149845929864,1.1098257151983404e-05,0.012668937589448617,26.670944462339232,3.063517778720339e-06,65.53787181797283,0.00028926788591792876,6.630992248755916,0.47251175237213283,1.7471586980278093,1.0783567017046582
0.00623241589175461,15.741070373369975,0.01226452117765242,1.7376821722909295e-05,0.014193322006265803,27.81210625435455,1.5084456892619238e-06,62.78074630951009,4.6880511157810244e-05,6.172977965432877,0.4597572759862818,1.5429777051931401,1.0883388577097335
0.005800307649021949,17.291138882274513,0.010170667823415828,6.143749192991506e-05,0.058388246792221286,33.871223494816796,2.776032325630017e-06,66.88998290061672,9.683200025512221e-05,8.581178316404202,0.4580318751700312,1.7045271235231039,1.3498977235855685
0.0041335951122633795,9.636882089129086,0.010610949205908562,0.0022001894433097548,0.02802510200610633,34.87843933726965,0.00018478322484305243,73.51300928407072,3.5913580862055923e-05,6.100799871978126,0.46403558008658113,2.1273967533157734,1.2995478409454804
0.00511782243777223,12.597064498353172,0.012089319653318864,0.0010057085687337865,0.024442955757503743,30.17446992341133,0.0001469963537746071,66.75869421832999,4.601997722261032e-05,5.569596146574115,0.4264045586739735,1.7965896511221862,1.1278560485132314
0.006260328672325354,23.93833119716299,0.015511146966648496,0.00012649128226866298,0.10278429521020428,30.821255519779903,0.0019202118446221851,61.79932999193619,0.0009542115741139221,6.01214030612827,0.4555594948792032,1.7749102493603697,1.5091240229512337
0.008089437536015119,34.968831402035505,0.010175088554925722,0.0005131318887032938,0.1293948675655596,28.71937659133838,4.301111897119488e-05,76.64555374334047,0.002541081404873457,5.08183171860691,0.4957549317101086,1.7646197979735843,1.5641109997093348
0.006137425138214776,22.028018684046305,0.01190104810674952,7.681212623562297e-05,0.14379105076699655,28.82892057467581,7.050154109684982e-05,74.73703152642526,0.0017062870897093052,4.5237567950392155,0.6461303154375726,2.200098018683435,1.4471298608289473
0.0073484159424946835,31.23116734833673,0.01209215396740443,4.6230764905889485e-05,0.04651357261583176,31.320968876085068,0.0020039814516713606,66.89199904874371,3.354106254027643e-05,4.943613745572626,0.5311991867589919,1.9386071402478173,1.3844487853949747
0.006393445536466544,22.418059247793227,0.010505995613681467,0.0002140569460262756,0.01245604008781166,31.834152152759376,0.0010434965080970899,63.91213703692543,5.8264486026778214e-05,4.745131920409959,0.3753188794023208,1.4432700691843434,1.2535588365000587
0.00714884034695463,25.18237552598574,0.011970402829663832,6.105884172389376e-05,0.050936457018737724,28.502048584601926,0.0004539301373800497,62.919796725469894,2.9754897590433593e-05,4.7644667065798885,0.5345492239523121,1.4355040473089289,1.330970696744007
0.004510733596416258,17.002994305556335,0.01079116205416711,1.0046791151773595e-05,0.11428251372519596,33.3940069668904,1.993178962950338e-05,68.60547079462054,7.978752401942906e-06,4.5256074658642715,0.49884834899112845,1.5998971635867447,1.256485048237975
